name,slug,pay,license
700 Smith St,certified-medication-aide-per-diem-prn-700-smith-st-ri,25.25,cma
Aberdeen ID,certified-medication-aide-per-diem-prn-aberdeen-id,26.18,cma
Aberdeen SD,certified-medication-aide-per-diem-prn-aberdeen-sd,25.50,cma
Aberdeen WA,certified-medication-aide-per-diem-prn-aberdeen-wa,25.75,cma
Abernathy,certified-medication-aide-per-diem-prn-abernathy-tx,25.20,cma
Abilene,certified-medication-aide-per-diem-prn-abilene-tx,26.10,cma
Abingdon,certified-medication-aide-per-diem-prn-abingdon-va,25.35,cma
Abington,certified-medication-aide-per-diem-prn-abington-pa,25.32,cma
Absecon,certified-medication-aide-per-diem-prn-absecon-nj,26.10,cma
Addison,certified-medication-aide-per-diem-prn-addison-tx,25.40,cma
Affton,certified-medication-aide-per-diem-prn-affton-mo,25.61,cma
Aiken,certified-medication-aide-per-diem-prn-aiken-sc,25.66,cma
Ajo,certified-medication-aide-per-diem-prn-ajo-az,25.85,cma
Akron,certified-medication-aide-per-diem-prn-akron-co,26.00,cma
Akron,certified-medication-aide-per-diem-prn-akron-oh,25.30,cma
Alabaster,certified-medication-aide-per-diem-prn-alabaster-al,25.20,cma
Alachua,certified-medication-aide-per-diem-prn-alachua-fl,25.45,cma
Alafaya,certified-medication-aide-per-diem-prn-alafaya-fl,25.65,cma
Alamo,certified-medication-aide-per-diem-prn-alamo-tx,25.57,cma
Alamogordo,certified-medication-aide-per-diem-prn-alamogordo-nm,25.25,cma
Alamosa,certified-medication-aide-per-diem-prn-alamosa-co,25.68,cma
Albany,certified-medication-aide-per-diem-prn-albany-ny,25.61,cma
Albany GA,certified-medication-aide-per-diem-prn-albany-ga,26.00,cma
Albany OR,certified-medication-aide-per-diem-prn-albany-or,25.22,cma
Albany TX,certified-medication-aide-per-diem-prn-albany-tx,25.67,cma
Albertville,certified-medication-aide-per-diem-prn-albertville-al,25.45,cma
Albia,certified-medication-aide-per-diem-prn-albia-ia,25.48,cma
Albion,certified-medication-aide-per-diem-prn-albion-mi,25.53,cma
Albuquerque,certified-medication-aide-per-diem-prn-albuquerque-nm,25.77,cma
Aledo IL,certified-medication-aide-per-diem-prn-aledo-il,25.93,cma
Aledo TX,certified-medication-aide-per-diem-prn-aledo-tx,25.38,cma
Alexander City,certified-medication-aide-per-diem-prn-alexander-city-al,26.13,cma
Alexandria LA,certified-medication-aide-per-diem-prn-alexandria-la,25.87,cma
Alexandria VA,certified-medication-aide-per-diem-prn-alexandria-va,25.96,cma
Alhambra,certified-medication-aide-per-diem-prn-alhambra-ca,25.41,cma
Alice,certified-medication-aide-per-diem-prn-alice-tx,25.47,cma
Allen,certified-medication-aide-per-diem-prn-allen-tx,25.32,cma
Allentown,certified-medication-aide-per-diem-prn-allentown-pa,25.32,cma
Alliance,certified-medication-aide-per-diem-prn-alliance-ne,25.61,cma
Alliance,certified-medication-aide-per-diem-prn-alliance-oh,25.03,cma
Alma,certified-medication-aide-per-diem-prn-alma-mi,26.11,cma
Aloha,certified-medication-aide-per-diem-prn-aloha-or,25.61,cma
Alpena,certified-medication-aide-per-diem-prn-alpena-mi,25.43,cma
Alpharetta,certified-medication-aide-per-diem-prn-alpharetta-ga,25.45,cma
Alpine,certified-medication-aide-per-diem-prn-alpine-tx,25.64,cma
Alpine,certified-medication-aide-per-diem-prn-alpine-ut,25.78,cma
Alsea,certified-medication-aide-per-diem-prn-alsea-or,25.37,cma
Altamonte Springs,certified-medication-aide-per-diem-prn-altamonte-springs-fl,25.25,cma
Alto,certified-medication-aide-per-diem-prn-alto-tx,26.18,cma
Alton,certified-medication-aide-per-diem-prn-alton-tx,25.50,cma
Altoona,certified-medication-aide-per-diem-prn-altoona-0-wi,25.75,cma
Altoona,certified-medication-aide-per-diem-prn-altoona-fl,25.20,cma
Altoona,certified-medication-aide-per-diem-prn-altoona-pa,25.64,cma
Altoona IA,certified-medication-aide-per-diem-prn-altoona-ia,25.67,cma
Alturas,certified-medication-aide-per-diem-prn-alturas-ca,26.10,cma
Alvarado,certified-medication-aide-per-diem-prn-alvarado-tx,25.35,cma
Alvin,certified-medication-aide-per-diem-prn-alvin-tx,25.40,cma
Alvord,certified-medication-aide-per-diem-prn-alvord-tx,25.66,cma
Amado,certified-medication-aide-per-diem-prn-amado-az,25.85,cma
Amargosa Valley,certified-medication-aide-per-diem-prn-amargosa-valley-nv,26.00,cma
Amarillo,certified-medication-aide-per-diem-prn-amarillo-tx,25.30,cma
American Falls,certified-medication-aide-per-diem-prn-american-falls-id,25.45,cma
American Fork,certified-medication-aide-per-diem-prn-american-fork-ut,25.57,cma
Ames,certified-medication-aide-per-diem-prn-ames-ia,25.68,cma
Amherst,certified-medication-aide-per-diem-prn-amherst-8-va,25.22,cma
Amherst,certified-medication-aide-per-diem-prn-amherst-ny,25.03,cma
Amherst,certified-medication-aide-per-diem-prn-amherst-tx,25.67,cma
Ammon ID,certified-medication-aide-per-diem-prn-ammon-id,25.48,cma
Amsterdam,certified-medication-aide-per-diem-prn-amsterdam-ny,25.53,cma
Anaconda,certified-medication-aide-per-diem-prn-anaconda-mt,25.77,cma
Anacortes,certified-medication-aide-per-diem-prn-anacortes-wa,25.93,cma
Anaheim,certified-medication-aide-per-diem-prn-anaheim-ca,25.38,cma
Anahuac,certified-medication-aide-per-diem-prn-anahuac-tx,26.13,cma
Anchorage,certified-medication-aide-per-diem-prn-anchorage-ak,25.87,cma
Anderson,certified-medication-aide-per-diem-prn-anderson-in,25.00,cma
Anderson,certified-medication-aide-per-diem-prn-anderson-sc,25.61,cma
Andover,certified-medication-aide-per-diem-prn-andover-mn,26.11,cma
Andrews,certified-medication-aide-per-diem-prn-andrews-tx,25.96,cma
Aneta,certified-medication-aide-per-diem-prn-aneta-nd,25.41,cma
Angelus Oaks,certified-medication-aide-per-diem-prn-angelus-oaks-ca,25.47,cma
Angleton,certified-medication-aide-per-diem-prn-angleton-tx,25.32,cma
Anita,certified-medication-aide-per-diem-prn-anita-ia,25.25,cma
Ankeny,certified-medication-aide-per-diem-prn-ankeny-ia,26.11,cma
Ann Arbor,certified-medication-aide-per-diem-prn-ann-arbor-mi,25.43,cma
Annandale,certified-medication-aide-per-diem-prn-annandale-va,25.61,cma
Annapolis,certified-medication-aide-per-diem-prn-annapolis-md-c4e69,25.61,cma
Annapolis MD,certified-medication-aide-per-diem-prn-annapolis-md,26.11,cma
Anniston,certified-medication-aide-per-diem-prn-anniston-al,25.38,cma
Anson,certified-medication-aide-per-diem-prn-anson-tx,25.43,cma
Anthem,certified-medication-aide-per-diem-prn-anthem-az,25.64,cma
Antigo,certified-medication-aide-per-diem-prn-antigo-wi,25.78,cma
Antonito,certified-medication-aide-per-diem-prn-antonito-co,25.37,cma
Any City,certified-medication-aide-per-diem-prn-any-city-or,25.25,cma
Apache Junction AZ,certified-medication-aide-per-diem-prn-apache-junction-az,26.18,cma
Apalachicola,certified-medication-aide-per-diem-prn-apalachicola-fl,25.50,cma
Apex,certified-medication-aide-per-diem-prn-apex-nc,26.00,cma
Apollo Beach,certified-medication-aide-per-diem-prn-apollo-beach-fl,25.75,cma
Apopka,certified-medication-aide-per-diem-prn-apopka-fl,25.20,cma
Apple Valley,certified-medication-aide-per-diem-prn-apple-valley-mn,25.67,cma
Appleton,certified-medication-aide-per-diem-prn-appleton-wi,25.50,cma
Aransas Pass,certified-medication-aide-per-diem-prn-aransas-pass-tx,26.10,cma
Arcadia,certified-medication-aide-per-diem-prn-arcadia-fl,25.35,cma
Arcata,certified-medication-aide-per-diem-prn-arcata-ca,25.40,cma
Archer,certified-medication-aide-per-diem-prn-archer-fl,25.85,cma
Archer City,certified-medication-aide-per-diem-prn-archer-city-tx,25.66,cma
Arco,certified-medication-aide-per-diem-prn-arco-id,26.00,cma
Ardmore,certified-medication-aide-per-diem-prn-ardmore-ok,25.85,cma
Arivaca,certified-medication-aide-per-diem-prn-arivaca-az,25.30,cma
Arizona City,certified-medication-aide-per-diem-prn-arizona-city-az,25.45,cma
Arlington,certified-medication-aide-per-diem-prn-arlington-ma,25.83,cma
Arlington Heights,certified-medication-aide-per-diem-prn-arlington-heights-il,25.64,cma
Arlington TX,certified-medication-aide-per-diem-prn-arlington-tx,26.18,cma
Arlington VA,certified-medication-aide-per-diem-prn-arlington-va,25.57,cma
Arlington WA,certified-medication-aide-per-diem-prn-arlington-wa,25.68,cma
Arnold,certified-medication-aide-per-diem-prn-arnold-mo,25.43,cma
Artesia,certified-medication-aide-per-diem-prn-artesia-nm,25.22,cma
Arvada,certified-medication-aide-per-diem-prn-arvada-co,25.67,cma
Ash Fork,certified-medication-aide-per-diem-prn-ash-fork-az,25.48,cma
Ashburn,certified-medication-aide-per-diem-prn-ashburn-va,25.53,cma
Asheville Charlotte Street,certified-medication-aide-per-diem-prn-asheville-charlotte-street-nc,25.54,cma
Asheville NC,certified-medication-aide-per-diem-prn-asheville-nc,25.77,cma
Ashland,certified-medication-aide-per-diem-prn-ashland-ky,25.59,cma
Ashland City,certified-medication-aide-per-diem-prn-ashland-city-tn,25.78,cma
Ashland OR,certified-medication-aide-per-diem-prn-ashland-or,25.93,cma
Ashland WI,certified-medication-aide-per-diem-prn-ashland-wi,25.38,cma
Ashley,certified-medication-aide-per-diem-prn-ashley-nd,26.13,cma
Ashley,certified-medication-aide-per-diem-prn-ashley-oh,25.87,cma
Ashton,certified-medication-aide-per-diem-prn-ashton-id,25.96,cma
Aspen CO,certified-medication-aide-per-diem-prn-aspen-co,25.41,cma
Aspen Hill,certified-medication-aide-per-diem-prn-aspen-hill-md,25.38,cma
Aspermont,certified-medication-aide-per-diem-prn-aspermont-tx,25.47,cma
Astoria OR,certified-medication-aide-per-diem-prn-astoria-or,25.32,cma
Athens,certified-medication-aide-per-diem-prn-athens-al,25.48,cma
Athens,certified-medication-aide-per-diem-prn-athens-ga,25.22,cma
Athens,certified-medication-aide-per-diem-prn-athens-oh,25.74,cma
Athens,certified-medication-aide-per-diem-prn-athens-tx,25.61,cma
Atlanta,certified-medication-aide-per-diem-prn-atlanta-tx,26.11,cma
Atlanta Buckhead,certified-medication-aide-per-diem-prn-atlanta-buckhead-ga,25.54,cma
Atlanta GA,certified-medication-aide-per-diem-prn-atlanta-ga,25.68,cma
Atlanta South Downtown,certified-medication-aide-per-diem-prn-atlanta-south-downtown-ga,26.00,cma
Atlantic,certified-medication-aide-per-diem-prn-atlantic-ia,25.64,cma
Atlantic Beach,certified-medication-aide-per-diem-prn-atlantic-beach-fl,25.43,cma
Atlantic City,certified-medication-aide-per-diem-prn-atlantic-city-nj,25.99,cma
Atlantis,certified-medication-aide-per-diem-prn-atlantis-fl,25.78,cma
Attalla,certified-medication-aide-per-diem-prn-attalla-al,25.37,cma
Attleboro,certified-medication-aide-per-diem-prn-attleboro-ma,25.95,cma
Atwood,certified-medication-aide-per-diem-prn-atwood-ks,26.18,cma
Aubrey,certified-medication-aide-per-diem-prn-aubrey-tx,25.25,cma
Auburn,certified-medication-aide-per-diem-prn-auburn-al,25.75,cma
Auburn,certified-medication-aide-per-diem-prn-auburn-me,25.61,cma
Auburn IN,certified-medication-aide-per-diem-prn-auburn-in,26.18,cma
Auburn NY,certified-medication-aide-per-diem-prn-auburn-ny,25.50,cma
Auburn WA,certified-medication-aide-per-diem-prn-auburn-wa,25.75,cma
Auburndale,certified-medication-aide-per-diem-prn-auburndale-fl,25.20,cma
Augusta,certified-medication-aide-per-diem-prn-augusta-ga,25.30,cma
Augusta,certified-medication-aide-per-diem-prn-augusta-me,25.50,cma
Aumsville,certified-medication-aide-per-diem-prn-aumsville-or,26.10,cma
Aurora,certified-medication-aide-per-diem-prn-aurora-co,25.35,cma
Aurora,certified-medication-aide-per-diem-prn-aurora-il,25.67,cma
Aurora East Ridge - Ptarmigan Park,certified-medication-aide-per-diem-prn-aurora-east-ridge-ptarmigan-park-co,25.95,cma
Aurora Heather Gardens,certified-medication-aide-per-diem-prn-aurora-heather-gardens-co,25.10,cma
Austin NV,certified-medication-aide-per-diem-prn-austin-nv,25.40,cma
Austin TX,certified-medication-aide-per-diem-prn-austin-tx,25.05,cma
Austintown,certified-medication-aide-per-diem-prn-austintown-oh,25.03,cma
Avalon,certified-medication-aide-per-diem-prn-avalon-ca,25.85,cma
Ave Maria,certified-medication-aide-per-diem-prn-ave-maria-fl,26.00,cma
Aventura,certified-medication-aide-per-diem-prn-aventura-fl,25.30,cma
Avinger,certified-medication-aide-per-diem-prn-avinger-tx,25.45,cma
Avon,certified-medication-aide-per-diem-prn-avon-oh,25.03,cma
Avon CO,certified-medication-aide-per-diem-prn-avon-co,25.57,cma
Avon CT,certified-medication-aide-per-diem-prn-avon-ct,25.68,cma
Avon Lake,certified-medication-aide-per-diem-prn-avon-lake-oh,25.95,cma
Avon Park,certified-medication-aide-per-diem-prn-avon-park-fl,25.22,cma
Avondale AZ,certified-medication-aide-per-diem-prn-avondale-az,25.67,cma
Avondale CO,certified-medication-aide-per-diem-prn-avondale-co,25.48,cma
Axtell,certified-medication-aide-per-diem-prn-axtell-ne,25.53,cma
Azle,certified-medication-aide-per-diem-prn-azle-tx,25.77,cma
Babylon town,certified-medication-aide-per-diem-prn-babylon-town-ny,25.92,cma
Bacliff,certified-medication-aide-per-diem-prn-bacliff-tx,25.93,cma
Bad Axe,certified-medication-aide-per-diem-prn-bad-axe-mi,25.38,cma
Badger,certified-medication-aide-per-diem-prn-badger-ak,25.96,cma
Bagdad,certified-medication-aide-per-diem-prn-bagdad-az,26.13,cma
Bailey,certified-medication-aide-per-diem-prn-bailey-co,25.87,cma
BAINBRIDGE ISLAND,certified-medication-aide-per-diem-prn-bainbridge-island-wa,25.96,cma
Baird,certified-medication-aide-per-diem-prn-baird-tx,25.41,cma
Baker,certified-medication-aide-per-diem-prn-baker-wv,25.32,cma
Baker City,certified-medication-aide-per-diem-prn-baker-city-or,25.47,cma
Bakersfield,certified-medication-aide-per-diem-prn-bakersfield-ca,25.43,cma
Balch Springs,certified-medication-aide-per-diem-prn-balch-springs-tx,25.61,cma
Ballinger,certified-medication-aide-per-diem-prn-ballinger-tx,26.11,cma
Ballwin,certified-medication-aide-per-diem-prn-ballwin-mo,25.43,cma
Baltimore,certified-medication-aide-per-diem-prn-baltimore-md-aba18,25.37,cma
Baltimore MD,certified-medication-aide-per-diem-prn-baltimore-md,34.28,cma
Bandera,certified-medication-aide-per-diem-prn-bandera-tx,25.78,cma
Bandon,certified-medication-aide-per-diem-prn-bandon-or,25.37,cma
Bangor,certified-medication-aide-per-diem-prn-bangor-me,25.25,cma
Bangs,certified-medication-aide-per-diem-prn-bangs-tx,26.18,cma
Bar Harbor,certified-medication-aide-per-diem-prn-bar-harbor-me,25.50,cma
Barberton,certified-medication-aide-per-diem-prn-barberton-oh,25.95,cma
Bardstown,certified-medication-aide-per-diem-prn-bardstown-ky,25.75,cma
Barnsdall,certified-medication-aide-per-diem-prn-barnsdall-ok,25.20,cma
Barnstable Town,certified-medication-aide-per-diem-prn-barnstable-town-ma,25.68,cma
Barre,certified-medication-aide-per-diem-prn-barre-vt,26.10,cma
Barre city,certified-medication-aide-per-diem-prn-barre-city-vt,25.45,cma
Barre town,certified-medication-aide-per-diem-prn-barre-town-vt,25.38,cma
Bartlesville,certified-medication-aide-per-diem-prn-bartlesville-ok,26.18,cma
Bartlett,certified-medication-aide-per-diem-prn-bartlett-tn,25.99,cma
Bartlett,certified-medication-aide-per-diem-prn-bartlett-tx,25.35,cma
Barton,certified-medication-aide-per-diem-prn-barton-vt,25.40,cma
Bartow,certified-medication-aide-per-diem-prn-bartow-fl,25.66,cma
Basalt,certified-medication-aide-per-diem-prn-basalt-co,25.85,cma
Basking Ridge,certified-medication-aide-per-diem-prn-basking-ridge-nj,26.00,cma
Bastrop,certified-medication-aide-per-diem-prn-bastrop-tx,25.30,cma
Batavia,certified-medication-aide-per-diem-prn-batavia-ny,25.45,cma
Batesville,certified-medication-aide-per-diem-prn-batesville-ar,25.57,cma
Baton Rouge,certified-medication-aide-per-diem-prn-baton-rouge-la,25.68,cma
Battle Creek,certified-medication-aide-per-diem-prn-battle-creek-mi,25.22,cma
Battle Ground WA,certified-medication-aide-per-diem-prn-battle-ground-wa,25.67,cma
Battle Mountain,certified-medication-aide-per-diem-prn-battle-mountain-nv,25.48,cma
Bay City MI,certified-medication-aide-per-diem-prn-bay-city-mi,25.53,cma
Bay City TX,certified-medication-aide-per-diem-prn-bay-city-tx,25.77,cma
Bay Harbor Islands,certified-medication-aide-per-diem-prn-bay-harbor-islands-fl,25.93,cma
Bayou Cane,certified-medication-aide-per-diem-prn-bayou-cane-la,25.25,cma
Baytown,certified-medication-aide-per-diem-prn-baytown-tx,25.38,cma
Bayville,certified-medication-aide-per-diem-prn-bayville-nj,25.37,cma
Bear,certified-medication-aide-per-diem-prn-bear-de,25.43,cma
Beatrice,certified-medication-aide-per-diem-prn-beatrice-ne,26.13,cma
Beatty,certified-medication-aide-per-diem-prn-beatty-nv,25.87,cma
Beaumont,certified-medication-aide-per-diem-prn-beaumont-tx,25.96,cma
Beaver,certified-medication-aide-per-diem-prn-beaver-ut,25.41,cma
Beavercreek,certified-medication-aide-per-diem-prn-beavercreek-oh,25.30,cma
Beaverton,certified-medication-aide-per-diem-prn-beaverton-or,25.47,cma
Becket,certified-medication-aide-per-diem-prn-becket-ma,25.32,cma
Beckley,certified-medication-aide-per-diem-prn-beckley-wv,25.54,cma
Bedford NH,certified-medication-aide-per-diem-prn-bedford-nh,25.61,cma
Bedford TX,certified-medication-aide-per-diem-prn-bedford-tx,26.11,cma
Bedias,certified-medication-aide-per-diem-prn-bedias-tx,25.43,cma
Bee Cave,certified-medication-aide-per-diem-prn-bee-cave-tx,25.64,cma
Beecher,certified-medication-aide-per-diem-prn-beecher-il,25.78,cma
Beeville,certified-medication-aide-per-diem-prn-beeville-tx,25.37,cma
Bel Air South,certified-medication-aide-per-diem-prn-bel-air-south-md,25.67,cma
Belfast,certified-medication-aide-per-diem-prn-belfast-me,25.25,cma
Belgrade,certified-medication-aide-per-diem-prn-belgrade-mt,25.65,cma
Bell,certified-medication-aide-per-diem-prn-bell-ca,25.03,cma
Bell,certified-medication-aide-per-diem-prn-bell-fl,26.18,cma
Bella Vista,certified-medication-aide-per-diem-prn-bella-vista-ar,25.61,cma
Bellaire,certified-medication-aide-per-diem-prn-bellaire-tx,25.50,cma
Belle Fourche,certified-medication-aide-per-diem-prn-belle-fourche-sd,25.75,cma
Belle Glade,certified-medication-aide-per-diem-prn-belle-glade-fl,25.20,cma
Belle Plaine,certified-medication-aide-per-diem-prn-belle-plaine-ia,26.10,cma
Belleair,certified-medication-aide-per-diem-prn-belleair-fl,25.35,cma
Belleview,certified-medication-aide-per-diem-prn-belleview-fl,25.40,cma
Belleville,certified-medication-aide-per-diem-prn-belleville-il-4ef76,25.66,cma
Belleville,certified-medication-aide-per-diem-prn-belleville-ks,25.85,cma
Bellevue,certified-medication-aide-per-diem-prn-bellevue-ne,25.92,cma
Bellevue IA,certified-medication-aide-per-diem-prn-bellevue-ia,26.00,cma
Bellevue ID,certified-medication-aide-per-diem-prn-bellevue-id,25.30,cma
Bellevue WA,certified-medication-aide-per-diem-prn-bellevue-wa,25.45,cma
Bellflower,certified-medication-aide-per-diem-prn-bellflower-ca,25.57,cma
Bellingham,certified-medication-aide-per-diem-prn-bellingham-wa,25.84,cma
Bellmead,certified-medication-aide-per-diem-prn-bellmead-tx,25.68,cma
Bellville,certified-medication-aide-per-diem-prn-bellville-tx,25.22,cma
Bellvue,certified-medication-aide-per-diem-prn-bellvue-id,25.67,cma
Beloit,certified-medication-aide-per-diem-prn-beloit-wi,25.48,cma
Belton MO,certified-medication-aide-per-diem-prn-belton-mo,25.53,cma
Belton TX,certified-medication-aide-per-diem-prn-belton-tx,25.77,cma
Benavides,certified-medication-aide-per-diem-prn-benavides-tx,25.93,cma
Benbrook,certified-medication-aide-per-diem-prn-benbrook-tx,25.38,cma
Bend,certified-medication-aide-per-diem-prn-bend-or,26.13,cma
Bennington,certified-medication-aide-per-diem-prn-bennington-vt,25.35,cma
Bensalem,certified-medication-aide-per-diem-prn-bensalem-pa,25.99,cma
Benson,certified-medication-aide-per-diem-prn-benson-az,25.87,cma
Benton,certified-medication-aide-per-diem-prn-benton-ar,25.54,cma
Bentonville,certified-medication-aide-per-diem-prn-bentonville-ar,25.03,cma
Bergenfield,certified-medication-aide-per-diem-prn-bergenfield-nj,25.96,cma
Berlin,certified-medication-aide-per-diem-prn-berlin-nh,25.41,cma
Berryville,certified-medication-aide-per-diem-prn-berryville-va,25.47,cma
Berthoud,certified-medication-aide-per-diem-prn-berthoud-co,25.32,cma
Bertram,certified-medication-aide-per-diem-prn-bertram-tx,25.61,cma
Berwyn,certified-medication-aide-per-diem-prn-berwyn-il,25.32,cma
Bessemer,certified-medication-aide-per-diem-prn-bessemer-al,25.22,cma
Bethany,certified-medication-aide-per-diem-prn-bethany-ok,26.11,cma
Bethany,certified-medication-aide-per-diem-prn-bethany-or,25.23,cma
Bethel,certified-medication-aide-per-diem-prn-bethel-ak,25.43,cma
Bethel Park,certified-medication-aide-per-diem-prn-bethel-park-pa,25.96,cma
Bethesda,certified-medication-aide-per-diem-prn-bethesda-md-f9379,25.30,cma
Bethesda MD,certified-medication-aide-per-diem-prn-bethesda-md,25.64,cma
Bethlehem,certified-medication-aide-per-diem-prn-bethlehem-pa,25.78,cma
Bethlehem City,certified-medication-aide-per-diem-prn-bethlehem-city-pa,26.18,cma
Bethlehem West Side,certified-medication-aide-per-diem-prn-bethlehem-west-side-pa,25.32,cma
Bettendorf IA,certified-medication-aide-per-diem-prn-bettendorf-ia,25.37,cma
Beverly,certified-medication-aide-per-diem-prn-beverly-ma,25.25,cma
Beverly Hills,certified-medication-aide-per-diem-prn-beverly-hills-fl,26.18,cma
Bicknell,certified-medication-aide-per-diem-prn-bicknell-in-4ec7e,26.18,cma
Bicknell,certified-medication-aide-per-diem-prn-bicknell-ut,25.50,cma
Biddeford,certified-medication-aide-per-diem-prn-biddeford-me,25.75,cma
Big Bear,certified-medication-aide-per-diem-prn-big-bear-ca,25.40,cma
Big Lake,certified-medication-aide-per-diem-prn-big-lake-tx,25.66,cma
Big Spring,certified-medication-aide-per-diem-prn-big-spring-tx,25.85,cma
Big Wells,certified-medication-aide-per-diem-prn-big-wells-tx,26.00,cma
Billings MT,certified-medication-aide-per-diem-prn-billings-mt,25.30,cma
Biloxi,certified-medication-aide-per-diem-prn-biloxi-ms,25.32,cma
Birmingham,certified-medication-aide-per-diem-prn-birmingham-al,25.45,cma
Bisbee,certified-medication-aide-per-diem-prn-bisbee-az,25.57,cma
Biscoe,certified-medication-aide-per-diem-prn-biscoe-nc,25.68,cma
Bishopville,certified-medication-aide-per-diem-prn-bishopville-sc,25.68,cma
Bismarck,certified-medication-aide-per-diem-prn-bismarck-nd,25.22,cma
Bixby,certified-medication-aide-per-diem-prn-bixby-ok,25.65,cma
Black Hawk,certified-medication-aide-per-diem-prn-black-hawk-co,25.67,cma
Blackfoot ID,certified-medication-aide-per-diem-prn-blackfoot-id,25.48,cma
Blacksburg,certified-medication-aide-per-diem-prn-blacksburg-va,25.53,cma
Blaine,certified-medication-aide-per-diem-prn-blaine-mn,25.48,cma
Blanding,certified-medication-aide-per-diem-prn-blanding-ut,25.77,cma
Bloomfield,certified-medication-aide-per-diem-prn-bloomfield-ct,25.93,cma
Bloomington,certified-medication-aide-per-diem-prn-bloomington-il,26.13,cma
Bloomington,certified-medication-aide-per-diem-prn-bloomington-in,25.47,cma
Bloomington,certified-medication-aide-per-diem-prn-bloomington-mn,26.10,cma
Bloomsburg,certified-medication-aide-per-diem-prn-bloomsburg-pa,25.38,cma
Blountstown,certified-medication-aide-per-diem-prn-blountstown-fl,26.13,cma
Blowing Rock,certified-medication-aide-per-diem-prn-blowing-rock-nc,25.23,cma
Blue River,certified-medication-aide-per-diem-prn-blue-river-or,25.87,cma
Blue Springs,certified-medication-aide-per-diem-prn-blue-springs-mo,25.84,cma
Bluffton,certified-medication-aide-per-diem-prn-bluffton-sc,25.23,cma
Bly,certified-medication-aide-per-diem-prn-bly-or,25.96,cma
Boardman,certified-medication-aide-per-diem-prn-boardman-or,25.41,cma
Boca Raton,certified-medication-aide-per-diem-prn-boca-raton-fl,25.47,cma
Boerne,certified-medication-aide-per-diem-prn-boerne-tx,25.32,cma
Bogata,certified-medication-aide-per-diem-prn-bogata-tx,25.61,cma
Boise City,certified-medication-aide-per-diem-prn-boise-city-id,25.45,cma
Boise ID,certified-medication-aide-per-diem-prn-boise-id,26.11,cma
Bolingbrook IL,certified-medication-aide-per-diem-prn-bolingbrook-il,25.75,cma
Bonham,certified-medication-aide-per-diem-prn-bonham-tx,25.64,cma
Bonifay,certified-medication-aide-per-diem-prn-bonifay-fl,25.78,cma
Bonita Springs,certified-medication-aide-per-diem-prn-bonita-springs-fl,25.37,cma
Bonners Ferry,certified-medication-aide-per-diem-prn-bonners-ferry-id,25.25,cma
Booker,certified-medication-aide-per-diem-prn-booker-tx,26.18,cma
Boone NC,certified-medication-aide-per-diem-prn-boone-nc,25.50,cma
Borger,certified-medication-aide-per-diem-prn-borger-tx,25.75,cma
Bossier City,certified-medication-aide-per-diem-prn-bossier-city-la,25.20,cma
Boston,certified-medication-aide-per-diem-prn-boston-ma,26.10,cma
Bothell,certified-medication-aide-per-diem-prn-bothell-wa,25.65,cma
Boulder,certified-medication-aide-per-diem-prn-boulder-co,25.40,cma
Boulder City,certified-medication-aide-per-diem-prn-boulder-city-nv,25.35,cma
Bountiful,certified-medication-aide-per-diem-prn-bountiful-ut,25.61,cma
Bourbon,certified-medication-aide-per-diem-prn-bourbon-mo,25.85,cma
Bouse,certified-medication-aide-per-diem-prn-bouse-az,26.00,cma
Bowie,certified-medication-aide-per-diem-prn-bowie-md,26.00,cma
Bowie,certified-medication-aide-per-diem-prn-bowie-tx,25.30,cma
Bowling Green,certified-medication-aide-per-diem-prn-bowling-green-ky,25.45,cma
Bowling Green,certified-medication-aide-per-diem-prn-bowling-green-oh,25.85,cma
Boynton Beach,certified-medication-aide-per-diem-prn-boynton-beach-fl,25.57,cma
Bozeman MT,certified-medication-aide-per-diem-prn-bozeman-mt,25.68,cma
Bozrah,certified-medication-aide-per-diem-prn-bozrah-ct,25.22,cma
Brackenridge,certified-medication-aide-per-diem-prn-brackenridge-pa,25.47,cma
Brackettville,certified-medication-aide-per-diem-prn-brackettville-tx,25.67,cma
Braden River,certified-medication-aide-per-diem-prn-braden-river-fl,25.48,cma
Bradenton FL,certified-medication-aide-per-diem-prn-bradenton-fl,25.53,cma
Brady,certified-medication-aide-per-diem-prn-brady-tx,25.77,cma
Brandon,certified-medication-aide-per-diem-prn-brandon-fl,25.93,cma
Brandon,certified-medication-aide-per-diem-prn-brandon-ms,25.85,cma
Branford,certified-medication-aide-per-diem-prn-branford-ct,25.38,cma
Branford,certified-medication-aide-per-diem-prn-branford-fl,26.13,cma
Brattleboro,certified-medication-aide-per-diem-prn-brattleboro-vt,25.87,cma
Breckenridge CO,certified-medication-aide-per-diem-prn-breckenridge-co,25.96,cma
Breckenridge TX,certified-medication-aide-per-diem-prn-breckenridge-tx,25.41,cma
Bremerton,certified-medication-aide-per-diem-prn-bremerton-wa,25.03,cma
Bremond,certified-medication-aide-per-diem-prn-bremond-tx,25.47,cma
Brenham,certified-medication-aide-per-diem-prn-brenham-tx,25.32,cma
Brentwood,certified-medication-aide-per-diem-prn-brentwood-nh,25.61,cma
Brentwood,certified-medication-aide-per-diem-prn-brentwood-tn,26.31,cma
Brevard,certified-medication-aide-per-diem-prn-brevard-nc,26.11,cma
Brick,certified-medication-aide-per-diem-prn-brick-nj,25.43,cma
Brick Township,certified-medication-aide-per-diem-prn-brick-township-nj,25.64,cma
Bridge City,certified-medication-aide-per-diem-prn-bridge-city-tx,25.78,cma
Bridgeport,certified-medication-aide-per-diem-prn-bridgeport-ct,25.95,cma
Bridgeport TX,certified-medication-aide-per-diem-prn-bridgeport-tx,25.37,cma
Bridgeport WV,certified-medication-aide-per-diem-prn-bridgeport-wv,25.25,cma
Bridgeton,certified-medication-aide-per-diem-prn-bridgeton-nj,25.95,cma
Bridgewater NJ,certified-medication-aide-per-diem-prn-bridgewater-nj,26.18,cma
Brigham City,certified-medication-aide-per-diem-prn-brigham-city-ut,25.50,cma
Brighton CO,certified-medication-aide-per-diem-prn-brighton-co,25.20,cma
Bristol,certified-medication-aide-per-diem-prn-bristol-ct,25.14,cma
Bristol,certified-medication-aide-per-diem-prn-bristol-ri,25.95,cma
Bristol FL,certified-medication-aide-per-diem-prn-bristol-fl,25.20,cma
Bristol TN,certified-medication-aide-per-diem-prn-bristol-tn,26.10,cma
Brockton,certified-medication-aide-per-diem-prn-brockton-ma,25.35,cma
Broken Arrow,certified-medication-aide-per-diem-prn-broken-arrow-ok,25.40,cma
Bronte,certified-medication-aide-per-diem-prn-bronte-tx,25.66,cma
Brookeland,certified-medication-aide-per-diem-prn-brookeland-tx,25.85,cma
Brooker,certified-medication-aide-per-diem-prn-brooker-fl,26.00,cma
Brookfield,certified-medication-aide-per-diem-prn-brookfield-wi,25.66,cma
Brookhaven,certified-medication-aide-per-diem-prn-brookhaven-ga,25.48,cma
Brookhaven,certified-medication-aide-per-diem-prn-brookhaven-ny,26.00,cma
Brookings OR,certified-medication-aide-per-diem-prn-brookings-or,25.30,cma
Brookings SD,certified-medication-aide-per-diem-prn-brookings-sd,25.45,cma
Brookline,certified-medication-aide-per-diem-prn-brookline-ma,25.54,cma
Brooklyn,certified-medication-aide-per-diem-prn-brooklyn-ct,25.85,cma
Brooklyn,certified-medication-aide-per-diem-prn-brooklyn-ny,25.57,cma
Brooklyn Center,certified-medication-aide-per-diem-prn-brooklyn-center-mn,25.61,cma
Brooklyn Park,certified-medication-aide-per-diem-prn-brooklyn-park-mn,25.85,cma
Brookshire,certified-medication-aide-per-diem-prn-brookshire-tx,25.68,cma
Brooksville,certified-medication-aide-per-diem-prn-brooksville-fl,25.22,cma
Broomfield CO,certified-medication-aide-per-diem-prn-broomfield-co,25.67,cma
Brownfield,certified-medication-aide-per-diem-prn-brownfield-tx,25.48,cma
Brownsville,certified-medication-aide-per-diem-prn-brownsville-5-or,25.53,cma
Brownsville,certified-medication-aide-per-diem-prn-brownsville-tx,25.77,cma
Brownwood,certified-medication-aide-per-diem-prn-brownwood-tx,25.93,cma
Bruce,certified-medication-aide-per-diem-prn-bruce-fl,25.38,cma
Brunswick,certified-medication-aide-per-diem-prn-brunswick-me,26.11,cma
Brunswick,certified-medication-aide-per-diem-prn-brunswick-mo,25.67,cma
Brunswick,certified-medication-aide-per-diem-prn-brunswick-oh,25.38,cma
Brush,certified-medication-aide-per-diem-prn-brush-co,26.13,cma
Bryan,certified-medication-aide-per-diem-prn-bryan-tx,25.87,cma
Bryant,certified-medication-aide-per-diem-prn-bryant-ar,25.95,cma
Bryn Athyn Huntingdon Valley,certified-medication-aide-per-diem-prn-bryn-athyn-huntingdon-valley-pa,26.18,cma
Buckeye,certified-medication-aide-per-diem-prn-buckeye-az,25.96,cma
Buda,certified-medication-aide-per-diem-prn-buda-tx,25.41,cma
Buena Ventura Lakes,certified-medication-aide-per-diem-prn-buena-ventura-lakes-fl,25.47,cma
Buena Vista,certified-medication-aide-per-diem-prn-buena-vista-co,25.32,cma
Buenaventura Lakes,certified-medication-aide-per-diem-prn-buenaventura-lakes-fl,25.36,cma
Buffalo,certified-medication-aide-per-diem-prn-buffalo-ny,25.45,cma
Buhl,certified-medication-aide-per-diem-prn-buhl-id,25.61,cma
Bullhead City,certified-medication-aide-per-diem-prn-bullhead-city-az,26.11,cma
Bulverde,certified-medication-aide-per-diem-prn-bulverde-tx,25.43,cma
Buna,certified-medication-aide-per-diem-prn-buna-tx,25.64,cma
Bunnell,certified-medication-aide-per-diem-prn-bunnell-fl,25.78,cma
Burbank CA,certified-medication-aide-per-diem-prn-burbank-ca,25.37,cma
Burbank IL,certified-medication-aide-per-diem-prn-burbank-il,26.10,cma
Burien,certified-medication-aide-per-diem-prn-burien-wa,25.61,cma
Burkburnett,certified-medication-aide-per-diem-prn-burkburnett-tx,25.25,cma
Burke,certified-medication-aide-per-diem-prn-burke-va,25.00,cma
Burleson,certified-medication-aide-per-diem-prn-burleson-tx,26.18,cma
Burley ID,certified-medication-aide-per-diem-prn-burley-id,25.50,cma
Burlingame,certified-medication-aide-per-diem-prn-burlingame-ca-5cbac,25.75,cma
Burlington,certified-medication-aide-per-diem-prn-burlington-co,25.20,cma
Burlington,certified-medication-aide-per-diem-prn-burlington-nc,25.93,cma
Burlington,certified-medication-aide-per-diem-prn-burlington-vt,25.20,cma
Burlington IA,certified-medication-aide-per-diem-prn-burlington-ia,25.47,cma
Burnet,certified-medication-aide-per-diem-prn-burnet-tx,26.10,cma
Burns,certified-medication-aide-per-diem-prn-burns-or,25.35,cma
Burnsville,certified-medication-aide-per-diem-prn-burnsville-mn,25.30,cma
Bushnell,certified-medication-aide-per-diem-prn-bushnell-fl,25.40,cma
Butte Falls,certified-medication-aide-per-diem-prn-butte-falls-or,25.66,cma
Butte MT,certified-medication-aide-per-diem-prn-butte-mt,25.85,cma
Butte-Silver Bow,certified-medication-aide-per-diem-prn-butte-silver-bow-mt,25.61,cma
Buzzards Bay,certified-medication-aide-per-diem-prn-buzzards-bay-ma,26.00,cma
Cabot,certified-medication-aide-per-diem-prn-cabot-ar,25.94,cma
Calais,certified-medication-aide-per-diem-prn-calais-me,25.30,cma
Caldwell ID,certified-medication-aide-per-diem-prn-caldwell-id,25.45,cma
Caldwell TX,certified-medication-aide-per-diem-prn-caldwell-tx,25.57,cma
Calhan,certified-medication-aide-per-diem-prn-calhan-co,25.68,cma
Caliente,certified-medication-aide-per-diem-prn-caliente-nv,25.22,cma
Callaway,certified-medication-aide-per-diem-prn-callaway-fl,25.67,cma
Camas WA,certified-medication-aide-per-diem-prn-camas-wa,25.48,cma
Cambridge,certified-medication-aide-per-diem-prn-cambridge-ma,26.18,cma
Cambridge,certified-medication-aide-per-diem-prn-cambridge-md,25.53,cma
Cameron,certified-medication-aide-per-diem-prn-cameron-tx,25.77,cma
Camp Hill PA,certified-medication-aide-per-diem-prn-camp-hill-pa,25.93,cma
Camp Verde,certified-medication-aide-per-diem-prn-camp-verde-az,25.38,cma
Camp Wood,certified-medication-aide-per-diem-prn-camp-wood-tx,26.13,cma
Campbell,certified-medication-aide-per-diem-prn-campbell-ca,25.87,cma
Canadian,certified-medication-aide-per-diem-prn-canadian-tx,25.96,cma
Canby,certified-medication-aide-per-diem-prn-canby-or,25.41,cma
Cando,certified-medication-aide-per-diem-prn-cando-nd,25.47,cma
Canistota,certified-medication-aide-per-diem-prn-canistota-sd,25.32,cma
Cannonville,certified-medication-aide-per-diem-prn-cannonville-ut,25.61,cma
Canon City,certified-medication-aide-per-diem-prn-canon-city-co,26.11,cma
Canton,certified-medication-aide-per-diem-prn-canton-oh,26.13,cma
Canton GA,certified-medication-aide-per-diem-prn-canton-ga,25.35,cma
Canton IL,certified-medication-aide-per-diem-prn-canton-il,25.43,cma
Canton TX,certified-medication-aide-per-diem-prn-canton-tx,25.64,cma
Cantonment,certified-medication-aide-per-diem-prn-cantonment-fl,25.78,cma
Canutillo,certified-medication-aide-per-diem-prn-canutillo-tx,25.37,cma
Canyon,certified-medication-aide-per-diem-prn-canyon-tx,25.25,cma
Canyonville,certified-medication-aide-per-diem-prn-canyonville-or,26.18,cma
Cape Coral FL,certified-medication-aide-per-diem-prn-cape-coral-fl,25.50,cma
Cape Girardeau,certified-medication-aide-per-diem-prn-cape-girardeau-mo,25.65,cma
Cape May,certified-medication-aide-per-diem-prn-cape-may-nj,25.87,cma
Carbondale,certified-medication-aide-per-diem-prn-carbondale-co,25.75,cma
Carefree,certified-medication-aide-per-diem-prn-carefree-az,25.20,cma
Caribou,certified-medication-aide-per-diem-prn-caribou-me,25.54,cma
Carlin,certified-medication-aide-per-diem-prn-carlin-nv,26.10,cma
Carlinville,certified-medication-aide-per-diem-prn-carlinville-il,25.35,cma
Carlsbad,certified-medication-aide-per-diem-prn-carlsbad-nm,25.03,cma
Carlsbad,certified-medication-aide-per-diem-prn-carlsbad-tx,25.40,cma
Carmel,certified-medication-aide-per-diem-prn-carmel-in,25.66,cma
Carnegie,certified-medication-aide-per-diem-prn-carnegie-ok,25.85,cma
Caro,certified-medication-aide-per-diem-prn-caro-mi,26.00,cma
Carolina Forest,certified-medication-aide-per-diem-prn-carolina-forest-sc,25.85,cma
Carrabelle,certified-medication-aide-per-diem-prn-carrabelle-fl,25.30,cma
Carrizo Springs,certified-medication-aide-per-diem-prn-carrizo-springs-tx,25.45,cma
Carroll,certified-medication-aide-per-diem-prn-carroll-ia,25.57,cma
Carrollton,certified-medication-aide-per-diem-prn-carrollton-tx,25.68,cma
Carrollwood,certified-medication-aide-per-diem-prn-carrollwood-fl,25.22,cma
Carson City,certified-medication-aide-per-diem-prn-carson-city-nv,25.67,cma
Carthage,certified-medication-aide-per-diem-prn-carthage-3-tx,25.48,cma
Carthage,certified-medication-aide-per-diem-prn-carthage-ny,25.53,cma
Cary,certified-medication-aide-per-diem-prn-cary-nc,25.57,cma
Casa Blanca,certified-medication-aide-per-diem-prn-casa-blanca-nm,25.77,cma
Casa Grande,certified-medication-aide-per-diem-prn-casa-grande-az,25.93,cma
Casas Adobes,certified-medication-aide-per-diem-prn-casas-adobes-az,25.43,cma
Cascade,certified-medication-aide-per-diem-prn-cascade-id,25.38,cma
Casper,certified-medication-aide-per-diem-prn-casper-wy,26.13,cma
Casselberry,certified-medication-aide-per-diem-prn-casselberry-fl,25.87,cma
Castle Dale,certified-medication-aide-per-diem-prn-castle-dale-ut,25.96,cma
Castle Pines,certified-medication-aide-per-diem-prn-castle-pines-co,25.41,cma
Castle Rock,certified-medication-aide-per-diem-prn-castle-rock-co,25.47,cma
Castroville,certified-medication-aide-per-diem-prn-castroville-tx,25.32,cma
Catalina Foothills,certified-medication-aide-per-diem-prn-catalina-foothills-az,25.64,cma
Catonsville,certified-medication-aide-per-diem-prn-catonsville-md,25.61,cma
Catonsville,certified-medication-aide-per-diem-prn-catonsville-md-c3ae5,26.13,cma
Cave Junction,certified-medication-aide-per-diem-prn-cave-junction-or,26.11,cma
Cedar City,certified-medication-aide-per-diem-prn-cedar-city-ut,25.43,cma
Cedar Crest,certified-medication-aide-per-diem-prn-cedar-crest-nm,25.64,cma
Cedar Falls,certified-medication-aide-per-diem-prn-cedar-falls-ia,25.78,cma
Cedar Grove,certified-medication-aide-per-diem-prn-cedar-grove-nj,25.37,cma
Cedar Hill,certified-medication-aide-per-diem-prn-cedar-hill-tx,25.25,cma
Cedar Hills,certified-medication-aide-per-diem-prn-cedar-hills-ut,25.37,cma
Cedar Park,certified-medication-aide-per-diem-prn-cedar-park-tx,26.18,cma
Cedar Rapids,certified-medication-aide-per-diem-prn-cedar-rapids-ia,25.50,cma
Cedar Rapids Oakhill Jackson,certified-medication-aide-per-diem-prn-cedar-rapids-oakhill-jackson-ia,26.31,cma
Cedaredge,certified-medication-aide-per-diem-prn-cedaredge-co,25.75,cma
Celebration,certified-medication-aide-per-diem-prn-celebration-fl,25.20,cma
Celina,certified-medication-aide-per-diem-prn-celina-tx,26.10,cma
Centennial,certified-medication-aide-per-diem-prn-centennial-co-4850a,25.40,cma
Centennial CO,certified-medication-aide-per-diem-prn-centennial-co,25.35,cma
Center CO,certified-medication-aide-per-diem-prn-center-co,25.66,cma
Center Tuftonboro,certified-medication-aide-per-diem-prn-center-tuftonboro-nh,25.85,cma
Center TX,certified-medication-aide-per-diem-prn-center-tx,26.00,cma
Centerfield,certified-medication-aide-per-diem-prn-centerfield-ut,25.30,cma
Centerville,certified-medication-aide-per-diem-prn-centerville-b-ia,25.45,cma
Centerville OH,certified-medication-aide-per-diem-prn-centerville-oh,25.61,cma
Centerville TX,certified-medication-aide-per-diem-prn-centerville-tx,25.57,cma
Centerville UT,certified-medication-aide-per-diem-prn-centerville-ut,25.68,cma
Central,certified-medication-aide-per-diem-prn-central-la,25.54,cma
Central Falls,certified-medication-aide-per-diem-prn-central-falls-ri,25.22,cma
Central Point,certified-medication-aide-per-diem-prn-central-point-or,25.67,cma
Centreville,certified-medication-aide-per-diem-prn-centreville-va,25.54,cma
Century,certified-medication-aide-per-diem-prn-century-fl,25.48,cma
Cetreville,certified-medication-aide-per-diem-prn-cetreville-md,25.53,cma
Challis,certified-medication-aide-per-diem-prn-challis-id,25.77,cma
Chalmette,certified-medication-aide-per-diem-prn-chalmette-la,25.74,cma
Chamberlain,certified-medication-aide-per-diem-prn-chamberlain-sd,25.93,cma
Champaign,certified-medication-aide-per-diem-prn-champaign-il,25.41,cma
Chandler,certified-medication-aide-per-diem-prn-chandler-az,25.38,cma
Channelview,certified-medication-aide-per-diem-prn-channelview-tx,26.13,cma
Chantilly,certified-medication-aide-per-diem-prn-chantily-va,25.87,cma
Chapel Hill,certified-medication-aide-per-diem-prn-chapel-hill-nc,25.67,cma
Charleston,certified-medication-aide-per-diem-prn-charleston-sc,25.96,cma
Charleston,certified-medication-aide-per-diem-prn-charleston-wv,25.68,cma
Charlotte Elizabeth,certified-medication-aide-per-diem-prn-charlotte-elizabeth-nc,26.31,cma
Charlotte Myers Park,certified-medication-aide-per-diem-prn-charlotte-myers-park-nc,25.74,cma
Charlotte NC,certified-medication-aide-per-diem-prn-charlotte-nc,25.41,cma
Charlotte Plaza-Shamrock,certified-medication-aide-per-diem-prn-charlotte-plaza-shamrock-nc,25.85,cma
Charlotte Sherwood Forest,certified-medication-aide-per-diem-prn-charlotte-sherwood-forest-nc,25.23,cma
Charlottesville,certified-medication-aide-per-diem-prn-charlottesville-va,25.65,cma
Chatsworth,certified-medication-aide-per-diem-prn-chatsworth-ga,25.47,cma
Chattahoochee,certified-medication-aide-per-diem-prn-chattahoochee-fl,25.32,cma
Chattanooga,certified-medication-aide-per-diem-prn-chattanooga-tn,25.61,cma
Cheektowaga,certified-medication-aide-per-diem-prn-cheektowaga-ny,25.61,cma
Cheltenham,certified-medication-aide-per-diem-prn-cheltenham-pa,25.77,cma
Cheney,certified-medication-aide-per-diem-prn-cheney-ks,25.35,cma
Cherokee,certified-medication-aide-per-diem-prn-cherokee-ia,26.11,cma
Cherry Hill,certified-medication-aide-per-diem-prn-cherry-hill-nj,25.43,cma
Cherry Hills Village,certified-medication-aide-per-diem-prn-cherry-hills-village-co,25.64,cma
Chesapeake,certified-medication-aide-per-diem-prn-chesapeake-va,26.18,cma
Chester,certified-medication-aide-per-diem-prn-chester-tx,25.78,cma
Chester City,certified-medication-aide-per-diem-prn-chester-city-pa,25.93,cma
Chesterfield,certified-medication-aide-per-diem-prn-chesterfield-mo,25.94,cma
Chesterville,certified-medication-aide-per-diem-prn-chesterville-oh,25.20,cma
Chestnut Ridge,certified-medication-aide-per-diem-prn-chestnut-ridge-nj,25.37,cma
Cheyenne,certified-medication-aide-per-diem-prn-cheyenne-wy,25.25,cma
Cheyenne Wells,certified-medication-aide-per-diem-prn-cheyenne-wells-co,26.18,cma
Chicago Heights IL,certified-medication-aide-per-diem-prn-chicago-heights-il,26.18,cma
Chicago IL,certified-medication-aide-per-diem-prn-chicago-il,25.35,cma
Chicago Portage Park,certified-medication-aide-per-diem-prn-chicago-portage-park-il,25.03,cma
Chicago Ridge,certified-medication-aide-per-diem-prn-chicago-ridge-il,25.03,cma
Chicago Rogers Park,certified-medication-aide-per-diem-prn-chicago-rogers-park-il,25.95,cma
Chico,certified-medication-aide-per-diem-prn-chico-ca,25.75,cma
Chicopee,certified-medication-aide-per-diem-prn-chicopee-ma,25.92,cma
Chiefland,certified-medication-aide-per-diem-prn-chiefland-fl,25.20,cma
Chilchinbito,certified-medication-aide-per-diem-prn-chilchinbito-az,26.10,cma
Childress,certified-medication-aide-per-diem-prn-childress-tx,25.35,cma
Chillicothe OH,certified-medication-aide-per-diem-prn-chillicothe-oh,25.40,cma
Chillicothe TX,certified-medication-aide-per-diem-prn-chillicothe-tx,25.66,cma
Chillum,certified-medication-aide-per-diem-prn-chillum-md,25.32,cma
Chiloquin,certified-medication-aide-per-diem-prn-chiloquin-or,25.85,cma
Chinle,certified-medication-aide-per-diem-prn-chinle-az,26.00,cma
Chino,certified-medication-aide-per-diem-prn-chino-ca,25.30,cma
Chipley,certified-medication-aide-per-diem-prn-chipley-fl,25.45,cma
Chippewa Falls,certified-medication-aide-per-diem-prn-chippewa-falls-wi,25.57,cma
Christmas Valley,certified-medication-aide-per-diem-prn-christmas-valley-or,25.68,cma
Chubbuck,certified-medication-aide-per-diem-prn-chubbuck-id,25.22,cma
Chula Vista,certified-medication-aide-per-diem-prn-chula-vista-ca,25.10,cma
Cicero,certified-medication-aide-per-diem-prn-cicero-il,25.87,cma
Cincinnati,certified-medication-aide-per-diem-prn-cincinnati-nd,25.67,cma
Circleville,certified-medication-aide-per-diem-prn-circleville-ut,25.48,cma
Cisco,certified-medication-aide-per-diem-prn-cisco-tx,25.53,cma
Citra,certified-medication-aide-per-diem-prn-citra-fl,25.77,cma
Citrus Springs,certified-medication-aide-per-diem-prn-citrus-springs-fl,25.93,cma
Clackamas,certified-medication-aide-per-diem-prn-clackamas-or,25.38,cma
Clancy,certified-medication-aide-per-diem-prn-clancy-mt,25.65,cma
Clare,certified-medication-aide-per-diem-prn-clare-mi,26.13,cma
Claremont,certified-medication-aide-per-diem-prn-claremont-nh,25.87,cma
Claremore,certified-medication-aide-per-diem-prn-claremore-ok,25.96,cma
Clarendon,certified-medication-aide-per-diem-prn-clarendon-tx,25.41,cma
Clarinda,certified-medication-aide-per-diem-prn-clarinda-ia,25.47,cma
Clark,certified-medication-aide-per-diem-prn-clark-nj,25.44,cma
Clarksburg,certified-medication-aide-per-diem-prn-clarksburg-wv,25.54,cma
Clarkston,certified-medication-aide-per-diem-prn-clarkston-wa,25.32,cma
Clarkstown,certified-medication-aide-per-diem-prn-clarkstown-ny,26.11,cma
Clarksville,certified-medication-aide-per-diem-prn-clarksville-tn,25.95,cma
Clarksville,certified-medication-aide-per-diem-prn-clarksville-tx,25.61,cma
Clatskanie,certified-medication-aide-per-diem-prn-clatskanie-or,26.11,cma
Claude,certified-medication-aide-per-diem-prn-claude-tx,25.43,cma
Clay,certified-medication-aide-per-diem-prn-clay-ny,25.37,cma
Cle Elum WA,certified-medication-aide-per-diem-prn-cle-elum-wa,25.64,cma
Clearfield,certified-medication-aide-per-diem-prn-clearfield-ut,25.78,cma
Clearlake,certified-medication-aide-per-diem-prn-clearlake-ca,25.37,cma
Clearwater,certified-medication-aide-per-diem-prn-clearwater-fl,25.25,cma
Cleburne,certified-medication-aide-per-diem-prn-cleburne-tx,26.18,cma
Clermont FL,certified-medication-aide-per-diem-prn-clermont-fl,25.50,cma
Cleveland,certified-medication-aide-per-diem-prn-cleveland-tn,25.92,cma
Cleveland Heights,certified-medication-aide-per-diem-prn-cleveland-heights-oh,25.22,cma
Cleveland OH,certified-medication-aide-per-diem-prn-cleveland-oh,25.75,cma
Cleveland TX,certified-medication-aide-per-diem-prn-cleveland-tx,25.20,cma
Clewiston,certified-medication-aide-per-diem-prn-clewiston-fl,26.10,cma
Clifton AZ,certified-medication-aide-per-diem-prn-clifton-az,25.35,cma
Clifton Forge,certified-medication-aide-per-diem-prn-clifton-forge-va,25.40,cma
Clifton NJ,certified-medication-aide-per-diem-prn-clifton-nj,25.66,cma
Clifton TX,certified-medication-aide-per-diem-prn-clifton-tx,25.85,cma
Climax,certified-medication-aide-per-diem-prn-climax-co,26.00,cma
Clint,certified-medication-aide-per-diem-prn-clint-tx,25.30,cma
Clinton,certified-medication-aide-per-diem-prn-clinton-md-b0002,25.43,cma
Clinton,certified-medication-aide-per-diem-prn-clinton-ms,25.49,cma
Clinton IA,certified-medication-aide-per-diem-prn-clinton-ia,25.41,cma
Clinton MD,certified-medication-aide-per-diem-prn-clinton-md,25.57,cma
Clinton OH,certified-medication-aide-per-diem-prn-clinton-oh,25.68,cma
Clinton UT,certified-medication-aide-per-diem-prn-clinton-c-ut,25.45,cma
Clinton UT,certified-medication-aide-per-diem-prn-clinton-ut,25.22,cma
Clovis NM,certified-medication-aide-per-diem-prn-clovis-nm,25.67,cma
Clute,certified-medication-aide-per-diem-prn-clute-tx,25.48,cma
Clyde,certified-medication-aide-per-diem-prn-clyde-tx,25.53,cma
Coalville,certified-medication-aide-per-diem-prn-coalville-ut,25.77,cma
Cobleskill,certified-medication-aide-per-diem-prn-cobleskill-ny,25.93,cma
Cockeysville,certified-medication-aide-per-diem-prn-cockeysville-md,25.38,cma
Cocoa,certified-medication-aide-per-diem-prn-cocoa-fl,25.87,cma
Cocoa Beach,certified-medication-aide-per-diem-prn-cocoa-beach-fl,26.13,cma
Coconut Creek,certified-medication-aide-per-diem-prn-coconut-creek-fl,25.96,cma
Coconut Grove,certified-medication-aide-per-diem-prn-coconut-grove-fl,25.41,cma
Cody,certified-medication-aide-per-diem-prn-cody-wy,25.41,cma
Coeur D Alene,certified-medication-aide-per-diem-prn-coeur-d-alene-id,25.47,cma
Coeur D'Alene,certified-medication-aide-per-diem-prn-coeur-dalene-id,25.32,cma
Colchester,certified-medication-aide-per-diem-prn-colchester-ct,25.61,cma
Colchester,certified-medication-aide-per-diem-prn-colchester-vt,25.40,cma
Coldspring,certified-medication-aide-per-diem-prn-coldspring-tx,26.11,cma
Coleman,certified-medication-aide-per-diem-prn-coleman-tx,25.43,cma
Coleridge,certified-medication-aide-per-diem-prn-coleridge-ne,25.64,cma
Colfax,certified-medication-aide-per-diem-prn-colfax-wa,25.78,cma
College,certified-medication-aide-per-diem-prn-college-ak,25.41,cma
College Station,certified-medication-aide-per-diem-prn-college-station-tx,25.37,cma
Colleyville,certified-medication-aide-per-diem-prn-colleyville-tx,25.25,cma
Collierville,certified-medication-aide-per-diem-prn-collierville-tn,25.14,cma
Collinsville,certified-medication-aide-per-diem-prn-collinsville-tx,26.18,cma
Colonial Beach,certified-medication-aide-per-diem-prn-colonial-beach-va,25.50,cma
Colonie town,certified-medication-aide-per-diem-prn-colonie-town-ny,25.75,cma
Colorado City,certified-medication-aide-per-diem-prn-colorado-city-tx,25.75,cma
Colorado Springs,certified-medication-aide-per-diem-prn-colorado-springs-co,25.20,cma
Colton,certified-medication-aide-per-diem-prn-colton-ca,26.10,cma
Columbia,certified-medication-aide-per-diem-prn-columbia-md,26.10,cma
Columbia,certified-medication-aide-per-diem-prn-columbia-sc,25.83,cma
Columbia Falls,certified-medication-aide-per-diem-prn-columbia-falls-mt,25.95,cma
Columbia Midtown - Downtown,certified-medication-aide-per-diem-prn-columbia-midtown-downtown-sc,25.74,cma
Columbia MO,certified-medication-aide-per-diem-prn-columbia-mo,25.35,cma
Columbia TN,certified-medication-aide-per-diem-prn-columbia-tn,25.40,cma
Columbus,certified-medication-aide-per-diem-prn-columbus-in,25.14,cma
Columbus,certified-medication-aide-per-diem-prn-columbus-ms,25.47,cma
Columbus,certified-medication-aide-per-diem-prn-columbus-ne,25.68,cma
Columbus GA,certified-medication-aide-per-diem-prn-columbus-ga,25.40,cma
Columbus OH,certified-medication-aide-per-diem-prn-columbus-oh,25.66,cma
Columbus TX,certified-medication-aide-per-diem-prn-columbus-tx,25.85,cma
Comanche,certified-medication-aide-per-diem-prn-comanche-tx,26.00,cma
Comfort,certified-medication-aide-per-diem-prn-comfort-tx,25.30,cma
Commerce,certified-medication-aide-per-diem-prn-commerce-tx,25.57,cma
Commerce City,certified-medication-aide-per-diem-prn-commerce-city-co,25.45,cma
Concord,certified-medication-aide-per-diem-prn-concord-nc,25.22,cma
Concord MA,certified-medication-aide-per-diem-prn-concord-ma,25.68,cma
Concord NH,certified-medication-aide-per-diem-prn-concord-nh,25.22,cma
Condon,certified-medication-aide-per-diem-prn-condon-or,25.67,cma
Congress,certified-medication-aide-per-diem-prn-congress-az,25.48,cma
Conifer,certified-medication-aide-per-diem-prn-conifer-co,25.53,cma
Conneaut,certified-medication-aide-per-diem-prn-conneaut-oh,25.77,cma
Conrad,certified-medication-aide-per-diem-prn-conrad-mt,25.93,cma
Conroe,certified-medication-aide-per-diem-prn-conroe-tx,25.38,cma
Converse,certified-medication-aide-per-diem-prn-converse-tx,26.13,cma
Conway,certified-medication-aide-per-diem-prn-conway-ar,25.99,cma
Conway,certified-medication-aide-per-diem-prn-conway-sc,25.03,cma
Cookeville,certified-medication-aide-per-diem-prn-cookeville-tn,25.61,cma
Coolidge,certified-medication-aide-per-diem-prn-coolidge-az,25.87,cma
Coon Rapids,certified-medication-aide-per-diem-prn-coon-rapids-mn,25.45,cma
Cooper,certified-medication-aide-per-diem-prn-cooper-tx,25.41,cma
Cooper City,certified-medication-aide-per-diem-prn-cooper-city-fl,25.96,cma
Cooperstown,certified-medication-aide-per-diem-prn-cooperstown-ny,25.47,cma
Coos Bay,certified-medication-aide-per-diem-prn-coos-bay-or,25.32,cma
Coppell,certified-medication-aide-per-diem-prn-coppell-tx,25.61,cma
Copperas Cove,certified-medication-aide-per-diem-prn-copperas-cove-tx,26.11,cma
Coquille,certified-medication-aide-per-diem-prn-coquille-or,25.43,cma
Coral Gables,certified-medication-aide-per-diem-prn-coral-gables-fl,25.64,cma
Coral Springs,certified-medication-aide-per-diem-prn-coral-springs-fl,25.78,cma
Coralville,certified-medication-aide-per-diem-prn-coralville-ia,25.38,cma
Corinth,certified-medication-aide-per-diem-prn-corinth-tx,25.37,cma
Cornelius,certified-medication-aide-per-diem-prn-cornelius-nc,25.92,cma
Corona,certified-medication-aide-per-diem-prn-corona-ca,25.92,cma
Corona NY,certified-medication-aide-per-diem-prn-corona-ny,26.18,cma
Corpus Christi,certified-medication-aide-per-diem-prn-corpus-christi-tx,25.25,cma
Corpus Christi Central City,certified-medication-aide-per-diem-prn-corpus-christi-central-city-tx,25.95,cma
Corrigan,certified-medication-aide-per-diem-prn-corrigan-tx,26.18,cma
Corsicana,certified-medication-aide-per-diem-prn-corsicana-tx,25.50,cma
Cortez,certified-medication-aide-per-diem-prn-cortez-co,25.75,cma
Corvallis,certified-medication-aide-per-diem-prn-corvallis-or,25.20,cma
Corydon,certified-medication-aide-per-diem-prn-corydon-ia,26.10,cma
Coshocton,certified-medication-aide-per-diem-prn-coshocton-nd,25.35,cma
Cottage Grove,certified-medication-aide-per-diem-prn-cottage-grove-mn,25.87,cma
Cottage Grove OR,certified-medication-aide-per-diem-prn-cottage-grove-or,25.40,cma
Cottonwood AZ,certified-medication-aide-per-diem-prn-cottonwood-az,25.66,cma
Cottonwood Heights,certified-medication-aide-per-diem-prn-cottonwood-heights-ut,25.85,cma
Cottonwood ID,certified-medication-aide-per-diem-prn-cottonwood-id,26.00,cma
Cotulla,certified-medication-aide-per-diem-prn-cotulla-tx,25.30,cma
Council,certified-medication-aide-per-diem-prn-council-id,25.57,cma
Council Bluffs,certified-medication-aide-per-diem-prn-council-bluffs-ia,25.45,cma
Country Club,certified-medication-aide-per-diem-prn-country-club-fl,25.23,cma
Coventry,certified-medication-aide-per-diem-prn-coventry-ri,25.68,cma
Covina,certified-medication-aide-per-diem-prn-covina-ca-1213a,25.22,cma
Covington,certified-medication-aide-per-diem-prn-covington-ky,25.68,cma
Covington,certified-medication-aide-per-diem-prn-covington-la,25.67,cma
Craig,certified-medication-aide-per-diem-prn-craig-co,25.48,cma
Crane,certified-medication-aide-per-diem-prn-crane-tx,25.53,cma
Cranston,certified-medication-aide-per-diem-prn-cranston-ri,25.77,cma
Crawfordville,certified-medication-aide-per-diem-prn-crawfordville-fl,25.93,cma
Creede,certified-medication-aide-per-diem-prn-creede-co,25.38,cma
Crescent City,certified-medication-aide-per-diem-prn-crescent-city-fl,26.13,cma
Cresco,certified-medication-aide-per-diem-prn-cresco-ia,25.87,cma
Cresskill,certified-medication-aide-per-diem-prn-cresskill-nj,25.96,cma
Crestview,certified-medication-aide-per-diem-prn-crestview-fl,25.41,cma
Creswell,certified-medication-aide-per-diem-prn-creswell-or,25.47,cma
Crete,certified-medication-aide-per-diem-prn-crete-il,25.32,cma
Creve Coeur,certified-medication-aide-per-diem-prn-creve-coeur-mo,25.61,cma
Cripple Creek,certified-medication-aide-per-diem-prn-cripple-creek-co,26.11,cma
Crockett,certified-medication-aide-per-diem-prn-crockett-tx,25.43,cma
Cromwell,certified-medication-aide-per-diem-prn-cromwell-ct,25.64,cma
Crosby,certified-medication-aide-per-diem-prn-crosby-tx,25.78,cma
Crosbyton,certified-medication-aide-per-diem-prn-crosbyton-tx,25.37,cma
Cross City,certified-medication-aide-per-diem-prn-cross-city-fl,25.25,cma
Cross Plains,certified-medication-aide-per-diem-prn-cross-plains-tx,26.18,cma
Crossville TN,certified-medication-aide-per-diem-prn-crossville-tn,25.50,cma
Croton On Hudson,certified-medication-aide-per-diem-prn-croton-on-hudson-ny,25.75,cma
Crowell,certified-medication-aide-per-diem-prn-crowell-tx,25.20,cma
Crowley,certified-medication-aide-per-diem-prn-crowley-tx,26.10,cma
Crown Point,certified-medication-aide-per-diem-prn-crown-point-in,25.35,cma
Crownsville,certified-medication-aide-per-diem-prn-crownsville-md,25.40,cma
Crystal City,certified-medication-aide-per-diem-prn-crystal-city-tx,25.66,cma
Crystal River,certified-medication-aide-per-diem-prn-crystal-river-fl,25.85,cma
Cuba City,certified-medication-aide-per-diem-prn-cuba-city-wi,26.00,cma
Cuero,certified-medication-aide-per-diem-prn-cuero-tx,25.30,cma
Culbertson,certified-medication-aide-per-diem-prn-culbertson-mt,25.45,cma
Cullman,certified-medication-aide-per-diem-prn-cullman-al,25.57,cma
Cumberland,certified-medication-aide-per-diem-prn-cumberland-ri,25.68,cma
Cupertino,certified-medication-aide-per-diem-prn-cupertino-ca,25.22,cma
Cutler Bay,certified-medication-aide-per-diem-prn-cutler-bay-fl,25.67,cma
Cuyahoga Falls,certified-medication-aide-per-diem-prn-cuyahoga-falls-oh,25.14,cma
Cypress,certified-medication-aide-per-diem-prn-cypress-tx,25.48,cma
Dade City,certified-medication-aide-per-diem-prn-dade-city-fl,25.53,cma
Dadeville,certified-medication-aide-per-diem-prn-dadeville-al,25.77,cma
Dahlonega,certified-medication-aide-per-diem-prn-dahlonega-ga,25.93,cma
Daingerfield,certified-medication-aide-per-diem-prn-daingerfield-tx,25.38,cma
Dakota Ridge,certified-medication-aide-per-diem-prn-dakota-ridge-co,25.25,cma
Dale City,certified-medication-aide-per-diem-prn-dale-city-va,25.47,cma
Dalhart,certified-medication-aide-per-diem-prn-dalhart-tx,26.13,cma
Dallas Lake Highlands,certified-medication-aide-per-diem-prn-dallas-lake-highlands-tx,25.87,cma
Dallas Oak Cliff,certified-medication-aide-per-diem-prn-dallas-oak-cliff-tx,25.43,cma
Dallas OR,certified-medication-aide-per-diem-prn-dallas-or,25.96,cma
Dallas TX,certified-medication-aide-per-diem-prn-dallas-tx,25.05,cma
Dallastown,certified-medication-aide-per-diem-prn-dallastown-pa,25.47,cma
Dalton,certified-medication-aide-per-diem-prn-dalton-ga,25.57,cma
Dalworthington Gardens,certified-medication-aide-per-diem-prn-dalworthington-gardens-tx,25.32,cma
Daly City,certified-medication-aide-per-diem-prn-daly-city-ca,25.61,cma
Danbury,certified-medication-aide-per-diem-prn-danbury-ct,26.11,cma
Dania,certified-medication-aide-per-diem-prn-dania-fl,25.64,cma
Dania Beach,certified-medication-aide-per-diem-prn-dania-beach-fl,25.43,cma
Danielson,certified-medication-aide-per-diem-prn-danielson-ct,25.14,cma
Danville,certified-medication-aide-per-diem-prn-danville-va,25.68,cma
Daphne,certified-medication-aide-per-diem-prn-daphne-al,25.57,cma
Darlington,certified-medication-aide-per-diem-prn-darlington-wi,25.78,cma
Davenport FL,certified-medication-aide-per-diem-prn-davenport-fl,25.37,cma
Davenport IA,certified-medication-aide-per-diem-prn-davenport-ia,25.61,cma
Davidson NC,certified-medication-aide-per-diem-prn-davidson-nc,25.25,cma
Davie,certified-medication-aide-per-diem-prn-davie-fl,26.18,cma
Dayton OH,certified-medication-aide-per-diem-prn-dayton-oh,25.50,cma
Dayton TX,certified-medication-aide-per-diem-prn-dayton-tx,25.75,cma
Daytona Beach FL,certified-medication-aide-per-diem-prn-daytona-beach-fl,25.20,cma
De Kalb,certified-medication-aide-per-diem-prn-de-kalb-tx,26.10,cma
De Leon,certified-medication-aide-per-diem-prn-de-leon-tx,25.35,cma
De Smet,certified-medication-aide-per-diem-prn-de-smet-sd,25.40,cma
Dearborn,certified-medication-aide-per-diem-prn-dearborn-mi,25.36,cma
Dearborn Heights,certified-medication-aide-per-diem-prn-dearborn-heights-mi,25.25,cma
Debary,certified-medication-aide-per-diem-prn-debary-fl,25.66,cma
Decatur,certified-medication-aide-per-diem-prn-decatur-al,25.78,cma
Decatur IL,certified-medication-aide-per-diem-prn-decatur-il,25.85,cma
Decatur TX,certified-medication-aide-per-diem-prn-decatur-tx,26.00,cma
Deer Park,certified-medication-aide-per-diem-prn-deer-park-tx,25.30,cma
Deerfield Beach,certified-medication-aide-per-diem-prn-deerfield-beach-fl,25.45,cma
Deerfield IL,certified-medication-aide-per-diem-prn-deerfield-il,25.57,cma
Defuniak Springs,certified-medication-aide-per-diem-prn-defuniak-springs-fl,25.68,cma
Del City,certified-medication-aide-per-diem-prn-del-city-ok,25.74,cma
Del Norte,certified-medication-aide-per-diem-prn-del-norte-co,25.22,cma
Del Rio,certified-medication-aide-per-diem-prn-del-rio-tx,25.67,cma
Del Valle,certified-medication-aide-per-diem-prn-del-valle-tx,25.48,cma
Deland,certified-medication-aide-per-diem-prn-deland-fl,25.53,cma
Delaware,certified-medication-aide-per-diem-prn-delaware-oh,25.40,cma
Delray Beach,certified-medication-aide-per-diem-prn-delray-beach-fl,25.77,cma
Delta CO,certified-medication-aide-per-diem-prn-delta-co,25.93,cma
Delta UT,certified-medication-aide-per-diem-prn-delta-ut,25.38,cma
Deltona,certified-medication-aide-per-diem-prn-deltona-fl,26.13,cma
Denison,certified-medication-aide-per-diem-prn-denison-tx,25.87,cma
Denton,certified-medication-aide-per-diem-prn-denton-tx,25.96,cma
Denver City,certified-medication-aide-per-diem-prn-denver-city-tx,25.41,cma
Denver City Park West,certified-medication-aide-per-diem-prn-denver-city-park-west-co,25.61,cma
Denver CO,certified-medication-aide-per-diem-prn-denver-co,25.66,cma
Denver West,certified-medication-aide-per-diem-prn-denver-west-co,25.61,cma
Denville,certified-medication-aide-per-diem-prn-denville-nj,25.32,cma
Depoe Bay,certified-medication-aide-per-diem-prn-depoe-bay-or,25.61,cma
Derby,certified-medication-aide-per-diem-prn-derby-ks,25.68,cma
Deridder,certified-medication-aide-per-diem-prn-deridder-la,26.11,cma
Derry NH,certified-medication-aide-per-diem-prn-derry-nh,25.43,cma
Des Moines Downtown Des Moines,certified-medication-aide-per-diem-prn-des-moines-downtown-des-moines-ia,25.85,cma
Des Moines IA,certified-medication-aide-per-diem-prn-des-moines-ia,25.64,cma
Des Plaines,certified-medication-aide-per-diem-prn-des-plaines-il,26.11,cma
Desoto,certified-medication-aide-per-diem-prn-desoto-tx,25.78,cma
Destin,certified-medication-aide-per-diem-prn-destin-fl,25.37,cma
Detroit,certified-medication-aide-per-diem-prn-detroit-mi,26.18,cma
Devils Lake,certified-medication-aide-per-diem-prn-devils-lake-nd,25.25,cma
Devine,certified-medication-aide-per-diem-prn-devine-tx,26.18,cma
Dewey,certified-medication-aide-per-diem-prn-dewey-az,25.50,cma
Dexter,certified-medication-aide-per-diem-prn-dexter-mo,25.75,cma
Dexter,certified-medication-aide-per-diem-prn-dexter-or,25.20,cma
Diboll,certified-medication-aide-per-diem-prn-diboll-tx,26.10,cma
Dickinson,certified-medication-aide-per-diem-prn-dickinson-tx,25.35,cma
Dickson,certified-medication-aide-per-diem-prn-dickson-tn,25.40,cma
Dilley,certified-medication-aide-per-diem-prn-dilley-tx,25.66,cma
Dillon CO,certified-medication-aide-per-diem-prn-dillon-co,25.85,cma
Dillon MT,certified-medication-aide-per-diem-prn-dillon-mt,26.00,cma
Dimmitt,certified-medication-aide-per-diem-prn-dimmitt-tx,25.30,cma
Divide,certified-medication-aide-per-diem-prn-divide-co,25.45,cma
Dodge City,certified-medication-aide-per-diem-prn-dodge-city-ks,25.74,cma
Donna,certified-medication-aide-per-diem-prn-donna-tx,25.57,cma
Doral,certified-medication-aide-per-diem-prn-doral-fl,25.68,cma
Dothan,certified-medication-aide-per-diem-prn-dothan-al,25.22,cma
Double Oak,certified-medication-aide-per-diem-prn-double-oak-tx,25.67,cma
Douglas,certified-medication-aide-per-diem-prn-douglas-az,25.48,cma
Douglas,certified-medication-aide-per-diem-prn-douglas-wy,25.64,cma
Douglasville,certified-medication-aide-per-diem-prn-douglasville-ga,25.66,cma
Dousman,certified-medication-aide-per-diem-prn-dousman-wi,25.53,cma
Dove Creek CO,certified-medication-aide-per-diem-prn-dove-creek-co,25.77,cma
Dover,certified-medication-aide-per-diem-prn-dover-de,25.78,cma
Dover,certified-medication-aide-per-diem-prn-dover-nj,26.13,cma
Dover FL,certified-medication-aide-per-diem-prn-dover-fl,25.93,cma
Dover NH,certified-medication-aide-per-diem-prn-dover-nh,25.38,cma
Downers Grove,certified-medication-aide-per-diem-prn-downers-grove-il,25.99,cma
Downey,certified-medication-aide-per-diem-prn-downey-id,25.87,cma
Downington,certified-medication-aide-per-diem-prn-downington-pa,25.54,cma
Draper,certified-medication-aide-per-diem-prn-draper-ut,25.96,cma
Drasco,certified-medication-aide-per-diem-prn-drasco-ar,25.41,cma
Drew,certified-medication-aide-per-diem-prn-drew-ms,25.47,cma
Driggs,certified-medication-aide-per-diem-prn-driggs-id,25.32,cma
Dripping Springs,certified-medication-aide-per-diem-prn-dripping-springs-tx,25.61,cma
Dublin,certified-medication-aide-per-diem-prn-dublin-nh,25.43,cma
Dublin,certified-medication-aide-per-diem-prn-dublin-oh,25.64,cma
Dublin GA,certified-medication-aide-per-diem-prn-dublin-ga,26.11,cma
Dublin TX,certified-medication-aide-per-diem-prn-dublin-tx,25.78,cma
Dubuque,certified-medication-aide-per-diem-prn-dubuque-ia,25.37,cma
Duchesne,certified-medication-aide-per-diem-prn-duchesne-ut,25.25,cma
Dugway,certified-medication-aide-per-diem-prn-dugway-ut,26.18,cma
Dulles,certified-medication-aide-per-diem-prn-dulles-va,25.50,cma
Duluth,certified-medication-aide-per-diem-prn-duluth-ga,25.85,cma
Duluth,certified-medication-aide-per-diem-prn-duluth-mn,25.20,cma
Dumas,certified-medication-aide-per-diem-prn-dumas-tx,25.75,cma
Duncan,certified-medication-aide-per-diem-prn-duncan-az,25.20,cma
Duncan,certified-medication-aide-per-diem-prn-duncan-ok,25.47,cma
Duncanville,certified-medication-aide-per-diem-prn-duncanville-tx,26.10,cma
Dundalk,certified-medication-aide-per-diem-prn-dundalk-md,25.68,cma
Dundee,certified-medication-aide-per-diem-prn-dundee-fl,25.35,cma
Dunedin,certified-medication-aide-per-diem-prn-dunedin-fl,25.40,cma
Dunlap,certified-medication-aide-per-diem-prn-dunlap-ia,25.66,cma
Dunnellon,certified-medication-aide-per-diem-prn-dunnellon-fl,25.85,cma
Dunwoody,certified-medication-aide-per-diem-prn-dunwoody-ga,25.20,cma
Durand,certified-medication-aide-per-diem-prn-durand-wi,26.00,cma
Durango,certified-medication-aide-per-diem-prn-durango-co,25.30,cma
Durham CT,certified-medication-aide-per-diem-prn-durham-ct,25.45,cma
Durham NC,certified-medication-aide-per-diem-prn-durham-nc,25.57,cma
Dyess Afb,certified-medication-aide-per-diem-prn-dyess-afb-tx,25.68,cma
Eads,certified-medication-aide-per-diem-prn-eads-co,25.22,cma
Eagan,certified-medication-aide-per-diem-prn-eagan-mn,25.68,cma
Eagle Butte,certified-medication-aide-per-diem-prn-eagle-butte-sd,25.67,cma
Eagle CO,certified-medication-aide-per-diem-prn-eagle-co,25.48,cma
Eagle Grove,certified-medication-aide-per-diem-prn-eagle-grove-ia,25.53,cma
Eagle ID,certified-medication-aide-per-diem-prn-eagle-id,25.77,cma
Eagle Lake,certified-medication-aide-per-diem-prn-eagle-lake-tx,25.93,cma
Eagle Mountain,certified-medication-aide-per-diem-prn-eagle-mountain-ut,25.50,cma
Eagle Pass,certified-medication-aide-per-diem-prn-eagle-pass-tx,25.38,cma
Eagle Point,certified-medication-aide-per-diem-prn-eagle-point-or,26.13,cma
Early,certified-medication-aide-per-diem-prn-early-tx,25.87,cma
Easley,certified-medication-aide-per-diem-prn-easley-sc,25.44,cma
East Bernard,certified-medication-aide-per-diem-prn-east-bernard-tx,25.96,cma
East Brunswick,certified-medication-aide-per-diem-prn-east-brunswick-nj,25.41,cma
east greenwich,certified-medication-aide-per-diem-prn-east-greenwich-ri,25.47,cma
East Hartford,certified-medication-aide-per-diem-prn-east-hartford-ct,25.23,cma
East Hempfield,certified-medication-aide-per-diem-prn-east-hempfield-pa,25.78,cma
East Honolulu,certified-medication-aide-per-diem-prn-east-honolulu-hi,26.10,cma
East Lake,certified-medication-aide-per-diem-prn-east-lake-fl,25.10,cma
East Orange,certified-medication-aide-per-diem-prn-east-orange-nj,25.32,cma
East Peoria,certified-medication-aide-per-diem-prn-east-peoria-il,25.61,cma
East Point,certified-medication-aide-per-diem-prn-east-point-ga,26.10,cma
East Providence,certified-medication-aide-per-diem-prn-east-providence-ri,26.11,cma
East Providence Riverside,certified-medication-aide-per-diem-prn-east-providence-riverside-ri,26.10,cma
East Wenatchee,certified-medication-aide-per-diem-prn-east-wenatchee-or,25.43,cma
Eastland,certified-medication-aide-per-diem-prn-eastland-tx,25.64,cma
Easton,certified-medication-aide-per-diem-prn-easton-ks,25.65,cma
Easton,certified-medication-aide-per-diem-prn-easton-md,25.78,cma
Easton,certified-medication-aide-per-diem-prn-easton-pa,25.35,cma
Eastpoint,certified-medication-aide-per-diem-prn-eastpoint-fl,25.37,cma
Eau Claire,certified-medication-aide-per-diem-prn-eau-claire-wi,26.18,cma
Eckert,certified-medication-aide-per-diem-prn-eckert-co,25.25,cma
Edcouch,certified-medication-aide-per-diem-prn-edcouch-tx,26.18,cma
Eden,certified-medication-aide-per-diem-prn-eden-tx,25.50,cma
Eden Prairie,certified-medication-aide-per-diem-prn-eden-prairie-mn,26.00,cma
Edina,certified-medication-aide-per-diem-prn-edina-mn,25.38,cma
Edinburg,certified-medication-aide-per-diem-prn-edinburg-tx,25.75,cma
Edison,certified-medication-aide-per-diem-prn-edison-nj,25.64,cma
Edmond,certified-medication-aide-per-diem-prn-edmond-ok,26.10,cma
Edmonds,certified-medication-aide-per-diem-prn-edmonds-wa,25.35,cma
Edna,certified-medication-aide-per-diem-prn-edna-tx,25.40,cma
Edwards,certified-medication-aide-per-diem-prn-edwards-co,25.66,cma
Edwardsville,certified-medication-aide-per-diem-prn-edwardsville-il,25.85,cma
Effingham,certified-medication-aide-per-diem-prn-effingham-il,26.00,cma
Egg Harbor Township,certified-medication-aide-per-diem-prn-egg-harbor-township-nj,25.45,cma
Egypt Lake-Leto,certified-medication-aide-per-diem-prn-egypt-lake-leto-fl,25.61,cma
El Cajon,certified-medication-aide-per-diem-prn-el-cajon-ca,25.30,cma
El Campo,certified-medication-aide-per-diem-prn-el-campo-tx,25.45,cma
El Cenizo,certified-medication-aide-per-diem-prn-el-cenizo-tx,25.57,cma
El Cerrito,certified-medication-aide-per-diem-prn-el-cerrito-ca,25.95,cma
El Paso,certified-medication-aide-per-diem-prn-el-paso-tx,29.47,cma
El Paso West Central El Paso,certified-medication-aide-per-diem-prn-el-paso-west-central-el-paso-tx,25.83,cma
Elbert,certified-medication-aide-per-diem-prn-elbert-co,25.94,cma
Eldorado,certified-medication-aide-per-diem-prn-eldorado-tx,25.22,cma
Electra,certified-medication-aide-per-diem-prn-electra-tx,25.67,cma
Elfrida,certified-medication-aide-per-diem-prn-elfrida-az,25.48,cma
Elgin,certified-medication-aide-per-diem-prn-elgin-il,25.96,cma
Elgin OR,certified-medication-aide-per-diem-prn-elgin-or,25.77,cma
Elgin TX,certified-medication-aide-per-diem-prn-elgin-5-tx,25.53,cma
Elizabethton,certified-medication-aide-per-diem-prn-elizabethton-tn,25.93,cma
Elizabethtown,certified-medication-aide-per-diem-prn-elizabethtown-ky,25.54,cma
Elizaville,certified-medication-aide-per-diem-prn-elizaville-ny,25.38,cma
Elk Grove,certified-medication-aide-per-diem-prn-elk-grove-ca,25.85,cma
Elk Horn,certified-medication-aide-per-diem-prn-elk-horn-ia,26.13,cma
Elkhart,certified-medication-aide-per-diem-prn-elkhart-in,25.94,cma
Elkhart,certified-medication-aide-per-diem-prn-elkhart-tx,25.87,cma
Elko,certified-medication-aide-per-diem-prn-elko-nv,25.96,cma
Ellenton,certified-medication-aide-per-diem-prn-ellenton-fl,25.41,cma
Ellicott City,certified-medication-aide-per-diem-prn-ellicott-city-md,25.47,cma
Ellicott City,certified-medication-aide-per-diem-prn-ellicott-city-md-8c1c0,25.57,cma
Ellsworth,certified-medication-aide-per-diem-prn-ellsworth-me,25.32,cma
Elmhurst IL,certified-medication-aide-per-diem-prn-elmhurst-il,25.61,cma
Elmwood Park,certified-medication-aide-per-diem-prn-elmwood-park-il,26.11,cma
Eloy,certified-medication-aide-per-diem-prn-eloy-az,25.43,cma
Elsa,certified-medication-aide-per-diem-prn-elsa-tx,25.64,cma
Ely,certified-medication-aide-per-diem-prn-ely-nv,25.78,cma
Elyria,certified-medication-aide-per-diem-prn-elyria-nd,25.37,cma
Emerson,certified-medication-aide-per-diem-prn-emerson-nj,26.18,cma
Emlenton,certified-medication-aide-per-diem-prn-emlenton-pa,25.25,cma
Emmett ID,certified-medication-aide-per-diem-prn-emmett-id,26.18,cma
Emory,certified-medication-aide-per-diem-prn-emory-tx,25.50,cma
Emporia,certified-medication-aide-per-diem-prn-emporia-ks,25.03,cma
Encinal,certified-medication-aide-per-diem-prn-encinal-tx,25.75,cma
Encinitas,certified-medication-aide-per-diem-prn-encinitas-ca,25.20,cma
Enfield,certified-medication-aide-per-diem-prn-enfield-ct,25.54,cma
englewood,certified-medication-aide-per-diem-prn-englewood-nj,25.40,cma
Englewood CO,certified-medication-aide-per-diem-prn-englewood-co,26.10,cma
Englewood FL,certified-medication-aide-per-diem-prn-englewood-fl,25.35,cma
Englishtown,certified-medication-aide-per-diem-prn-englishtown-nj,25.03,cma
Enid,certified-medication-aide-per-diem-prn-enid-ok,25.32,cma
Ennis,certified-medication-aide-per-diem-prn-ennis-tx,25.66,cma
Enterprise,certified-medication-aide-per-diem-prn-enterprise-al,25.40,cma
Enterprise,certified-medication-aide-per-diem-prn-enterprise-nv,25.83,cma
Enterprise OR,certified-medication-aide-per-diem-prn-enterprise-or,25.85,cma
Enterprise UT,certified-medication-aide-per-diem-prn-enterprise-ut,26.00,cma
Erie,certified-medication-aide-per-diem-prn-erie-pa,25.85,cma
Erlanger,certified-medication-aide-per-diem-prn-erlanger-ky,25.95,cma
Escalante,certified-medication-aide-per-diem-prn-escalante-ut,25.30,cma
Escondido CA,certified-medication-aide-per-diem-prn-escondido-ca,25.45,cma
Espanola,certified-medication-aide-per-diem-prn-espanola-nm,25.57,cma
Essex,certified-medication-aide-per-diem-prn-essex-md,25.64,cma
Essex,certified-medication-aide-per-diem-prn-essex-vt,25.85,cma
Essex Junction,certified-medication-aide-per-diem-prn-essex-junction-vt,25.68,cma
Estacada,certified-medication-aide-per-diem-prn-estacada-or,25.68,cma
Estero,certified-medication-aide-per-diem-prn-estero-fl,25.22,cma
Estes Park,certified-medication-aide-per-diem-prn-estes-park-co,25.67,cma
Euclid,certified-medication-aide-per-diem-prn-euclid-oh,25.67,cma
Eugene OR,certified-medication-aide-per-diem-prn-eugene-or,25.85,cma
Euless,certified-medication-aide-per-diem-prn-euless-tx,25.53,cma
Eureka,certified-medication-aide-per-diem-prn-eureka-mo,25.77,cma
Eureka,certified-medication-aide-per-diem-prn-eureka-nv,25.93,cma
Eustis,certified-medication-aide-per-diem-prn-eustis-fl,25.38,cma
Evans,certified-medication-aide-per-diem-prn-evans-co,26.13,cma
Evans GA,certified-medication-aide-per-diem-prn-evans-ga,25.37,cma
Evanston,certified-medication-aide-per-diem-prn-evanston-il,25.77,cma
Evanston,certified-medication-aide-per-diem-prn-evanston-wy,25.87,cma
Evansville,certified-medication-aide-per-diem-prn-evansville-in,25.85,cma
Everett,certified-medication-aide-per-diem-prn-everett-ma,25.14,cma
Everett WA,certified-medication-aide-per-diem-prn-everett-wa,25.96,cma
Evergreen,certified-medication-aide-per-diem-prn-evergreen-co,25.41,cma
Everman,certified-medication-aide-per-diem-prn-everman-tx,25.47,cma
Ewa Gentry,certified-medication-aide-per-diem-prn-ewa-gentry-hi,25.48,cma
Fabens,certified-medication-aide-per-diem-prn-fabens-tx,25.32,cma
Fair Lawn,certified-medication-aide-per-diem-prn-fair-lawn-nj,25.61,cma
Fairbanks,certified-medication-aide-per-diem-prn-fairbanks-ak,25.47,cma
Fairborn,certified-medication-aide-per-diem-prn-fairborn-oh,25.75,cma
Fairfax,certified-medication-aide-per-diem-prn-fairfax-vt,25.64,cma
Fairfax OK,certified-medication-aide-per-diem-prn-fairfax-ok,26.11,cma
Fairfax VA,certified-medication-aide-per-diem-prn-fairfax-va,25.43,cma
Fairfield,certified-medication-aide-per-diem-prn-fairfield-ct,25.99,cma
Fairfield,certified-medication-aide-per-diem-prn-fairfield-oh,25.48,cma
Fairfield ID,certified-medication-aide-per-diem-prn-fairfield-id,25.64,cma
Fairfield ME,certified-medication-aide-per-diem-prn-fairfield-me,25.78,cma
Fairfield TX,certified-medication-aide-per-diem-prn-fairfield-tx,25.37,cma
Fairhope,certified-medication-aide-per-diem-prn-fairhope-al,26.00,cma
Fairmont,certified-medication-aide-per-diem-prn-fairmont-wv,25.25,cma
Fairplay,certified-medication-aide-per-diem-prn-fairplay-co,26.18,cma
Falfurrias,certified-medication-aide-per-diem-prn-falfurrias-tx,25.50,cma
Fall Creek,certified-medication-aide-per-diem-prn-fall-creek-or,25.75,cma
Fall River,certified-medication-aide-per-diem-prn-fall-river-ma,25.20,cma
Fall River Mills,certified-medication-aide-per-diem-prn-fall-river-mills-ca,26.10,cma
Fallon,certified-medication-aide-per-diem-prn-fallon-nv,25.35,cma
Falls Church VA,certified-medication-aide-per-diem-prn-falls-church-va,25.40,cma
Falmouth,certified-medication-aide-per-diem-prn-falmouth-ma,25.66,cma
Fargo,certified-medication-aide-per-diem-prn-fargo-nd,25.85,cma
Fargo Woodhaven,certified-medication-aide-per-diem-prn-fargo-woodhaven-nd,25.77,cma
Farmers Branch,certified-medication-aide-per-diem-prn-farmers-branch-tx,26.00,cma
Farmersville,certified-medication-aide-per-diem-prn-farmersville-tx,25.30,cma
Farmington,certified-medication-aide-per-diem-prn-farmington-nm,25.23,cma
Farmington Hills,certified-medication-aide-per-diem-prn-farmington-hills-mi,25.03,cma
Farmington ME,certified-medication-aide-per-diem-prn-farmington-me,25.45,cma
Farmington UT,certified-medication-aide-per-diem-prn-farmington-ut,25.57,cma
Farr West,certified-medication-aide-per-diem-prn-farr-west-ut,25.68,cma
Farragut,certified-medication-aide-per-diem-prn-farragut-tn,25.61,cma
Farwell,certified-medication-aide-per-diem-prn-farwell-tx,25.22,cma
Fayetteville,certified-medication-aide-per-diem-prn-fayetteville-ar,26.18,cma
Fayetteville,certified-medication-aide-per-diem-prn-fayetteville-nc,25.40,cma
Federal Way,certified-medication-aide-per-diem-prn-federal-way-wa,25.67,cma
Fellsmere,certified-medication-aide-per-diem-prn-fellsmere-fl,25.48,cma
Fenton,certified-medication-aide-per-diem-prn-fenton-mi,25.53,cma
Fern Park,certified-medication-aide-per-diem-prn-fern-park-fl,25.77,cma
Fernandina Beach,certified-medication-aide-per-diem-prn-fernandina-beach-fl,25.93,cma
Ferndale,certified-medication-aide-per-diem-prn-ferndale-wa,25.74,cma
Fernley,certified-medication-aide-per-diem-prn-fernley-nv,25.38,cma
Ferron,certified-medication-aide-per-diem-prn-ferron-ut,26.13,cma
Ferry Pass,certified-medication-aide-per-diem-prn-ferry-pass-fl,25.99,cma
Fillmore,certified-medication-aide-per-diem-prn-fillmore-ut,25.87,cma
Findlay,certified-medication-aide-per-diem-prn-findlay-oh,25.68,cma
Firestone,certified-medication-aide-per-diem-prn-firestone-co,25.96,cma
Fishers,certified-medication-aide-per-diem-prn-fishers-in,25.95,cma
Fitchburg,certified-medication-aide-per-diem-prn-fitchburg-wi,26.00,cma
Flagler,certified-medication-aide-per-diem-prn-flagler-co,25.41,cma
Flagstaff,certified-medication-aide-per-diem-prn-flagstaff-az,25.47,cma
Flatonia,certified-medication-aide-per-diem-prn-flatonia-tx,25.32,cma
Fleming Island,certified-medication-aide-per-diem-prn-fleming-island-fl,25.61,cma
Flint,certified-medication-aide-per-diem-prn-flint-mi,25.03,cma
Florence,certified-medication-aide-per-diem-prn-florence-al,25.43,cma
Florence,certified-medication-aide-per-diem-prn-florence-ky,25.44,cma
Florence AZ,certified-medication-aide-per-diem-prn-florence-az,26.11,cma
Florence CO,certified-medication-aide-per-diem-prn-florence-co,25.43,cma
Florence OR,certified-medication-aide-per-diem-prn-florence-or,25.64,cma
Florence SC,certified-medication-aide-per-diem-prn-florence-sc,25.78,cma
Floresville,certified-medication-aide-per-diem-prn-floresville-tx,25.37,cma
Florham Park,certified-medication-aide-per-diem-prn-florham-park-nj,25.25,cma
Florida City,certified-medication-aide-per-diem-prn-florida-city-fl,26.18,cma
Florissant,certified-medication-aide-per-diem-prn-florissant-co,25.50,cma
Florissant,certified-medication-aide-per-diem-prn-florissant-mo,25.95,cma
Flower Mound,certified-medication-aide-per-diem-prn-flower-mound-tx,25.75,cma
Flowery Branch,certified-medication-aide-per-diem-prn-flowery-branch-ga,25.20,cma
Fond du Lac,certified-medication-aide-per-diem-prn-fond-du-lac-wi,25.85,cma
Fontana,certified-medication-aide-per-diem-prn-fontana-ca,25.65,cma
Fontanelle,certified-medication-aide-per-diem-prn-fontanelle-ia,26.10,cma
Forest Grove,certified-medication-aide-per-diem-prn-forest-grove-or,25.35,cma
Forest Hill MD,certified-medication-aide-per-diem-prn-forest-hill-md-43963,25.40,cma
Forest Hill TX,certified-medication-aide-per-diem-prn-forest-hill-tx,25.66,cma
Forest Park,certified-medication-aide-per-diem-prn-forest-park-oh,25.83,cma
Foresthill,certified-medication-aide-per-diem-prn-foresthill-ca,25.85,cma
Forks,certified-medication-aide-per-diem-prn-forks-wa,26.00,cma
Forney,certified-medication-aide-per-diem-prn-forney-tx,25.30,cma
Fort Carson,certified-medication-aide-per-diem-prn-fort-carson-co,25.45,cma
Fort Collins,certified-medication-aide-per-diem-prn-fort-collins-co,25.57,cma
Fort Defiance,certified-medication-aide-per-diem-prn-fort-defiance-az,25.68,cma
Fort Dodge,certified-medication-aide-per-diem-prn-fort-dodge-ia,25.22,cma
Fort Hancock,certified-medication-aide-per-diem-prn-fort-hancock-tx,25.67,cma
Fort Hood,certified-medication-aide-per-diem-prn-fort-hood-tx,25.48,cma
Fort Huachuca,certified-medication-aide-per-diem-prn-fort-huachuca-az,25.53,cma
Fort Lauderdale,certified-medication-aide-per-diem-prn-fort-lauderdale-fl,25.77,cma
Fort Lupton,certified-medication-aide-per-diem-prn-fort-lupton-co,25.93,cma
Fort Lyon,certified-medication-aide-per-diem-prn-fort-lyon-co,25.38,cma
Fort Madison,certified-medication-aide-per-diem-prn-fort-madison-ia,26.13,cma
Fort Mc Coy,certified-medication-aide-per-diem-prn-fort-mc-coy-fl,25.87,cma
Fort Mill,certified-medication-aide-per-diem-prn-fort-mill-sc,25.65,cma
Fort Mohave,certified-medication-aide-per-diem-prn-fort-mohave-az,25.96,cma
Fort Morgan,certified-medication-aide-per-diem-prn-fort-morgan-co,25.41,cma
Fort Myers FL,certified-medication-aide-per-diem-prn-fort-myers-fl,25.47,cma
Fort Myers The Forum,certified-medication-aide-per-diem-prn-fort-myers-the-forum-fl,25.92,cma
Fort Pierce FL,certified-medication-aide-per-diem-prn-fort-pierce-fl,25.32,cma
Fort Smith,certified-medication-aide-per-diem-prn-fort-smith-ar,25.61,cma
Fort Stockton,certified-medication-aide-per-diem-prn-fort-stockton-tx,26.11,cma
Fort Thomas,certified-medication-aide-per-diem-prn-fort-thomas-ky,25.43,cma
Fort Walton Beach,certified-medication-aide-per-diem-prn-fort-walton-beach-fl,25.64,cma
Fort Washakie,certified-medication-aide-per-diem-prn-fort-washakie-wy,25.78,cma
Fort Wayne,certified-medication-aide-per-diem-prn-fort-wayne-in,25.37,cma
Fort Worth,certified-medication-aide-per-diem-prn-fort-worth-tx,26.18,cma
Fort Worth Shaw Clarke,certified-medication-aide-per-diem-prn-fort-worth-shaw-clarke-tx,25.78,cma
Fossil,certified-medication-aide-per-diem-prn-fossil-or,25.25,cma
Fountain,certified-medication-aide-per-diem-prn-fountain-co,26.18,cma
Fountain Hills,certified-medication-aide-per-diem-prn-fountain-hills-az,25.50,cma
Fountain Inn,certified-medication-aide-per-diem-prn-fountain-inn-sc,26.11,cma
Fountain Valley,certified-medication-aide-per-diem-prn-fountain-valley-ca,25.75,cma
Fountainebleau,certified-medication-aide-per-diem-prn-fountainebleau-fl,25.43,cma
Four Corners,certified-medication-aide-per-diem-prn-four-corners-fl,25.92,cma
Fowler,certified-medication-aide-per-diem-prn-fowler-co,25.20,cma
Framingham,certified-medication-aide-per-diem-prn-framingham-ma,25.03,cma
Frankfort,certified-medication-aide-per-diem-prn-frankfort-in,26.10,cma
Frankfort KS,certified-medication-aide-per-diem-prn-frankfort-ks,25.35,cma
Frankfort KY,certified-medication-aide-per-diem-prn-frankfort-ky,25.40,cma
Franklin,certified-medication-aide-per-diem-prn-franklin-tn,25.14,cma
Franklin,certified-medication-aide-per-diem-prn-franklin-wi,25.48,cma
Franklin TX,certified-medication-aide-per-diem-prn-franklin-tx,25.66,cma
Franklin WV,certified-medication-aide-per-diem-prn-franklin-wv,25.85,cma
Frankston,certified-medication-aide-per-diem-prn-frankston-tx,26.00,cma
Fred,certified-medication-aide-per-diem-prn-fred-tx,25.30,cma
Frederick,certified-medication-aide-per-diem-prn-frederick-md-83fed,25.40,cma
Frederick CO,certified-medication-aide-per-diem-prn-frederick-co,25.45,cma
Frederick MD,certified-medication-aide-per-diem-prn-frederick-md,25.57,cma
Fredericksburg TX,certified-medication-aide-per-diem-prn-fredericksburg-tx,25.68,cma
Fredericksburg VA,certified-medication-aide-per-diem-prn-fredericksburg-va,25.22,cma
Fredonia,certified-medication-aide-per-diem-prn-fredonia-wi,25.67,cma
Freehold,certified-medication-aide-per-diem-prn-freehold-nj,25.48,cma
Freeport FL,certified-medication-aide-per-diem-prn-freeport-fl,25.53,cma
Freeport IL,certified-medication-aide-per-diem-prn-freeport-il,25.77,cma
Freeport TX,certified-medication-aide-per-diem-prn-freeport-tx,25.93,cma
Freer,certified-medication-aide-per-diem-prn-freer-tx,25.38,cma
Fremont,certified-medication-aide-per-diem-prn-fremont-ca,26.13,cma
Fremont,certified-medication-aide-per-diem-prn-fremont-ne,25.87,cma
Fresno CA,certified-medication-aide-per-diem-prn-fresno-ca,25.96,cma
Fresno TX,certified-medication-aide-per-diem-prn-fresno-tx,25.41,cma
Friendswood,certified-medication-aide-per-diem-prn-friendswood-tx,25.47,cma
Fries,certified-medication-aide-per-diem-prn-fries-va,25.32,cma
Friona,certified-medication-aide-per-diem-prn-friona-tx,25.61,cma
Frisco CO,certified-medication-aide-per-diem-prn-frisco-co,26.11,cma
Frisco TX,certified-medication-aide-per-diem-prn-frisco-tx,25.43,cma
Fritch,certified-medication-aide-per-diem-prn-fritch-tx,25.64,cma
Frostproof,certified-medication-aide-per-diem-prn-frostproof-fl,25.78,cma
Fruit Cove,certified-medication-aide-per-diem-prn-fruit-cove-fl,25.83,cma
Fruita,certified-medication-aide-per-diem-prn-fruita-co,25.37,cma
Fruitland,certified-medication-aide-per-diem-prn-fruitland-fl,25.25,cma
Fruitland,certified-medication-aide-per-diem-prn-fruitland-id,26.18,cma
Fruitland Park,certified-medication-aide-per-diem-prn-fruitland-park-fl,25.50,cma
Ft. Worth,certified-medication-aide-per-diem-prn-ft-worth-tx,25.75,cma
Fulshear,certified-medication-aide-per-diem-prn-fulshear-tx,25.20,cma
Fuquay-Varina,certified-medication-aide-per-diem-prn-fuquay-varina-nc,25.61,cma
Gadsden,certified-medication-aide-per-diem-prn-gadsden-al,26.10,cma
Gahanna,certified-medication-aide-per-diem-prn-gahanna-oh,26.10,cma
Gainesville FL,certified-medication-aide-per-diem-prn-gainesville-fl,25.35,cma
Gainesville GA,certified-medication-aide-per-diem-prn-gainesville-ga,25.43,cma
Gainesville TX,certified-medication-aide-per-diem-prn-gainesville-tx,25.40,cma
Gaithersburg,certified-medication-aide-per-diem-prn-gaithersburg-md,25.48,cma
Gallatin,certified-medication-aide-per-diem-prn-gallatin-tn,25.54,cma
Gallup,certified-medication-aide-per-diem-prn-gallup-nm,25.59,cma
Galveston,certified-medication-aide-per-diem-prn-galveston-tx,25.66,cma
Ganado AZ,certified-medication-aide-per-diem-prn-ganado-az,25.85,cma
Ganado TX,certified-medication-aide-per-diem-prn-ganado-tx,26.00,cma
Garden City,certified-medication-aide-per-diem-prn-garden-city-ks,25.44,cma
Garden City ID,certified-medication-aide-per-diem-prn-garden-city-id,25.30,cma
Garden City UT,certified-medication-aide-per-diem-prn-garden-city-ut,25.45,cma
Garden Grove,certified-medication-aide-per-diem-prn-garden-grove-ca,25.74,cma
Gardner,certified-medication-aide-per-diem-prn-gardner-ks,25.85,cma
Gardner,certified-medication-aide-per-diem-prn-gardner-ma,25.57,cma
Gardnerville,certified-medication-aide-per-diem-prn-gardnerville-nv,25.68,cma
Garfield Heights,certified-medication-aide-per-diem-prn-garfield-heights-oh,25.23,cma
Garland,certified-medication-aide-per-diem-prn-garland-tx,25.22,cma
Garrison,certified-medication-aide-per-diem-prn-garrison-tx,25.67,cma
Gary,certified-medication-aide-per-diem-prn-gary-in,25.23,cma
Gastonia NC,certified-medication-aide-per-diem-prn-gastonia-nc,25.48,cma
Gatesville,certified-medication-aide-per-diem-prn-gatesville-tx,25.53,cma
Gaylord,certified-medication-aide-per-diem-prn-gaylord-mi,25.77,cma
Geneva,certified-medication-aide-per-diem-prn-geneva-il,26.00,cma
Geneva,certified-medication-aide-per-diem-prn-geneva-ne,25.38,cma
George,certified-medication-aide-per-diem-prn-george-ia,26.13,cma
George West,certified-medication-aide-per-diem-prn-george-west-tx,25.87,cma
Georgetown,certified-medication-aide-per-diem-prn-georgetown-de,25.74,cma
Georgetown,certified-medication-aide-per-diem-prn-georgetown-ky,25.74,cma
Georgetown,certified-medication-aide-per-diem-prn-georgetown-tx,25.96,cma
Gerlach,certified-medication-aide-per-diem-prn-gerlach-nv,25.41,cma
Germantown,certified-medication-aide-per-diem-prn-germantown-md,25.20,cma
Germantown,certified-medication-aide-per-diem-prn-germantown-tn,25.85,cma
Germantown,certified-medication-aide-per-diem-prn-germantown-wi,25.47,cma
Giddings,certified-medication-aide-per-diem-prn-giddings-tx,25.32,cma
Gifford,certified-medication-aide-per-diem-prn-gifford-il,25.61,cma
Gig Harbor,certified-medication-aide-per-diem-prn-gig-harbor-wa,26.11,cma
Gila Bend,certified-medication-aide-per-diem-prn-gila-bend-az,25.43,cma
Gilber,certified-medication-aide-per-diem-prn-gilber-az,25.64,cma
Gilbert AZ,certified-medication-aide-per-diem-prn-gilbert-az,25.78,cma
Gilbert Gilbert Medical Center,certified-medication-aide-per-diem-prn-gilbert-gilbert-medical-center-az,26.10,cma
Gilchrist,certified-medication-aide-per-diem-prn-gilchrist-or,25.37,cma
Gillette,certified-medication-aide-per-diem-prn-gillette-wy,25.93,cma
Gilmer,certified-medication-aide-per-diem-prn-gilmer-tx,25.25,cma
Gladewater,certified-medication-aide-per-diem-prn-gladewater-tx,26.18,cma
Gladstone,certified-medication-aide-per-diem-prn-gladstone-mo,25.85,cma
Gladstone OR,certified-medication-aide-per-diem-prn-gladstone-or,25.50,cma
Glasgow,certified-medication-aide-per-diem-prn-glasgow-de,26.18,cma
Glastonbury,certified-medication-aide-per-diem-prn-glastonbury-ct,25.25,cma
Glen Burnie,certified-medication-aide-per-diem-prn-glen-burnie-md,25.75,cma
Glen Burnie,certified-medication-aide-per-diem-prn-glen-burnie-md-24c5d,25.35,cma
Glen Cove,certified-medication-aide-per-diem-prn-glen-cove-ny,25.20,cma
Glen Rose,certified-medication-aide-per-diem-prn-glen-rose-tx,26.10,cma
Glen Saint Mary,certified-medication-aide-per-diem-prn-glen-saint-mary-fl,25.35,cma
Glencoe IL,certified-medication-aide-per-diem-prn-glencoe-il,25.40,cma
Glendale AZ,certified-medication-aide-per-diem-prn-glendale-az,25.66,cma
Glendale CA,certified-medication-aide-per-diem-prn-glendale-ca,25.85,cma
Glendale CO,certified-medication-aide-per-diem-prn-glendale-co,26.00,cma
Glendale Rovey Farm Estates,certified-medication-aide-per-diem-prn-glendale-rovey-farm-estates-az,25.85,cma
Glendive,certified-medication-aide-per-diem-prn-glendive-mt,25.30,cma
Glenns Ferry,certified-medication-aide-per-diem-prn-glenns-ferry-id,25.45,cma
Glenpool,certified-medication-aide-per-diem-prn-glenpool-ok,25.57,cma
Glens Falls,certified-medication-aide-per-diem-prn-glens-falls-ny,25.68,cma
Glenwood,certified-medication-aide-per-diem-prn-glenwood-ia,25.22,cma
Glenwood Springs,certified-medication-aide-per-diem-prn-glenwood-springs-co,25.67,cma
Glide,certified-medication-aide-per-diem-prn-glide-or,25.48,cma
Globe,certified-medication-aide-per-diem-prn-globe-az,25.53,cma
Godley,certified-medication-aide-per-diem-prn-godley-tx,25.77,cma
Goffstown,certified-medication-aide-per-diem-prn-goffstown-nh,25.74,cma
Gold Beach,certified-medication-aide-per-diem-prn-gold-beach-or,25.93,cma
Gold Canyon,certified-medication-aide-per-diem-prn-gold-canyon-az,25.38,cma
Golden,certified-medication-aide-per-diem-prn-golden-co,26.13,cma
Golden Glades,certified-medication-aide-per-diem-prn-golden-glades-fl,25.84,cma
Golden Valley,certified-medication-aide-per-diem-prn-golden-valley-az,25.87,cma
Goldendale,certified-medication-aide-per-diem-prn-goldendale-wa,25.96,cma
Goldsboro,certified-medication-aide-per-diem-prn-goldsboro-nc,25.43,cma
Goldthwaite,certified-medication-aide-per-diem-prn-goldthwaite-tx,25.41,cma
Goliad,certified-medication-aide-per-diem-prn-goliad-tx,25.47,cma
Gonzales,certified-medication-aide-per-diem-prn-gonzales-tx,25.32,cma
Goochland,certified-medication-aide-per-diem-prn-goochland-va,25.61,cma
Gooding,certified-medication-aide-per-diem-prn-gooding-id,26.11,cma
Goodyear,certified-medication-aide-per-diem-prn-goodyear-az,25.43,cma
Goose Creek,certified-medication-aide-per-diem-prn-goose-creek-sc,25.36,cma
Gordon,certified-medication-aide-per-diem-prn-gordon-tx,25.64,cma
Gorham,certified-medication-aide-per-diem-prn-gorham-me,26.18,cma
Goshen,certified-medication-aide-per-diem-prn-goshen-in,25.78,cma
Gothenburg,certified-medication-aide-per-diem-prn-gothenburg-ne,25.37,cma
Graceville,certified-medication-aide-per-diem-prn-graceville-fl,26.18,cma
Grafton,certified-medication-aide-per-diem-prn-grafton-nd,25.25,cma
Graham,certified-medication-aide-per-diem-prn-graham-tx,26.18,cma
Granbury,certified-medication-aide-per-diem-prn-granbury-tx,25.50,cma
Granby,certified-medication-aide-per-diem-prn-granby-co,25.75,cma
Grand Canyon,certified-medication-aide-per-diem-prn-grand-canyon-az,25.20,cma
Grand Forks,certified-medication-aide-per-diem-prn-grand-forks-nd,26.10,cma
Grand Island,certified-medication-aide-per-diem-prn-grand-island-ne,25.00,cma
Grand Junction,certified-medication-aide-per-diem-prn-grand-junction-co,25.35,cma
Grand Prairie,certified-medication-aide-per-diem-prn-grand-prairie-tx,25.40,cma
Grand Rapids MI,certified-medication-aide-per-diem-prn-grand-rapids-mi,25.66,cma
Grand Saline,certified-medication-aide-per-diem-prn-grand-saline-tx,25.85,cma
Grand View,certified-medication-aide-per-diem-prn-grand-view-id,26.00,cma
Grandview,certified-medication-aide-per-diem-prn-grandview-mo,25.32,cma
Grandview,certified-medication-aide-per-diem-prn-grandview-tx,25.30,cma
Granger IN,certified-medication-aide-per-diem-prn-granger-in,25.45,cma
Granger TX,certified-medication-aide-per-diem-prn-granger-tx,25.57,cma
Grangeville,certified-medication-aide-per-diem-prn-grangeville-id,25.68,cma
Grants Pass,certified-medication-aide-per-diem-prn-grants-pass-or,25.22,cma
Grapevine,certified-medication-aide-per-diem-prn-grapevine-tx,25.67,cma
Great Barrington,certified-medication-aide-per-diem-prn-great-barrington-ma,25.48,cma
Great Falls,certified-medication-aide-per-diem-prn-great-falls-mt,25.53,cma
Great Falls,certified-medication-aide-per-diem-prn-great-falls-va,25.77,cma
Greece,certified-medication-aide-per-diem-prn-greece-ny,25.38,cma
Greeley,certified-medication-aide-per-diem-prn-greeley-co,25.93,cma
Green,certified-medication-aide-per-diem-prn-green-oh,25.92,cma
Green Bay,certified-medication-aide-per-diem-prn-green-bay-wi,25.38,cma
Green Cove Springs,certified-medication-aide-per-diem-prn-green-cove-springs-fl,26.13,cma
Green River,certified-medication-aide-per-diem-prn-green-river-ut,25.87,cma
Green River,certified-medication-aide-per-diem-prn-green-river-wy,25.47,cma
Green Valley,certified-medication-aide-per-diem-prn-green-valley-az,25.96,cma
Greenacres,certified-medication-aide-per-diem-prn-greenacres-fl,25.41,cma
Greenacres WA,certified-medication-aide-per-diem-prn-greenacres-wa,25.47,cma
Greenbrae,certified-medication-aide-per-diem-prn-greenbrae-ca,25.32,cma
Greenburgh,certified-medication-aide-per-diem-prn-greenburgh-ny,25.25,cma
Greenehaven,certified-medication-aide-per-diem-prn-greenehaven-az,25.61,cma
Greeneville,certified-medication-aide-per-diem-prn-greeneville-tn,26.11,cma
Greenfield,certified-medication-aide-per-diem-prn-greenfield-wi,25.35,cma
Greenport,certified-medication-aide-per-diem-prn-greenport-ny,25.43,cma
Greensboro,certified-medication-aide-per-diem-prn-greensboro-vt,25.78,cma
Greensboro NC,certified-medication-aide-per-diem-prn-greensboro-nc-643ff,25.64,cma
Greensboro Warnersville,certified-medication-aide-per-diem-prn-greensboro-warnersville-nc,25.45,cma
Greenville,certified-medication-aide-per-diem-prn-greenville-ms,26.18,cma
Greenville,certified-medication-aide-per-diem-prn-greenville-nc,25.68,cma
Greenville FL,certified-medication-aide-per-diem-prn-greenville-fl,25.37,cma
Greenville SC,certified-medication-aide-per-diem-prn-greenville-sc,25.25,cma
Greenville TX,certified-medication-aide-per-diem-prn-greenville-tx,26.18,cma
Greenwich,certified-medication-aide-per-diem-prn-greenwich-ct,25.14,cma
Greenwood,certified-medication-aide-per-diem-prn-greenwood-in,25.50,cma
Greenwood,certified-medication-aide-per-diem-prn-greenwood-sc,25.92,cma
Greenwood Village CO,certified-medication-aide-per-diem-prn-greenwood-village-co,25.75,cma
Greer,certified-medication-aide-per-diem-prn-greer-sc,25.99,cma
Gresham OR,certified-medication-aide-per-diem-prn-gresham-or,25.20,cma
Griswold,certified-medication-aide-per-diem-prn-griswold-ia,26.10,cma
Grizzly Flats,certified-medication-aide-per-diem-prn-grizzly-flats-ca,25.35,cma
Groesbeck,certified-medication-aide-per-diem-prn-groesbeck-tx,25.40,cma
Groton,certified-medication-aide-per-diem-prn-groton-ct,25.66,cma
Grove,certified-medication-aide-per-diem-prn-grove-ok,25.85,cma
Grove City,certified-medication-aide-per-diem-prn-grove-city-oh,26.10,cma
Groveland,certified-medication-aide-per-diem-prn-groveland-fl,26.00,cma
Groves,certified-medication-aide-per-diem-prn-groves-tx,25.30,cma
Groveton,certified-medication-aide-per-diem-prn-groveton-tx,25.45,cma
Grulla,certified-medication-aide-per-diem-prn-grulla-tx,25.57,cma
Guilford,certified-medication-aide-per-diem-prn-guilford-ct,25.68,cma
Gulf Breeze,certified-medication-aide-per-diem-prn-gulf-breeze-fl,25.22,cma
Gulfport,certified-medication-aide-per-diem-prn-gulfport-fl,25.67,cma
Gulfport,certified-medication-aide-per-diem-prn-gulfport-ms,25.43,cma
Gun Barrel City,certified-medication-aide-per-diem-prn-gun-barrel-city-tx,25.48,cma
Gunnison CO,certified-medication-aide-per-diem-prn-gunnison-co,25.53,cma
Gunnison UT,certified-medication-aide-per-diem-prn-gunnison-ut,25.77,cma
Gunter,certified-medication-aide-per-diem-prn-gunter-tx,25.93,cma
Guttenberg,certified-medication-aide-per-diem-prn-guttenberg-ia,25.38,cma
Hackensack,certified-medication-aide-per-diem-prn-hackensack-nj,26.13,cma
Hackettstown,certified-medication-aide-per-diem-prn-hackettstown-nj,25.87,cma
Hagerman,certified-medication-aide-per-diem-prn-hagerman-id,25.96,cma
Hagerstown,certified-medication-aide-per-diem-prn-hagerstown-md,25.41,cma
Hagerstown,certified-medication-aide-per-diem-prn-hagerstown-md-ec1a1,25.87,cma
Hailey,certified-medication-aide-per-diem-prn-hailey-id,25.47,cma
Haines City,certified-medication-aide-per-diem-prn-haines-city-fl,25.32,cma
Hale Center,certified-medication-aide-per-diem-prn-hale-center-tx,25.61,cma
Halfway,certified-medication-aide-per-diem-prn-halfway-or,26.11,cma
Hallandale,certified-medication-aide-per-diem-prn-hallandale-fl,25.64,cma
Hallandale Beach,certified-medication-aide-per-diem-prn-hallandale-beach-fl,25.43,cma
Hallettsville,certified-medication-aide-per-diem-prn-hallettsville-tx,25.78,cma
Hallowell,certified-medication-aide-per-diem-prn-hallowell-me,25.37,cma
Hamburg,certified-medication-aide-per-diem-prn-hamburg-town-ny,26.10,cma
Hamden,certified-medication-aide-per-diem-prn-hamden-ct,25.45,cma
Hamilton,certified-medication-aide-per-diem-prn-hamilton-oh,25.41,cma
Hamilton MT,certified-medication-aide-per-diem-prn-hamilton-mt,25.25,cma
Hamilton Square,certified-medication-aide-per-diem-prn-hamilton-square-nj,26.18,cma
Hamilton TX,certified-medication-aide-per-diem-prn-hamilton-tx,25.50,cma
Hamlin,certified-medication-aide-per-diem-prn-hamlin-tx,25.75,cma
Hammond,certified-medication-aide-per-diem-prn-hammond-in,25.54,cma
Hammond,certified-medication-aide-per-diem-prn-hammond-la,25.20,cma
Hampden,certified-medication-aide-per-diem-prn-hampden-pa,25.67,cma
Hampton,certified-medication-aide-per-diem-prn-hampton-va,25.65,cma
Hanceville,certified-medication-aide-per-diem-prn-hanceville-al,26.10,cma
Hanford,certified-medication-aide-per-diem-prn-hanford-ca,25.35,cma
Hanksville,certified-medication-aide-per-diem-prn-hanksville-ut,25.40,cma
Hannibal,certified-medication-aide-per-diem-prn-hannibal-mo,25.66,cma
Hanover,certified-medication-aide-per-diem-prn-hanover-md,25.85,cma
Happy Valley,certified-medication-aide-per-diem-prn-happy-valley-or,26.00,cma
Hardin,certified-medication-aide-per-diem-prn-hardin-mt,25.30,cma
Harker Heights,certified-medication-aide-per-diem-prn-harker-heights-tx,25.45,cma
Harlan,certified-medication-aide-per-diem-prn-harlan-ky,25.57,cma
Harlingen,certified-medication-aide-per-diem-prn-harlingen-tx,25.68,cma
Harrah,certified-medication-aide-per-diem-prn-harrah-ok,25.22,cma
Harrington Park,certified-medication-aide-per-diem-prn-harrington-park-nj,25.67,cma
Harrisburg,certified-medication-aide-per-diem-prn-harrisburg-pa,25.64,cma
Harrisonburg,certified-medication-aide-per-diem-prn-harrisonburg-va,25.74,cma
Hartfield,certified-medication-aide-per-diem-prn-hartfield-va,25.48,cma
Hartford,certified-medication-aide-per-diem-prn-hartford-ct,25.53,cma
Hartford,certified-medication-aide-per-diem-prn-hartford-vt,25.22,cma
Hartland,certified-medication-aide-per-diem-prn-hartland-me,25.25,cma
Harvey,certified-medication-aide-per-diem-prn-harvey-il,25.77,cma
Harvey,certified-medication-aide-per-diem-prn-harvey-la,25.61,cma
Harwich,certified-medication-aide-per-diem-prn-harwich-ma,25.93,cma
Haskell,certified-medication-aide-per-diem-prn-haskell-tx,25.38,cma
Hastings FL,certified-medication-aide-per-diem-prn-hastings-fl,26.13,cma
Hastings NE,certified-medication-aide-per-diem-prn-hastings-ne,25.87,cma
Hattiesburg,certified-medication-aide-per-diem-prn-hattiesburg-ms,25.96,cma
Havana,certified-medication-aide-per-diem-prn-havana-fl,25.41,cma
Haverford,certified-medication-aide-per-diem-prn-haverford-pa,25.57,cma
Haverhill FL,certified-medication-aide-per-diem-prn-haverhill-fl,25.47,cma
Haverhill MA,certified-medication-aide-per-diem-prn-haverhill-ma,25.32,cma
Havre,certified-medication-aide-per-diem-prn-havre-mt,26.11,cma
Havre De Grace MD,certified-medication-aide-per-diem-prn-havre-de-grace-md,25.61,cma
Hawkins,certified-medication-aide-per-diem-prn-hawkins-tx,25.43,cma
Hawthorne,certified-medication-aide-per-diem-prn-hawthorne-ca,25.64,cma
Hawthorne,certified-medication-aide-per-diem-prn-hawthorne-f-nv,25.78,cma
Hawthorne,certified-medication-aide-per-diem-prn-hawthorne-nv,26.18,cma
Hawthorne FL,certified-medication-aide-per-diem-prn-hawthorne-fl,25.37,cma
Haxtun,certified-medication-aide-per-diem-prn-haxtun-co,25.25,cma
Hayden,certified-medication-aide-per-diem-prn-hayden-id,26.18,cma
Hayesville,certified-medication-aide-per-diem-prn-hayesville-or,25.65,cma
Haymarket,certified-medication-aide-per-diem-prn-haymarket-va,25.50,cma
Hays,certified-medication-aide-per-diem-prn-hays-ks,25.75,cma
Hayward CA,certified-medication-aide-per-diem-prn-hayward-ca,25.20,cma
Hayward WI,certified-medication-aide-per-diem-prn-hayward-wi,26.10,cma
Hazard,certified-medication-aide-per-diem-prn-hazard-ky,25.35,cma
Hazel Crest,certified-medication-aide-per-diem-prn-hazel-crest-il,25.40,cma
Hazelwood,certified-medication-aide-per-diem-prn-hazelwood-mo,25.65,cma
Hazleton,certified-medication-aide-per-diem-prn-hazleton-pa,25.22,cma
Hearne,certified-medication-aide-per-diem-prn-hearne-tx,25.66,cma
Heartland,certified-medication-aide-per-diem-prn-heartland-tx,25.85,cma
Heath,certified-medication-aide-per-diem-prn-heath-tx,26.00,cma
Hebbronville,certified-medication-aide-per-diem-prn-hebbronville-tx,25.30,cma
Heber City,certified-medication-aide-per-diem-prn-heber-city-ut,25.45,cma
Hebron,certified-medication-aide-per-diem-prn-hebron-ne,25.57,cma
Helena MT,certified-medication-aide-per-diem-prn-helena-mt,25.68,cma
Helena OR,certified-medication-aide-per-diem-prn-helena-or,25.22,cma
Helper,certified-medication-aide-per-diem-prn-helper-ut,25.67,cma
Hemet CA,certified-medication-aide-per-diem-prn-hemet-ca,25.48,cma
Hemphill,certified-medication-aide-per-diem-prn-hemphill-tx,25.53,cma
Hempstead,certified-medication-aide-per-diem-prn-hempstead-tx,25.77,cma
Hempstead town,certified-medication-aide-per-diem-prn-hempstead-town-ny,25.95,cma
Henderson,certified-medication-aide-per-diem-prn-henderson-ky,25.74,cma
Henderson Green Valley Ranch,certified-medication-aide-per-diem-prn-henderson-green-valley-ranch-nv,25.93,cma
Henderson Midway,certified-medication-aide-per-diem-prn-henderson-midway-nv,26.10,cma
Henderson NV,certified-medication-aide-per-diem-prn-henderson-nv,25.38,cma
Henderson Pittmann,certified-medication-aide-per-diem-prn-henderson-pittman-nv,25.22,cma
Henderson Silverado Ranch,certified-medication-aide-per-diem-prn-henderson-silverado-ranch-nv,25.48,cma
Henderson TX,certified-medication-aide-per-diem-prn-henderson-tx,26.13,cma
Hendersonville,certified-medication-aide-per-diem-prn-hendersonville-nc,25.87,cma
Hendersonville,certified-medication-aide-per-diem-prn-hendersonville-tn,25.96,cma
Henrietta,certified-medication-aide-per-diem-prn-henrietta-tx,25.41,cma
Heppner,certified-medication-aide-per-diem-prn-heppner-or,25.47,cma
Hereford AZ,certified-medication-aide-per-diem-prn-hereford-az,25.32,cma
Hereford TX,certified-medication-aide-per-diem-prn-hereford-tx,25.61,cma
Hermiston,certified-medication-aide-per-diem-prn-hermiston-or,26.11,cma
Hermitage,certified-medication-aide-per-diem-prn-hermitage-tn,25.43,cma
Hernando,certified-medication-aide-per-diem-prn-hernando-fl,25.64,cma
Herriman,certified-medication-aide-per-diem-prn-herriman-ut,25.78,cma
Hersey,certified-medication-aide-per-diem-prn-hersey-mi,25.50,cma
Hettinger,certified-medication-aide-per-diem-prn-hettinger-nd,25.37,cma
Hewitt,certified-medication-aide-per-diem-prn-hewitt-tx,25.25,cma
Hialeah,certified-medication-aide-per-diem-prn-hialeah-fl,26.18,cma
Hialeah Gardens,certified-medication-aide-per-diem-prn-hialeah-gardens-fl,25.50,cma
Hickory,certified-medication-aide-per-diem-prn-hickory-nc,25.87,cma
Hico,certified-medication-aide-per-diem-prn-hico-tx,25.75,cma
High Point,certified-medication-aide-per-diem-prn-high-point-nc,25.48,cma
High Springs,certified-medication-aide-per-diem-prn-high-springs-fl,25.20,cma
Highland,certified-medication-aide-per-diem-prn-highland-ut,26.10,cma
Highland Village,certified-medication-aide-per-diem-prn-highland-village-tx,25.35,cma
Highlands Ranch CO,certified-medication-aide-per-diem-prn-highlands-ranch-co,25.40,cma
Hill AFB,certified-medication-aide-per-diem-prn-hill-afb-ut,25.66,cma
Hilliard,certified-medication-aide-per-diem-prn-hilliard-fl,25.85,cma
Hilliard,certified-medication-aide-per-diem-prn-hilliard-oh,25.37,cma
Hillsboro OR,certified-medication-aide-per-diem-prn-hillsboro-or,26.00,cma
Hillsboro TX,certified-medication-aide-per-diem-prn-hillsboro-tx,25.30,cma
Hillsborough NJ,certified-medication-aide-per-diem-prn-hillsborough-nj,25.45,cma
Hillsdale,certified-medication-aide-per-diem-prn-hillsdale-mi,25.57,cma
Hillside IL,certified-medication-aide-per-diem-prn-hillside-il,25.68,cma
Hilo,certified-medication-aide-per-diem-prn-hilo-hi,25.22,cma
Hilton Head Island,certified-medication-aide-per-diem-prn-hilton-head-island-sc,25.10,cma
Hinesville,certified-medication-aide-per-diem-prn-hinesville-ga,26.18,cma
Hitchcock,certified-medication-aide-per-diem-prn-hitchcock-tx,25.67,cma
Hixson,certified-medication-aide-per-diem-prn-hixson-tn,25.48,cma
Hobart,certified-medication-aide-per-diem-prn-hobart-in,25.53,cma
Hobbs,certified-medication-aide-per-diem-prn-hobbs-nm,25.61,cma
Hobe Sound,certified-medication-aide-per-diem-prn-hobe-sound-fl,25.77,cma
Hoffman Estates,certified-medication-aide-per-diem-prn-hoffman-estates-il,25.65,cma
Holbrook,certified-medication-aide-per-diem-prn-holbrook-az,25.93,cma
Holdrege,certified-medication-aide-per-diem-prn-holdrege-ne,25.38,cma
Holiday,certified-medication-aide-per-diem-prn-holiday-fl,26.13,cma
Holladay,certified-medication-aide-per-diem-prn-holladay-ut,25.87,cma
Holland,certified-medication-aide-per-diem-prn-holland-oh,25.68,cma
Holly,certified-medication-aide-per-diem-prn-holly-co,25.96,cma
Holly Hill,certified-medication-aide-per-diem-prn-holly-hill-fl,25.41,cma
Holly Springs,certified-medication-aide-per-diem-prn-holly-springs-nc,26.13,cma
Hollywood,certified-medication-aide-per-diem-prn-hollywood-fl,25.47,cma
Holmdel,certified-medication-aide-per-diem-prn-holmdel-nj,25.32,cma
Holstein,certified-medication-aide-per-diem-prn-holstein-ia,25.61,cma
Holyoke CO,certified-medication-aide-per-diem-prn-holyoke-co,26.11,cma
Holyoke MA,certified-medication-aide-per-diem-prn-holyoke-ma,25.43,cma
Homedale,certified-medication-aide-per-diem-prn-homedale-id,25.64,cma
Homestead,certified-medication-aide-per-diem-prn-homestead-fl,25.78,cma
Homewood,certified-medication-aide-per-diem-prn-homewood-al,25.35,cma
Homosassa,certified-medication-aide-per-diem-prn-homosassa-fl,25.37,cma
Hondo,certified-medication-aide-per-diem-prn-hondo-tx,25.25,cma
Honey Grove,certified-medication-aide-per-diem-prn-honey-grove-tx,26.18,cma
Honokaa,certified-medication-aide-per-diem-prn-honokaa-hi,25.50,cma
Honolulu,certified-medication-aide-per-diem-prn-honolulu-hi,25.75,cma
Hood River OR,certified-medication-aide-per-diem-prn-hood-river-or,25.20,cma
Hoover,certified-medication-aide-per-diem-prn-hoover-al-b1c00,26.10,cma
Hope,certified-medication-aide-per-diem-prn-hope-nj,25.43,cma
Hopedale,certified-medication-aide-per-diem-prn-hopedale-ma,25.35,cma
Hopewell,certified-medication-aide-per-diem-prn-hopewell-va,25.40,cma
Hopkinsville,certified-medication-aide-per-diem-prn-hopkinsville-ky,26.10,cma
Horizon City,certified-medication-aide-per-diem-prn-horizon-city-tx,25.66,cma
Horizon West,certified-medication-aide-per-diem-prn-horizon-west-fl,25.95,cma
Horn Lake,certified-medication-aide-per-diem-prn-horn-lake-ms,25.99,cma
Horseshoe Bay,certified-medication-aide-per-diem-prn-horseshoe-bay-tx,25.85,cma
Horsham,certified-medication-aide-per-diem-prn-horsham-pa,25.43,cma
Hosford,certified-medication-aide-per-diem-prn-hosford-fl,26.00,cma
Hot Springs,certified-medication-aide-per-diem-prn-hot-springs-ar,25.47,cma
Hot Springs,certified-medication-aide-per-diem-prn-hot-springs-mt,25.49,cma
Hot Springs,certified-medication-aide-per-diem-prn-hot-springs-sd,25.30,cma
Houma,certified-medication-aide-per-diem-prn-houma-la,25.92,cma
Houston,certified-medication-aide-per-diem-prn-houston-tx,29.35,cma
Houston Kingwood,certified-medication-aide-per-diem-prn-houston-kingwood-tx,25.61,cma
Houston Northside,certified-medication-aide-per-diem-prn-houston-northside-tx,25.84,cma
Houston Southeast Houston,certified-medication-aide-per-diem-prn-houston-southeast-houston-tx,25.14,cma
Houston Westside,certified-medication-aide-per-diem-prn-houston-westside-tx,25.57,cma
Howey In The Hills,certified-medication-aide-per-diem-prn-howey-in-the-hills-fl,25.68,cma
Huber Heights,certified-medication-aide-per-diem-prn-huber-heights-oh,25.57,cma
Hudson,certified-medication-aide-per-diem-prn-hudson-nh,25.85,cma
Hudson FL,certified-medication-aide-per-diem-prn-hudson-fl,25.22,cma
Hudson NY,certified-medication-aide-per-diem-prn-hudson-ny,25.67,cma
Hudson OH,certified-medication-aide-per-diem-prn-hudson-oh,25.47,cma
Huffman,certified-medication-aide-per-diem-prn-huffman-tx,25.48,cma
Hughes Springs,certified-medication-aide-per-diem-prn-hughes-springs-tx,25.53,cma
Hugo,certified-medication-aide-per-diem-prn-hugo-co,25.77,cma
Hull,certified-medication-aide-per-diem-prn-hull-tx,25.93,cma
Humble,certified-medication-aide-per-diem-prn-humble-tx,25.38,cma
Humble Iah / Airport Area,certified-medication-aide-per-diem-prn-humble-iah-airport-area-tx,25.68,cma
Humboldt,certified-medication-aide-per-diem-prn-humboldt-tn,26.13,cma
Huntersville,certified-medication-aide-per-diem-prn-huntersville-nc,25.45,cma
Huntington,certified-medication-aide-per-diem-prn-huntington-ny,25.85,cma
Huntington,certified-medication-aide-per-diem-prn-huntington-tx,25.87,cma
Huntington,certified-medication-aide-per-diem-prn-huntington-wv,25.74,cma
Huntington Beach,certified-medication-aide-per-diem-prn-huntington-beach-ca,25.03,cma
Huntsville,certified-medication-aide-per-diem-prn-huntsville-al,25.38,cma
Huntsville TX,certified-medication-aide-per-diem-prn-huntsville-tx,25.96,cma
Huntsville UT,certified-medication-aide-per-diem-prn-huntsville-ut,25.41,cma
Huron,certified-medication-aide-per-diem-prn-huron-sd,25.47,cma
Hurricane,certified-medication-aide-per-diem-prn-hurricane-ut,25.32,cma
Hurst,certified-medication-aide-per-diem-prn-hurst-tx,25.61,cma
Hutchinson,certified-medication-aide-per-diem-prn-hutchinson-ks,26.10,cma
Hutto,certified-medication-aide-per-diem-prn-hutto-tx,26.11,cma
Hyannis,certified-medication-aide-per-diem-prn-hyannis-ma,25.43,cma
Hyattsville,certified-medication-aide-per-diem-prn-hyattsville-md,25.64,cma
Hyrum,certified-medication-aide-per-diem-prn-hyrum-ut,25.78,cma
Idaho Falls,certified-medication-aide-per-diem-prn-idaho-falls-id,25.37,cma
Idaho Springs,certified-medication-aide-per-diem-prn-idaho-springs-co,26.18,cma
Idalou,certified-medication-aide-per-diem-prn-idalou-tx,25.25,cma
Idleyld Park,certified-medication-aide-per-diem-prn-idleyld-park-or,26.18,cma
Ignacio,certified-medication-aide-per-diem-prn-ignacio-co,25.50,cma
Immokalee,certified-medication-aide-per-diem-prn-immokalee-fl,25.75,cma
Incline Village,certified-medication-aide-per-diem-prn-incline-village-nv,25.20,cma
Independence,certified-medication-aide-per-diem-prn-independence-ky,25.61,cma
Independence MO,certified-medication-aide-per-diem-prn-independence-mo,26.10,cma
Independence OR,certified-medication-aide-per-diem-prn-independence-or,25.35,cma
Indian Harbour Beach,certified-medication-aide-per-diem-prn-indian-harbour-beach-fl,25.40,cma
Indian Trail,certified-medication-aide-per-diem-prn-indian-trail-nc,25.77,cma
Indianapolis,certified-medication-aide-per-diem-prn-indianapolis-in,25.66,cma
Indianapolis Downtown,certified-medication-aide-per-diem-prn-indianapolis-downtown-in,25.23,cma
Indianola,certified-medication-aide-per-diem-prn-indianola-ia,25.85,cma
Indiantown,certified-medication-aide-per-diem-prn-indiantown-fl,26.00,cma
Inglewood,certified-medication-aide-per-diem-prn-inglewood-ca-38c5b,25.30,cma
Inglis,certified-medication-aide-per-diem-prn-inglis-fl,25.45,cma
Inland Empire,certified-medication-aide-per-diem-prn-inland-empire-ca,25.57,cma
Interlachen,certified-medication-aide-per-diem-prn-interlachen-fl,25.68,cma
Inver Grove Heights,certified-medication-aide-per-diem-prn-inver-grove-heights-mn,25.64,cma
Inverness,certified-medication-aide-per-diem-prn-inverness-fl,25.22,cma
Inwood,certified-medication-aide-per-diem-prn-inwood-ia,25.67,cma
Ione,certified-medication-aide-per-diem-prn-ione-or,25.48,cma
Iowa City IA,certified-medication-aide-per-diem-prn-iowa-city-ia,25.53,cma
Iowa Park,certified-medication-aide-per-diem-prn-iowa-park-tx,25.77,cma
Iraan,certified-medication-aide-per-diem-prn-iraan-tx,25.93,cma
Irene,certified-medication-aide-per-diem-prn-irene-sd,25.38,cma
Irrigon,certified-medication-aide-per-diem-prn-irrigon-or,26.13,cma
Irvine,certified-medication-aide-per-diem-prn-irvine-ca,25.36,cma
Irving,certified-medication-aide-per-diem-prn-irving-tx,25.87,cma
Island City,certified-medication-aide-per-diem-prn-island-city-or,25.96,cma
Islip,certified-medication-aide-per-diem-prn-islip-ny,25.14,cma
Issaquah,certified-medication-aide-per-diem-prn-issaquah-wa,25.41,cma
Italy,certified-medication-aide-per-diem-prn-italy-tx,25.47,cma
Itasca,certified-medication-aide-per-diem-prn-itasca-tx,25.32,cma
Iva,certified-medication-aide-per-diem-prn-iva-sc,25.65,cma
Ivins,certified-medication-aide-per-diem-prn-ivins-ut,25.61,cma
Jacinto City,certified-medication-aide-per-diem-prn-jacinto-city-tx,26.11,cma
Jackpot,certified-medication-aide-per-diem-prn-jackpot-nv,25.43,cma
Jacksboro,certified-medication-aide-per-diem-prn-jacksboro-tx,25.64,cma
Jackson,certified-medication-aide-per-diem-prn-jackson-ms,25.78,cma
Jackson,certified-medication-aide-per-diem-prn-jackson-tn,25.37,cma
Jackson,certified-medication-aide-per-diem-prn-jackson-wy,25.96,cma
Jacksonville,certified-medication-aide-per-diem-prn-jacksonville-ar,25.92,cma
Jacksonville,certified-medication-aide-per-diem-prn-jacksonville-nc,25.30,cma
Jacksonville Beach,certified-medication-aide-per-diem-prn-jacksonville-beach-fl,25.25,cma
Jacksonville Englewood,certified-medication-aide-per-diem-prn-jacksonville-englewood-fl,25.61,cma
Jacksonville FL,certified-medication-aide-per-diem-prn-jacksonville-fl,26.18,cma
Jacksonville TX,certified-medication-aide-per-diem-prn-jacksonville-tx,25.50,cma
Janesville,certified-medication-aide-per-diem-prn-janesville-wi,25.75,cma
Jarrell,certified-medication-aide-per-diem-prn-jarrell-tx,25.20,cma
Jasper FL,certified-medication-aide-per-diem-prn-jasper-fl,26.10,cma
Jasper TX,certified-medication-aide-per-diem-prn-jasper-tx,25.35,cma
Jay,certified-medication-aide-per-diem-prn-jay-fl,25.40,cma
Jay,certified-medication-aide-per-diem-prn-jay-ok,25.66,cma
Jayton,certified-medication-aide-per-diem-prn-jayton-tx,25.85,cma
Jbsa Ft Sam Houston,certified-medication-aide-per-diem-prn-jbsa-ft-sam-houston-tx,26.00,cma
Jbsa Lackland,certified-medication-aide-per-diem-prn-jbsa-lackland-tx,25.30,cma
Jbsa Randolph,certified-medication-aide-per-diem-prn-jbsa-randolph-tx,25.45,cma
Jefferson,certified-medication-aide-per-diem-prn-jefferson-tx,25.57,cma
Jefferson City,certified-medication-aide-per-diem-prn-jefferson-city-mo,25.92,cma
Jeffersontown,certified-medication-aide-per-diem-prn-jeffersontown-ky,25.23,cma
Jeffersonville,certified-medication-aide-per-diem-prn-jeffersonville-in,25.95,cma
Jena,certified-medication-aide-per-diem-prn-jena-la,25.68,cma
Jenks,certified-medication-aide-per-diem-prn-jenks-ok,25.99,cma
Jensen Beach,certified-medication-aide-per-diem-prn-jensen-beach-fl,25.22,cma
Jericho,certified-medication-aide-per-diem-prn-jericho-vt,25.43,cma
Jerome,certified-medication-aide-per-diem-prn-jerome-id,25.67,cma
Jersey City,certified-medication-aide-per-diem-prn-jersey-city-nj,25.45,cma
Jersey Village,certified-medication-aide-per-diem-prn-jersey-village-tx,25.53,cma
Jetmore,certified-medication-aide-per-diem-prn-jetmore-ks,25.77,cma
John Day,certified-medication-aide-per-diem-prn-john-day-or,25.93,cma
Johns Creek,certified-medication-aide-per-diem-prn-johns-creek-ga,25.50,cma
Johnson City TN,certified-medication-aide-per-diem-prn-johnson-city-tn,25.38,cma
Johnson City TX,certified-medication-aide-per-diem-prn-johnson-city-tx,26.13,cma
Johnston,certified-medication-aide-per-diem-prn-johnston-ri,25.87,cma
Johnston IA,certified-medication-aide-per-diem-prn-johnston-ia,25.53,cma
Johnstown,certified-medication-aide-per-diem-prn-johnstown-co,25.96,cma
Joliet,certified-medication-aide-per-diem-prn-joliet-il,25.93,cma
Jones,certified-medication-aide-per-diem-prn-jones-ok,25.41,cma
Jonesboro,certified-medication-aide-per-diem-prn-jonesboro-ar,25.32,cma
Jonestown,certified-medication-aide-per-diem-prn-jonestown-tx,25.47,cma
Joplin,certified-medication-aide-per-diem-prn-joplin-mo,25.14,cma
Joseph,certified-medication-aide-per-diem-prn-joseph-or,25.32,cma
Joshua,certified-medication-aide-per-diem-prn-joshua-tx,25.61,cma
Jourdanton,certified-medication-aide-per-diem-prn-jourdanton-tx,26.11,cma
Julesburg,certified-medication-aide-per-diem-prn-julesburg-co,25.43,cma
Junction,certified-medication-aide-per-diem-prn-junction-tx,25.78,cma
Junction City,certified-medication-aide-per-diem-prn-junction-city-ks,25.61,cma
Junction City,certified-medication-aide-per-diem-prn-junction-city-or,25.64,cma
Juneau,certified-medication-aide-per-diem-prn-juneau-ak,25.37,cma
Juno Beach,certified-medication-aide-per-diem-prn-juno-beach-fl,25.25,cma
Jupiter,certified-medication-aide-per-diem-prn-jupiter-fl,26.18,cma
Jupiter Abacoa,certified-medication-aide-per-diem-prn-jupiter-abacoa-fl,25.03,cma
Justin,certified-medication-aide-per-diem-prn-justin-tx,25.50,cma
Kahului,certified-medication-aide-per-diem-prn-kahului-hi,25.35,cma
Kailua CDP,certified-medication-aide-per-diem-prn-kailua-cdp-hi,25.85,cma
Kalamazoo,certified-medication-aide-per-diem-prn-kalamazoo-mi,25.44,cma
Kalifornsky,certified-medication-aide-per-diem-prn-kalifornsky-ak,25.61,cma
Kalispell,certified-medication-aide-per-diem-prn-kalispell-mt,25.23,cma
Kamas,certified-medication-aide-per-diem-prn-kamas-ut,25.75,cma
Kamuela,certified-medication-aide-per-diem-prn-kamuela-hi,25.20,cma
Kanab,certified-medication-aide-per-diem-prn-kanab-ut,26.10,cma
Kane,certified-medication-aide-per-diem-prn-kane-pa,25.35,cma
Kaneohe,certified-medication-aide-per-diem-prn-kaneohe-hi,25.40,cma
Kannapolis,certified-medication-aide-per-diem-prn-kannapolis-nc,25.47,cma
Kanosh,certified-medication-aide-per-diem-prn-kanosh-ut,25.40,cma
Kansas City KS,certified-medication-aide-per-diem-prn-kansas-city-ks,25.66,cma
Kansas City MO,certified-medication-aide-per-diem-prn-kansas-city-mo,25.85,cma
Kapolei,certified-medication-aide-per-diem-prn-kapolei-hi,25.22,cma
Karnes City,certified-medication-aide-per-diem-prn-karnes-city-tx,26.00,cma
Katy,certified-medication-aide-per-diem-prn-katy-tx,25.30,cma
Kaufman,certified-medication-aide-per-diem-prn-kaufman-tx,25.45,cma
Kayenta,certified-medication-aide-per-diem-prn-kayenta-az,25.57,cma
Kaysville,certified-medication-aide-per-diem-prn-kaysville-ut,25.68,cma
Kealakekua,certified-medication-aide-per-diem-prn-kealakekua-hi,25.22,cma
Kearney,certified-medication-aide-per-diem-prn-kearney-ne,25.94,cma
Kearns,certified-medication-aide-per-diem-prn-kearns-ut,25.67,cma
Kearny,certified-medication-aide-per-diem-prn-kearny-az,25.48,cma
Kearny,certified-medication-aide-per-diem-prn-kearny-nj,25.53,cma
Keene,certified-medication-aide-per-diem-prn-keene-nh,25.68,cma
Keene,certified-medication-aide-per-diem-prn-keene-tx,25.77,cma
Keizer,certified-medication-aide-per-diem-prn-keizer-or,25.93,cma
Keller,certified-medication-aide-per-diem-prn-keller-tx,25.38,cma
Kellogg,certified-medication-aide-per-diem-prn-kellogg-id,26.13,cma
Kelso WA,certified-medication-aide-per-diem-prn-kelso-wa,25.87,cma
Kemp,certified-medication-aide-per-diem-prn-kemp-tx,25.96,cma
Ken Caryl,certified-medication-aide-per-diem-prn-ken-caryl-co,25.59,cma
Kenansville,certified-medication-aide-per-diem-prn-kenansville-nc,25.41,cma
Kendale Lakes,certified-medication-aide-per-diem-prn-kendale-lakes-fl,25.14,cma
Kendall,certified-medication-aide-per-diem-prn-kendall-fl,25.68,cma
Kendall West,certified-medication-aide-per-diem-prn-kendall-west-fl,25.94,cma
Kendrick,certified-medication-aide-per-diem-prn-kendrick-id,25.47,cma
Kenedy,certified-medication-aide-per-diem-prn-kenedy-tx,25.32,cma
Kennard,certified-medication-aide-per-diem-prn-kennard-tx,25.61,cma
Kennedale,certified-medication-aide-per-diem-prn-kennedale-tx,26.11,cma
Kenner,certified-medication-aide-per-diem-prn-kenner-la,25.45,cma
Kennesaw,certified-medication-aide-per-diem-prn-kennesaw-ga,25.75,cma
Kenneth City,certified-medication-aide-per-diem-prn-kenneth-city-fl,25.43,cma
Kennewick,certified-medication-aide-per-diem-prn-kennewick-wa,25.43,cma
Kenosha,certified-medication-aide-per-diem-prn-kenosha-wi,25.75,cma
Kent,certified-medication-aide-per-diem-prn-kent-oh,25.54,cma
Kent,certified-medication-aide-per-diem-prn-kent-wa,25.95,cma
Kentwood,certified-medication-aide-per-diem-prn-kentwood-mi,25.78,cma
Keosauqua,certified-medication-aide-per-diem-prn-keosauqua-ia,25.64,cma
Kerens,certified-medication-aide-per-diem-prn-kerens-tx,25.78,cma
Kermit,certified-medication-aide-per-diem-prn-kermit-tx,25.37,cma
Kerrville,certified-medication-aide-per-diem-prn-kerrville-tx,26.18,cma
Ketchikan,certified-medication-aide-per-diem-prn-ketchikan-ak,26.11,cma
Ketchum,certified-medication-aide-per-diem-prn-ketchum-id,25.25,cma
Kettering,certified-medication-aide-per-diem-prn-kettering-oh,25.38,cma
Kewaunee,certified-medication-aide-per-diem-prn-kewaunee-wi,26.18,cma
Key Biscayne,certified-medication-aide-per-diem-prn-key-biscayne-fl,25.50,cma
Key Largo,certified-medication-aide-per-diem-prn-key-largo-fl,25.75,cma
Key West,certified-medication-aide-per-diem-prn-key-west-fl,25.20,cma
Keystone Heights,certified-medication-aide-per-diem-prn-keystone-heights-fl,26.10,cma
Kihei,certified-medication-aide-per-diem-prn-kihei-hi,25.68,cma
Kilgore,certified-medication-aide-per-diem-prn-kilgore-tx,25.35,cma
Killeen,certified-medication-aide-per-diem-prn-killeen-tx,25.40,cma
Kimberly,certified-medication-aide-per-diem-prn-kimberly-id,25.66,cma
Kinder,certified-medication-aide-per-diem-prn-kinder-la,25.85,cma
King City,certified-medication-aide-per-diem-prn-king-city-ca,26.00,cma
Kingman,certified-medication-aide-per-diem-prn-kingman-az,25.30,cma
Kingsland,certified-medication-aide-per-diem-prn-kingsland-tx,25.45,cma
Kingsport,certified-medication-aide-per-diem-prn-kingsport-tn,25.57,cma
Kingsville,certified-medication-aide-per-diem-prn-kingsville-tx,25.68,cma
Kingwood,certified-medication-aide-per-diem-prn-kingwood-tx,25.22,cma
Kiowa,certified-medication-aide-per-diem-prn-kiowa-co,25.67,cma
Kirby,certified-medication-aide-per-diem-prn-kirby-tx,25.48,cma
Kirbyville,certified-medication-aide-per-diem-prn-kirbyville-tx,25.53,cma
Kirkland,certified-medication-aide-per-diem-prn-kirkland-wa,25.83,cma
Kirkwood,certified-medication-aide-per-diem-prn-kirkwood-mo,25.47,cma
Kissimmee,certified-medication-aide-per-diem-prn-kissimmee-fl,25.77,cma
Kit Carson,certified-medication-aide-per-diem-prn-kit-carson-co,25.93,cma
Kittery,certified-medication-aide-per-diem-prn-kittery-me,25.38,cma
Klamath Falls OR,certified-medication-aide-per-diem-prn-klamath-falls-or,26.13,cma
Knik-Fairview,certified-medication-aide-per-diem-prn-knik-fairview-ak,25.53,cma
Knox City,certified-medication-aide-per-diem-prn-knox-city-tx,25.87,cma
Knoxville,certified-medication-aide-per-diem-prn-knoxville-tn,25.95,cma
Knoxville IA,certified-medication-aide-per-diem-prn-knoxville-ia,25.96,cma
Knoxville IL,certified-medication-aide-per-diem-prn-knoxville-il,25.41,cma
Kokomo,certified-medication-aide-per-diem-prn-kokomo-in,25.92,cma
Kooskia,certified-medication-aide-per-diem-prn-kooskia-id,25.47,cma
Kountze,certified-medication-aide-per-diem-prn-kountze-tx,25.32,cma
Kremmling,certified-medication-aide-per-diem-prn-kremmling-co,25.61,cma
Krum,certified-medication-aide-per-diem-prn-krum-tx,26.11,cma
Kuna,certified-medication-aide-per-diem-prn-kuna-id,25.43,cma
Kyle,certified-medication-aide-per-diem-prn-kyle-tx,25.64,cma
La Crosse,certified-medication-aide-per-diem-prn-la-crosse-wi,26.10,cma
La Feria,certified-medication-aide-per-diem-prn-la-feria-tx,25.78,cma
La Grande,certified-medication-aide-per-diem-prn-la-grande-or,25.37,cma
La Grange,certified-medication-aide-per-diem-prn-la-grange-il,25.25,cma
La Grange,certified-medication-aide-per-diem-prn-la-grange-tx,26.18,cma
La Grange Park,certified-medication-aide-per-diem-prn-la-grange-park-il,25.74,cma
La Honda,certified-medication-aide-per-diem-prn-la-honda-ca,25.50,cma
La Jara,certified-medication-aide-per-diem-prn-la-jara-co,25.75,cma
La Joya,certified-medication-aide-per-diem-prn-la-joya-tx,25.20,cma
La Junta,certified-medication-aide-per-diem-prn-la-junta-co,26.10,cma
La Marque,certified-medication-aide-per-diem-prn-la-marque-tx,25.35,cma
La Mesa,certified-medication-aide-per-diem-prn-la-mesa-ca,25.40,cma
La Pine,certified-medication-aide-per-diem-prn-la-pine-or,25.66,cma
La Place,certified-medication-aide-per-diem-prn-la-place-la,25.85,cma
La Porte,certified-medication-aide-per-diem-prn-la-porte-tx,26.00,cma
La Pryor,certified-medication-aide-per-diem-prn-la-pryor-tx,25.30,cma
La Tuna,certified-medication-aide-per-diem-prn-la-tuna-tx,25.45,cma
La Vergne,certified-medication-aide-per-diem-prn-la-vergne-tn,25.74,cma
La Vernia,certified-medication-aide-per-diem-prn-la-vernia-tx,25.57,cma
La Vista,certified-medication-aide-per-diem-prn-la-vista-ne,25.95,cma
Labelle,certified-medication-aide-per-diem-prn-labelle-fl,25.68,cma
Lacey,certified-medication-aide-per-diem-prn-lacey-wa,25.22,cma
Lady Lake,certified-medication-aide-per-diem-prn-lady-lake-fl,25.67,cma
Lafayette,certified-medication-aide-per-diem-prn-lafayette-in,25.74,cma
Lafayette CO,certified-medication-aide-per-diem-prn-lafayette-co,25.57,cma
Lafayette LA,certified-medication-aide-per-diem-prn-lafayette-la,25.53,cma
LaGrange,certified-medication-aide-per-diem-prn-lagrange-ga,25.61,cma
Lake Butler,certified-medication-aide-per-diem-prn-lake-butler-fl,25.77,cma
Lake Charles,certified-medication-aide-per-diem-prn-lake-charles-la,25.99,cma
Lake City CO,certified-medication-aide-per-diem-prn-lake-city-co,25.93,cma
Lake City FL,certified-medication-aide-per-diem-prn-lake-city-fl,25.38,cma
Lake Clarke Shores,certified-medication-aide-per-diem-prn-lake-clarke-shores-fl,26.13,cma
Lake Forest IL,certified-medication-aide-per-diem-prn-lake-forest-il,25.87,cma
Lake Havasu,certified-medication-aide-per-diem-prn-lake-havasu-az,25.96,cma
Lake Havasu City,certified-medication-aide-per-diem-prn-lake-havasu-city-az,25.41,cma
Lake Isabella,certified-medication-aide-per-diem-prn-lake-isabella-ca,25.47,cma
Lake Jackson,certified-medication-aide-per-diem-prn-lake-jackson-tx,25.32,cma
Lake Magdalene,certified-medication-aide-per-diem-prn-lake-magdalene-fl,25.00,cma
Lake Mary,certified-medication-aide-per-diem-prn-lake-mary-fl,25.61,cma
Lake Oswego,certified-medication-aide-per-diem-prn-lake-oswego-or,26.11,cma
Lake Park,certified-medication-aide-per-diem-prn-lake-park-fl,25.43,cma
Lake Placid,certified-medication-aide-per-diem-prn-lake-placid-fl,25.64,cma
Lake Ridge,certified-medication-aide-per-diem-prn-lake-ridge-va,25.92,cma
Lake Wales,certified-medication-aide-per-diem-prn-lake-wales-fl,25.78,cma
Lake Worth Beach,certified-medication-aide-per-diem-prn-lake-worth-beach-fl,25.65,cma
Lake Worth FL,certified-medication-aide-per-diem-prn-lake-worth-fl,25.37,cma
Lake Worth TX,certified-medication-aide-per-diem-prn-lake-worth-tx,25.25,cma
Lakeland,certified-medication-aide-per-diem-prn-lakeland-fl,26.18,cma
Lakeport,certified-medication-aide-per-diem-prn-lakeport-ca,25.50,cma
Lakeside AZ,certified-medication-aide-per-diem-prn-lakeside-az,25.75,cma
Lakeside FL,certified-medication-aide-per-diem-prn-lakeside-fl,25.61,cma
Lakeside TX,certified-medication-aide-per-diem-prn-lakeside-tx,25.20,cma
Lakeview,certified-medication-aide-per-diem-prn-lakeview-or,26.10,cma
Lakeville,certified-medication-aide-per-diem-prn-lakeville-mn,25.57,cma
Lakeway,certified-medication-aide-per-diem-prn-lakeway-tx,25.35,cma
Lakewood,certified-medication-aide-per-diem-prn-lakewood-ca,25.40,cma
Lakewood,certified-medication-aide-per-diem-prn-lakewood-nj,25.85,cma
Lakewood,certified-medication-aide-per-diem-prn-lakewood-oh,25.47,cma
Lakewood,certified-medication-aide-per-diem-prn-lakewood-wa,25.23,cma
Lakewood CO,certified-medication-aide-per-diem-prn-lakewood-co,25.66,cma
Lakewood Lasley,certified-medication-aide-per-diem-prn-lakewood-lasley-co,26.11,cma
Lakewood Marston Slopes,certified-medication-aide-per-diem-prn-lakewood-marston-slopes-co,25.75,cma
Lakewood Molholm/Two Creeks,certified-medication-aide-per-diem-prn-lakewood-molholm-two-creeks-co,25.78,cma
Lakewood Ranch,certified-medication-aide-per-diem-prn-lakewood-ranch-fl,26.00,cma
Lakota,certified-medication-aide-per-diem-prn-lakota-nd,25.30,cma
Lamar,certified-medication-aide-per-diem-prn-lamar-co,25.45,cma
Lamesa,certified-medication-aide-per-diem-prn-lamesa-tx,25.57,cma
Lampasas,certified-medication-aide-per-diem-prn-lampasas-tx,25.68,cma
Lancaster,certified-medication-aide-per-diem-prn-lancaster-ca,25.47,cma
Lancaster City,certified-medication-aide-per-diem-prn-lancaster-city-pa,25.65,cma
Lancaster NH,certified-medication-aide-per-diem-prn-lancaster-nh,25.22,cma
Lancaster OH,certified-medication-aide-per-diem-prn-lancaster-oh,25.67,cma
Lancaster TX,certified-medication-aide-per-diem-prn-lancaster-tx,25.48,cma
Lancaster WI,certified-medication-aide-per-diem-prn-lancaster-wi,25.53,cma
Land O Lakes,certified-medication-aide-per-diem-prn-land-o-lakes-fl,25.77,cma
Lander,certified-medication-aide-per-diem-prn-lander-wy,26.13,cma
Lansdale,certified-medication-aide-per-diem-prn-lansdale-pa,25.54,cma
Lansing MI,certified-medication-aide-per-diem-prn-lansing-mi,25.93,cma
Lantana,certified-medication-aide-per-diem-prn-lantana-fl,25.38,cma
Lapeer,certified-medication-aide-per-diem-prn-lapeer-mi,26.13,cma
Laplace,certified-medication-aide-per-diem-prn-laplace-la,26.31,cma
Laramie,certified-medication-aide-per-diem-prn-laramie-wy,25.87,cma
Laredo,certified-medication-aide-per-diem-prn-laredo-tx,25.96,cma
Largo,certified-medication-aide-per-diem-prn-largo-fl,25.41,cma
Las Animas,certified-medication-aide-per-diem-prn-las-animas-co,25.47,cma
Las Cruces,certified-medication-aide-per-diem-prn-las-cruces-nm,25.92,cma
Las Vegas,certified-medication-aide-per-diem-prn-las-vegas-nv,25.32,cma
Las Vegas Angel Park,certified-medication-aide-per-diem-prn-las-vegas-angel-park-nv,25.50,cma
Las Vegas Centennial Hills,certified-medication-aide-per-diem-prn-las-vegas-centennial-hills-nv,25.61,cma
Las Vegas Rancho Oakey,certified-medication-aide-per-diem-prn-las-vegas-rancho-oakey-nv,25.85,cma
Las Vegas Twin Lakes,certified-medication-aide-per-diem-prn-las-vegas-twin-lakes-nv,25.00,cma
Lauderdale Lakes,certified-medication-aide-per-diem-prn-lauderdale-lakes-fl,25.61,cma
Lauderhill,certified-medication-aide-per-diem-prn-lauderhill-fl,26.11,cma
Laughlin Afb,certified-medication-aide-per-diem-prn-laughlin-afb-tx,25.43,cma
Laurel,certified-medication-aide-per-diem-prn-laurel-md,25.64,cma
Lava Hot Springs,certified-medication-aide-per-diem-prn-lava-hot-springs-id,25.78,cma
Laveen,certified-medication-aide-per-diem-prn-laveen-az,25.37,cma
Lawrence,certified-medication-aide-per-diem-prn-lawrence-in,25.83,cma
Lawrence,certified-medication-aide-per-diem-prn-lawrence-ks,25.61,cma
Lawrence,certified-medication-aide-per-diem-prn-lawrence-ma,26.18,cma
Lawrenceburg,certified-medication-aide-per-diem-prn-lawrenceburg-in,25.25,cma
Lawrenceville,certified-medication-aide-per-diem-prn-lawrenceville-ga,26.11,cma
Lawton,certified-medication-aide-per-diem-prn-lawton-ok,26.18,cma
Layton,certified-medication-aide-per-diem-prn-layton-ut,25.50,cma
Le Mars,certified-medication-aide-per-diem-prn-le-mars-ia,25.75,cma
Leadville,certified-medication-aide-per-diem-prn-leadville-co,25.20,cma
League City,certified-medication-aide-per-diem-prn-league-city-tx,26.10,cma
Leakey,certified-medication-aide-per-diem-prn-leakey-tx,25.35,cma
Leander,certified-medication-aide-per-diem-prn-leander-tx,25.40,cma
Leavenworth,certified-medication-aide-per-diem-prn-leavenworth-ks,25.92,cma
Leavenworth,certified-medication-aide-per-diem-prn-leavenworth-wa,25.03,cma
Leawood,certified-medication-aide-per-diem-prn-leawood-ks,25.47,cma
Lebanon,certified-medication-aide-per-diem-prn-lebanon-7-nh,25.66,cma
Lebanon,certified-medication-aide-per-diem-prn-lebanon-oh,25.61,cma
Lebanon,certified-medication-aide-per-diem-prn-lebanon-or,25.85,cma
Lebanon,certified-medication-aide-per-diem-prn-lebanon-tn,25.23,cma
Lebanon City,certified-medication-aide-per-diem-prn-lebanon-city-pa,26.10,cma
Lecanto,certified-medication-aide-per-diem-prn-lecanto-fl,26.00,cma
Lee's Summit,certified-medication-aide-per-diem-prn-lee-s-summit-mo,25.03,cma
Lees Summit,certified-medication-aide-per-diem-prn-lees-summit-mo,25.30,cma
Leesburg FL,certified-medication-aide-per-diem-prn-leesburg-fl,25.45,cma
Leesburg VA,certified-medication-aide-per-diem-prn-leesburg-va,25.57,cma
Lehi,certified-medication-aide-per-diem-prn-lehi-ut,25.68,cma
Lehigh Acres,certified-medication-aide-per-diem-prn-lehigh-acres-fl,25.22,cma
Leland,certified-medication-aide-per-diem-prn-leland-nc,25.67,cma
Lenexa,certified-medication-aide-per-diem-prn-lenexa-ks,25.23,cma
Lenox,certified-medication-aide-per-diem-prn-lenox-ia,25.68,cma
Lenox,certified-medication-aide-per-diem-prn-lenox-ma,25.48,cma
Leonard,certified-medication-aide-per-diem-prn-leonard-tx,25.53,cma
Levelland,certified-medication-aide-per-diem-prn-levelland-tx,25.77,cma
Lewiston ID,certified-medication-aide-per-diem-prn-lewiston-id,25.93,cma
Lewiston ME,certified-medication-aide-per-diem-prn-lewiston-me,25.38,cma
Lewistown,certified-medication-aide-per-diem-prn-lewistown-mt,26.13,cma
Lewisville,certified-medication-aide-per-diem-prn-lewisville-tx,25.87,cma
Lexington OK,certified-medication-aide-per-diem-prn-lexington-ok,25.96,cma
Lexington SC,certified-medication-aide-per-diem-prn-lexington-sc,25.41,cma
Lexington-Fayette,certified-medication-aide-per-diem-prn-lexington-fayette-ky,25.03,cma
Libby,certified-medication-aide-per-diem-prn-libby-mt,25.47,cma
Liberty,certified-medication-aide-per-diem-prn-liberty-mo,25.61,cma
Liberty,certified-medication-aide-per-diem-prn-liberty-tx,25.32,cma
Lighthouse Point,certified-medication-aide-per-diem-prn-lighthouse-point-fl,25.61,cma
Lima,certified-medication-aide-per-diem-prn-lima-oh,25.43,cma
Limon,certified-medication-aide-per-diem-prn-limon-co,26.11,cma
Lincoln,certified-medication-aide-per-diem-prn-lincoln-ri,25.25,cma
Lincoln City,certified-medication-aide-per-diem-prn-lincoln-city-or,25.43,cma
Lincoln ME,certified-medication-aide-per-diem-prn-lincoln-me,25.64,cma
Lincoln NE,certified-medication-aide-per-diem-prn-lincoln-ne,25.78,cma
Lincoln Park,certified-medication-aide-per-diem-prn-lincoln-park-nj,25.37,cma
Lincolnshire IL,certified-medication-aide-per-diem-prn-lincolnshire-il,26.18,cma
Lindale,certified-medication-aide-per-diem-prn-lindale-tx,25.50,cma
Linden,certified-medication-aide-per-diem-prn-linden-tx,25.75,cma
Lindon,certified-medication-aide-per-diem-prn-lindon-ut,25.20,cma
Linthicum,certified-medication-aide-per-diem-prn-linthicum-md,26.10,cma
Linthicum,certified-medication-aide-per-diem-prn-linthicum-md-6ade6,25.35,cma
Linton Hall,certified-medication-aide-per-diem-prn-linton-hall-va,25.94,cma
Linwood,certified-medication-aide-per-diem-prn-linwood-nj,25.47,cma
Lisbon,certified-medication-aide-per-diem-prn-lisbon-nd,25.40,cma
Litchfield Park,certified-medication-aide-per-diem-prn-litchfield-park-az,25.66,cma
Little Elm,certified-medication-aide-per-diem-prn-little-elm-tx,25.85,cma
Little Falls,certified-medication-aide-per-diem-prn-little-falls-ny,26.00,cma
Little Rock,certified-medication-aide-per-diem-prn-little-rock-ar,25.57,cma
Littlefield,certified-medication-aide-per-diem-prn-littlefield-tx,25.30,cma
Littleton CO,certified-medication-aide-per-diem-prn-littleton-co,25.45,cma
Littleton NH,certified-medication-aide-per-diem-prn-littleton-nh,25.57,cma
Live Oak FL,certified-medication-aide-per-diem-prn-live-oak-fl,25.68,cma
Live Oak TX,certified-medication-aide-per-diem-prn-live-oak-tx,25.22,cma
Livingston,certified-medication-aide-per-diem-prn-livingston-nj,25.48,cma
Livingston,certified-medication-aide-per-diem-prn-livingston-tx,25.53,cma
Livingston MT,certified-medication-aide-per-diem-prn-livingston-mt,25.67,cma
Livonia,certified-medication-aide-per-diem-prn-livonia-mi,25.77,cma
Llano,certified-medication-aide-per-diem-prn-llano-tx,25.93,cma
Lockhart,certified-medication-aide-per-diem-prn-lockhart-tx,25.38,cma
Lockney,certified-medication-aide-per-diem-prn-lockney-tx,26.13,cma
Logan,certified-medication-aide-per-diem-prn-logan-ut,25.87,cma
Lomita,certified-medication-aide-per-diem-prn-lomita-ca,25.96,cma
Londonderry,certified-medication-aide-per-diem-prn-londonderry-nh,25.03,cma
Lone Tree CO,certified-medication-aide-per-diem-prn-lone-tree-co,25.41,cma
Long Beach,certified-medication-aide-per-diem-prn-long-beach-ca,25.47,cma
Long Branch,certified-medication-aide-per-diem-prn-long-branch-nj,25.47,cma
Longmont,certified-medication-aide-per-diem-prn-longmont-co,25.32,cma
Longview Third Avenue,certified-medication-aide-per-diem-prn-longview-third-avenue-wa,25.14,cma
Longview TX,certified-medication-aide-per-diem-prn-longview-tx,25.61,cma
Longwood,certified-medication-aide-per-diem-prn-longwood-fl,26.11,cma
Lorain,certified-medication-aide-per-diem-prn-lorain-oh,25.87,cma
Lorton,certified-medication-aide-per-diem-prn-lorton-va,25.43,cma
Los Altos,certified-medication-aide-per-diem-prn-los-altos-ca,25.64,cma
Los Angeles CA,certified-medication-aide-per-diem-prn-los-angeles-ca,25.78,cma
Los Fresnos,certified-medication-aide-per-diem-prn-los-fresnos-tx,25.37,cma
Los Gatos,certified-medication-aide-per-diem-prn-los-gatos-ca,25.25,cma
Los Lunas,certified-medication-aide-per-diem-prn-los-lunas-nm,25.95,cma
Loudoun County,certified-medication-aide-per-diem-prn-loudoun-county-va,26.18,cma
Louisville CO,certified-medication-aide-per-diem-prn-louisville-co,25.50,cma
Louisville KY,certified-medication-aide-per-diem-prn-louisville-ky,25.75,cma
Louisville University,certified-medication-aide-per-diem-prn-louisville-university-ky,25.85,cma
Loup City,certified-medication-aide-per-diem-prn-loup-city-ne,25.20,cma
Loveland CO,certified-medication-aide-per-diem-prn-loveland-co,26.10,cma
Lovelock,certified-medication-aide-per-diem-prn-lovelock-nv,25.35,cma
Lowell,certified-medication-aide-per-diem-prn-lowell-ma,25.40,cma
Lower Macungie,certified-medication-aide-per-diem-prn-lower-macungie-pa,25.45,cma
Lower Makefield,certified-medication-aide-per-diem-prn-lower-makefield-pa,25.61,cma
Lower Merion,certified-medication-aide-per-diem-prn-lower-merion-pa,25.03,cma
Lower Paxton,certified-medication-aide-per-diem-prn-lower-paxton-pa,25.49,cma
Lower Providence,certified-medication-aide-per-diem-prn-lower-providence-pa,25.75,cma
Lower Towamensing Township,certified-medication-aide-per-diem-prn-lower-towamensing-township-pa,25.66,cma
Lowesville,certified-medication-aide-per-diem-prn-lowesville-va,25.66,cma
Lowville,certified-medication-aide-per-diem-prn-lowville-ny,25.85,cma
Loxahatchee,certified-medication-aide-per-diem-prn-loxahatchee-fl,26.00,cma
Lubbock,certified-medication-aide-per-diem-prn-lubbock-tx,25.30,cma
Luck,certified-medication-aide-per-diem-prn-luck-wi,25.45,cma
Lufkin,certified-medication-aide-per-diem-prn-lufkin-tx,25.57,cma
Luling,certified-medication-aide-per-diem-prn-luling-tx,25.68,cma
Lumberton,certified-medication-aide-per-diem-prn-lumberton-tx,25.22,cma
Lutherville,certified-medication-aide-per-diem-prn-lutherville-md,25.67,cma
Lutz,certified-medication-aide-per-diem-prn-lutz-fl,25.48,cma
Lynchburg,certified-medication-aide-per-diem-prn-lynchburg-va,25.95,cma
Lyndon,certified-medication-aide-per-diem-prn-lyndon-vt,25.77,cma
Lyndonville,certified-medication-aide-per-diem-prn-lyndonville-vt,25.53,cma
Lynn,certified-medication-aide-per-diem-prn-lynn-ma,25.32,cma
Lynn Haven,certified-medication-aide-per-diem-prn-lynn-haven-fl,25.77,cma
Lyons,certified-medication-aide-per-diem-prn-lyons-il,25.54,cma
Lytle,certified-medication-aide-per-diem-prn-lytle-tx,25.93,cma
Mabank,certified-medication-aide-per-diem-prn-mabank-tx,25.38,cma
Mableton,certified-medication-aide-per-diem-prn-mableton-ga,25.74,cma
Macclenny,certified-medication-aide-per-diem-prn-macclenny-fl,26.13,cma
Machias,certified-medication-aide-per-diem-prn-machias-me,25.87,cma
Mackay,certified-medication-aide-per-diem-prn-mackay-id,25.96,cma
Macomb,certified-medication-aide-per-diem-prn-macomb-il,25.41,cma
Macomb,certified-medication-aide-per-diem-prn-macomb-mi,25.23,cma
Macon,certified-medication-aide-per-diem-prn-macon-ga,25.25,cma
Madera,certified-medication-aide-per-diem-prn-madera-ca,25.47,cma
Madison,certified-medication-aide-per-diem-prn-madison-al,25.50,cma
Madison,certified-medication-aide-per-diem-prn-madison-me,25.84,cma
Madison,certified-medication-aide-per-diem-prn-madison-ms,25.32,cma
Madison FL,certified-medication-aide-per-diem-prn-madison-fl,25.32,cma
Madison WI,certified-medication-aide-per-diem-prn-madison-wi,25.61,cma
Madisonville,certified-medication-aide-per-diem-prn-madisonville-ky,25.95,cma
Madisonville,certified-medication-aide-per-diem-prn-madisonville-tx,26.11,cma
Madras,certified-medication-aide-per-diem-prn-madras-or,25.43,cma
Magna,certified-medication-aide-per-diem-prn-magna-ut,25.64,cma
Magnolia,certified-medication-aide-per-diem-prn-magnolia-tx,25.78,cma
Maitland,certified-medication-aide-per-diem-prn-maitland-fl,25.37,cma
Makakilo,certified-medication-aide-per-diem-prn-makakilo-hi,26.00,cma
Malad City,certified-medication-aide-per-diem-prn-malad-city-id,26.18,cma
Malakoff,certified-medication-aide-per-diem-prn-malakoff-tx,25.25,cma
Malden,certified-medication-aide-per-diem-prn-malden-ma,25.95,cma
Mammoth Lakes,certified-medication-aide-per-diem-prn-mammoth-lakes-ca,26.18,cma
Manalapan Township,certified-medication-aide-per-diem-prn-manalapan-township-nj,25.92,cma
Manassas,certified-medication-aide-per-diem-prn-manassas-va,25.50,cma
Manchaca,certified-medication-aide-per-diem-prn-manchaca-tx,25.75,cma
Manchester,certified-medication-aide-per-diem-prn-manchester-ct,25.92,cma
Manchester NH,certified-medication-aide-per-diem-prn-manchester-nh,25.20,cma
Manchester Township Whiting,certified-medication-aide-per-diem-prn-manchester-township-whiting-nj,25.41,cma
Mancos,certified-medication-aide-per-diem-prn-mancos-co,26.10,cma
Mandan,certified-medication-aide-per-diem-prn-mandan-nd,25.35,cma
Mandeville,certified-medication-aide-per-diem-prn-mandeville-la-2a319,25.40,cma
Mangonia Park,certified-medication-aide-per-diem-prn-mangonia-park-fl,25.66,cma
Manhattan,certified-medication-aide-per-diem-prn-manhattan-ks,25.99,cma
Manitowoc,certified-medication-aide-per-diem-prn-manitowoc-wi,25.85,cma
Mankato,certified-medication-aide-per-diem-prn-mankato-mn,26.00,cma
Manor,certified-medication-aide-per-diem-prn-manor-tx,25.30,cma
Mansfield,certified-medication-aide-per-diem-prn-mansfield-oh,26.00,cma
Mansfield,certified-medication-aide-per-diem-prn-mansfield-tx,25.45,cma
Manville,certified-medication-aide-per-diem-prn-manville-ri,25.57,cma
Maple Grove,certified-medication-aide-per-diem-prn-maple-grove-mn,25.35,cma
Maple Heights,certified-medication-aide-per-diem-prn-maple-heights-oh,25.44,cma
Mapleton,certified-medication-aide-per-diem-prn-mapleton-ut,25.68,cma
Maplewood,certified-medication-aide-per-diem-prn-maplewood-mn,25.41,cma
Maquoketa,certified-medication-aide-per-diem-prn-maquoketa-ia,25.22,cma
Marana,certified-medication-aide-per-diem-prn-marana-az,25.67,cma
Marathon FL,certified-medication-aide-per-diem-prn-marathon-fl,25.48,cma
Marathon TX,certified-medication-aide-per-diem-prn-marathon-tx,25.53,cma
Marble Falls,certified-medication-aide-per-diem-prn-marble-falls-tx,25.77,cma
Marcus,certified-medication-aide-per-diem-prn-marcus-ia,25.93,cma
Marengo,certified-medication-aide-per-diem-prn-marengo-ia,25.38,cma
Marfa,certified-medication-aide-per-diem-prn-marfa-tx,26.13,cma
Margate,certified-medication-aide-per-diem-prn-margate-fl,25.87,cma
Marianna,certified-medication-aide-per-diem-prn-marianna-fl,25.96,cma
Maricopa,certified-medication-aide-per-diem-prn-maricopa-az,25.41,cma
Marietta,certified-medication-aide-per-diem-prn-marietta-ga,25.47,cma
Marion,certified-medication-aide-per-diem-prn-marion-nc,25.00,cma
Marion,certified-medication-aide-per-diem-prn-marion-oh,25.25,cma
Marion,certified-medication-aide-per-diem-prn-marion-va,25.32,cma
Marion IA,certified-medication-aide-per-diem-prn-marion-ia,25.64,cma
Mariposa,certified-medication-aide-per-diem-prn-mariposa-ca,25.61,cma
Marlin,certified-medication-aide-per-diem-prn-marlin-tx,26.11,cma
Marrero,certified-medication-aide-per-diem-prn-marrero-la,25.43,cma
Marshall MI,certified-medication-aide-per-diem-prn-marshall-mi,25.64,cma
Marshall TX,certified-medication-aide-per-diem-prn-marshall-tx,25.78,cma
Marshalltown,certified-medication-aide-per-diem-prn-marshalltown-ia,25.37,cma
Marshville,certified-medication-aide-per-diem-prn-marshville-nc,25.47,cma
Marsing,certified-medication-aide-per-diem-prn-marsing-id,25.25,cma
Martinez,certified-medication-aide-per-diem-prn-martinez-ca,25.03,cma
Martinez GA,certified-medication-aide-per-diem-prn-martinez-ga,25.38,cma
Martinsburg,certified-medication-aide-per-diem-prn-martinsburg-wv,25.54,cma
Maryland Heights,certified-medication-aide-per-diem-prn-maryland-heights-mo,25.99,cma
Marylhurst,certified-medication-aide-per-diem-prn-marylhurst-or,26.18,cma
Marysville,certified-medication-aide-per-diem-prn-marysville-ca,25.50,cma
Marysville,certified-medication-aide-per-diem-prn-marysville-oh,25.14,cma
Marysville,certified-medication-aide-per-diem-prn-marysville-wa,25.75,cma
Maryville,certified-medication-aide-per-diem-prn-maryville-tn,25.38,cma
Mascotte,certified-medication-aide-per-diem-prn-mascotte-fl,25.20,cma
Mashpee,certified-medication-aide-per-diem-prn-mashpee-ma,26.10,cma
Mason,certified-medication-aide-per-diem-prn-mason-oh,25.50,cma
Mason,certified-medication-aide-per-diem-prn-mason-tx,25.40,cma
Mason City,certified-medication-aide-per-diem-prn-mason-city-ia,25.35,cma
Massillon,certified-medication-aide-per-diem-prn-massillon-oh,25.61,cma
Matador,certified-medication-aide-per-diem-prn-matador-tx,25.66,cma
Matawan,certified-medication-aide-per-diem-prn-matawan-nj,25.96,cma
Mathis,certified-medication-aide-per-diem-prn-mathis-tx,25.85,cma
Mauldin,certified-medication-aide-per-diem-prn-mauldin-sc,25.03,cma
Maumee,certified-medication-aide-per-diem-prn-maumee-nd,26.00,cma
Mauston,certified-medication-aide-per-diem-prn-mauston-wi,25.30,cma
Mayfield Heights,certified-medication-aide-per-diem-prn-mayfield-heights-oh,25.43,cma
Mayo,certified-medication-aide-per-diem-prn-mayo-fl,25.45,cma
Mc Camey,certified-medication-aide-per-diem-prn-mc-camey-tx,25.57,cma
Mc Gregor IA,certified-medication-aide-per-diem-prn-mc-gregor-ia,25.68,cma
Mc Gregor TX,certified-medication-aide-per-diem-prn-mc-gregor-tx,25.22,cma
McAllen,certified-medication-aide-per-diem-prn-mcallen-tx,25.48,cma
McCall,certified-medication-aide-per-diem-prn-mccall-id,25.53,cma
McCammon,certified-medication-aide-per-diem-prn-mccammon-id,25.77,cma
McCandless,certified-medication-aide-per-diem-prn-mccandless-pa,25.48,cma
McCormick,certified-medication-aide-per-diem-prn-mccormick-sc,25.23,cma
Mckinney,certified-medication-aide-per-diem-prn-mckinney-tx,25.93,cma
McKinney,certified-medication-aide-per-diem-prn-mc-kinney-tx,25.67,cma
McLean,certified-medication-aide-per-diem-prn-mclean-va,25.61,cma
Mclean TX,certified-medication-aide-per-diem-prn-mclean-tx,25.38,cma
McLeod,certified-medication-aide-per-diem-prn-mcleod-mt,26.13,cma
McMinnville,certified-medication-aide-per-diem-prn-mcminnville-or,25.87,cma
Mead,certified-medication-aide-per-diem-prn-mead-co,25.96,cma
Meadow Lakes,certified-medication-aide-per-diem-prn-meadow-lakes-ak,25.64,cma
Meadow Woods,certified-medication-aide-per-diem-prn-meadow-woods-fl,25.23,cma
Meadows Place,certified-medication-aide-per-diem-prn-meadows-place-tx,25.41,cma
Mechanicsville,certified-medication-aide-per-diem-prn-mechanicsville-va,25.14,cma
Medford,certified-medication-aide-per-diem-prn-medford-ma,25.74,cma
Medford,certified-medication-aide-per-diem-prn-medford-or,25.47,cma
Medina,certified-medication-aide-per-diem-prn-medina-oh,25.99,cma
Medley,certified-medication-aide-per-diem-prn-medley-fl,25.32,cma
Meeker,certified-medication-aide-per-diem-prn-meeker-co,25.61,cma
Mehlville,certified-medication-aide-per-diem-prn-mehlville-mo,25.03,cma
Melba,certified-medication-aide-per-diem-prn-melba-id,26.11,cma
Melbourne,certified-medication-aide-per-diem-prn-melbourne-fl,25.43,cma
Melrose FL,certified-medication-aide-per-diem-prn-melrose-fl,25.64,cma
Melrose MA,certified-medication-aide-per-diem-prn-melrose-ma,25.78,cma
Memphis,certified-medication-aide-per-diem-prn-memphis-tn,25.59,cma
Memphis,certified-medication-aide-per-diem-prn-memphis-tx,25.37,cma
Menard,certified-medication-aide-per-diem-prn-menard-tx,25.25,cma
Menomonee Falls,certified-medication-aide-per-diem-prn-menomonee-falls-wi,25.57,cma
Mentone,certified-medication-aide-per-diem-prn-mentone-ca,25.85,cma
Mentor,certified-medication-aide-per-diem-prn-mentor-oh,25.35,cma
Merced,certified-medication-aide-per-diem-prn-merced-ca,26.18,cma
Mercedes,certified-medication-aide-per-diem-prn-mercedes-tx,25.50,cma
Meriden,certified-medication-aide-per-diem-prn-meriden-ct,26.11,cma
Meridian,certified-medication-aide-per-diem-prn-meridian-id,25.75,cma
Meridian,certified-medication-aide-per-diem-prn-meridian-ms,25.20,cma
Merkel,certified-medication-aide-per-diem-prn-merkel-tx,26.10,cma
Merrillville,certified-medication-aide-per-diem-prn-merrillville-in,25.35,cma
Merrimack,certified-medication-aide-per-diem-prn-merrimack-nh,25.03,cma
Merritt Island,certified-medication-aide-per-diem-prn-merritt-island-fl,25.40,cma
Mesa,certified-medication-aide-per-diem-prn-mesa-az,25.66,cma
Mesa Villa Royale III,certified-medication-aide-per-diem-prn-mesa-villa-royale-iii-az,25.92,cma
Mesquite,certified-medication-aide-per-diem-prn-mesquite-9-nv,25.85,cma
Mesquite city,certified-medication-aide-per-diem-prn-mesquite-city-tx,25.75,cma
Mesquite TX,certified-medication-aide-per-diem-prn-mesquite-tx,26.00,cma
Metairie,certified-medication-aide-per-diem-prn-metairie-la,25.14,cma
Methuen Town,certified-medication-aide-per-diem-prn-methuen-town-ma,25.94,cma
Metropolis,certified-medication-aide-per-diem-prn-metropolis-il,25.30,cma
Mexia,certified-medication-aide-per-diem-prn-mexia-tx,25.45,cma
Miami,certified-medication-aide-per-diem-prn-miami-fl,25.68,cma
Miami Beach,certified-medication-aide-per-diem-prn-miami-beach-fl,25.57,cma
Miami Gardens,certified-medication-aide-per-diem-prn-miami-gardens-fl,25.22,cma
Miami Lakes,certified-medication-aide-per-diem-prn-miami-lakes-fl,25.67,cma
Miami Shores,certified-medication-aide-per-diem-prn-miami-shores-fl,25.48,cma
Miami Springs,certified-medication-aide-per-diem-prn-miami-springs-fl,25.53,cma
Miamisburg,certified-medication-aide-per-diem-prn-miamisburg-oh,25.54,cma
Middle Township Cape May Court House,certified-medication-aide-per-diem-prn-middle-township-cape-may-court-house-nj,25.74,cma
Middleburg,certified-medication-aide-per-diem-prn-middleburg-fl,25.77,cma
Middlebury,certified-medication-aide-per-diem-prn-middlebury-vt,26.00,cma
Middleton,certified-medication-aide-per-diem-prn-middleton-id,25.93,cma
Middletown,certified-medication-aide-per-diem-prn-middletown-ct,25.03,cma
Middletown,certified-medication-aide-per-diem-prn-middletown-de,25.50,cma
Middletown,certified-medication-aide-per-diem-prn-middletown-oh,25.93,cma
Middletown,certified-medication-aide-per-diem-prn-middletown-ri,25.38,cma
Midland,certified-medication-aide-per-diem-prn-midland-tx,26.13,cma
Midlothian,certified-medication-aide-per-diem-prn-midlothian-tx,25.87,cma
Midvale,certified-medication-aide-per-diem-prn-midvale-ut,25.96,cma
Midwest City,certified-medication-aide-per-diem-prn-midwest-city-ok,25.41,cma
Milan,certified-medication-aide-per-diem-prn-milan-mo,25.47,cma
Milbank,certified-medication-aide-per-diem-prn-milbank-sd,25.32,cma
Miles City MT,certified-medication-aide-per-diem-prn-miles-city-mt,25.74,cma
Milford,certified-medication-aide-per-diem-prn-milford-ct,25.85,cma
Milford MA,certified-medication-aide-per-diem-prn-milford-ma,25.61,cma
Milford UT,certified-medication-aide-per-diem-prn-milford-ut,26.11,cma
Mililani Mauka,certified-medication-aide-per-diem-prn-mililani-mauka-hi,25.30,cma
Mililani Town,certified-medication-aide-per-diem-prn-mililani-town-hi,25.57,cma
Mill City,certified-medication-aide-per-diem-prn-mill-city-or,25.43,cma
Millbrae,certified-medication-aide-per-diem-prn-millbrae-ca,25.64,cma
Millcreek,certified-medication-aide-per-diem-prn-millcreek-ut,25.78,cma
Miller,certified-medication-aide-per-diem-prn-miller-sd,25.37,cma
Milpitas CA,certified-medication-aide-per-diem-prn-milpitas-ca,26.18,cma
Milton,certified-medication-aide-per-diem-prn-milton-ga,25.61,cma
Milton,certified-medication-aide-per-diem-prn-milton-vt,25.48,cma
Milton Freewater,certified-medication-aide-per-diem-prn-milton-fl,25.25,cma
Milton Freewater,certified-medication-aide-per-diem-prn-milton-freewater-or,26.18,cma
Milwaukee,certified-medication-aide-per-diem-prn-milwaukee-wi,25.50,cma
Milwaukie Linwood,certified-medication-aide-per-diem-prn-milwaukie-linwood-or,26.18,cma
Milwaukie OR,certified-medication-aide-per-diem-prn-milwaukie-or,25.75,cma
Minden,certified-medication-aide-per-diem-prn-minden-nv,25.20,cma
Mineola,certified-medication-aide-per-diem-prn-mineola-tx,26.10,cma
Mineral Wells,certified-medication-aide-per-diem-prn-mineral-wells-tx,25.35,cma
Minneapolis,certified-medication-aide-per-diem-prn-minneapolis-mn,25.43,cma
Minnetonka,certified-medication-aide-per-diem-prn-minnetonka-mn,25.93,cma
Minot,certified-medication-aide-per-diem-prn-minot-nd,25.40,cma
Miramar Beach,certified-medication-aide-per-diem-prn-miramar-beach-fl,25.66,cma
Miramar Beach,certified-medication-aide-per-diem-prn-miramar-fl,25.85,cma
Miramonte,certified-medication-aide-per-diem-prn-miramonte-ca,26.00,cma
Mishawaka,certified-medication-aide-per-diem-prn-mishawaka-in,25.68,cma
Mission,certified-medication-aide-per-diem-prn-mission-tx,25.30,cma
Missoula,certified-medication-aide-per-diem-prn-missoula-mt,25.74,cma
Missouri,certified-medication-aide-per-diem-prn-missouri-mo,25.57,cma
Missouri City,certified-medication-aide-per-diem-prn-missouri-city-tx,25.45,cma
Mitchell,certified-medication-aide-per-diem-prn-mitchell-or,25.68,cma
Mitchell,certified-medication-aide-per-diem-prn-mitchell-sd,25.74,cma
Moab,certified-medication-aide-per-diem-prn-moab-ut,25.22,cma
Mobile,certified-medication-aide-per-diem-prn-mobile-al,25.61,cma
Modesto,certified-medication-aide-per-diem-prn-modesto-ca,25.67,cma
Moffat,certified-medication-aide-per-diem-prn-moffat-co,25.48,cma
Molalla,certified-medication-aide-per-diem-prn-molalla-or,25.53,cma
Moline IL,certified-medication-aide-per-diem-prn-moline-il,25.77,cma
Monahans,certified-medication-aide-per-diem-prn-monahans-tx,25.93,cma
Monmouth,certified-medication-aide-per-diem-prn-monmouth-or,26.13,cma
Monmouth Junction,certified-medication-aide-per-diem-prn-monmouth-junction-nj,25.38,cma
Monroe,certified-medication-aide-per-diem-prn-monroe-nc,26.11,cma
Monroe LA,certified-medication-aide-per-diem-prn-monroe-la,25.87,cma
Monroe OR,certified-medication-aide-per-diem-prn-monroe-or,25.96,cma
Monroe Township,certified-medication-aide-per-diem-prn-monroe-township-nj,25.41,cma
Monroe WA,certified-medication-aide-per-diem-prn-monroe-wa,25.47,cma
Monroeville,certified-medication-aide-per-diem-prn-monroeville-pa,25.57,cma
Monrovia,certified-medication-aide-per-diem-prn-monrovia-ca,25.32,cma
Mont Belvieu,certified-medication-aide-per-diem-prn-mont-belvieu-tx,25.61,cma
Montclair NJ,certified-medication-aide-per-diem-prn-montclair-nj,26.11,cma
Monte Vista,certified-medication-aide-per-diem-prn-monte-vista-co,25.43,cma
Montebello,certified-medication-aide-per-diem-prn-montebello-va,25.64,cma
Monterey,certified-medication-aide-per-diem-prn-monterey-ca,25.78,cma
Montezuma,certified-medication-aide-per-diem-prn-montezuma-ia,25.25,cma
Montezuma Creek,certified-medication-aide-per-diem-prn-montezuma-creek-ut,25.37,cma
Montgomery,certified-medication-aide-per-diem-prn-montgomery-al,25.25,cma
Montgomery,certified-medication-aide-per-diem-prn-montgomery-tx,26.18,cma
Monticello FL,certified-medication-aide-per-diem-prn-monticello-fl,25.50,cma
Monticello UT,certified-medication-aide-per-diem-prn-monticello-ut,25.75,cma
Montpelier,certified-medication-aide-per-diem-prn-montpelier-id,25.20,cma
Montpelier,certified-medication-aide-per-diem-prn-montpelier-vt,25.93,cma
Montrose,certified-medication-aide-per-diem-prn-montrose-co,26.10,cma
Montvale,certified-medication-aide-per-diem-prn-montvale-nj,25.35,cma
Monument,certified-medication-aide-per-diem-prn-monument-co,25.40,cma
Monument Valley,certified-medication-aide-per-diem-prn-monument-valley-ut,25.66,cma
Moodus,certified-medication-aide-per-diem-prn-moodus-ct,25.85,cma
Moody,certified-medication-aide-per-diem-prn-moody-tx,26.00,cma
Moon,certified-medication-aide-per-diem-prn-moon-pa,25.20,cma
Moore,certified-medication-aide-per-diem-prn-moore-ok,25.64,cma
Moore Haven,certified-medication-aide-per-diem-prn-moore-haven-fl,25.30,cma
Mooreland,certified-medication-aide-per-diem-prn-mooreland-ok,25.45,cma
Mooresville,certified-medication-aide-per-diem-prn-mooresville-nc,25.96,cma
Moorhead,certified-medication-aide-per-diem-prn-moorhead-mn,25.96,cma
Morehead,certified-medication-aide-per-diem-prn-morehead-ky,25.14,cma
Moreno Valley,certified-medication-aide-per-diem-prn-moreno-valley-ca,25.61,cma
Morgan,certified-medication-aide-per-diem-prn-morgan-ut,25.57,cma
Morgantown,certified-medication-aide-per-diem-prn-morgantown-in,25.68,cma
Morgantown,certified-medication-aide-per-diem-prn-morgantown-wv,25.47,cma
Moro,certified-medication-aide-per-diem-prn-moro-or,25.22,cma
Morris,certified-medication-aide-per-diem-prn-morris-il,25.67,cma
Morrison,certified-medication-aide-per-diem-prn-morrison-co,25.48,cma
Morristown,certified-medication-aide-per-diem-prn-morristown-tn,25.25,cma
Morristown,certified-medication-aide-per-diem-prn-morristown-vt,25.64,cma
Morrisville VT,certified-medication-aide-per-diem-prn-morrisville-vt,25.53,cma
Morton TX,certified-medication-aide-per-diem-prn-morton-tx,25.77,cma
Morton WA,certified-medication-aide-per-diem-prn-morton-wa,25.93,cma
Moscow,certified-medication-aide-per-diem-prn-moscow-id,25.38,cma
Moulton,certified-medication-aide-per-diem-prn-moulton-tx,26.13,cma
Mount Angel,certified-medication-aide-per-diem-prn-mount-angel-or,25.87,cma
Mount Clemens,certified-medication-aide-per-diem-prn-mount-clemens-mi,25.96,cma
Mount Dora,certified-medication-aide-per-diem-prn-mount-dora-fl,25.41,cma
Mount Enterprise,certified-medication-aide-per-diem-prn-mount-enterprise-tx,25.47,cma
Mount Juliet,certified-medication-aide-per-diem-prn-mount-juliet-tn,25.03,cma
Mount Lebanon,certified-medication-aide-per-diem-prn-mount-lebanon-pa,26.13,cma
Mount Pleasant,certified-medication-aide-per-diem-prn-mount-pleasant-sc,25.84,cma
Mount Pleasant,certified-medication-aide-per-diem-prn-mount-pleasant-wi,25.45,cma
Mount Pleasant TX,certified-medication-aide-per-diem-prn-mount-pleasant-tx,25.61,cma
Mount Pleasant UT,certified-medication-aide-per-diem-prn-mount-pleasant-ut,26.11,cma
Mount Pleasant-IA,certified-medication-aide-per-diem-prn-mount-pleasant-ia,25.32,cma
Mount Prospect,certified-medication-aide-per-diem-prn-mount-prospect-il,25.57,cma
Mount Vernon,certified-medication-aide-per-diem-prn-mount-vernon-ny,25.50,cma
Mount Vernon,certified-medication-aide-per-diem-prn-mount-vernon-oh,25.23,cma
Mount Vernon TX,certified-medication-aide-per-diem-prn-mount-vernon-tx,25.43,cma
Mount Vernon WA,certified-medication-aide-per-diem-prn-mount-vernon-wa,25.64,cma
Mountain Brook,certified-medication-aide-per-diem-prn-mountain-brook-al,25.67,cma
Mountain City,certified-medication-aide-per-diem-prn-mountain-city-tn,25.78,cma
Mountain Home AR,certified-medication-aide-per-diem-prn-mountain-home-ar,25.37,cma
Mountain Home ID,certified-medication-aide-per-diem-prn-mountain-home-id,25.25,cma
Mountain Home IDA,certified-medication-aide-per-diem-prn-mountain-home-ida-id,26.18,cma
Mountain View AR,certified-medication-aide-per-diem-prn-mountain-view-ar,25.50,cma
Mountain View CA,certified-medication-aide-per-diem-prn-mountain-view-ca,25.75,cma
Mt Pleasant,certified-medication-aide-per-diem-prn-mt-pleasant-ut,25.20,cma
Muenster,certified-medication-aide-per-diem-prn-muenster-tx,26.10,cma
Mulberry,certified-medication-aide-per-diem-prn-mulberry-fl,25.35,cma
Muleshoe,certified-medication-aide-per-diem-prn-muleshoe-tx,25.40,cma
Muncie,certified-medication-aide-per-diem-prn-muncie-in,25.65,cma
Munday,certified-medication-aide-per-diem-prn-munday-tx,25.66,cma
Munster,certified-medication-aide-per-diem-prn-munster-in,25.85,cma
Murfreesboro,certified-medication-aide-per-diem-prn-murfreesboro-tn,26.00,cma
Murphy,certified-medication-aide-per-diem-prn-murphy-tx,26.00,cma
Murray,certified-medication-aide-per-diem-prn-murray-ut,25.30,cma
Muscatine,certified-medication-aide-per-diem-prn-muscatine-ia,25.96,cma
Muskegon,certified-medication-aide-per-diem-prn-muskegon-mi,25.45,cma
Muskogee,certified-medication-aide-per-diem-prn-muskogee-ok,25.49,cma
Mustang,certified-medication-aide-per-diem-prn-mustang-ok,25.57,cma
Myakka City,certified-medication-aide-per-diem-prn-myakka-city-fl,25.68,cma
Myrtle Beach,certified-medication-aide-per-diem-prn-myrtle-beach-sc,25.22,cma
Myrtle Creek,certified-medication-aide-per-diem-prn-myrtle-creek-or,25.67,cma
Myrtle Point,certified-medication-aide-per-diem-prn-myrtle-point-or,25.48,cma
Mystic,certified-medication-aide-per-diem-prn-mystic-ct,25.53,cma
N Ft Myers,certified-medication-aide-per-diem-prn-n-ft-myers-fl,25.77,cma
N Las Vegas,certified-medication-aide-per-diem-prn-n-las-vegas-nv,25.93,cma
Nacogdoches,certified-medication-aide-per-diem-prn-nacogdoches-tx,25.38,cma
Nampa,certified-medication-aide-per-diem-prn-nampa-id,26.13,cma
Napa,certified-medication-aide-per-diem-prn-napa-ca,25.87,cma
Naperville,certified-medication-aide-per-diem-prn-naperville-il,25.38,cma
Naples,certified-medication-aide-per-diem-prn-naples-fl,25.96,cma
Naranja,certified-medication-aide-per-diem-prn-naranja-fl,25.41,cma
Nash,certified-medication-aide-per-diem-prn-nash-tx,25.47,cma
Nashua NH,certified-medication-aide-per-diem-prn-nashua-nh,25.32,cma
Nashville Madison,certified-medication-aide-per-diem-prn-nashville-madison-tn,25.35,cma
Nashville South Nashville,certified-medication-aide-per-diem-prn-nashville-south-nashville-tn,25.22,cma
Nashville TN,certified-medication-aide-per-diem-prn-nashville-tn,25.61,cma
Nashville-Davidson,certified-medication-aide-per-diem-prn-nashville-davidson-tn,25.25,cma
Natchitoches,certified-medication-aide-per-diem-prn-natchitoches-la,26.11,cma
National City,certified-medication-aide-per-diem-prn-national-city-ca,25.43,cma
Naturita,certified-medication-aide-per-diem-prn-naturita-co,25.64,cma
Naugatuck,certified-medication-aide-per-diem-prn-naugatuck-ct,25.61,cma
Naval Air Station Jrb,certified-medication-aide-per-diem-prn-naval-air-station-jrb-tx,25.78,cma
Navarre,certified-medication-aide-per-diem-prn-navarre-fl,25.37,cma
Navasota,certified-medication-aide-per-diem-prn-navasota-tx,26.18,cma
Nederland CO,certified-medication-aide-per-diem-prn-nederland-co,25.25,cma
Nederland TX,certified-medication-aide-per-diem-prn-nederland-tx,26.18,cma
Needham,certified-medication-aide-per-diem-prn-needham-ma,25.50,cma
Needville,certified-medication-aide-per-diem-prn-needville-tx,25.75,cma
Neenah,certified-medication-aide-per-diem-prn-neenah-wi,25.67,cma
Negaunee,certified-medication-aide-per-diem-prn-negaunee-mi,25.20,cma
Nehalem,certified-medication-aide-per-diem-prn-nehalem-or,26.10,cma
Nephi,certified-medication-aide-per-diem-prn-nephi-ut,25.35,cma
Neptune,certified-medication-aide-per-diem-prn-neptune-nj,25.66,cma
Neptune Beach,certified-medication-aide-per-diem-prn-neptune-beach-fl,25.40,cma
Ness City,certified-medication-aide-per-diem-prn-ness-city-ks,25.85,cma
Nevada City,certified-medication-aide-per-diem-prn-nevada-city-ca,26.18,cma
Nevada City,certified-medication-aide-per-diem-prn-nevada-city-nv,26.00,cma
New Albany,certified-medication-aide-per-diem-prn-new-albany-in,25.10,cma
New Bedford,certified-medication-aide-per-diem-prn-new-bedford-ma,25.65,cma
New Berlin,certified-medication-aide-per-diem-prn-new-berlin-wi,25.40,cma
New Boston,certified-medication-aide-per-diem-prn-new-boston-tx,25.30,cma
New Braunfels,certified-medication-aide-per-diem-prn-new-braunfels-tx,25.45,cma
New Britain,certified-medication-aide-per-diem-prn-new-britain-ct,25.57,cma
New Caney,certified-medication-aide-per-diem-prn-new-caney-tx,25.68,cma
New Castle,certified-medication-aide-per-diem-prn-new-castle-in,25.22,cma
New Glarus,certified-medication-aide-per-diem-prn-new-glarus-wi,25.67,cma
New Hampton,certified-medication-aide-per-diem-prn-new-hampton-ia,25.48,cma
New Haven,certified-medication-aide-per-diem-prn-new-haven-ct,25.53,cma
New Holland,certified-medication-aide-per-diem-prn-new-holland-pa,25.92,cma
New Holstein,certified-medication-aide-per-diem-prn-new-holstein-wi,25.77,cma
New Iberia,certified-medication-aide-per-diem-prn-new-iberia-la,25.23,cma
New Lenox,certified-medication-aide-per-diem-prn-new-lenox-il,25.93,cma
New Lisbon,certified-medication-aide-per-diem-prn-new-lisbon-wi,25.38,cma
New London,certified-medication-aide-per-diem-prn-new-london-nh,26.13,cma
New Orleans,certified-medication-aide-per-diem-prn-new-orleans-la,25.87,cma
New Orleans Mid-City,certified-medication-aide-per-diem-prn-new-orleans-mid-city-la,25.03,cma
New Plymouth,certified-medication-aide-per-diem-prn-new-plymouth-id,25.96,cma
New Port Richey,certified-medication-aide-per-diem-prn-new-port-richey-fl,25.41,cma
New Providence,certified-medication-aide-per-diem-prn-new-providence-nj,25.61,cma
NEW PRT RCHY,certified-medication-aide-per-diem-prn-new-prt-rchy-fl,25.99,cma
New Richmond,certified-medication-aide-per-diem-prn-new-richmond-wi,25.47,cma
New Rochelle,certified-medication-aide-per-diem-prn-new-rochelle-ny,25.78,cma
New Smyrna Beach,certified-medication-aide-per-diem-prn-new-smyrna-beach-fl,25.32,cma
New Town,certified-medication-aide-per-diem-prn-new-town-nd,25.61,cma
New york,certified-medication-aide-per-diem-prn-new-york-ny,25.43,cma
New York City,certified-medication-aide-per-diem-prn-new-york-city-ny,34.46,cma
Newark,certified-medication-aide-per-diem-prn-newark-oh,25.45,cma
Newark DE,certified-medication-aide-per-diem-prn-newark-de,25.64,cma
Newark NJ,certified-medication-aide-per-diem-prn-newark-nj,25.68,cma
Newberg,certified-medication-aide-per-diem-prn-newberg-or,25.37,cma
Newberry,certified-medication-aide-per-diem-prn-newberry-sc,25.25,cma
Newburyport,certified-medication-aide-per-diem-prn-newburyport-ma,26.18,cma
Newgulf,certified-medication-aide-per-diem-prn-newgulf-tx,25.50,cma
Newman,certified-medication-aide-per-diem-prn-newman-ca,25.75,cma
Newnan,certified-medication-aide-per-diem-prn-newnan-ga,25.03,cma
Newport,certified-medication-aide-per-diem-prn-newport-ri,26.10,cma
Newport News,certified-medication-aide-per-diem-prn-newport-news-va,25.32,cma
Newport OR,certified-medication-aide-per-diem-prn-newport-or,25.20,cma
Newport VT,certified-medication-aide-per-diem-prn-newport-vt,25.35,cma
Newton,certified-medication-aide-per-diem-prn-newton-ma,25.99,cma
Newton,certified-medication-aide-per-diem-prn-newton-tx,25.40,cma
Newville,certified-medication-aide-per-diem-prn-newville-pa,25.66,cma
Niceville,certified-medication-aide-per-diem-prn-niceville-fl,25.85,cma
Nicholasville,certified-medication-aide-per-diem-prn-nicholasville-ky,25.92,cma
Nisswa,certified-medication-aide-per-diem-prn-nisswa-mn,26.00,cma
Nixa,certified-medication-aide-per-diem-prn-nixa-mo,26.18,cma
Nixon NV,certified-medication-aide-per-diem-prn-nixon-nv,25.30,cma
Nixon TX,certified-medication-aide-per-diem-prn-nixon-tx,25.45,cma
Noblesville,certified-medication-aide-per-diem-prn-noblesville-in,25.61,cma
Nocona,certified-medication-aide-per-diem-prn-nocona-tx,25.57,cma
Nogales,certified-medication-aide-per-diem-prn-nogales-az,25.68,cma
Nokomis,certified-medication-aide-per-diem-prn-nokomis-fl,25.22,cma
Nome,certified-medication-aide-per-diem-prn-nome-ak,25.67,cma
Norfolk,certified-medication-aide-per-diem-prn-norfolk-va,25.49,cma
Norfolk NE,certified-medication-aide-per-diem-prn-norfolk-ne,25.48,cma
Normal,certified-medication-aide-per-diem-prn-normal-il,25.32,cma
Norman OK,certified-medication-aide-per-diem-prn-norman-ok,25.77,cma
Norristown,certified-medication-aide-per-diem-prn-norristown-pa,25.87,cma
North Augusta,certified-medication-aide-per-diem-prn-north-augusta-sc,25.74,cma
North Bay Village,certified-medication-aide-per-diem-prn-north-bay-village-fl,25.93,cma
North Bend,certified-medication-aide-per-diem-prn-north-bend-or,25.38,cma
North Bend,certified-medication-aide-per-diem-prn-north-bend-wa,26.13,cma
North Bergen,certified-medication-aide-per-diem-prn-north-bergen-nj,25.87,cma
North Bethesda,certified-medication-aide-per-diem-prn-north-bethesda-md,25.96,cma
North Brunswick,certified-medication-aide-per-diem-prn-north-brunswick-nj,25.96,cma
North Charleston,certified-medication-aide-per-diem-prn-north-charleston-sc,25.41,cma
North East,certified-medication-aide-per-diem-prn-north-east-md,25.47,cma
North Fayette Township,certified-medication-aide-per-diem-prn-north-fayette-township-pa,25.64,cma
North Fort Myers,certified-medication-aide-per-diem-prn-north-fort-myers-fl,25.74,cma
North Haven,certified-medication-aide-per-diem-prn-north-haven-ct,25.32,cma
North Hempstead,certified-medication-aide-per-diem-prn-north-hempstead-ny,25.14,cma
North Hollywood,certified-medication-aide-per-diem-prn-north-hollywood-ca-7036f,25.61,cma
North Huntingdon,certified-medication-aide-per-diem-prn-north-huntingdon-pa,26.00,cma
North Kingstown,certified-medication-aide-per-diem-prn-north-kingstown-ri,25.14,cma
North Lakes,certified-medication-aide-per-diem-prn-north-lakes-ak,25.87,cma
North Las Vegas,certified-medication-aide-per-diem-prn-north-las-vegas-nv,26.11,cma
North Lauderdale,certified-medication-aide-per-diem-prn-north-lauderdale-fl,25.99,cma
North Liberty,certified-medication-aide-per-diem-prn-north-liberty-ia,25.93,cma
North Little Rock,certified-medication-aide-per-diem-prn-north-little-rock-ar,25.85,cma
North Logan,certified-medication-aide-per-diem-prn-north-logan-ut,25.43,cma
North Manchester,certified-medication-aide-per-diem-prn-north-manchester-in,25.64,cma
North Miami,certified-medication-aide-per-diem-prn-north-miami-fl,25.37,cma
North Miami Beach,certified-medication-aide-per-diem-prn-north-miami-beach-fl,25.78,cma
North Olmsted,certified-medication-aide-per-diem-prn-north-olmsted-oh,25.25,cma
North Palm Beach,certified-medication-aide-per-diem-prn-north-palm-beach-fl,26.18,cma
North Platte,certified-medication-aide-per-diem-prn-north-platte-ne,25.50,cma
North Port,certified-medication-aide-per-diem-prn-north-port-fl,25.75,cma
North Providence,certified-medication-aide-per-diem-prn-north-providence-ri,25.20,cma
North Richland Hills,certified-medication-aide-per-diem-prn-north-richland-hills-tx,26.10,cma
North Ridgeville,certified-medication-aide-per-diem-prn-north-ridgeville-oh,25.78,cma
North Royalton,certified-medication-aide-per-diem-prn-north-royalton-oh,25.61,cma
Northbrook IL,certified-medication-aide-per-diem-prn-northbrook-il,25.35,cma
Northfield,certified-medication-aide-per-diem-prn-northfield-vt,26.13,cma
Northglenn,certified-medication-aide-per-diem-prn-northglenn-co,25.40,cma
Northport,certified-medication-aide-per-diem-prn-northport-al,25.66,cma
Northwood,certified-medication-aide-per-diem-prn-northwood-ia,25.38,cma
Norton,certified-medication-aide-per-diem-prn-norton-ma,25.66,cma
Norton,certified-medication-aide-per-diem-prn-norton-va,25.85,cma
Norwalk,certified-medication-aide-per-diem-prn-norwalk-ct,26.00,cma
Norway Norway,certified-medication-aide-per-diem-prn-norway-norway-me,26.18,cma
Norwich,certified-medication-aide-per-diem-prn-norwich-ct,25.59,cma
Norwood,certified-medication-aide-per-diem-prn-norwood-co,25.30,cma
Norwood,certified-medication-aide-per-diem-prn-norwood-nj,25.45,cma
Novi city,certified-medication-aide-per-diem-prn-novi-city-mi,25.54,cma
Nyssa,certified-medication-aide-per-diem-prn-nyssa-or,25.57,cma
O Fallon,certified-medication-aide-per-diem-prn-o-fallon-il,25.68,cma
O'Fallon MO,certified-medication-aide-per-diem-prn-ofallon-mo,25.10,cma
Oak Brook IL,certified-medication-aide-per-diem-prn-oak-brook-il,25.22,cma
Oak Creek,certified-medication-aide-per-diem-prn-oak-creek-wi,25.22,cma
Oak Hill,certified-medication-aide-per-diem-prn-oak-hill-fl,25.67,cma
Oak Lawn,certified-medication-aide-per-diem-prn-oak-lawn-il,25.64,cma
Oak Park,certified-medication-aide-per-diem-prn-oak-park-il,25.49,cma
Oak Point,certified-medication-aide-per-diem-prn-oak-point-tx,25.48,cma
Oak Ridge TN,certified-medication-aide-per-diem-prn-oak-ridge-tn,25.53,cma
Oakland,certified-medication-aide-per-diem-prn-oakland-ca,25.77,cma
Oakland Park,certified-medication-aide-per-diem-prn-oakland-park-fl,25.93,cma
Oakley,certified-medication-aide-per-diem-prn-oakley-ut,25.38,cma
Oakridge,certified-medication-aide-per-diem-prn-oakridge-or,26.13,cma
Oakville,certified-medication-aide-per-diem-prn-oakville-mo,25.95,cma
Oberlin,certified-medication-aide-per-diem-prn-oberlin-la,25.87,cma
Ocala FL,certified-medication-aide-per-diem-prn-ocala-fl,25.96,cma
Ocean Grove,certified-medication-aide-per-diem-prn-ocean-grove-nj,25.41,cma
Ocean Shores,certified-medication-aide-per-diem-prn-ocean-shores-wa,25.47,cma
Oceanside,certified-medication-aide-per-diem-prn-oceanside-ca,25.68,cma
Ocoee,certified-medication-aide-per-diem-prn-ocoee-fl,25.32,cma
Odenton,certified-medication-aide-per-diem-prn-odenton-md,25.41,cma
Odessa FL,certified-medication-aide-per-diem-prn-odessa-fl,25.61,cma
Odessa TX,certified-medication-aide-per-diem-prn-odessa-tx,26.11,cma
Ogden,certified-medication-aide-per-diem-prn-ogden-ut,25.22,cma
Okeechobee,certified-medication-aide-per-diem-prn-okeechobee-fl,25.64,cma
Oklahoma City,certified-medication-aide-per-diem-prn-oklahoma-city-ok,26.34,cma
Oklahoma City Central Oklahoma City,certified-medication-aide-per-diem-prn-oklahoma-city-central-oklahoma-city-ok,25.64,cma
Oklahoma City Northwest Oklahoma City,certified-medication-aide-per-diem-prn-oklahoma-city-northwest-oklahoma-city-ok,25.54,cma
Oklahoma City Preston Hills,certified-medication-aide-per-diem-prn-oklahoma-city-preston-hills-ok,25.83,cma
Oklahoma City Rock Knoll,certified-medication-aide-per-diem-prn-oklahoma-city-rock-knoll-ok,25.68,cma
Olathe,certified-medication-aide-per-diem-prn-olathe-co,26.18,cma
Olathe,certified-medication-aide-per-diem-prn-olathe-ks,25.74,cma
Old Jamestown,certified-medication-aide-per-diem-prn-old-jamestown-mo,26.11,cma
Oldsmar,certified-medication-aide-per-diem-prn-oldsmar-fl,25.25,cma
Olive Branch,certified-medication-aide-per-diem-prn-olive-branch-ms,25.57,cma
Olmito,certified-medication-aide-per-diem-prn-olmito-tx,26.18,cma
Olney,certified-medication-aide-per-diem-prn-olney-md,25.50,cma
Olney,certified-medication-aide-per-diem-prn-olney-tx,25.75,cma
Olton,certified-medication-aide-per-diem-prn-olton-tx,25.20,cma
Olympia WA,certified-medication-aide-per-diem-prn-olympia-wa,26.10,cma
Omaha,certified-medication-aide-per-diem-prn-omaha-ne,25.35,cma
Oneonta,certified-medication-aide-per-diem-prn-oneonta-ny,25.40,cma
Ontario,certified-medication-aide-per-diem-prn-ontario-ca,25.66,cma
Ontario OR,certified-medication-aide-per-diem-prn-ontario-or,25.85,cma
Opa Locka,certified-medication-aide-per-diem-prn-opa-locka-fl,26.00,cma
Opelika,certified-medication-aide-per-diem-prn-opelika-al,25.85,cma
Oracle,certified-medication-aide-per-diem-prn-oracle-az,25.30,cma
Oradell,certified-medication-aide-per-diem-prn-oradell-nj,25.45,cma
Orange,certified-medication-aide-per-diem-prn-orange-tx,25.48,cma
Orange City,certified-medication-aide-per-diem-prn-orange-city-fl,25.57,cma
Orange City Orangedale,certified-medication-aide-per-diem-prn-orange-city-orangedale-fl,25.74,cma
Orange County CA,certified-medication-aide-per-diem-prn-orange-county-ca,25.68,cma
Orange NJ,certified-medication-aide-per-diem-prn-orange-nj,25.22,cma
Orange Park,certified-medication-aide-per-diem-prn-orange-park-fl,25.67,cma
Orangeburg,certified-medication-aide-per-diem-prn-orangeburg-nj,25.53,cma
Ordway,certified-medication-aide-per-diem-prn-ordway-co,25.77,cma
Oregon City,certified-medication-aide-per-diem-prn-oregon-city-or,25.93,cma
Oregon City Rivercrest,certified-medication-aide-per-diem-prn-oregon-city-rivercrest-or,25.32,cma
Oregon OH,certified-medication-aide-per-diem-prn-oregon-oh,25.95,cma
Orem,certified-medication-aide-per-diem-prn-orem-ut,25.38,cma
Orem Hillcrest,certified-medication-aide-per-diem-prn-orem-hillcrest-ut,25.40,cma
Orem Orchard South,certified-medication-aide-per-diem-prn-orem-orchard-south-ut,26.10,cma
Orem Orem Park,certified-medication-aide-per-diem-prn-orem-orem-park-ut,25.10,cma
Orinda Claremont,certified-medication-aide-per-diem-prn-orinda-claremont-ca,25.75,cma
Orland Park,certified-medication-aide-per-diem-prn-orland-park-il,25.43,cma
Orlando FL,certified-medication-aide-per-diem-prn-orlando-fl,26.13,cma
Orlando Windhover,certified-medication-aide-per-diem-prn-orlando-windhover-fl,25.14,cma
Ormond Beach,certified-medication-aide-per-diem-prn-ormond-beach-fl,25.87,cma
Oro Valley AZ,certified-medication-aide-per-diem-prn-oro-valley-az,25.96,cma
Orofino,certified-medication-aide-per-diem-prn-orofino-id,25.41,cma
Osage,certified-medication-aide-per-diem-prn-osage-ia,25.37,cma
Osage Beach,certified-medication-aide-per-diem-prn-osage-beach-mo,25.47,cma
Oshkosh,certified-medication-aide-per-diem-prn-oshkosh-wi,25.32,cma
Osprey,certified-medication-aide-per-diem-prn-osprey-fl,25.61,cma
Osseo,certified-medication-aide-per-diem-prn-osseo-wi,26.11,cma
Oswego,certified-medication-aide-per-diem-prn-oswego-ny,25.43,cma
Othello WA,certified-medication-aide-per-diem-prn-othello-wa,25.64,cma
Otis,certified-medication-aide-per-diem-prn-otis-or,25.78,cma
Ottumwa,certified-medication-aide-per-diem-prn-ottumwa-ia,25.77,cma
Overgaard,certified-medication-aide-per-diem-prn-overgaard-az,25.37,cma
Overland Park,certified-medication-aide-per-diem-prn-overland-park-ks,25.03,cma
Overton,certified-medication-aide-per-diem-prn-overton-tx,25.25,cma
Oviedo,certified-medication-aide-per-diem-prn-oviedo-fl,26.18,cma
Owasso,certified-medication-aide-per-diem-prn-owasso-ok,25.57,cma
Owensboro,certified-medication-aide-per-diem-prn-owensboro-ky,25.85,cma
Owyhee,certified-medication-aide-per-diem-prn-owyhee-nv,25.50,cma
Oxford,certified-medication-aide-per-diem-prn-oxford-al,25.93,cma
Oxford,certified-medication-aide-per-diem-prn-oxford-fl,25.75,cma
Oxford,certified-medication-aide-per-diem-prn-oxford-ms,25.20,cma
Oxford,certified-medication-aide-per-diem-prn-oxford-pa,26.10,cma
Oxford OH,certified-medication-aide-per-diem-prn-oxford-oh,25.68,cma
Oxnard,certified-medication-aide-per-diem-prn-oxnard-ca,25.03,cma
Oyster Bay,certified-medication-aide-per-diem-prn-oyster-bay-ny,25.99,cma
Ozark,certified-medication-aide-per-diem-prn-ozark-mo,25.64,cma
Ozona,certified-medication-aide-per-diem-prn-ozona-tx,25.35,cma
Pace,certified-medication-aide-per-diem-prn-pace-fl,25.40,cma
Pacific City,certified-medication-aide-per-diem-prn-pacific-city-or,25.66,cma
Paducah,certified-medication-aide-per-diem-prn-paducah-ky,25.03,cma
Page,certified-medication-aide-per-diem-prn-page-az,25.85,cma
Pagosa Springs,certified-medication-aide-per-diem-prn-pagosa-springs-co,26.00,cma
Pahala,certified-medication-aide-per-diem-prn-pahala-hi,25.30,cma
Pahokee,certified-medication-aide-per-diem-prn-pahokee-fl,25.45,cma
Pahrump,certified-medication-aide-per-diem-prn-pahrump-nv,25.57,cma
Painesville,certified-medication-aide-per-diem-prn-painesville-oh,25.10,cma
Palacios,certified-medication-aide-per-diem-prn-palacios-tx,25.68,cma
Palatine,certified-medication-aide-per-diem-prn-palatine-il,25.61,cma
Palatka,certified-medication-aide-per-diem-prn-palatka-fl,25.22,cma
Palestine,certified-medication-aide-per-diem-prn-palestine-tx,25.67,cma
Palisade,certified-medication-aide-per-diem-prn-palisade-co,25.48,cma
Palm Bay FL,certified-medication-aide-per-diem-prn-palm-bay-fl,25.53,cma
Palm Beach,certified-medication-aide-per-diem-prn-palm-beach-fl,25.77,cma
Palm Beach Gardens,certified-medication-aide-per-diem-prn-palm-beach-gardens-fl,25.93,cma
Palm City,certified-medication-aide-per-diem-prn-palm-city-fl,25.38,cma
Palm Coast,certified-medication-aide-per-diem-prn-palm-coast-fl,26.13,cma
Palm Harbor,certified-medication-aide-per-diem-prn-palm-harbor-fl,25.87,cma
Palm Springs,certified-medication-aide-per-diem-prn-palm-springs-fl,25.96,cma
Palmdale,certified-medication-aide-per-diem-prn-palmdale-ca,25.44,cma
Palmer,certified-medication-aide-per-diem-prn-palmer-tx,25.41,cma
Palmetto,certified-medication-aide-per-diem-prn-palmetto-fl,25.32,cma
Palmetto Bay,certified-medication-aide-per-diem-prn-palmetto-bay-fl,25.47,cma
Palmhurst,certified-medication-aide-per-diem-prn-palmhurst-tx,25.61,cma
Palmview,certified-medication-aide-per-diem-prn-palmview-tx,26.11,cma
Palo Alto,certified-medication-aide-per-diem-prn-palo-alto-ca,25.43,cma
Pampa,certified-medication-aide-per-diem-prn-pampa-tx,25.64,cma
Panacea,certified-medication-aide-per-diem-prn-panacea-fl,25.78,cma
Panama City,certified-medication-aide-per-diem-prn-panama-city-fl,25.25,cma
Panama City Beach,certified-medication-aide-per-diem-prn-panama-city-beach-fl,25.37,cma
Panguitch,certified-medication-aide-per-diem-prn-panguitch-ut,26.18,cma
Pantego,certified-medication-aide-per-diem-prn-pantego-tx,25.50,cma
Paonia,certified-medication-aide-per-diem-prn-paonia-co,25.75,cma
Papillion,certified-medication-aide-per-diem-prn-papillion-ne,25.14,cma
Parachute,certified-medication-aide-per-diem-prn-parachute-co,25.20,cma
Paradise,certified-medication-aide-per-diem-prn-paradise-nv,25.36,cma
Paragould,certified-medication-aide-per-diem-prn-paragould-ar,25.23,cma
Paramus,certified-medication-aide-per-diem-prn-paramus-nj,26.10,cma
Paris,certified-medication-aide-per-diem-prn-paris-tx,25.35,cma
Paris South Paris,certified-medication-aide-per-diem-prn-paris-south-paris-me,25.25,cma
Park City,certified-medication-aide-per-diem-prn-park-city-ut,25.40,cma
Park Forest IL,certified-medication-aide-per-diem-prn-park-forest-il,25.66,cma
Park River,certified-medication-aide-per-diem-prn-park-river-nd,25.85,cma
Parker AZ,certified-medication-aide-per-diem-prn-parker-az,26.00,cma
Parker CO,certified-medication-aide-per-diem-prn-parker-co,25.30,cma
Parkersburg,certified-medication-aide-per-diem-prn-parkersburg-wv,25.44,cma
Parkland,certified-medication-aide-per-diem-prn-parkland-fl,25.45,cma
Parkville MD,certified-medication-aide-per-diem-prn-parkville-md,25.57,cma
Parma,certified-medication-aide-per-diem-prn-parma-oh,25.77,cma
Parma Heights,certified-medication-aide-per-diem-prn-parma-heights-oh,25.23,cma
Parowan,certified-medication-aide-per-diem-prn-parowan-ut,25.68,cma
Parrish,certified-medication-aide-per-diem-prn-parrish-fl,25.22,cma
Parsons,certified-medication-aide-per-diem-prn-parsons-tn-3bd68,25.67,cma
Pasadena,certified-medication-aide-per-diem-prn-pasadena-tx,25.53,cma
Pasadena CA,certified-medication-aide-per-diem-prn-pasadena-ca,25.48,cma
Pasadenaa TX,certified-medication-aide-per-diem-prn-pasadenaa-tx,25.77,cma
Pascagoula,certified-medication-aide-per-diem-prn-pascagoula-ms,25.54,cma
Pasco WA,certified-medication-aide-per-diem-prn-pasco-wa,25.93,cma
Passaic,certified-medication-aide-per-diem-prn-passaic-nj,25.38,cma
Patagonia,certified-medication-aide-per-diem-prn-patagonia-az,26.13,cma
Patchogue,certified-medication-aide-per-diem-prn-patchogue-ny,25.87,cma
Paterson,certified-medication-aide-per-diem-prn-paterson-nj,25.96,cma
Pattison,certified-medication-aide-per-diem-prn-pattison-tx,25.41,cma
Pawtucket,certified-medication-aide-per-diem-prn-pawtucket-ri,25.61,cma
Payette,certified-medication-aide-per-diem-prn-payette-id,25.47,cma
Paynesville,certified-medication-aide-per-diem-prn-paynesville-mn,25.32,cma
Payson AZ,certified-medication-aide-per-diem-prn-payson-az,25.61,cma
Payson UT,certified-medication-aide-per-diem-prn-payson-ut,26.11,cma
Peabody,certified-medication-aide-per-diem-prn-peabody-ma,25.00,cma
Peachtree City,certified-medication-aide-per-diem-prn-peachtree-city-ga,25.23,cma
Peachtree Corners,certified-medication-aide-per-diem-prn-peachtree-corners-ga,26.31,cma
Pearblossom,certified-medication-aide-per-diem-prn-pearblossom-ca,25.43,cma
Pearce,certified-medication-aide-per-diem-prn-pearce-az,25.64,cma
Pearl,certified-medication-aide-per-diem-prn-pearl-ms,25.65,cma
Pearl City,certified-medication-aide-per-diem-prn-pearl-city-hi,25.20,cma
Pearland,certified-medication-aide-per-diem-prn-pearland-tx,25.78,cma
Pearsall,certified-medication-aide-per-diem-prn-pearsall-tx,25.37,cma
Pecos,certified-medication-aide-per-diem-prn-pecos-tx,26.18,cma
Pekin,certified-medication-aide-per-diem-prn-pekin-il,25.25,cma
Pelham,certified-medication-aide-per-diem-prn-pelham-al,25.30,cma
Pella,certified-medication-aide-per-diem-prn-pella-ia,26.18,cma
Pembroke Pines,certified-medication-aide-per-diem-prn-pembroke-pines-fl,25.50,cma
Pendleton,certified-medication-aide-per-diem-prn-pendleton-or,25.75,cma
Penitas,certified-medication-aide-per-diem-prn-penitas-tx,25.20,cma
Penn Hills,certified-medication-aide-per-diem-prn-penn-hills-pa,25.61,cma
Pennington Gap,certified-medication-aide-per-diem-prn-pennington-gap-va,26.10,cma
Pensacola FL,certified-medication-aide-per-diem-prn-pensacola-fl,25.35,cma
Pensacola North Central Pensacola,certified-medication-aide-per-diem-prn-pensacola-north-central-pensacola-fl,25.65,cma
Peoria AZ,certified-medication-aide-per-diem-prn-peoria-az,25.40,cma
Peoria IL,certified-medication-aide-per-diem-prn-peoria-il,25.67,cma
Peridot,certified-medication-aide-per-diem-prn-peridot-az,25.85,cma
Perrine,certified-medication-aide-per-diem-prn-perrine-fl,26.00,cma
Perry,certified-medication-aide-per-diem-prn-perry-fl,25.30,cma
Perrysburg,certified-medication-aide-per-diem-prn-perrysburg-oh,25.25,cma
Perryton,certified-medication-aide-per-diem-prn-perryton-tx,25.45,cma
Perryville,certified-medication-aide-per-diem-prn-perryville-ky,25.57,cma
Petaluma,certified-medication-aide-per-diem-prn-petaluma-ca,25.68,cma
Peterborough,certified-medication-aide-per-diem-prn-peterborough-nh,25.22,cma
Petoskey,certified-medication-aide-per-diem-prn-petoskey-mi,25.67,cma
Peyton,certified-medication-aide-per-diem-prn-peyton-co,25.48,cma
Pflugerville,certified-medication-aide-per-diem-prn-pflugerville-tx,25.53,cma
Pharr,certified-medication-aide-per-diem-prn-pharr-tx,25.77,cma
Phenix City,certified-medication-aide-per-diem-prn-phenix-city-al-033c0,25.93,cma
Philadelphia North Philadelphia,certified-medication-aide-per-diem-prn-philadelphia-north-philadelphia-pa,25.00,cma
Philadelphia Northeast Philadelphia,certified-medication-aide-per-diem-prn-philadelphia-northeast-philadelphia-pa,25.43,cma
Philadelphia PA,certified-medication-aide-per-diem-prn-philadelphia-pa,34.75,cma
Phillipsburg,certified-medication-aide-per-diem-prn-phillipsburg-ks,26.13,cma
Phoenix,certified-medication-aide-per-diem-prn-phoenix-az,25.48,cma
Phoenix Camelback East Village,certified-medication-aide-per-diem-prn-phoenix-camelback-east-village-az,25.57,cma
Phoenix Deer Valley,certified-medication-aide-per-diem-prn-phoenix-deer-valley-az,25.92,cma
Phoenix Denali Financial Center,certified-medication-aide-per-diem-prn-phoenix-denali-financial-center-az,25.61,cma
Phoenix Estrella Village,certified-medication-aide-per-diem-prn-phoenix-estrella-village-az,25.99,cma
Phoenix Midtown,certified-medication-aide-per-diem-prn-phoenix-midtown-az,25.38,cma
Phoenix North Mountain Village,certified-medication-aide-per-diem-prn-phoenix-north-mountain-village-az,25.50,cma
Phoenix Paradise Valley Village,certified-medication-aide-per-diem-prn-phoenix-paradise-valley-village-az,25.61,cma
Pickerington,certified-medication-aide-per-diem-prn-pickerington-oh,25.54,cma
Pierce,certified-medication-aide-per-diem-prn-pierce-id,25.96,cma
Pierceton,certified-medication-aide-per-diem-prn-pierceton-in,25.41,cma
Pierre,certified-medication-aide-per-diem-prn-pierre-sd,25.03,cma
Pierson,certified-medication-aide-per-diem-prn-pierson-fl,25.47,cma
Pigeon,certified-medication-aide-per-diem-prn-pigeon-mi,25.32,cma
Pikeville,certified-medication-aide-per-diem-prn-pikeville-ky,25.61,cma
Pilot Point,certified-medication-aide-per-diem-prn-pilot-point-tx,26.11,cma
Pine Bluff,certified-medication-aide-per-diem-prn-pine-bluff-ar,25.95,cma
Pine Hills,certified-medication-aide-per-diem-prn-pine-hills-fl,25.54,cma
Pineland,certified-medication-aide-per-diem-prn-pineland-tx,25.43,cma
Pinellas Park,certified-medication-aide-per-diem-prn-pinellas-park-fl,25.64,cma
Pipestone,certified-medication-aide-per-diem-prn-pipestone-mn,25.78,cma
Piqua,certified-medication-aide-per-diem-prn-piqua-oh,25.99,cma
Pittsburg,certified-medication-aide-per-diem-prn-pittsburg-ks,25.23,cma
Pittsburg,certified-medication-aide-per-diem-prn-pittsburg-tx,25.37,cma
Pittsburgh PA,certified-medication-aide-per-diem-prn-pittsburgh-pa,25.25,cma
Pittsfield,certified-medication-aide-per-diem-prn-pittsfield-ma,26.18,cma
Plainfield,certified-medication-aide-per-diem-prn-plainfield-ct,25.50,cma
Plainfield,certified-medication-aide-per-diem-prn-plainfield-in,25.23,cma
Plains,certified-medication-aide-per-diem-prn-plains-tx,25.75,cma
Plainview,certified-medication-aide-per-diem-prn-plainview-tx,25.20,cma
Plano,certified-medication-aide-per-diem-prn-plano-tx,26.10,cma
Plant City,certified-medication-aide-per-diem-prn-plant-city-fl,25.35,cma
Plantation,certified-medication-aide-per-diem-prn-plantation-fl,25.40,cma
Plantation City,certified-medication-aide-per-diem-prn-plantation-city-fl,25.47,cma
Platte,certified-medication-aide-per-diem-prn-platte-sd,25.66,cma
Pleasant Grove,certified-medication-aide-per-diem-prn-pleasant-grove-ut,25.85,cma
Pleasant View,certified-medication-aide-per-diem-prn-pleasant-view-ut,26.00,cma
Pleasanton,certified-medication-aide-per-diem-prn-pleasanton-tx,25.30,cma
Pleasantville,certified-medication-aide-per-diem-prn-pleasantville-tn,25.57,cma
Pleasantville NJ,certified-medication-aide-per-diem-prn-pleasantville-nj,25.45,cma
Plentywood,certified-medication-aide-per-diem-prn-plentywood-mt,25.68,cma
Plum borough,certified-medication-aide-per-diem-prn-plum-borough-pa,25.85,cma
Plummer,certified-medication-aide-per-diem-prn-plummer-id,25.22,cma
Plymouth,certified-medication-aide-per-diem-prn-plymouth-ma,25.61,cma
Plymouth,certified-medication-aide-per-diem-prn-plymouth-mn,25.66,cma
Plymouth,certified-medication-aide-per-diem-prn-plymouth-nh,25.67,cma
Pocatello ID,certified-medication-aide-per-diem-prn-pocatello-id,25.48,cma
Poinciana,certified-medication-aide-per-diem-prn-poinciana-fl,25.95,cma
Polacca,certified-medication-aide-per-diem-prn-polacca-az,25.53,cma
Pompano Beach,certified-medication-aide-per-diem-prn-pompano-beach-fl,25.77,cma
Ponca City,certified-medication-aide-per-diem-prn-ponca-city-ok,25.03,cma
Ponderay,certified-medication-aide-per-diem-prn-ponderay-id,25.93,cma
Ponte Vedra,certified-medication-aide-per-diem-prn-ponte-vedra-fl,26.13,cma
Ponte Vedra Beach,certified-medication-aide-per-diem-prn-ponte-vedra-beach-fl,25.38,cma
Pontiac IL,certified-medication-aide-per-diem-prn-pontiac-il,25.87,cma
Pontiac MI,certified-medication-aide-per-diem-prn-pontiac-mi,25.96,cma
Port Angeles,certified-medication-aide-per-diem-prn-port-angeles-wa,25.41,cma
Port Arthur,certified-medication-aide-per-diem-prn-port-arthur-tx,25.47,cma
Port Bolivar,certified-medication-aide-per-diem-prn-port-bolivar-tx,25.32,cma
Port Charlotte FL,certified-medication-aide-per-diem-prn-port-charlotte-fl,25.61,cma
Port Huron,certified-medication-aide-per-diem-prn-port-huron-mi,26.11,cma
Port Isabel,certified-medication-aide-per-diem-prn-port-isabel-tx,25.43,cma
Port Lavaca,certified-medication-aide-per-diem-prn-port-lavaca-tx,25.64,cma
Port Murray,certified-medication-aide-per-diem-prn-port-murray-nj,25.78,cma
Port Orange,certified-medication-aide-per-diem-prn-port-orange-fl,25.37,cma
Port Orford,certified-medication-aide-per-diem-prn-port-orford-or,25.25,cma
Port Richey,certified-medication-aide-per-diem-prn-port-richey-fl,26.18,cma
Port Saint Joe,certified-medication-aide-per-diem-prn-port-saint-joe-fl,25.50,cma
Port Saint Lucie,certified-medication-aide-per-diem-prn-port-saint-lucie-fl,25.75,cma
Port St. Lucie,certified-medication-aide-per-diem-prn-port-st-lucie-fl,25.03,cma
Portage,certified-medication-aide-per-diem-prn-portage-in,25.36,cma
Porter,certified-medication-aide-per-diem-prn-porter-tx,25.20,cma
Portland Creston - Kenilworth,certified-medication-aide-per-diem-prn-portland-creston-kenilworth-or,25.85,cma
Portland Cully,certified-medication-aide-per-diem-prn-portland-cully-or,25.99,cma
Portland Hazelwood,certified-medication-aide-per-diem-prn-portland-hazelwood-or,25.03,cma
Portland ME,certified-medication-aide-per-diem-prn-portland-me,25.25,cma
Portland Northeast Portland,certified-medication-aide-per-diem-prn-portland-northeast-portland-or,25.65,cma
Portland Northwest Portland,certified-medication-aide-per-diem-prn-portland-northwest-portland-or,25.99,cma
Portland OR,certified-medication-aide-per-diem-prn-portland-or,25.47,cma
Portland Powellhurst-Gilbert,certified-medication-aide-per-diem-prn-portland-powellhurst-gilbert-or,25.57,cma
Portland Wilkes Community Group,certified-medication-aide-per-diem-prn-portland-wilkes-community-group-or,25.47,cma
Portola Valley,certified-medication-aide-per-diem-prn-portola-valley-ca,25.40,cma
Portsmouth,certified-medication-aide-per-diem-prn-portsmouth-va,25.85,cma
Portsmouth NH,certified-medication-aide-per-diem-prn-portsmouth-nh,25.66,cma
Post,certified-medication-aide-per-diem-prn-post-tx,26.00,cma
Post Falls,certified-medication-aide-per-diem-prn-post-falls-id,25.85,cma
Poteet,certified-medication-aide-per-diem-prn-poteet-tx,25.30,cma
Poth,certified-medication-aide-per-diem-prn-poth-tx,25.45,cma
Potlatch,certified-medication-aide-per-diem-prn-potlatch-id,25.57,cma
Potomac,certified-medication-aide-per-diem-prn-potomac-md,25.53,cma
Powell,certified-medication-aide-per-diem-prn-powell-wy,25.77,cma
Powers MI,certified-medication-aide-per-diem-prn-powers-mi,25.68,cma
Powers OR,certified-medication-aide-per-diem-prn-powers-or,25.22,cma
Prairie City,certified-medication-aide-per-diem-prn-prairie-city-or,25.67,cma
Prairie Farm,certified-medication-aide-per-diem-prn-prairie-farm-wi,25.48,cma
Prairie Village,certified-medication-aide-per-diem-prn-prairie-village-ks,25.03,cma
Prairieville,certified-medication-aide-per-diem-prn-prairieville-la,25.14,cma
Prattville,certified-medication-aide-per-diem-prn-prattville-al,25.37,cma
Premont,certified-medication-aide-per-diem-prn-premont-tx,25.53,cma
Prescott,certified-medication-aide-per-diem-prn-prescott-az,25.77,cma
Prescott Valley,certified-medication-aide-per-diem-prn-prescott-valley-az,25.93,cma
Presidio,certified-medication-aide-per-diem-prn-presidio-tx,25.38,cma
Preston,certified-medication-aide-per-diem-prn-preston-id,26.13,cma
Price,certified-medication-aide-per-diem-prn-price-ut,25.87,cma
Priest River,certified-medication-aide-per-diem-prn-priest-river-id,25.96,cma
Primghar,certified-medication-aide-per-diem-prn-primghar-ia,25.41,cma
Prince Frederick,certified-medication-aide-per-diem-prn-prince-frederick-md-b8201,25.47,cma
Princess Anne,certified-medication-aide-per-diem-prn-princess-anne-md,25.32,cma
Princeton,certified-medication-aide-per-diem-prn-princeton-in,25.61,cma
Princeton,certified-medication-aide-per-diem-prn-princeton-nj,26.11,cma
Princeton,certified-medication-aide-per-diem-prn-princeton-wv,25.43,cma
Princeton FL,certified-medication-aide-per-diem-prn-princeton-fl,25.85,cma
Prineville,certified-medication-aide-per-diem-prn-prineville-or,25.64,cma
Prospect,certified-medication-aide-per-diem-prn-prospect-or,25.78,cma
Prospect Heights,certified-medication-aide-per-diem-prn-prospect-heights-ny,25.94,cma
Prosser WA,certified-medication-aide-per-diem-prn-prosser-wa,25.37,cma
Providence RI,certified-medication-aide-per-diem-prn-providence-ri,30.45,cma
Providence UT,certified-medication-aide-per-diem-prn-providence-ut,25.25,cma
Provo,certified-medication-aide-per-diem-prn-provo-ut,26.11,cma
Provo Foot Hills,certified-medication-aide-per-diem-prn-provo-foot-hills-ut,25.74,cma
Pueblo,certified-medication-aide-per-diem-prn-pueblo-co,25.50,cma
Pueblo West,certified-medication-aide-per-diem-prn-pueblo-west-co,25.75,cma
Pulaski,certified-medication-aide-per-diem-prn-pulaski-va,25.20,cma
Pullman,certified-medication-aide-per-diem-prn-pullman-wa,26.10,cma
Punta Gorda,certified-medication-aide-per-diem-prn-punta-gorda-fl,25.35,cma
Puyallup,certified-medication-aide-per-diem-prn-puyallup-wa,25.40,cma
Quanah,certified-medication-aide-per-diem-prn-quanah-tx,25.66,cma
Queen Creek,certified-medication-aide-per-diem-prn-queen-creek-az,25.85,cma
Quincy,certified-medication-aide-per-diem-prn-quincy-ma,25.49,cma
Quincy CA,certified-medication-aide-per-diem-prn-quincy-ca,26.00,cma
Quincy FL,certified-medication-aide-per-diem-prn-quincy-fl,25.30,cma
Quinlan,certified-medication-aide-per-diem-prn-quinlan-tx,25.45,cma
Quitman,certified-medication-aide-per-diem-prn-quitman-tx,25.57,cma
Racine,certified-medication-aide-per-diem-prn-racine-wi,25.78,cma
Radcliff,certified-medication-aide-per-diem-prn-radcliff-ky,25.25,cma
Radnor,certified-medication-aide-per-diem-prn-radnor-pa,25.38,cma
Raleigh,certified-medication-aide-per-diem-prn-raleigh-nc,25.85,cma
Raleigh North Boylan,certified-medication-aide-per-diem-prn-raleigh-north-boylan-nc,25.85,cma
Raleigh North Hills,certified-medication-aide-per-diem-prn-raleigh-north-hills-nc,25.66,cma
Ralls,certified-medication-aide-per-diem-prn-ralls-tx,25.68,cma
Ramapo,certified-medication-aide-per-diem-prn-ramapo-ny,25.23,cma
Rancho Cucamonga,certified-medication-aide-per-diem-prn-rancho-cucamonga-ca-e32ed,25.22,cma
Rancho Mission Viejo,certified-medication-aide-per-diem-prn-rancho-mission-viejo-ca,25.67,cma
Randallstown,certified-medication-aide-per-diem-prn-randallstown-md,25.64,cma
Randolph,certified-medication-aide-per-diem-prn-randolph-vt,25.48,cma
Rangely,certified-medication-aide-per-diem-prn-rangely-co,25.53,cma
Ranger,certified-medication-aide-per-diem-prn-ranger-tx,25.77,cma
Rank,certified-medication-aide-per-diem-prn-rank-de,25.75,cma
Rankin,certified-medication-aide-per-diem-prn-rankin-tx,25.93,cma
Ranshaw,certified-medication-aide-per-diem-prn-ranshaw-pa,25.38,cma
Ranson,certified-medication-aide-per-diem-prn-ranson-wv,26.13,cma
Rapid City,certified-medication-aide-per-diem-prn-rapid-city-sd,25.23,cma
Rathdrum,certified-medication-aide-per-diem-prn-rathdrum-id,25.87,cma
Rawlins,certified-medication-aide-per-diem-prn-rawlins-wy,25.87,cma
Raymond,certified-medication-aide-per-diem-prn-raymond-wa,25.96,cma
Raymondville,certified-medication-aide-per-diem-prn-raymondville-tx,25.41,cma
Raymore,certified-medication-aide-per-diem-prn-raymore-mo,25.32,cma
Raytown,certified-medication-aide-per-diem-prn-raytown-mo,25.54,cma
Reading City,certified-medication-aide-per-diem-prn-reading-city-pa,25.47,cma
Red Cloud,certified-medication-aide-per-diem-prn-red-cloud-ne,25.47,cma
Red Oak,certified-medication-aide-per-diem-prn-red-oak-tx,25.32,cma
Redan,certified-medication-aide-per-diem-prn-redan-ga,25.85,cma
Reddick,certified-medication-aide-per-diem-prn-reddick-fl,25.61,cma
Redding,certified-medication-aide-per-diem-prn-redding-ca,26.11,cma
Redlands South Redlands,certified-medication-aide-per-diem-prn-redlands-south-redlands-ca,25.61,cma
Redmond,certified-medication-aide-per-diem-prn-redmond-or,25.43,cma
Redmond,certified-medication-aide-per-diem-prn-redmond-wa,25.36,cma
Redwood City,certified-medication-aide-per-diem-prn-redwood-city-ca,25.64,cma
Reedsburg,certified-medication-aide-per-diem-prn-reedsburg-wi,25.78,cma
Reedsport,certified-medication-aide-per-diem-prn-reedsport-or,25.37,cma
Refugio,certified-medication-aide-per-diem-prn-refugio-tx,25.25,cma
Reno,certified-medication-aide-per-diem-prn-reno-nv,26.18,cma
Renton,certified-medication-aide-per-diem-prn-renton-wa,25.50,cma
Republic,certified-medication-aide-per-diem-prn-republic-wa,25.75,cma
Reston VA,certified-medication-aide-per-diem-prn-reston-va,25.20,cma
Revere,certified-medication-aide-per-diem-prn-revere-ma,25.23,cma
Rexburg ID,certified-medication-aide-per-diem-prn-rexburg-id,26.10,cma
Reynoldsburg,certified-medication-aide-per-diem-prn-reynoldsburg-oh,25.66,cma
Rhinebeck,certified-medication-aide-per-diem-prn-rhinebeck-ny,25.35,cma
Rib Lake,certified-medication-aide-per-diem-prn-rib-lake-wi,25.40,cma
Riceville,certified-medication-aide-per-diem-prn-riceville-ia,25.66,cma
Richardson,certified-medication-aide-per-diem-prn-richardson-tx,25.85,cma
Richfield,certified-medication-aide-per-diem-prn-richfield-mn,26.13,cma
Richfield,certified-medication-aide-per-diem-prn-richfield-ut,26.00,cma
Richland,certified-medication-aide-per-diem-prn-richland-wa,25.57,cma
Richland Center,certified-medication-aide-per-diem-prn-richland-center-wi,25.30,cma
Richland Hills,certified-medication-aide-per-diem-prn-richland-hills-tx,25.45,cma
Richmond,certified-medication-aide-per-diem-prn-richmond-in,25.99,cma
Richmond,certified-medication-aide-per-diem-prn-richmond-ky,25.47,cma
RICHMOND,certified-medication-aide-per-diem-prn-richmond,25.68,cma
Richmond TX,certified-medication-aide-per-diem-prn-richmond-tx,25.22,cma
Richmond VA,certified-medication-aide-per-diem-prn-richmond-va,25.67,cma
Richmond West,certified-medication-aide-per-diem-prn-richmond-west-fl,25.65,cma
Richwood,certified-medication-aide-per-diem-prn-richwood-tx,25.48,cma
Ridge Manor,certified-medication-aide-per-diem-prn-ridge-manor-fl,25.53,cma
Ridgeland,certified-medication-aide-per-diem-prn-ridgeland-ms,25.03,cma
Ridley,certified-medication-aide-per-diem-prn-ridley-pa,25.68,cma
Rifle,certified-medication-aide-per-diem-prn-rifle-co,25.77,cma
Rigby,certified-medication-aide-per-diem-prn-rigby-id,25.93,cma
Riggins,certified-medication-aide-per-diem-prn-riggins-id,25.38,cma
Rio Grande City,certified-medication-aide-per-diem-prn-rio-grande-city-tx,26.13,cma
Rio Hondo,certified-medication-aide-per-diem-prn-rio-hondo-tx,25.87,cma
Rio Rancho,certified-medication-aide-per-diem-prn-rio-rancho-nm,25.96,cma
Rio Rico,certified-medication-aide-per-diem-prn-rio-rico-az,25.41,cma
Ripley,certified-medication-aide-per-diem-prn-ripley-wv,25.47,cma
Rising Star,certified-medication-aide-per-diem-prn-rising-star-tx,25.32,cma
Riverdale,certified-medication-aide-per-diem-prn-riverdale-ut,25.61,cma
Riverside CA,certified-medication-aide-per-diem-prn-riverside-ca,26.11,cma
Riverside OH,certified-medication-aide-per-diem-prn-riverside-oh,25.74,cma
Riverside RI,certified-medication-aide-per-diem-prn-riverside-ri,25.43,cma
Riverton,certified-medication-aide-per-diem-prn-riverton-ut,25.64,cma
Riverton,certified-medication-aide-per-diem-prn-riverton-wy,25.53,cma
Riverview,certified-medication-aide-per-diem-prn-riverview-fl,25.78,cma
Riviera Beach,certified-medication-aide-per-diem-prn-riviera-beach-fl,25.37,cma
Roanoke,certified-medication-aide-per-diem-prn-roanoke-va,25.99,cma
Robert Lee,certified-medication-aide-per-diem-prn-robert-lee-tx,25.25,cma
Roberts,certified-medication-aide-per-diem-prn-roberts-id,26.18,cma
Robinson,certified-medication-aide-per-diem-prn-robinson-tx,25.50,cma
Robstown,certified-medication-aide-per-diem-prn-robstown-tx,25.75,cma
Roby,certified-medication-aide-per-diem-prn-roby-tx,25.20,cma
Rochdale,certified-medication-aide-per-diem-prn-rochdale-ma,26.10,cma
Rochelle Park,certified-medication-aide-per-diem-prn-rochelle-park-nj,25.35,cma
Rochester,certified-medication-aide-per-diem-prn-rochester-mn,25.37,cma
Rochester,certified-medication-aide-per-diem-prn-rochester-nh,25.61,cma
Rochester city,certified-medication-aide-per-diem-prn-rochester-city-ny,25.54,cma
Rochester Hills,certified-medication-aide-per-diem-prn-rochester-hills-mi,25.47,cma
Rock Hill,certified-medication-aide-per-diem-prn-rock-hill-sc,25.43,cma
Rock Island IL,certified-medication-aide-per-diem-prn-rock-island-il,25.40,cma
Rock Point,certified-medication-aide-per-diem-prn-rock-point-az,25.66,cma
Rock Springs,certified-medication-aide-per-diem-prn-rock-springs-wy,25.38,cma
Rockaway,certified-medication-aide-per-diem-prn-rockaway-or,25.85,cma
Rockdale,certified-medication-aide-per-diem-prn-rockdale-tx,26.00,cma
Rockford IL,certified-medication-aide-per-diem-prn-rockford-il,25.53,cma
Rockingham,certified-medication-aide-per-diem-prn-rockingham-vt,25.32,cma
Rockledge,certified-medication-aide-per-diem-prn-rockledge-fl,25.45,cma
Rockport,certified-medication-aide-per-diem-prn-rockport-tx,25.57,cma
Rockville,certified-medication-aide-per-diem-prn-rockville-md,25.22,cma
Rockwall,certified-medication-aide-per-diem-prn-rockwall-tx,25.68,cma
Rockwell,certified-medication-aide-per-diem-prn-rockwell-ia,25.61,cma
Rocky Ford,certified-medication-aide-per-diem-prn-rocky-ford-co,25.22,cma
Rocky Mount,certified-medication-aide-per-diem-prn-rocky-mount-nc,25.38,cma
Rocky River,certified-medication-aide-per-diem-prn-rocky-river-oh,25.03,cma
Rogers,certified-medication-aide-per-diem-prn-rogers-ar,25.65,cma
Rolla,certified-medication-aide-per-diem-prn-rolla-mo,25.67,cma
Roma,certified-medication-aide-per-diem-prn-roma-tx,25.48,cma
Rome,certified-medication-aide-per-diem-prn-rome-ny,25.53,cma
Rome GA,certified-medication-aide-per-diem-prn-rome-ga,25.54,cma
Roosevelt,certified-medication-aide-per-diem-prn-roosevelt-ut,25.77,cma
Rose City,certified-medication-aide-per-diem-prn-rose-city-mi,25.93,cma
Rosebud,certified-medication-aide-per-diem-prn-rosebud-tx,25.38,cma
Roseburg OR,certified-medication-aide-per-diem-prn-roseburg-or,26.13,cma
Rosenberg,certified-medication-aide-per-diem-prn-rosenberg-tx,25.87,cma
Roseville,certified-medication-aide-per-diem-prn-roseville-mn,25.77,cma
Ross township,certified-medication-aide-per-diem-prn-ross-township-pa,25.47,cma
Roswell,certified-medication-aide-per-diem-prn-roswell-ga,25.92,cma
Roswell,certified-medication-aide-per-diem-prn-roswell-nm,26.10,cma
Rotan,certified-medication-aide-per-diem-prn-rotan-tx,25.96,cma
Round Rock,certified-medication-aide-per-diem-prn-round-rock-tx,25.41,cma
Rowlett,certified-medication-aide-per-diem-prn-rowlett-tx,25.47,cma
Roy,certified-medication-aide-per-diem-prn-roy-ut,25.32,cma
Royal Oak,certified-medication-aide-per-diem-prn-royal-oak-mi,26.11,cma
Royal Palm Beach,certified-medication-aide-per-diem-prn-royal-palm-beach-fl,25.61,cma
Royse City,certified-medication-aide-per-diem-prn-royse-city-tx,26.11,cma
Ruidoso,certified-medication-aide-per-diem-prn-ruidoso-nm,25.43,cma
Ruleville,certified-medication-aide-per-diem-prn-ruleville-ms,25.64,cma
Rupert,certified-medication-aide-per-diem-prn-rupert-id,25.78,cma
Rural Retreat,certified-medication-aide-per-diem-prn-rural-retreat-va,25.37,cma
Rushville,certified-medication-aide-per-diem-prn-rushville-il,26.18,cma
Rusk,certified-medication-aide-per-diem-prn-rusk-tx,25.25,cma
Ruskin,certified-medication-aide-per-diem-prn-ruskin-fl,26.18,cma
Russellville,certified-medication-aide-per-diem-prn-russellville-ar,25.00,cma
Ruston,certified-medication-aide-per-diem-prn-ruston-la-6c77e,25.50,cma
Rutland,certified-medication-aide-per-diem-prn-rutland-vt,25.75,cma
Rutland city,certified-medication-aide-per-diem-prn-rutland-city-vt,25.57,cma
Rye,certified-medication-aide-per-diem-prn-rye-nh,25.20,cma
Sabinal,certified-medication-aide-per-diem-prn-sabinal-tx,26.10,cma
Sacaton,certified-medication-aide-per-diem-prn-sacaton-az,25.35,cma
Sachse,certified-medication-aide-per-diem-prn-sachse-tx,25.40,cma
Saco,certified-medication-aide-per-diem-prn-saco-me,25.75,cma
Sacramento,certified-medication-aide-per-diem-prn-sacramento-ca,25.84,cma
Safety Harbor,certified-medication-aide-per-diem-prn-safety-harbor-fl,25.66,cma
Safford,certified-medication-aide-per-diem-prn-safford-az,25.85,cma
Saginaw,certified-medication-aide-per-diem-prn-saginaw-tx,26.00,cma
Sahuarita,certified-medication-aide-per-diem-prn-sahuarita-az,25.30,cma
Saint Anthony,certified-medication-aide-per-diem-prn-saint-anthony-id,25.45,cma
Saint Augustine,certified-medication-aide-per-diem-prn-saint-augustine-fl,25.57,cma
Saint Cloud,certified-medication-aide-per-diem-prn-saint-cloud-fl,25.68,cma
Saint George,certified-medication-aide-per-diem-prn-saint-george-ut-f6d0d,25.22,cma
Saint Helens,certified-medication-aide-per-diem-prn-saint-helens-or,25.67,cma
Saint Ignace,certified-medication-aide-per-diem-prn-saint-ignace-mi,25.48,cma
Saint James City,certified-medication-aide-per-diem-prn-saint-james-city-fl,25.53,cma
Saint Jo,certified-medication-aide-per-diem-prn-saint-jo,25.77,cma
Saint Johns,certified-medication-aide-per-diem-prn-saint-johns-az,25.93,cma
Saint Johnsbury,certified-medication-aide-per-diem-prn-saint-johnsbury-vt,25.38,cma
Saint Louis,certified-medication-aide-per-diem-prn-saint-louis-mo,26.13,cma
Saint Maries,certified-medication-aide-per-diem-prn-saint-maries-id,25.87,cma
Saint Petersburg,certified-medication-aide-per-diem-prn-saint-petersburg-fl,25.96,cma
Saint Rose,certified-medication-aide-per-diem-prn-saint-rose-la,25.41,cma
Salem,certified-medication-aide-per-diem-prn-salem-ma,25.48,cma
Salem NJ,certified-medication-aide-per-diem-prn-salem-nj,25.47,cma
Salem OR,certified-medication-aide-per-diem-prn-salem-or,25.77,cma
Salem UT,certified-medication-aide-per-diem-prn-salem-ut,25.61,cma
Salem VA,certified-medication-aide-per-diem-prn-salem-va,26.11,cma
Salem West Salem,certified-medication-aide-per-diem-prn-salem-west-salem-or,25.49,cma
Salida,certified-medication-aide-per-diem-prn-salida-co,25.43,cma
Salina KS,certified-medication-aide-per-diem-prn-salina-ks,25.64,cma
Salina UT,certified-medication-aide-per-diem-prn-salina-ut,25.78,cma
Salinas,certified-medication-aide-per-diem-prn-salinas-ca,25.54,cma
Salisbury,certified-medication-aide-per-diem-prn-salisbury-nc,25.64,cma
Salmon,certified-medication-aide-per-diem-prn-salmon-id,25.37,cma
Salome,certified-medication-aide-per-diem-prn-salome-az,25.25,cma
Salt Flat,certified-medication-aide-per-diem-prn-salt-flat-tx,26.18,cma
Salt Lake City,certified-medication-aide-per-diem-prn-salt-lake-city-ut,25.93,cma
Salt Lake City Central City,certified-medication-aide-per-diem-prn-salt-lake-city-central-city-ut,25.50,cma
Salt Lake City Sugar House,certified-medication-aide-per-diem-prn-salt-lake-city-sugar-house-ut,25.38,cma
Salt Lake City The Avenues,certified-medication-aide-per-diem-prn-salt-lake-city-the-avenues-ut,25.03,cma
Saluda,certified-medication-aide-per-diem-prn-saluda-nc,25.65,cma
Sammamish,certified-medication-aide-per-diem-prn-sammamish-wa,25.99,cma
San Angelo,certified-medication-aide-per-diem-prn-san-angelo-tx,25.20,cma
San Antonio,certified-medication-aide-per-diem-prn-san-antonio-tx,26.48,cma
San Antonio Far West Side,certified-medication-aide-per-diem-prn-san-antonio-far-west-side-tx,25.43,cma
San Antonio Main/Military Plaza,certified-medication-aide-per-diem-prn-san-antonio-main-military-plaza-tx,25.20,cma
San Antonio Northeast Side,certified-medication-aide-per-diem-prn-san-antonio-northeast-side-tx,25.36,cma
San Antonio Northwest Side,certified-medication-aide-per-diem-prn-san-antonio-northwest-side-tx,25.43,cma
San Augustine,certified-medication-aide-per-diem-prn-san-augustine-tx,25.35,cma
San Benito,certified-medication-aide-per-diem-prn-san-benito-tx,25.40,cma
San Bernadino CA,certified-medication-aide-per-diem-prn-san-bernadino-ca,25.66,cma
San Bernardino,certified-medication-aide-per-diem-prn-san-bernardino-ca,25.23,cma
San Clemente,certified-medication-aide-per-diem-prn-san-clemente-ca,25.85,cma
San Diego CA,certified-medication-aide-per-diem-prn-san-diego-ca,26.00,cma
San Diego Scripps Ranch,certified-medication-aide-per-diem-prn-san-diego-scripps-ranch-ca,25.30,cma
San Diego TX,certified-medication-aide-per-diem-prn-san-diego-tx,25.45,cma
San Elizario,certified-medication-aide-per-diem-prn-san-elizario-tx,25.57,cma
San Francisco,certified-medication-aide-per-diem-prn-san-francisco-ca,25.83,cma
San Francisco Excelsior,certified-medication-aide-per-diem-prn-san-francisco-excelsior-ca,25.38,cma
San Francisco Japantown,certified-medication-aide-per-diem-prn-san-francisco-japantown-ca,25.23,cma
San Francisco Lone Mountain,certified-medication-aide-per-diem-prn-san-francisco-lone-mountain-ca,25.95,cma
San Francisco Lower Nob Hill,certified-medication-aide-per-diem-prn-san-francisco-lower-nob-hill-ca,25.23,cma
San Francisco North Beach,certified-medication-aide-per-diem-prn-san-francisco-north-beach-ca,26.10,cma
San Jose,certified-medication-aide-per-diem-prn-san-jose-ca,25.68,cma
San Juan,certified-medication-aide-per-diem-prn-san-juan-tx,25.67,cma
San Juan Capistrano,certified-medication-aide-per-diem-prn-san-juan-capistrano-ca,25.22,cma
San Luis,certified-medication-aide-per-diem-prn-san-luis-az,25.48,cma
San Manuel,certified-medication-aide-per-diem-prn-san-manuel-az,25.53,cma
San Marcos TX,certified-medication-aide-per-diem-prn-san-marcos-tx,25.77,cma
San Pablo,certified-medication-aide-per-diem-prn-san-pablo-ca,25.93,cma
San Rafael,certified-medication-aide-per-diem-prn-san-rafael-ca,25.38,cma
San Ramon,certified-medication-aide-per-diem-prn-san-ramon-ca,26.13,cma
San Saba,certified-medication-aide-per-diem-prn-san-saba-tx,25.87,cma
San Tan Valley,certified-medication-aide-per-diem-prn-san-tan-valley-az,25.96,cma
Sanderson,certified-medication-aide-per-diem-prn-sanderson-tx,25.41,cma
Sandpoint,certified-medication-aide-per-diem-prn-sandpoint-id,25.47,cma
Sandusky,certified-medication-aide-per-diem-prn-sandusky-oh,25.59,cma
Sandy OR,certified-medication-aide-per-diem-prn-sandy-or,25.32,cma
Sandy Spring,certified-medication-aide-per-diem-prn-sandy-spring-md,25.61,cma
Sandy Springs,certified-medication-aide-per-diem-prn-sandy-springs-ga,25.14,cma
Sandy UT,certified-medication-aide-per-diem-prn-sandy-ut,26.11,cma
Sanford,certified-medication-aide-per-diem-prn-sanford-me,26.13,cma
Sanford,certified-medication-aide-per-diem-prn-sanford-me-41b0d,25.32,cma
Sanford CO,certified-medication-aide-per-diem-prn-sanford-co,25.43,cma
Sanford FL,certified-medication-aide-per-diem-prn-sanford-fl,25.64,cma
Sanger,certified-medication-aide-per-diem-prn-sanger-tx,25.78,cma
Sanibel,certified-medication-aide-per-diem-prn-sanibel-fl,25.37,cma
Santa Ana,certified-medication-aide-per-diem-prn-santa-ana-ca,25.25,cma
Santa Barbara,certified-medication-aide-per-diem-prn-santa-barbara-ca,26.18,cma
Santa Clara,certified-medication-aide-per-diem-prn-santa-clara-ca,25.50,cma
Santa Clarita,certified-medication-aide-per-diem-prn-santa-clarita-ca,25.99,cma
Santa Cruz,certified-medication-aide-per-diem-prn-santa-cruz-ca,25.75,cma
Santa Fe,certified-medication-aide-per-diem-prn-santa-fe-nm,25.20,cma
Santa Maria,certified-medication-aide-per-diem-prn-santa-maria-ca,26.10,cma
Santa Rosa CA,certified-medication-aide-per-diem-prn-santa-rosa-ca,25.35,cma
Santa Rosa TX,certified-medication-aide-per-diem-prn-santa-rosa-tx,25.40,cma
Santaquin,certified-medication-aide-per-diem-prn-santaquin-ut,25.66,cma
Santo,certified-medication-aide-per-diem-prn-santo-tx,25.85,cma
Sapulpa,certified-medication-aide-per-diem-prn-sapulpa-ok,25.54,cma
Sarasota FL,certified-medication-aide-per-diem-prn-sarasota-fl,26.00,cma
Saratoga,certified-medication-aide-per-diem-prn-saratoga-ca,25.30,cma
Saratoga Springs,certified-medication-aide-per-diem-prn-saratoga-springs-ny,25.45,cma
Saratoga Springs,certified-medication-aide-per-diem-prn-saratoga-springs-ut,25.43,cma
Sarcoxie,certified-medication-aide-per-diem-prn-sarcoxie-mo,25.43,cma
Satellite Beach,certified-medication-aide-per-diem-prn-satellite-beach-fl,25.57,cma
Sauk City,certified-medication-aide-per-diem-prn-sauk-city-wi,25.68,cma
Savannah GA,certified-medication-aide-per-diem-prn-savannah-ga,25.22,cma
Savoy,certified-medication-aide-per-diem-prn-savoy-tx,25.67,cma
Scappoose,certified-medication-aide-per-diem-prn-scappoose-or,25.48,cma
Scarborough,certified-medication-aide-per-diem-prn-scarborough-me,25.53,cma
Schaumburg IL,certified-medication-aide-per-diem-prn-schaumburg-il-85c6c,25.77,cma
Schenectady,certified-medication-aide-per-diem-prn-schenectady-ny,25.93,cma
Schertz,certified-medication-aide-per-diem-prn-schertz-tx,25.38,cma
Schulenburg,certified-medication-aide-per-diem-prn-schulenburg-tx,26.13,cma
Schurz,certified-medication-aide-per-diem-prn-schurz-nv,25.87,cma
Scobey,certified-medication-aide-per-diem-prn-scobey-mt,25.96,cma
Scotts Valley,certified-medication-aide-per-diem-prn-scotts-valley-ca,25.03,cma
Scottsbluff,certified-medication-aide-per-diem-prn-scottsbluff-ne,25.41,cma
Scottsdale,certified-medication-aide-per-diem-prn-scottsdale-az,25.47,cma
Scottsdale Central Scottsdale,certified-medication-aide-per-diem-prn-scottsdale-central-scottsdale-az,25.40,cma
Scottsdale Heatherwood,certified-medication-aide-per-diem-prn-scottsdale-heatherwood-az,25.25,cma
Scottsdale North Scottsdale,certified-medication-aide-per-diem-prn-scottsdale-north-scottsdale-az,25.75,cma
Scottsdale The Center At McDowell Mountain,certified-medication-aide-per-diem-prn-scottsdale-the-center-at-mcdowell-mountain-az,26.11,cma
Scottsdale The Park At Flw,certified-medication-aide-per-diem-prn-scottsdale-the-park-at-flw-az,26.11,cma
Scranton,certified-medication-aide-per-diem-prn-scranton-pa,25.54,cma
Seabrook,certified-medication-aide-per-diem-prn-seabrook-tx,25.32,cma
Seagoville,certified-medication-aide-per-diem-prn-seagoville-tx,25.61,cma
Sealy,certified-medication-aide-per-diem-prn-sealy-tx,26.11,cma
Searcy,certified-medication-aide-per-diem-prn-searcy-ar,25.14,cma
Seaside,certified-medication-aide-per-diem-prn-seaside-or,25.43,cma
Seattle Fremont,certified-medication-aide-per-diem-prn-seattle-fremont-wa,25.57,cma
Seattle WA,certified-medication-aide-per-diem-prn-seattle-wa,25.64,cma
Sebastian,certified-medication-aide-per-diem-prn-sebastian-fl,25.78,cma
Sebastopol,certified-medication-aide-per-diem-prn-sebastopol-ca,25.37,cma
Sebring,certified-medication-aide-per-diem-prn-sebring-fl,26.18,cma
Secaucus,certified-medication-aide-per-diem-prn-secaucus-nj,25.25,cma
Security-Widefield,certified-medication-aide-per-diem-prn-security-widefield-co,25.03,cma
Sedalia,certified-medication-aide-per-diem-prn-sedalia-mo,25.57,cma
Sedona,certified-medication-aide-per-diem-prn-sedona-az,26.18,cma
Sedro-Wooley,certified-medication-aide-per-diem-prn-sedro-wooley-wa,25.50,cma
Seguin,certified-medication-aide-per-diem-prn-seguin-tx,25.75,cma
Seligman,certified-medication-aide-per-diem-prn-seligman-az,25.20,cma
Sells,certified-medication-aide-per-diem-prn-sells-az,26.10,cma
Selma,certified-medication-aide-per-diem-prn-selma-tx,25.35,cma
Seminole FL,certified-medication-aide-per-diem-prn-seminole-fl,25.40,cma
Seminole TX,certified-medication-aide-per-diem-prn-seminole-tx,25.66,cma
Seneca,certified-medication-aide-per-diem-prn-seneca-sc,25.85,cma
Severn,certified-medication-aide-per-diem-prn-severn-md,25.93,cma
Severna Park,certified-medication-aide-per-diem-prn-severna-park-md,26.11,cma
Sewell,certified-medication-aide-per-diem-prn-sewell-nj,26.00,cma
Seymour,certified-medication-aide-per-diem-prn-seymour-in,25.30,cma
Seymour,certified-medication-aide-per-diem-prn-seymour-tx,25.45,cma
Shady Cove,certified-medication-aide-per-diem-prn-shady-cove-or,25.57,cma
Shaker Heights,certified-medication-aide-per-diem-prn-shaker-heights-oh,26.31,cma
Shakopee,certified-medication-aide-per-diem-prn-shakopee-mn,25.53,cma
Shaler,certified-medication-aide-per-diem-prn-shaler-pa,26.18,cma
Shalimar,certified-medication-aide-per-diem-prn-shalimar-fl,25.68,cma
Shamrock,certified-medication-aide-per-diem-prn-shamrock-tx,25.22,cma
Sharon Springs,certified-medication-aide-per-diem-prn-sharon-springs-ks,25.67,cma
Shawnee,certified-medication-aide-per-diem-prn-shawnee-ks,25.54,cma
Shawnee,certified-medication-aide-per-diem-prn-shawnee-ok,25.32,cma
Sheboygan,certified-medication-aide-per-diem-prn-sheboygan-wi,25.20,cma
Sheffield,certified-medication-aide-per-diem-prn-sheffield-ia,25.65,cma
Shelburne,certified-medication-aide-per-diem-prn-shelburne-vt,25.47,cma
Shelby,certified-medication-aide-per-diem-prn-shelby-nc,25.48,cma
Shelbyville,certified-medication-aide-per-diem-prn-shelbyville-tn,26.11,cma
Shelley,certified-medication-aide-per-diem-prn-shelley-id,25.53,cma
Shelton,certified-medication-aide-per-diem-prn-shelton-ct,25.61,cma
Shelton WA,certified-medication-aide-per-diem-prn-shelton-wa,25.77,cma
Shenandoah IA,certified-medication-aide-per-diem-prn-shenandoah-ia,25.93,cma
Shenandoah TX,certified-medication-aide-per-diem-prn-shenandoah-tx,25.38,cma
Shepherd,certified-medication-aide-per-diem-prn-shepherd-tx,26.13,cma
Sheppard Afb,certified-medication-aide-per-diem-prn-sheppard-afb-tx,25.87,cma
Sheridan OR,certified-medication-aide-per-diem-prn-sheridan-or,25.96,cma
Sheridan WY,certified-medication-aide-per-diem-prn-sheridan-wy,25.41,cma
Sherman,certified-medication-aide-per-diem-prn-sherman-tx,25.47,cma
Sherwood,certified-medication-aide-per-diem-prn-sherwood-ar,25.74,cma
Sherwood,certified-medication-aide-per-diem-prn-sherwood-or,25.32,cma
Shiner,certified-medication-aide-per-diem-prn-shiner-tx,25.61,cma
Shoreline,certified-medication-aide-per-diem-prn-shoreline-wa,26.11,cma
Shoshone,certified-medication-aide-per-diem-prn-shoshone-3-id,25.43,cma
Shoshone,certified-medication-aide-per-diem-prn-shoshone-id,25.64,cma
Show Low,certified-medication-aide-per-diem-prn-show-low-az,25.78,cma
Shreveport,certified-medication-aide-per-diem-prn-shreveport-la-4da2f,25.37,cma
"Shreveport Caddo Heights, South Highlands",certified-medication-aide-per-diem-prn-shreveport-caddo-heights-south-highlands-la,25.85,cma
Shrewsbury,certified-medication-aide-per-diem-prn-shrewsbury-nj,25.25,cma
Sibley,certified-medication-aide-per-diem-prn-sibley-la,26.18,cma
Sidney OH,certified-medication-aide-per-diem-prn-sidney-oh,25.36,cma
Sierra Blanca,certified-medication-aide-per-diem-prn-sierra-blanca-tx,25.50,cma
Sierra Vista,certified-medication-aide-per-diem-prn-sierra-vista-az,25.75,cma
Silsbee,certified-medication-aide-per-diem-prn-silsbee-tx,25.20,cma
Silver Spring,certified-medication-aide-per-diem-prn-silver-spring-md-77db0,25.85,cma
Silver Spring MD,certified-medication-aide-per-diem-prn-silver-spring-md,26.10,cma
Silver Springs FL,certified-medication-aide-per-diem-prn-silver-springs-fl,25.35,cma
Silver Springs NV,certified-medication-aide-per-diem-prn-silver-springs-nv,25.40,cma
Silverthorne,certified-medication-aide-per-diem-prn-silverthorne-co,25.66,cma
Silverton ID,certified-medication-aide-per-diem-prn-silverton-id,25.85,cma
Silverton OR,certified-medication-aide-per-diem-prn-silverton-or,26.00,cma
Silverton TX,certified-medication-aide-per-diem-prn-silverton-tx,25.30,cma
Simi Valley,certified-medication-aide-per-diem-prn-simi-valley-ca,25.45,cma
Simla,certified-medication-aide-per-diem-prn-simla-co,25.57,cma
Simpsonville,certified-medication-aide-per-diem-prn-simpsonville-sc,25.47,cma
Sinton,certified-medication-aide-per-diem-prn-sinton-tx,25.68,cma
Sioux City,certified-medication-aide-per-diem-prn-sioux-city-ia,25.22,cma
Sioux Falls,certified-medication-aide-per-diem-prn-sioux-falls-sd,25.67,cma
Sisseton,certified-medication-aide-per-diem-prn-sisseton-sd,25.48,cma
Sister Bay,certified-medication-aide-per-diem-prn-sister-bay-wi,25.53,cma
Sitka,certified-medication-aide-per-diem-prn-sitka-ak,25.77,cma
Skiatook,certified-medication-aide-per-diem-prn-skiatook-ok,25.93,cma
Skillman,certified-medication-aide-per-diem-prn-skillman-nj,25.38,cma
Skokie,certified-medication-aide-per-diem-prn-skokie-il-b12e8,26.13,cma
Slater-Marietta Marietta,certified-medication-aide-per-diem-prn-slater-marietta-marietta-sc,25.61,cma
Slaton,certified-medication-aide-per-diem-prn-slaton-tx,25.87,cma
Sleepy Hollow,certified-medication-aide-per-diem-prn-sleepy-hollow-ny,25.96,cma
Slidell,certified-medication-aide-per-diem-prn-slidell-la,25.85,cma
Smiley,certified-medication-aide-per-diem-prn-smiley-tx,25.41,cma
Smithfield,certified-medication-aide-per-diem-prn-smithfield-ri,25.47,cma
Smithfield,certified-medication-aide-per-diem-prn-smithfield-ut,25.32,cma
Smithtown,certified-medication-aide-per-diem-prn-smithtown-ny,25.74,cma
Smithville,certified-medication-aide-per-diem-prn-smithville-tx,25.61,cma
Smyrna,certified-medication-aide-per-diem-prn-smyrna-tn,26.11,cma
Smyrna GA,certified-medication-aide-per-diem-prn-smyrna-ga,25.25,cma
Snohomish WA,certified-medication-aide-per-diem-prn-snohomish-wa,25.43,cma
Snoqualmie,certified-medication-aide-per-diem-prn-snoqualmie-wa,25.64,cma
Snow Hill,certified-medication-aide-per-diem-prn-snow-hill-md,25.68,cma
Snyder,certified-medication-aide-per-diem-prn-snyder-tx,25.78,cma
Socastee,certified-medication-aide-per-diem-prn-socastee-sc,25.68,cma
Socorro NM,certified-medication-aide-per-diem-prn-socorro-nm,25.37,cma
Socorro TX,certified-medication-aide-per-diem-prn-socorro-tx,25.25,cma
Soda Springs,certified-medication-aide-per-diem-prn-soda-springs-id,26.18,cma
Solon,certified-medication-aide-per-diem-prn-solon-oh,26.10,cma
Somerset,certified-medication-aide-per-diem-prn-somerset-tx,25.50,cma
Somerton,certified-medication-aide-per-diem-prn-somerton-az,25.75,cma
Somerville,certified-medication-aide-per-diem-prn-somerville-ma,25.85,cma
Somerville,certified-medication-aide-per-diem-prn-somerville-tx,25.20,cma
Sonora CA,certified-medication-aide-per-diem-prn-sonora-ca,26.10,cma
Sonora TX,certified-medication-aide-per-diem-prn-sonora-tx,25.35,cma
Sophia,certified-medication-aide-per-diem-prn-sophia-nc,25.40,cma
Sour Lake,certified-medication-aide-per-diem-prn-sour-lake-tx,25.66,cma
South Bend,certified-medication-aide-per-diem-prn-south-bend-in,25.03,cma
South Bend,certified-medication-aide-per-diem-prn-south-bend-wa,25.85,cma
South Burlington,certified-medication-aide-per-diem-prn-south-burlington-vt,25.66,cma
South Charleston,certified-medication-aide-per-diem-prn-south-charleston-wv,25.25,cma
South Daytona,certified-medication-aide-per-diem-prn-south-daytona-fl,26.00,cma
South Euclid,certified-medication-aide-per-diem-prn-south-euclid-oh,25.85,cma
South Fulton,certified-medication-aide-per-diem-prn-south-fulton-ga,25.45,cma
South Hill,certified-medication-aide-per-diem-prn-south-hill-wa,25.10,cma
South Jordan,certified-medication-aide-per-diem-prn-south-jordan-ut,25.30,cma
South Kingstown,certified-medication-aide-per-diem-prn-south-kingstown-ri,25.94,cma
South Miami,certified-medication-aide-per-diem-prn-south-miami-fl,25.45,cma
South Miami Heights,certified-medication-aide-per-diem-prn-south-miami-heights-fl,25.32,cma
South Milwaukee,certified-medication-aide-per-diem-prn-south-milwaukee-wi,25.57,cma
South Ogden,certified-medication-aide-per-diem-prn-south-ogden-ut,25.68,cma
South Paris,certified-medication-aide-per-diem-prn-south-paris-me,25.92,cma
South Pasadena,certified-medication-aide-per-diem-prn-south-pasadena-fl,25.22,cma
South Portland,certified-medication-aide-per-diem-prn-south-portland-me,25.48,cma
South Portland Cash Corner,certified-medication-aide-per-diem-prn-south-portland-cash-corner-me,25.30,cma
South Portland Knightville,certified-medication-aide-per-diem-prn-south-portland-knightville-me,25.67,cma
South Salt Lake,certified-medication-aide-per-diem-prn-south-salt-lake-ut,25.53,cma
South Valley,certified-medication-aide-per-diem-prn-south-valley-nm,25.74,cma
South Weber,certified-medication-aide-per-diem-prn-south-weber-ut,25.77,cma
Southampton town,certified-medication-aide-per-diem-prn-southampton-town-ny,26.18,cma
Southaven,certified-medication-aide-per-diem-prn-southaven-ms,25.64,cma
Southbury,certified-medication-aide-per-diem-prn-southbury-ct,26.10,cma
Southfield city,certified-medication-aide-per-diem-prn-southfield-city-mi,25.74,cma
Southington,certified-medication-aide-per-diem-prn-southington-ct,25.74,cma
Southlake,certified-medication-aide-per-diem-prn-southlake-tx,25.93,cma
Spanish Fork,certified-medication-aide-per-diem-prn-spanish-fork-ut,25.38,cma
Spanish Springs,certified-medication-aide-per-diem-prn-spanish-springs-nv,26.13,cma
Sparks,certified-medication-aide-per-diem-prn-sparks-nv,25.87,cma
Spartanburg,certified-medication-aide-per-diem-prn-spartanburg-sc,25.96,cma
Spearfish,certified-medication-aide-per-diem-prn-spearfish-sd,25.41,cma
Spearman,certified-medication-aide-per-diem-prn-spearman-tx,25.47,cma
Spencer IA,certified-medication-aide-per-diem-prn-spencer-ia,25.32,cma
Spencer IN,certified-medication-aide-per-diem-prn-spencer-in,25.61,cma
Spokane,certified-medication-aide-per-diem-prn-spokane-wa,25.87,cma
Spokane Valley,certified-medication-aide-per-diem-prn-spokane-valley-wa,26.11,cma
Spooner,certified-medication-aide-per-diem-prn-spooner-wi,25.64,cma
Spray,certified-medication-aide-per-diem-prn-spray-or,25.78,cma
Spring,certified-medication-aide-per-diem-prn-spring-tx,25.25,cma
Spring Branch,certified-medication-aide-per-diem-prn-spring-branch-tx,25.37,cma
Spring Hill,certified-medication-aide-per-diem-prn-spring-hill-fl,26.18,cma
Spring Hill,certified-medication-aide-per-diem-prn-spring-hill-tn,25.45,cma
Spring Valley,certified-medication-aide-per-diem-prn-spring-valley-nv,25.84,cma
Spring Valley,certified-medication-aide-per-diem-prn-spring-valley-wi,26.18,cma
Springdale,certified-medication-aide-per-diem-prn-springdale-ar,25.49,cma
Springer,certified-medication-aide-per-diem-prn-springer-nm,25.50,cma
Springerville,certified-medication-aide-per-diem-prn-springerville-az,25.75,cma
Springettsbury,certified-medication-aide-per-diem-prn-springettsbury-pa,25.66,cma
Springfield,certified-medication-aide-per-diem-prn-springfield-il,25.47,cma
Springfield,certified-medication-aide-per-diem-prn-springfield-ma,25.57,cma
Springfield,certified-medication-aide-per-diem-prn-springfield-mo,25.68,cma
Springfield,certified-medication-aide-per-diem-prn-springfield-oh,25.96,cma
Springfield,certified-medication-aide-per-diem-prn-springfield-va,25.40,cma
Springfield CO,certified-medication-aide-per-diem-prn-springfield-co,25.20,cma
Springfield OR,certified-medication-aide-per-diem-prn-springfield-or,26.10,cma
Springfield TN,certified-medication-aide-per-diem-prn-springfield-tn,25.35,cma
Springfield VT,certified-medication-aide-per-diem-prn-springfield-vt,25.66,cma
Springville,certified-medication-aide-per-diem-prn-springville-ut,25.85,cma
Spur,certified-medication-aide-per-diem-prn-spur-tx,26.00,cma
St Augustine,certified-medication-aide-per-diem-prn-st-augustine-fl,25.30,cma
St George,certified-medication-aide-per-diem-prn-st-george-ut,25.45,cma
St Maries,certified-medication-aide-per-diem-prn-st-maries-id,25.22,cma
St Pete Beach,certified-medication-aide-per-diem-prn-st-pete-beach-fl,25.48,cma
St Petersburg,certified-medication-aide-per-diem-prn-st-petersburg-fl,25.53,cma
St. Albans,certified-medication-aide-per-diem-prn-st-albans-wv,25.61,cma
St. Albans city,certified-medication-aide-per-diem-prn-st-albans-city-vt,25.41,cma
St. Albans town,certified-medication-aide-per-diem-prn-st-albans-town-vt,25.53,cma
St. Andrews,certified-medication-aide-per-diem-prn-st-andrews-sc,26.10,cma
St. Charles,certified-medication-aide-per-diem-prn-st-charles-mo,25.43,cma
St. Clair Shores,certified-medication-aide-per-diem-prn-st-clair-shores-mi,25.61,cma
St. Cloud,certified-medication-aide-per-diem-prn-st-cloud-fl,25.78,cma
St. Cloud,certified-medication-aide-per-diem-prn-st-cloud-mn,25.22,cma
St. George,certified-medication-aide-per-diem-prn-st-george-ut-31732,25.57,cma
St. Johnsbury,certified-medication-aide-per-diem-prn-st-johnsbury-vt,25.96,cma
St. Joseph,certified-medication-aide-per-diem-prn-st-joseph-mo,25.36,cma
St. Louis,certified-medication-aide-per-diem-prn-st-louis-mo-82ff1,25.68,cma
St. Louis Park,certified-medication-aide-per-diem-prn-st-louis-park-mn,25.47,cma
St. Paul,certified-medication-aide-per-diem-prn-st-paul-in,25.67,cma
St. Paul,certified-medication-aide-per-diem-prn-st-paul-mn,26.18,cma
St. Peters,certified-medication-aide-per-diem-prn-st-peters-mo,25.83,cma
St. Petersburg Historic Uptown,certified-medication-aide-per-diem-prn-st-petersburg-historic-uptown-fl,25.03,cma
Stacyville,certified-medication-aide-per-diem-prn-stacyville-ia,25.65,cma
Stafford,certified-medication-aide-per-diem-prn-stafford-tx,25.77,cma
Stamford,certified-medication-aide-per-diem-prn-stamford-tx,25.38,cma
Stamford CT,certified-medication-aide-per-diem-prn-stamford-ct,25.93,cma
Stanley,certified-medication-aide-per-diem-prn-stanley-id,26.13,cma
Stanton,certified-medication-aide-per-diem-prn-stanton-tx,25.87,cma
Starke,certified-medication-aide-per-diem-prn-starke-fl,25.96,cma
Starkville,certified-medication-aide-per-diem-prn-starkville-ms,25.95,cma
State Center,certified-medication-aide-per-diem-prn-state-center-ia,25.41,cma
State College,certified-medication-aide-per-diem-prn-state-college-pa,25.47,cma
Staten Island,certified-medication-aide-per-diem-prn-staten-island-ny,25.32,cma
Statesboro,certified-medication-aide-per-diem-prn-statesboro-ga,25.99,cma
Stayton,certified-medication-aide-per-diem-prn-stayton-or,25.61,cma
Steamboat Springs,certified-medication-aide-per-diem-prn-steamboat-springs-co,26.11,cma
Steinhatchee,certified-medication-aide-per-diem-prn-steinhatchee-fl,25.43,cma
Stephenville,certified-medication-aide-per-diem-prn-stephenville-tx,25.64,cma
Sterling,certified-medication-aide-per-diem-prn-sterling-va,25.50,cma
Sterling City,certified-medication-aide-per-diem-prn-sterling-city-tx,25.78,cma
Sterling CO,certified-medication-aide-per-diem-prn-sterling-co,25.37,cma
Sterling Heights,certified-medication-aide-per-diem-prn-sterling-heights-mi,25.25,cma
Sterling IL,certified-medication-aide-per-diem-prn-sterling-il,26.18,cma
Stevens,certified-medication-aide-per-diem-prn-stevens-pa,25.75,cma
Stevenson,certified-medication-aide-per-diem-prn-stevenson-wa,25.20,cma
Stillwater,certified-medication-aide-per-diem-prn-stillwater-ok,26.10,cma
Stinnett,certified-medication-aide-per-diem-prn-stinnett-tx,25.35,cma
Stockdale,certified-medication-aide-per-diem-prn-stockdale-tx,25.40,cma
Stockton,certified-medication-aide-per-diem-prn-stockton-ca,25.66,cma
Stonecrest,certified-medication-aide-per-diem-prn-stonecrest-ga,25.14,cma
Stoughton,certified-medication-aide-per-diem-prn-stoughton-ma,25.85,cma
Stoughton,certified-medication-aide-per-diem-prn-stoughton-wi,26.00,cma
Stow,certified-medication-aide-per-diem-prn-stow-oh,25.74,cma
Stowe,certified-medication-aide-per-diem-prn-stowe-vt,26.11,cma
Strasburg,certified-medication-aide-per-diem-prn-strasburg-co,25.30,cma
Stratford,certified-medication-aide-per-diem-prn-stratford-ct,26.31,cma
Stratford,certified-medication-aide-per-diem-prn-stratford-tx,25.45,cma
Stratton,certified-medication-aide-per-diem-prn-stratton-co,25.57,cma
Strongsville,certified-medication-aide-per-diem-prn-strongsville-oh,25.68,cma
Stuart FL,certified-medication-aide-per-diem-prn-stuart-fl,25.68,cma
Stuart NE,certified-medication-aide-per-diem-prn-stuart-ne,25.22,cma
Sublimity,certified-medication-aide-per-diem-prn-sublimity-or,25.67,cma
Suffolk,certified-medication-aide-per-diem-prn-suffolk-va,25.03,cma
Sugar Land,certified-medication-aide-per-diem-prn-sugar-land-tx,25.48,cma
Sullivan City,certified-medication-aide-per-diem-prn-sullivan-city-tx,25.53,cma
Sulphur,certified-medication-aide-per-diem-prn-sulphur-la,25.38,cma
Sulphur,certified-medication-aide-per-diem-prn-sulphur-ok,25.77,cma
Sulphur Springs,certified-medication-aide-per-diem-prn-sulphur-springs-tx,25.93,cma
Summerfield,certified-medication-aide-per-diem-prn-summerfield-fl,25.38,cma
Summerlin South,certified-medication-aide-per-diem-prn-summerlin-south-nv,25.23,cma
Summersville,certified-medication-aide-per-diem-prn-summersville-wv,26.13,cma
Summerville,certified-medication-aide-per-diem-prn-summerville-sc,25.87,cma
Summit,certified-medication-aide-per-diem-prn-summit-nj,25.78,cma
Sumter,certified-medication-aide-per-diem-prn-sumter-sc,25.96,cma
Sumterville,certified-medication-aide-per-diem-prn-sumterville-fl,25.41,cma
Sun City,certified-medication-aide-per-diem-prn-sun-city-az,25.47,cma
Sun City Center,certified-medication-aide-per-diem-prn-sun-city-center-fl,25.32,cma
Sun City West,certified-medication-aide-per-diem-prn-sun-city-west-az,25.61,cma
Sun Lakes,certified-medication-aide-per-diem-prn-sun-lakes-az,26.11,cma
Sun Prairie,certified-medication-aide-per-diem-prn-sun-prairie-wi,25.68,cma
Sun Valley,certified-medication-aide-per-diem-prn-sun-valley-nv,25.43,cma
Sun West City,certified-medication-aide-per-diem-prn-sun-west-city-az,25.64,cma
Sundown,certified-medication-aide-per-diem-prn-sundown-tx,25.78,cma
Sunny Isles Beach,certified-medication-aide-per-diem-prn-sunny-isles-beach-fl,25.37,cma
Sunnyside UT,certified-medication-aide-per-diem-prn-sunnyside-ut,25.25,cma
Sunnyvale,certified-medication-aide-per-diem-prn-sunnyvale-0-tx,26.18,cma
Sunnyvale,certified-medication-aide-per-diem-prn-sunnyvale-ca,25.50,cma
Sunrise,certified-medication-aide-per-diem-prn-sunrise-fl,25.75,cma
Sunrise Manor,certified-medication-aide-per-diem-prn-sunrise-manor-nv,25.43,cma
Sunriver,certified-medication-aide-per-diem-prn-sunriver-or,25.20,cma
Superior AZ,certified-medication-aide-per-diem-prn-superior-az,26.10,cma
Superior WI,certified-medication-aide-per-diem-prn-superior-wi,25.35,cma
Surprise,certified-medication-aide-per-diem-prn-surprise-az,25.40,cma
Surprise Bell And Dysart Commerce Center,certified-medication-aide-per-diem-prn-surprise-bell-and-dysart-commerce-center-az,26.13,cma
Susanville,certified-medication-aide-per-diem-prn-susanville-ca,25.66,cma
Sutherlin,certified-medication-aide-per-diem-prn-sutherlin-or,25.85,cma
Swanton town,certified-medication-aide-per-diem-prn-swanton-town-vt,25.87,cma
Sweeny,certified-medication-aide-per-diem-prn-sweeny-tx,26.00,cma
Sweet Home,certified-medication-aide-per-diem-prn-sweet-home-or,25.30,cma
Sweetwater FL,certified-medication-aide-per-diem-prn-sweetwater-fl,25.45,cma
Sweetwater TX,certified-medication-aide-per-diem-prn-sweetwater-tx,25.57,cma
Sykesville,certified-medication-aide-per-diem-prn-sykesville-md,25.68,cma
Syracuse IN,certified-medication-aide-per-diem-prn-syracuse-in,25.22,cma
Syracuse NY,certified-medication-aide-per-diem-prn-syracuse-ny,25.67,cma
Syracuse UT,certified-medication-aide-per-diem-prn-syracuse-ut,25.48,cma
Tacoma WA,certified-medication-aide-per-diem-prn-tacoma-wa,25.96,cma
Taft,certified-medication-aide-per-diem-prn-taft-tx,25.77,cma
Tahoka,certified-medication-aide-per-diem-prn-tahoka-tx,25.93,cma
Talent OR,certified-medication-aide-per-diem-prn-talent-or,25.38,cma
Tallahassee Capitol Hill,certified-medication-aide-per-diem-prn-tallahassee-capitol-hill-fl,25.23,cma
Tallahassee FL,certified-medication-aide-per-diem-prn-tallahassee-fl,26.13,cma
Tamarac,certified-medication-aide-per-diem-prn-tamarac-fl,25.87,cma
Tamiami,certified-medication-aide-per-diem-prn-tamiami-fl,25.49,cma
Tampa Bay FL,certified-medication-aide-per-diem-prn-tampa-bay-fl,25.96,cma
Tampa FL,certified-medication-aide-per-diem-prn-tampa-fl,25.41,cma
Tanaina,certified-medication-aide-per-diem-prn-tanaina-ak,26.13,cma
Tarboro,certified-medication-aide-per-diem-prn-tarboro-nc,25.47,cma
Tarpon Springs,certified-medication-aide-per-diem-prn-tarpon-springs-fl,25.32,cma
Taunton,certified-medication-aide-per-diem-prn-taunton-ma,25.61,cma
Tavares FL,certified-medication-aide-per-diem-prn-tavares-fl,26.11,cma
Tavernier,certified-medication-aide-per-diem-prn-tavernier-fl,25.43,cma
Taylor,certified-medication-aide-per-diem-prn-taylor-mi,25.38,cma
Taylor,certified-medication-aide-per-diem-prn-taylor-tx,25.64,cma
Taylors,certified-medication-aide-per-diem-prn-taylors-sc,25.54,cma
Taylorsville,certified-medication-aide-per-diem-prn-taylorsville-ut,25.78,cma
Teague,certified-medication-aide-per-diem-prn-teague-tx,25.37,cma
Teaneck,certified-medication-aide-per-diem-prn-teaneck-nj,26.18,cma
Teays Valley,certified-medication-aide-per-diem-prn-teays-valley-wv,25.38,cma
Telluride,certified-medication-aide-per-diem-prn-telluride-co,25.25,cma
Temecula,certified-medication-aide-per-diem-prn-temecula-ca-01c7e,26.18,cma
Tempe AZ,certified-medication-aide-per-diem-prn-tempe-az,25.78,cma
Tempe Kiwanis Park,certified-medication-aide-per-diem-prn-tempe-kiwanis-park-az,25.93,cma
Temple Terrace,certified-medication-aide-per-diem-prn-temple-terrace-fl,25.75,cma
Temple TX,certified-medication-aide-per-diem-prn-temple-tx,25.20,cma
Tenafly,certified-medication-aide-per-diem-prn-tenafly-nj,26.10,cma
Tenaha,certified-medication-aide-per-diem-prn-tenaha-tx,25.35,cma
Tequesta,certified-medication-aide-per-diem-prn-tequesta-fl,25.40,cma
Terre Haute,certified-medication-aide-per-diem-prn-terre-haute-in,25.66,cma
Terrell,certified-medication-aide-per-diem-prn-terrell-tx,25.85,cma
Terrytown,certified-medication-aide-per-diem-prn-terrytown-la,25.03,cma
Texarkana,certified-medication-aide-per-diem-prn-texarkana-ar,25.65,cma
Texarkana,certified-medication-aide-per-diem-prn-texarkana-tx,26.00,cma
Texas City,certified-medication-aide-per-diem-prn-texas-city-tx,25.30,cma
The Acreage,certified-medication-aide-per-diem-prn-the-acreage-fl,26.18,cma
The Colony,certified-medication-aide-per-diem-prn-the-colony-tx,25.45,cma
The Dalles,certified-medication-aide-per-diem-prn-the-dalles-or,25.57,cma
The Hammocks,certified-medication-aide-per-diem-prn-the-hammocks-fl,25.57,cma
The Villages,certified-medication-aide-per-diem-prn-the-villages-fl,25.68,cma
The Woodlands,certified-medication-aide-per-diem-prn-the-woodlands-tx,25.22,cma
Thermopolis,certified-medication-aide-per-diem-prn-thermopolis-wy,25.67,cma
Thonotosassa,certified-medication-aide-per-diem-prn-thonotosassa-fl,25.48,cma
Thornton,certified-medication-aide-per-diem-prn-thornton-co,25.53,cma
Thorp,certified-medication-aide-per-diem-prn-thorp-wi,25.77,cma
Thousand Oaks,certified-medication-aide-per-diem-prn-thousand-oaks-ca,25.93,cma
Three Rivers,certified-medication-aide-per-diem-prn-three-rivers-tx,25.38,cma
Throckmorton,certified-medication-aide-per-diem-prn-throckmorton-tx,26.13,cma
Tigard,certified-medication-aide-per-diem-prn-tigard-or,25.87,cma
Tilden,certified-medication-aide-per-diem-prn-tilden-tx,25.96,cma
Tillamook,certified-medication-aide-per-diem-prn-tillamook-or,25.41,cma
Tinley Park,certified-medication-aide-per-diem-prn-tinley-park-il,26.18,cma
Titusville,certified-medication-aide-per-diem-prn-titusville-fl,25.47,cma
Tivoli,certified-medication-aide-per-diem-prn-tivoli-tx,25.32,cma
Tolar,certified-medication-aide-per-diem-prn-tolar-tx,25.61,cma
Toledo,certified-medication-aide-per-diem-prn-toledo-oh,25.64,cma
Toledo IA,certified-medication-aide-per-diem-prn-toledo-io,26.11,cma
Toledo OR,certified-medication-aide-per-diem-prn-toledo-or,25.43,cma
Toledo Southwyck,certified-medication-aide-per-diem-prn-toledo-southwyck-oh,25.44,cma
Tolleson,certified-medication-aide-per-diem-prn-tolleson-az,25.64,cma
Tomahawk,certified-medication-aide-per-diem-prn-tomahawk-wi,25.78,cma
Tomball,certified-medication-aide-per-diem-prn-tomball-tx,25.37,cma
Toms River,certified-medication-aide-per-diem-prn-toms-river-nj,25.37,cma
Tonawanda,certified-medication-aide-per-diem-prn-tonawanda-town-ny,25.43,cma
Tooele,certified-medication-aide-per-diem-prn-tooele-ut,26.18,cma
Topeka,certified-medication-aide-per-diem-prn-topeka-ks,25.25,cma
Topeka Southwest Topeka,certified-medication-aide-per-diem-prn-topeka-southwest-topeka-ks,25.74,cma
Toppenish,certified-medication-aide-per-diem-prn-toppenish-wa,26.00,cma
Toquerville,certified-medication-aide-per-diem-prn-toquerville-ut,26.18,cma
Torrington,certified-medication-aide-per-diem-prn-torrington-ct,25.50,cma
Torrington,certified-medication-aide-per-diem-prn-torrington-wy,25.61,cma
Town 'n' Country,certified-medication-aide-per-diem-prn-town-n-country-fl,25.32,cma
Townshend,certified-medication-aide-per-diem-prn-townshend-vt,25.75,cma
Towson,certified-medication-aide-per-diem-prn-towson-md,25.45,cma
Traverse City,certified-medication-aide-per-diem-prn-traverse-city-mi,25.20,cma
Tredyffrin,certified-medication-aide-per-diem-prn-tredyffrin-pa,25.30,cma
Tremonton,certified-medication-aide-per-diem-prn-tremonton-ut,26.10,cma
Trenton,certified-medication-aide-per-diem-prn-trenton-fl,25.35,cma
Trenton Downtown,certified-medication-aide-per-diem-prn-trenton-downtown-nj,25.54,cma
Trexlertown,certified-medication-aide-per-diem-prn-trexlertown-pa,26.00,cma
Trinidad,certified-medication-aide-per-diem-prn-trinidad-co,25.40,cma
Trinity FL,certified-medication-aide-per-diem-prn-trinity-fl,25.66,cma
Trinity TX,certified-medication-aide-per-diem-prn-trinity-tx,25.85,cma
Tripoli,certified-medication-aide-per-diem-prn-tripoli-ia,25.50,cma
Trophy Club,certified-medication-aide-per-diem-prn-trophy-club-tx,26.00,cma
Trotwood,certified-medication-aide-per-diem-prn-trotwood-oh,25.65,cma
Troy,certified-medication-aide-per-diem-prn-troy-oh,25.45,cma
Troy,certified-medication-aide-per-diem-prn-troy-pa,25.30,cma
Troy city,certified-medication-aide-per-diem-prn-troy-city-mi,25.61,cma
Trumbull,certified-medication-aide-per-diem-prn-trumbull-ct,25.38,cma
Trussville,certified-medication-aide-per-diem-prn-trussville-al,25.68,cma
Truth Or Consequences,certified-medication-aide-per-diem-prn-truth-or-consequences-nm,25.45,cma
Tualatin,certified-medication-aide-per-diem-prn-tualatin-or,25.57,cma
Tualatin Sherwood - Tualatin South,certified-medication-aide-per-diem-prn-tualatin-sherwood-tualatin-south-or,25.45,cma
Tuba City,certified-medication-aide-per-diem-prn-tuba-city-az,25.68,cma
Tubac,certified-medication-aide-per-diem-prn-tubac-az,25.22,cma
Tuckahoe,certified-medication-aide-per-diem-prn-tuckahoe-va,25.23,cma
Tucker,certified-medication-aide-per-diem-prn-tucker-ga,26.00,cma
Tucson,certified-medication-aide-per-diem-prn-tucson-az,25.41,cma
Tucson Coronado Foothills Estates,certified-medication-aide-per-diem-prn-tucson-coronado-foothills-estates-az,25.00,cma
Tucson Ventana Canyon Office Park,certified-medication-aide-per-diem-prn-tucson-ventana-canyon-office-park-az,25.32,cma
Tulia,certified-medication-aide-per-diem-prn-tulia-tx,25.48,cma
Tulsa,certified-medication-aide-per-diem-prn-tulsa-ok,26.34,cma
Tumwater,certified-medication-aide-per-diem-prn-tumwater-wa,25.77,cma
Tupelo,certified-medication-aide-per-diem-prn-tupelo-ms,25.93,cma
Turlock,certified-medication-aide-per-diem-prn-turlock-ca,25.38,cma
Turtle Lake,certified-medication-aide-per-diem-prn-turtle-lake-nd,26.13,cma
Tuscaloosa,certified-medication-aide-per-diem-prn-tuscaloosa-al,26.11,cma
Tuttle,certified-medication-aide-per-diem-prn-tuttle-ok,25.87,cma
Twin Falls ID,certified-medication-aide-per-diem-prn-twin-falls-id,25.96,cma
Two Rivers,certified-medication-aide-per-diem-prn-two-rivers-wi,25.41,cma
Tyler,certified-medication-aide-per-diem-prn-tyler-tx,25.47,cma
Umatilla,certified-medication-aide-per-diem-prn-umatilla-fl,25.32,cma
Uncasville,certified-medication-aide-per-diem-prn-uncasville-ct,25.61,cma
Union,certified-medication-aide-per-diem-prn-union-nj,26.11,cma
Union,certified-medication-aide-per-diem-prn-union-or,25.43,cma
Union City,certified-medication-aide-per-diem-prn-union-city-nj,25.14,cma
Union Gap,certified-medication-aide-per-diem-prn-union-gap-wa,25.30,cma
Uniontown,certified-medication-aide-per-diem-prn-uniontown-pa,25.64,cma
Universal City,certified-medication-aide-per-diem-prn-universal-city-tx,25.78,cma
University CDP,certified-medication-aide-per-diem-prn-university-cdp-fl,25.65,cma
University City,certified-medication-aide-per-diem-prn-university-city-mo,25.74,cma
University Park,certified-medication-aide-per-diem-prn-university-park-fl,25.37,cma
Upland,certified-medication-aide-per-diem-prn-upland-ca,25.25,cma
Upper Arlington,certified-medication-aide-per-diem-prn-upper-arlington-oh,25.20,cma
Upper Darby,certified-medication-aide-per-diem-prn-upper-darby-pa,25.95,cma
Upper Dublin,certified-medication-aide-per-diem-prn-upper-dublin-pa,25.37,cma
Upper Macungie,certified-medication-aide-per-diem-prn-upper-macungie-pa,25.50,cma
Upper Merion,certified-medication-aide-per-diem-prn-upper-merion-pa,25.41,cma
Upper Moreland,certified-medication-aide-per-diem-prn-upper-moreland-pa,26.11,cma
Urban Honolulu,certified-medication-aide-per-diem-prn-urban-honolulu-hi,25.37,cma
Urbandale,certified-medication-aide-per-diem-prn-urbandale-ia,26.13,cma
Utica,certified-medication-aide-per-diem-prn-utica-ny,25.75,cma
Uvalde,certified-medication-aide-per-diem-prn-uvalde-tx,25.20,cma
Vail AZ,certified-medication-aide-per-diem-prn-vail-az,26.10,cma
Vail CO,certified-medication-aide-per-diem-prn-vail-co,25.35,cma
Valdosta,certified-medication-aide-per-diem-prn-valdosta-ga,25.95,cma
Vale,certified-medication-aide-per-diem-prn-vale-or,25.40,cma
Valencia,certified-medication-aide-per-diem-prn-valencia-ca,25.66,cma
Valley City,certified-medication-aide-per-diem-prn-valley-city-nd,25.85,cma
Valley Mills,certified-medication-aide-per-diem-prn-valley-mills-tx,26.00,cma
Valparaiso,certified-medication-aide-per-diem-prn-valparaiso-fl,25.30,cma
Valparaiso,certified-medication-aide-per-diem-prn-valparaiso-in,25.61,cma
Valrico,certified-medication-aide-per-diem-prn-valrico-fl,25.45,cma
Valyemo,certified-medication-aide-per-diem-prn-valyemo-ca,25.57,cma
Valyermo,certified-medication-aide-per-diem-prn-valyermo-ca,25.37,cma
Van,certified-medication-aide-per-diem-prn-van-tx,25.48,cma
Van Alstyne,certified-medication-aide-per-diem-prn-van-alstyne-tx,25.68,cma
Van Buren,certified-medication-aide-per-diem-prn-van-buren-ar,25.22,cma
Van Horn,certified-medication-aide-per-diem-prn-van-horn-tx,25.67,cma
Vancouver Pleasant Valley,certified-medication-aide-per-diem-prn-vancouver-pleasant-valley-wa,25.85,cma
Vancouver WA,certified-medication-aide-per-diem-prn-vancouver-wa,25.53,cma
Venice FL,certified-medication-aide-per-diem-prn-venice-fl,25.77,cma
Vernal,certified-medication-aide-per-diem-prn-vernal-ut,25.93,cma
Vernon FL,certified-medication-aide-per-diem-prn-vernon-fl,25.38,cma
Vernon Hills IL,certified-medication-aide-per-diem-prn-vernon-hills-il,26.13,cma
Vernon TX,certified-medication-aide-per-diem-prn-vernon-tx,25.87,cma
Vernonia,certified-medication-aide-per-diem-prn-vernonia-or,25.96,cma
Vero Beach FL,certified-medication-aide-per-diem-prn-vero-beach-fl,25.41,cma
Vestavia Hills,certified-medication-aide-per-diem-prn-vestavia-hills-al,26.18,cma
Vian,certified-medication-aide-per-diem-prn-vian-ok,25.47,cma
Victor,certified-medication-aide-per-diem-prn-victor-id,25.32,cma
Victoria,certified-medication-aide-per-diem-prn-victoria-tx,25.61,cma
Victorville,certified-medication-aide-per-diem-prn-victorville-ca,26.11,cma
Vidalia,certified-medication-aide-per-diem-prn-vidalia-ga,25.43,cma
Vidor,certified-medication-aide-per-diem-prn-vidor-tx,25.64,cma
Vienna,certified-medication-aide-per-diem-prn-vienna-wv,26.11,cma
Viera,certified-medication-aide-per-diem-prn-viera-fl,25.78,cma
Vineland,certified-medication-aide-per-diem-prn-vineland-nj,25.37,cma
Virginia Beach,certified-medication-aide-per-diem-prn-virginia-beach-va,25.57,cma
Virginia City,certified-medication-aide-per-diem-prn-virginia-city-nv,26.18,cma
Virginia Gardens,certified-medication-aide-per-diem-prn-virginia-gardens-fl,25.25,cma
Viroqua,certified-medication-aide-per-diem-prn-viroqua-wi,26.18,cma
Vivian,certified-medication-aide-per-diem-prn-vivian-la,25.50,cma
Voorhees,certified-medication-aide-per-diem-prn-voorhees-nj,25.75,cma
Waco,certified-medication-aide-per-diem-prn-waco-tx,25.20,cma
Wadsworth,certified-medication-aide-per-diem-prn-wadsworth-oh,25.23,cma
Waelder,certified-medication-aide-per-diem-prn-waelder-tx,26.10,cma
Wahoo,certified-medication-aide-per-diem-prn-wahoo-ne,25.35,cma
Waimea,certified-medication-aide-per-diem-prn-waimea-hi,25.40,cma
Waipahu,certified-medication-aide-per-diem-prn-waipahu-hi,25.66,cma
Wake Forest,certified-medication-aide-per-diem-prn-wake-forest-nc,25.53,cma
Walden,certified-medication-aide-per-diem-prn-walden-co,25.66,cma
Waldorf,certified-medication-aide-per-diem-prn-waldorf-md,25.85,cma
Waldorf,certified-medication-aide-per-diem-prn-waldorf-md-79c3f,25.66,cma
Waldport,certified-medication-aide-per-diem-prn-waldport-or,26.00,cma
Walhalla,certified-medication-aide-per-diem-prn-walhalla-nd,25.30,cma
Wall Township,certified-medication-aide-per-diem-prn-wall-township-nj,25.53,cma
Walla Walla,certified-medication-aide-per-diem-prn-walla-walla-wa,25.45,cma
Wallace,certified-medication-aide-per-diem-prn-wallace-id,25.57,cma
Waller,certified-medication-aide-per-diem-prn-waller-tx,25.68,cma
Wallingford,certified-medication-aide-per-diem-prn-wallingford-ct,25.22,cma
Walnut Creek,certified-medication-aide-per-diem-prn-walnut-creek-ca,25.67,cma
Walsenburg,certified-medication-aide-per-diem-prn-walsenburg-co,25.48,cma
Walsh,certified-medication-aide-per-diem-prn-walsh-co,25.53,cma
Walterboro,certified-medication-aide-per-diem-prn-walterboro-sc,25.77,cma
Waltham,certified-medication-aide-per-diem-prn-waltham-ma,25.47,cma
Warm Springs,certified-medication-aide-per-diem-prn-warm-springs-mt,25.93,cma
Warminster,certified-medication-aide-per-diem-prn-warminster-pa,25.53,cma
Warner Robins,certified-medication-aide-per-diem-prn-warner-robins-ga,25.95,cma
Warranton,certified-medication-aide-per-diem-prn-warranton-va,25.38,cma
Warren,certified-medication-aide-per-diem-prn-warren-in,26.13,cma
Warren,certified-medication-aide-per-diem-prn-warren-oh,25.85,cma
Warren,certified-medication-aide-per-diem-prn-warren-pa,25.87,cma
Warren,certified-medication-aide-per-diem-prn-warren-ri,25.96,cma
Warren city,certified-medication-aide-per-diem-prn-warren-city-mi,25.84,cma
Warrenton,certified-medication-aide-per-diem-prn-warrenton-or,25.41,cma
Warsaw,certified-medication-aide-per-diem-prn-warsaw-ky,25.47,cma
Warwick,certified-medication-aide-per-diem-prn-warwick-ri,25.32,cma
Washington,certified-medication-aide-per-diem-prn-washington-dc-08039,25.43,cma
Washington,certified-medication-aide-per-diem-prn-washington-ut,25.78,cma
Washington Court House,certified-medication-aide-per-diem-prn-washington-court-house-nd,25.61,cma
Washington DC,certified-medication-aide-per-diem-prn-washington-dc,30.45,cma
Washington Terrace,certified-medication-aide-per-diem-prn-washington-terrace-ut,25.64,cma
Washougal WA,certified-medication-aide-per-diem-prn-washougal-wa,25.37,cma
Wasilla,certified-medication-aide-per-diem-prn-wasilla-ak,25.77,cma
Waskom,certified-medication-aide-per-diem-prn-waskom-tx,25.25,cma
Watauga,certified-medication-aide-per-diem-prn-watauga-tx,26.18,cma
Waterbury,certified-medication-aide-per-diem-prn-waterbury-ct,25.95,cma
Waterbury,certified-medication-aide-per-diem-prn-waterbury-vt,25.61,cma
Waterford,certified-medication-aide-per-diem-prn-waterford-ct,25.36,cma
Waterloo,certified-medication-aide-per-diem-prn-waterloo-ia,25.50,cma
Watertown,certified-medication-aide-per-diem-prn-watertown-ny,25.75,cma
Watertown,certified-medication-aide-per-diem-prn-watertown-sd,25.61,cma
Waterville ME,certified-medication-aide-per-diem-prn-waterville-me,25.20,cma
Watkins CO,certified-medication-aide-per-diem-prn-watkins-co,26.10,cma
Wauchula,certified-medication-aide-per-diem-prn-wauchula-fl,25.35,cma
Wauconda IL,certified-medication-aide-per-diem-prn-wauconda-il-89350,25.40,cma
Waukee,certified-medication-aide-per-diem-prn-waukee-ia,25.87,cma
Waukegan,certified-medication-aide-per-diem-prn-waukegan-il,25.53,cma
Waukesha,certified-medication-aide-per-diem-prn-waukesha-wi-7e11b,25.66,cma
Waukesha city,certified-medication-aide-per-diem-prn-waukesha-city-wi,25.43,cma
Waukon,certified-medication-aide-per-diem-prn-waukon-ia,25.85,cma
Waupun,certified-medication-aide-per-diem-prn-waupun-wi,26.00,cma
Wausau,certified-medication-aide-per-diem-prn-wausau-wi,25.30,cma
Wauwatosa,certified-medication-aide-per-diem-prn-wauwatosa-wi,25.45,cma
Waverly IA,certified-medication-aide-per-diem-prn-waverly-ia,25.57,cma
Waverly OH,certified-medication-aide-per-diem-prn-waverly-oh,25.68,cma
Waxahachie,certified-medication-aide-per-diem-prn-waxahachie-tx,25.22,cma
Waycross,certified-medication-aide-per-diem-prn-waycross-ga,25.67,cma
Wayne,certified-medication-aide-per-diem-prn-wayne-nj,25.48,cma
Weatherford,certified-medication-aide-per-diem-prn-weatherford-tx,25.53,cma
Weatherly,certified-medication-aide-per-diem-prn-weatherly-pa,25.77,cma
Weaverville,certified-medication-aide-per-diem-prn-weaverville-ca,25.93,cma
Weaverville,certified-medication-aide-per-diem-prn-weaverville-nc,25.38,cma
Webster,certified-medication-aide-per-diem-prn-webster-tx,26.13,cma
Webster Groves,certified-medication-aide-per-diem-prn-webster-groves-mo,25.49,cma
Weeki Wachee,certified-medication-aide-per-diem-prn-weeki-wachee-fl,25.87,cma
Weimar,certified-medication-aide-per-diem-prn-weimar-tx,25.96,cma
Weirsdale,certified-medication-aide-per-diem-prn-weirsdale-fl,25.41,cma
Weirton,certified-medication-aide-per-diem-prn-weirton-wv,25.47,cma
Weiser,certified-medication-aide-per-diem-prn-weiser-id,25.32,cma
Welaka,certified-medication-aide-per-diem-prn-welaka-fl,25.61,cma
Welches,certified-medication-aide-per-diem-prn-welches-or,26.11,cma
Wellington,certified-medication-aide-per-diem-prn-wellington-tx,25.78,cma
Wellington FL,certified-medication-aide-per-diem-prn-wellington-fl,25.43,cma
Wellington NV,certified-medication-aide-per-diem-prn-wellington-nv,25.64,cma
Wells,certified-medication-aide-per-diem-prn-wells-tx,25.37,cma
Wellsboro,certified-medication-aide-per-diem-prn-wellsboro-pa,25.25,cma
Wellsville,certified-medication-aide-per-diem-prn-wellsville-mo,25.61,cma
Wellton,certified-medication-aide-per-diem-prn-wellton-az,26.18,cma
Wenatchee,certified-medication-aide-per-diem-prn-wenatchee-wa,25.50,cma
Wendell,certified-medication-aide-per-diem-prn-wendell-id,25.75,cma
Wentzville,certified-medication-aide-per-diem-prn-wentzville-mo,25.00,cma
Weslaco,certified-medication-aide-per-diem-prn-weslaco-tx,25.20,cma
Wesley Chapel,certified-medication-aide-per-diem-prn-wesley-chapel-fl,26.10,cma
West,certified-medication-aide-per-diem-prn-west-tx,25.61,cma
West Allis,certified-medication-aide-per-diem-prn-west-allis-wi,25.37,cma
West Bend,certified-medication-aide-per-diem-prn-west-bend-wi,25.30,cma
West Bountiful,certified-medication-aide-per-diem-prn-west-bountiful-ut,25.35,cma
West Branch,certified-medication-aide-per-diem-prn-west-branch-mi,25.40,cma
West Burlington,certified-medication-aide-per-diem-prn-west-burlington-ia,25.66,cma
West Caldwell,certified-medication-aide-per-diem-prn-west-caldwell-nj,25.85,cma
West Columbia TX,certified-medication-aide-per-diem-prn-west-columbia-tx,26.00,cma
West Des Moines,certified-medication-aide-per-diem-prn-west-des-moines-ia,25.30,cma
West Hartford,certified-medication-aide-per-diem-prn-west-hartford-ct,26.00,cma
West Haven,certified-medication-aide-per-diem-prn-west-haven-ct,25.54,cma
West Haven,certified-medication-aide-per-diem-prn-west-haven-ut,25.45,cma
West Hills,certified-medication-aide-per-diem-prn-west-hills-ca,25.57,cma
West Jordan,certified-medication-aide-per-diem-prn-west-jordan-ut,25.68,cma
West Lafayette,certified-medication-aide-per-diem-prn-west-lafayette-in,25.43,cma
West Lake Hills,certified-medication-aide-per-diem-prn-west-lake-hills-tx,25.22,cma
West Liberty,certified-medication-aide-per-diem-prn-west-liberty-ky,25.67,cma
West Linn OR,certified-medication-aide-per-diem-prn-west-linn-or,25.48,cma
West Little River,certified-medication-aide-per-diem-prn-west-little-river-fl,25.64,cma
West Melbourne,certified-medication-aide-per-diem-prn-west-melbourne-fl,25.53,cma
West Memphis,certified-medication-aide-per-diem-prn-west-memphis-ar,25.68,cma
West Miami,certified-medication-aide-per-diem-prn-west-miami-fl,25.77,cma
West Monroe,certified-medication-aide-per-diem-prn-west-monroe-la,25.93,cma
West Palm Beach,certified-medication-aide-per-diem-prn-west-palm-beach-fl,26.13,cma
West Park,certified-medication-aide-per-diem-prn-west-park-fl,25.87,cma
West Point TX,certified-medication-aide-per-diem-prn-west-point-tx,25.96,cma
West Point UT,certified-medication-aide-per-diem-prn-west-point-ut,25.41,cma
West Sacramento,certified-medication-aide-per-diem-prn-west-sacramento-ca,25.74,cma
West Salem,certified-medication-aide-per-diem-prn-west-salem-wi,25.32,cma
West Union,certified-medication-aide-per-diem-prn-west-union-ia,26.11,cma
West Valley,certified-medication-aide-per-diem-prn-west-valley-ut,25.64,cma
West Valley City,certified-medication-aide-per-diem-prn-west-valley-city-ut,25.43,cma
West Warwick,certified-medication-aide-per-diem-prn-west-warwick-ri,25.68,cma
West Wendover,certified-medication-aide-per-diem-prn-west-wendover-nv,25.78,cma
Westbrook,certified-medication-aide-per-diem-prn-westbrook-me,25.78,cma
Westchester,certified-medication-aide-per-diem-prn-westchester-fl,25.43,cma
Westcliffe,certified-medication-aide-per-diem-prn-westcliffe-co,25.37,cma
Westerly,certified-medication-aide-per-diem-prn-westerly-ri,26.18,cma
Westerville,certified-medication-aide-per-diem-prn-westerville-oh,26.18,cma
Westfield,certified-medication-aide-per-diem-prn-westfield-in,25.84,cma
Westfield NJ,certified-medication-aide-per-diem-prn-westfield-nj,25.47,cma
Westhampton,certified-medication-aide-per-diem-prn-westhampton-ny,25.25,cma
Westlake,certified-medication-aide-per-diem-prn-westlake-oh,26.11,cma
Westland,certified-medication-aide-per-diem-prn-westland-mi,25.65,cma
Westminster CO,certified-medication-aide-per-diem-prn-westminster-co,25.32,cma
Westmont,certified-medication-aide-per-diem-prn-westmont-il,25.50,cma
Weston,certified-medication-aide-per-diem-prn-weston-fl,25.75,cma
Wetumpka,certified-medication-aide-per-diem-prn-wetumpka-al,25.20,cma
Wewahitchka,certified-medication-aide-per-diem-prn-wewahitchka-fl,26.10,cma
Weymouth Town,certified-medication-aide-per-diem-prn-weymouth-town-ma,25.65,cma
Wharton,certified-medication-aide-per-diem-prn-wharton-tx,25.35,cma
Wheat Ridge Bel Aire,certified-medication-aide-per-diem-prn-wheat-ridge-bel-aire-co,25.40,cma
Wheat Ridge CO,certified-medication-aide-per-diem-prn-wheat-ridge-co,25.66,cma
Wheaton,certified-medication-aide-per-diem-prn-wheaton-il,25.85,cma
Wheaton,certified-medication-aide-per-diem-prn-wheaton-md,25.47,cma
Wheeler OR,certified-medication-aide-per-diem-prn-wheeler-or,26.00,cma
Wheeler TX,certified-medication-aide-per-diem-prn-wheeler-tx,25.30,cma
Wheeling,certified-medication-aide-per-diem-prn-wheeling-wv,25.45,cma
White City,certified-medication-aide-per-diem-prn-white-city-or,25.57,cma
White Plains,certified-medication-aide-per-diem-prn-white-plains-ny,25.20,cma
White River Junction,certified-medication-aide-per-diem-prn-white-river-junction-vt,25.68,cma
White Settlement,certified-medication-aide-per-diem-prn-white-settlement-tx,25.22,cma
White Sulphur Springs,certified-medication-aide-per-diem-prn-white-sulphur-springs-mt,25.67,cma
Whitefish,certified-medication-aide-per-diem-prn-whitefish-mt,25.23,cma
Whitehall,certified-medication-aide-per-diem-prn-whitehall-oh,25.84,cma
Whitehouse,certified-medication-aide-per-diem-prn-whitehouse-tx,25.48,cma
Whiteriver,certified-medication-aide-per-diem-prn-whiteriver-az,25.53,cma
Whitesboro,certified-medication-aide-per-diem-prn-whitesboro-tx,25.77,cma
Whiting,certified-medication-aide-per-diem-prn-whiting-nj,25.93,cma
Whitney,certified-medication-aide-per-diem-prn-whitney-nv,25.10,cma
Whitney,certified-medication-aide-per-diem-prn-whitney-tx,25.38,cma
Wichita Falls,certified-medication-aide-per-diem-prn-wichita-falls-tx,26.13,cma
Wichita KS,certified-medication-aide-per-diem-prn-wichita-ks,25.87,cma
Wichita Riverside,certified-medication-aide-per-diem-prn-wichita-riverside-ks,25.92,cma
Wickenburg,certified-medication-aide-per-diem-prn-wickenburg-az,25.96,cma
Wiggins,certified-medication-aide-per-diem-prn-wiggins-co,25.41,cma
Wildwood,certified-medication-aide-per-diem-prn-wildwood-fl,25.47,cma
Wildwood,certified-medication-aide-per-diem-prn-wildwood-mo,25.23,cma
Wiley,certified-medication-aide-per-diem-prn-wiley-co,25.32,cma
Wilkes Barre,certified-medication-aide-per-diem-prn-wilkes-barre-pa,25.61,cma
Wilkes-Barre City,certified-medication-aide-per-diem-prn-wilkes-barre-city-pa,26.11,cma
Wilkesboro,certified-medication-aide-per-diem-prn-wilkesboro-nc,26.11,cma
Willamina,certified-medication-aide-per-diem-prn-willamina-or,25.43,cma
Willcox,certified-medication-aide-per-diem-prn-willcox-az,25.64,cma
Williams,certified-medication-aide-per-diem-prn-williams-az,25.78,cma
Williamsport,certified-medication-aide-per-diem-prn-williamsport-md,25.37,cma
Williamsport,certified-medication-aide-per-diem-prn-williamsport-pa,25.40,cma
Williamstown,certified-medication-aide-per-diem-prn-williamstown-nj,25.25,cma
Willimantic,certified-medication-aide-per-diem-prn-willimantic-ct,25.44,cma
Willis,certified-medication-aide-per-diem-prn-willis-tx,26.18,cma
Williston,certified-medication-aide-per-diem-prn-williston-vt,25.30,cma
Williston FL,certified-medication-aide-per-diem-prn-williston-fl,25.50,cma
Williston ND,certified-medication-aide-per-diem-prn-williston-nd,25.75,cma
Willoughby,certified-medication-aide-per-diem-prn-willoughby-oh,25.92,cma
Willow Park,certified-medication-aide-per-diem-prn-willow-park-tx,25.20,cma
Wills Point,certified-medication-aide-per-diem-prn-wills-point-tx,26.10,cma
Wilmington,certified-medication-aide-per-diem-prn-wilmington-nc,25.35,cma
Wilmington DE,certified-medication-aide-per-diem-prn-wilmington-de,25.35,cma
Wilmington Historic District,certified-medication-aide-per-diem-prn-wilmington-historic-district-nc,25.61,cma
Wilson,certified-medication-aide-per-diem-prn-wilson-nc,25.41,cma
Wilsonville,certified-medication-aide-per-diem-prn-wilsonville-or,25.40,cma
Wilton Manors,certified-medication-aide-per-diem-prn-wilton-manors-fl,25.66,cma
Wimauma,certified-medication-aide-per-diem-prn-wimauma-fl,25.85,cma
Wimberley TX,certified-medication-aide-per-diem-prn-wimberley-tx,26.00,cma
Winchester,certified-medication-aide-per-diem-prn-winchester-ky,26.00,cma
Winchester,certified-medication-aide-per-diem-prn-winchester-nv,25.99,cma
Windcrest,certified-medication-aide-per-diem-prn-windcrest-tx,25.30,cma
Windham,certified-medication-aide-per-diem-prn-windham-me,25.43,cma
Windsor CO,certified-medication-aide-per-diem-prn-windsor-co,25.45,cma
Windsor VT,certified-medication-aide-per-diem-prn-windsor-vt,25.57,cma
Winnemucca,certified-medication-aide-per-diem-prn-winnemucca-nv,25.68,cma
Winnie,certified-medication-aide-per-diem-prn-winnie-tx,25.22,cma
Winnsboro,certified-medication-aide-per-diem-prn-winnsboro-tx,25.67,cma
Winooski,certified-medication-aide-per-diem-prn-winooski-vt,25.67,cma
Winslow,certified-medication-aide-per-diem-prn-winslow-az,25.48,cma
Winston,certified-medication-aide-per-diem-prn-winston-or,25.53,cma
Winston-Salem,certified-medication-aide-per-diem-prn-winston-salem-nc,25.66,cma
Winter Garden,certified-medication-aide-per-diem-prn-winter-garden-fl,25.77,cma
Winter Haven,certified-medication-aide-per-diem-prn-winter-haven-fl,25.93,cma
Winter Park CO,certified-medication-aide-per-diem-prn-winter-park-co,25.38,cma
Winter Park FL,certified-medication-aide-per-diem-prn-winter-park-fl,26.13,cma
Winter Springs,certified-medication-aide-per-diem-prn-winter-springs-fl,25.87,cma
Winters,certified-medication-aide-per-diem-prn-winters-tx,25.96,cma
Winthrop,certified-medication-aide-per-diem-prn-winthrop-me,25.41,cma
Wisconsin Rapids,certified-medication-aide-per-diem-prn-wisconsin-rapids-wi,25.47,cma
Wittmann,certified-medication-aide-per-diem-prn-wittmann-az,25.32,cma
Wolcottville,certified-medication-aide-per-diem-prn-wolcottville-in,25.61,cma
Wolf Point,certified-medication-aide-per-diem-prn-wolf-point-mt,26.11,cma
Wolfforth,certified-medication-aide-per-diem-prn-wolfforth-tx,25.43,cma
Wood Village,certified-medication-aide-per-diem-prn-wood-village-or,25.64,cma
Woodbridge,certified-medication-aide-per-diem-prn-woodbridge-va,25.78,cma
Woodburn,certified-medication-aide-per-diem-prn-woodburn-or,25.37,cma
Woodbury,certified-medication-aide-per-diem-prn-woodbury-mn,25.40,cma
Woodbury,certified-medication-aide-per-diem-prn-woodbury-nj,25.25,cma
Woodcliff Lake,certified-medication-aide-per-diem-prn-woodcliff-lake-nj,26.18,cma
Woodland Park,certified-medication-aide-per-diem-prn-woodland-park-co,25.50,cma
Woodlawn CDP,certified-medication-aide-per-diem-prn-woodlawn-cdp-md,25.77,cma
Woods Cross,certified-medication-aide-per-diem-prn-woods-cross-ut,25.75,cma
Woodsboro,certified-medication-aide-per-diem-prn-woodsboro-tx,25.20,cma
Woodstock,certified-medication-aide-per-diem-prn-woodstock-ga,25.59,cma
Woodsville,certified-medication-aide-per-diem-prn-woodsville-nh,26.10,cma
Woodville TX,certified-medication-aide-per-diem-prn-woodville-tx,25.35,cma
Woodville WI,certified-medication-aide-per-diem-prn-woodville-wi,25.40,cma
Woodway,certified-medication-aide-per-diem-prn-woodway-tx,25.66,cma
Woonsocket,certified-medication-aide-per-diem-prn-woonsocket-ri,25.23,cma
Wooster,certified-medication-aide-per-diem-prn-wooster-oh,25.14,cma
Worcester,certified-medication-aide-per-diem-prn-worcester-ma,25.85,cma
Wrangell,certified-medication-aide-per-diem-prn-wrangell-ak,26.00,cma
Wray,certified-medication-aide-per-diem-prn-wray-co,25.30,cma
Wyckoff,certified-medication-aide-per-diem-prn-wyckoff-nj,25.20,cma
Wylie,certified-medication-aide-per-diem-prn-wylie-tx,25.45,cma
Wyoming,certified-medication-aide-per-diem-prn-wyoming-mi,25.68,cma
Xenia,certified-medication-aide-per-diem-prn-xenia-oh,26.00,cma
Yakima WA,certified-medication-aide-per-diem-prn-yakima-wa,25.57,cma
Yankton,certified-medication-aide-per-diem-prn-yankton-sd,25.68,cma
Yarmouth,certified-medication-aide-per-diem-prn-yarmouth-me,25.59,cma
Yazoo City,certified-medication-aide-per-diem-prn-yazoo-city-ms,25.22,cma
Ybor City,certified-medication-aide-per-diem-prn-ybor-city-fl,25.67,cma
Yelm,certified-medication-aide-per-diem-prn-yelm-wa,25.68,cma
Yerington,certified-medication-aide-per-diem-prn-yerington-nv,25.48,cma
Yoakum,certified-medication-aide-per-diem-prn-yoakum-tx,25.53,cma
Yonkers,certified-medication-aide-per-diem-prn-yonkers-ny,26.31,cma
York City,certified-medication-aide-per-diem-prn-york-city-pa,25.43,cma
York PA,certified-medication-aide-per-diem-prn-york-pa,25.77,cma
Yorktown IN,certified-medication-aide-per-diem-prn-yorktown-in,25.93,cma
Yorktown TX,certified-medication-aide-per-diem-prn-yorktown-tx,25.38,cma
Youngstown,certified-medication-aide-per-diem-prn-youngstown-oh,25.53,cma
Youngtown,certified-medication-aide-per-diem-prn-youngtown-az,26.13,cma
Yuba City,certified-medication-aide-per-diem-prn-yuba-city-ca,25.87,cma
Yucca Valley,certified-medication-aide-per-diem-prn-yucca-valley-ca,25.44,cma
Yukon,certified-medication-aide-per-diem-prn-yukon-ok,25.95,cma
Yulee,certified-medication-aide-per-diem-prn-yulee-fl,25.96,cma
Yuma AZ,certified-medication-aide-per-diem-prn-yuma-az,25.41,cma
Yuma CO,certified-medication-aide-per-diem-prn-yuma-co,25.47,cma
Zachary,certified-medication-aide-per-diem-prn-zachary-la,25.32,cma
Zanesville,certified-medication-aide-per-diem-prn-zanesville-nd,25.61,cma
Zapata,certified-medication-aide-per-diem-prn-zapata-tx,26.11,cma
Zephyr Cove,certified-medication-aide-per-diem-prn-zephyr-cove-nv,25.43,cma
Zephyrhills,certified-medication-aide-per-diem-prn-zephyrhills-fl,25.64,cma
Zion,certified-medication-aide-per-diem-prn-zion-il,25.25,cma
