name,slug,pay,license
700 Smith St,certified-nursing-assistant-per-diem-prn-700-smith-st-ri,23.29,cna
Aberdeen ID,certified-nursing-assistant-per-diem-prn-aberdeen-id,20.11,cna
Aberdeen SD,certified-nursing-assistant-per-diem-prn-aberdeen-sd,25.21,cna
Aberdeen WA,certified-nursing-assistant-per-diem-prn-aberdeen-wa,27.12,cna
Abernathy,certified-nursing-assistant-per-diem-prn-abernathy-tx,20.11,cna
Abilene,certified-nursing-assistant-per-diem-prn-abilene-tx,20.11,cna
Abingdon,certified-nursing-assistant-per-diem-prn-abingdon-va,25.29,cna
Abington,certified-nursing-assistant-per-diem-prn-abington-pa,25.32,cna
Absecon,certified-nursing-assistant-per-diem-prn-absecon-nj,26.00,cna
Addison,certified-nursing-assistant-per-diem-prn-addison-tx,20.11,cna
Affton,certified-nursing-assistant-per-diem-prn-affton-mo,25.61,cna
Aiken,certified-nursing-assistant-per-diem-prn-aiken-sc,20.11,cna
Ajo,certified-nursing-assistant-per-diem-prn-ajo-az,26.03,cna
Akron CO,certified-nursing-assistant-per-diem-prn-akron-co,20.11,cna
Akron OH,certified-nursing-assistant-per-diem-prn-akron-oh,23.29,cna
Alabaster,certified-nursing-assistant-per-diem-prn-alabaster-al,25.20,cna
Alachua,certified-nursing-assistant-per-diem-prn-alachua-fl,20.11,cna
Alafaya,certified-nursing-assistant-per-diem-prn-alafaya-fl,25.65,cna
Alamo,certified-nursing-assistant-per-diem-prn-alamo-tx,20.11,cna
Alamogordo,certified-nursing-assistant-per-diem-prn-alamogordo-nm,25.25,cna
Alamosa,certified-nursing-assistant-per-diem-prn-alamosa-co,20.11,cna
Albany,certified-nursing-assistant-per-diem-prn-albany-ny,25.61,cna
Albany GA,certified-nursing-assistant-per-diem-prn-albany-ga,26.00,cna
Albany OR,certified-nursing-assistant-per-diem-prn-albany-or,27.12,cna
Albany TX,certified-nursing-assistant-per-diem-prn-albany-tx,20.11,cna
Albertville,certified-nursing-assistant-per-diem-prn-albertville-al,25.45,cna
Albia IA,certified-nursing-assistant-per-diem-prn-albia-ia,20.11,cna
Albion,certified-nursing-assistant-per-diem-prn-albion-mi,20.11,cna
Albuquerque,certified-nursing-assistant-per-diem-prn-albuquerque-nm,22.60,cna
Aledo IL,certified-nursing-assistant-per-diem-prn-aledo-il,25.89,cna
Aledo TX,certified-nursing-assistant-per-diem-prn-aledo-tx,20.11,cna
Alexander City,certified-nursing-assistant-per-diem-prn-alexander-city-al,20.11,cna
Alexandria LA,certified-nursing-assistant-per-diem-prn-alexandria-la,23.87,cna
Alexandria VA,certified-nursing-assistant-per-diem-prn-alexandria-va,25.29,cna
Alhambra,certified-nursing-assistant-per-diem-prn-alhambra-ca,23.29,cna
Alice,certified-nursing-assistant-per-diem-prn-alice-tx,20.11,cna
Allen,certified-nursing-assistant-per-diem-prn-allen-tx,20.11,cna
Allentown,certified-nursing-assistant-per-diem-prn-allentown-pa,25.32,cna
Alliance,certified-nursing-assistant-per-diem-prn-alliance-ne,23.87,cna
Alliance,certified-nursing-assistant-per-diem-prn-alliance-oh,25.03,cna
Alma,certified-nursing-assistant-per-diem-prn-alma-mi,20.11,cna
Aloha,certified-nursing-assistant-per-diem-prn-aloha-or,25.61,cna
Alpena,certified-nursing-assistant-per-diem-prn-alpena-mi,20.11,cna
Alpharetta GA,certified-nursing-assistant-per-diem-prn-alpharetta-ga,25.45,cna
Alpine,certified-nursing-assistant-per-diem-prn-alpine-tx,20.11,cna
Alpine,certified-nursing-assistant-per-diem-prn-alpine-ut,23.29,cna
Alsea,certified-nursing-assistant-per-diem-prn-alsea-or,27.12,cna
Altamonte Springs,certified-nursing-assistant-per-diem-prn-altamonte-springs-fl,20.11,cna
Alto,certified-nursing-assistant-per-diem-prn-alto-tx,20.11,cna
Alton,certified-nursing-assistant-per-diem-prn-alton-tx,20.29,cna
Altoona,certified-nursing-assistant-per-diem-prn-altoona-0-wi,21.42,cna
Altoona,certified-nursing-assistant-per-diem-prn-altoona-fl,20.29,cna
Altoona,certified-nursing-assistant-per-diem-prn-altoona-pa,25.64,cna
Altoona IA,certified-nursing-assistant-per-diem-prn-altoona-ia,25.67,cna
Alturas,certified-nursing-assistant-per-diem-prn-alturas-ca,20.29,cna
Alvarado,certified-nursing-assistant-per-diem-prn-alvarado-tx,20.29,cna
Alvin,certified-nursing-assistant-per-diem-prn-alvin-tx,20.29,cna
Alvord,certified-nursing-assistant-per-diem-prn-alvord-tx,20.29,cna
Amado,certified-nursing-assistant-per-diem-prn-amado-az,26.03,cna
Amargosa Valley,certified-nursing-assistant-per-diem-prn-amargosa-valley-nv,25.21,cna
Amarillo,certified-nursing-assistant-per-diem-prn-amarillo-tx,20.29,cna
American Falls,certified-nursing-assistant-per-diem-prn-american-falls-id,20.29,cna
American Fork,certified-nursing-assistant-per-diem-prn-american-fork-ut,27.12,cna
Ames IA,certified-nursing-assistant-per-diem-prn-ames-ia,20.29,cna
Amherst,certified-nursing-assistant-per-diem-prn-amherst-8-va,25.29,cna
Amherst,certified-nursing-assistant-per-diem-prn-amherst-ny,25.03,cna
Amherst,certified-nursing-assistant-per-diem-prn-amherst-tx,20.29,cna
Ammon ID,certified-nursing-assistant-per-diem-prn-ammon-id,20.29,cna
Amsterdam,certified-nursing-assistant-per-diem-prn-amsterdam-ny,23.87,cna
Anaconda MT,certified-nursing-assistant-per-diem-prn-anaconda-mt,23.87,cna
Anacortes,certified-nursing-assistant-per-diem-prn-anacortes-wa,27.12,cna
Anaheim,certified-nursing-assistant-per-diem-prn-anaheim-ca,20.29,cna
Anahuac,certified-nursing-assistant-per-diem-prn-anahuac-tx,20.29,cna
Anchorage,certified-nursing-assistant-per-diem-prn-anchorage-ak,25.21,cna
Anderson,certified-nursing-assistant-per-diem-prn-anderson-in,25.00,cna
Anderson,certified-nursing-assistant-per-diem-prn-anderson-sc,25.61,cna
Andover,certified-nursing-assistant-per-diem-prn-andover-mn,26.11,cna
Andrews,certified-nursing-assistant-per-diem-prn-andrews-tx,20.29,cna
Aneta,certified-nursing-assistant-per-diem-prn-aneta-nd,23.87,cna
Angelus Oaks,certified-nursing-assistant-per-diem-prn-angelus-oaks-ca,20.29,cna
Angleton,certified-nursing-assistant-per-diem-prn-angleton-tx,20.29,cna
Anita,certified-nursing-assistant-per-diem-prn-anita-ia,25.85,cna
Ankeny IA,certified-nursing-assistant-per-diem-prn-ankeny-ia,26.11,cna
Ann Arbor,certified-nursing-assistant-per-diem-prn-ann-arbor-mi,25.43,cna
Annandale,certified-nursing-assistant-per-diem-prn-annandale-va,20.29,cna
Annapolis,certified-nursing-assistant-per-diem-prn-annapolis-md-0c30e,25.61,cna
Annapolis MD,certified-nursing-assistant-per-diem-prn-annapolis-md,23.87,cna
Anniston,certified-nursing-assistant-per-diem-prn-anniston-al,25.38,cna
Anson,certified-nursing-assistant-per-diem-prn-anson-tx,20.29,cna
Anthem,certified-nursing-assistant-per-diem-prn-anthem-az,26.03,cna
Antigo,certified-nursing-assistant-per-diem-prn-antigo-wi,21.42,cna
Antonito,certified-nursing-assistant-per-diem-prn-antonito-co,20.29,cna
Any City,certified-nursing-assistant-per-diem-prn-any-city-or,27.12,cna
Apache Junction AZ,certified-nursing-assistant-per-diem-prn-apache-junction-az,26.03,cna
Apalachicola,certified-nursing-assistant-per-diem-prn-apalachicola-fl,20.29,cna
Apex,certified-nursing-assistant-per-diem-prn-apex-nc,26.00,cna
Apollo Beach,certified-nursing-assistant-per-diem-prn-apollo-beach-fl,20.29,cna
Apopka,certified-nursing-assistant-per-diem-prn-apopka-fl,20.29,cna
Apple Valley,certified-nursing-assistant-per-diem-prn-apple-valley-mn,25.67,cna
Appleton,certified-nursing-assistant-per-diem-prn-appleton-wi,25.50,cna
Aransas Pass,certified-nursing-assistant-per-diem-prn-aransas-pass-tx,20.29,cna
Arcadia,certified-nursing-assistant-per-diem-prn-arcadia-fl,20.29,cna
Arcata,certified-nursing-assistant-per-diem-prn-arcata-ca,20.29,cna
Archer,certified-nursing-assistant-per-diem-prn-archer-fl,20.29,cna
Archer City,certified-nursing-assistant-per-diem-prn-archer-city-tx,20.29,cna
Arco,certified-nursing-assistant-per-diem-prn-arco-id,20.29,cna
Ardmore,certified-nursing-assistant-per-diem-prn-ardmore-ok,25.85,cna
Arivaca,certified-nursing-assistant-per-diem-prn-arivaca-az,26.03,cna
Arizona City,certified-nursing-assistant-per-diem-prn-arizona-city-az,26.03,cna
Arlington,certified-nursing-assistant-per-diem-prn-arlington-ma,25.83,cna
Arlington Heights,certified-nursing-assistant-per-diem-prn-arlington-heights-il,25.64,cna
Arlington TX,per-diem-arlington-tx,26.62,cna
Arlington VA,certified-nursing-assistant-per-diem-prn-arlington-va,23.29,cna
Arlington WA,certified-nursing-assistant-per-diem-prn-arlington-wa,27.12,cna
Arnold,certified-nursing-assistant-per-diem-prn-arnold-mo,25.43,cna
Artesia,certified-nursing-assistant-per-diem-prn-artesia-nm,25.89,cna
Arvada CO,certified-nursing-assistant-per-diem-prn-arvada-co,20.53,cna
Ash Fork,certified-nursing-assistant-per-diem-prn-ash-fork-az,26.03,cna
Ashburn VA,certified-nursing-assistant-per-diem-prn-ashburn-va,20.29,cna
Asheville Charlotte Street,certified-nursing-assistant-per-diem-prn-asheville-charlotte-street-nc,24.45,cna
Asheville NC,certified-nursing-assistant-per-diem-prn-asheville-nc,23.87,cna
Ashland,certified-nursing-assistant-per-diem-prn-ashland-ky,25.59,cna
Ashland City,certified-nursing-assistant-per-diem-prn-ashland-city-tn,25.35,cna
Ashland OR,certified-nursing-assistant-per-diem-prn-ashland-or,27.12,cna
Ashland WI,certified-nursing-assistant-per-diem-prn-ashland-wi,21.42,cna
Ashley,certified-nursing-assistant-per-diem-prn-ashley-nd,23.87,cna
Ashley OH,certified-nursing-assistant-per-diem-prn-ashley-oh,20.29,cna
Ashton,certified-nursing-assistant-per-diem-prn-ashton-id,20.29,cna
Aspen CO,certified-nursing-assistant-per-diem-prn-aspen-co,20.29,cna
Aspen Hill,certified-nursing-assistant-per-diem-prn-aspen-hill-md,25.38,cna
Aspermont,certified-nursing-assistant-per-diem-prn-aspermont-tx,20.29,cna
Astoria,certified-nursing-assistant-per-diem-prn-astoria-or,27.12,cna
Athens,certified-nursing-assistant-per-diem-prn-athens-al,25.48,cna
Athens,certified-nursing-assistant-per-diem-prn-athens-tx,20.29,cna
Athens GA,certified-nursing-assistant-per-diem-prn-athens-ga,25.22,cna
Athens OH,certified-nursing-assistant-per-diem-prn-athens-oh,25.74,cna
Atlanta,certified-nursing-assistant-per-diem-prn-atlanta-tx,19.72,cna
Atlanta Buckhead,certified-nursing-assistant-per-diem-prn-atlanta-buckhead-ga,25.54,cna
Atlanta GA,certified-nursing-assistant-per-diem-prn-atlanta-ga,25.68,cna
Atlanta South Downtown,certified-nursing-assistant-per-diem-prn-atlanta-south-downtown-ga,20.85,cna
Atlantic Beach,certified-nursing-assistant-per-diem-prn-atlantic-beach-fl,20.29,cna
Atlantic City,certified-nursing-assistant-per-diem-prn-atlantic-city-nj,25.99,cna
Atlantic IA,certified-nursing-assistant-per-diem-prn-atlantic-ia,20.29,cna
Atlantis,certified-nursing-assistant-per-diem-prn-atlantis-fl,20.29,cna
Attalla,certified-nursing-assistant-per-diem-prn-attalla-al,20.29,cna
Attleboro,certified-nursing-assistant-per-diem-prn-attleboro-ma,25.95,cna
Atwood KS,certified-nursing-assistant-per-diem-prn-atwood-ks,23.87,cna
Aubrey,certified-nursing-assistant-per-diem-prn-aubrey-tx,20.29,cna
Auburn,certified-nursing-assistant-per-diem-prn-auburn-al,25.75,cna
Auburn,certified-nursing-assistant-per-diem-prn-auburn-me,25.61,cna
Auburn IN,certified-nursing-assistant-per-diem-prn-auburn-in,20.29,cna
Auburn NY,certified-nursing-assistant-per-diem-prn-auburn-ny,23.87,cna
Auburn WA,certified-nursing-assistant-per-diem-prn-auburn-wa,27.12,cna
Auburndale,certified-nursing-assistant-per-diem-prn-auburndale-fl,20.29,cna
Augusta,certified-nursing-assistant-per-diem-prn-augusta-me,25.50,cna
Augusta GA,certified-nursing-assistant-per-diem-prn-augusta-ga,25.30,cna
Aumsville,certified-nursing-assistant-per-diem-prn-aumsville-or,27.12,cna
Aurora,certified-nursing-assistant-per-diem-prn-aurora-il,25.67,cna
Aurora CO,certified-nursing-assistant-per-diem-prn-aurora-co,20.53,cna
Aurora East Ridge - Ptarmigan Park,certified-nursing-assistant-per-diem-prn-aurora-east-ridge-ptarmigan-park-co,24.45,cna
Aurora Heather Gardens,certified-nursing-assistant-per-diem-prn-aurora-heather-gardens-co,24.45,cna
Austin NV,certified-nursing-assistant-per-diem-prn-austin-nv,25.21,cna
Austin TX,per-diem-austin-tx,22.51,cna
Austintown,certified-nursing-assistant-per-diem-prn-austintown-oh,25.03,cna
Avalon,certified-nursing-assistant-per-diem-prn-avalon-ca,20.29,cna
Ave Maria,certified-nursing-assistant-per-diem-prn-ave-maria-fl,20.29,cna
Aventura,certified-nursing-assistant-per-diem-prn-aventura-fl,20.29,cna
Avinger,certified-nursing-assistant-per-diem-prn-avinger-tx,20.29,cna
Avon,certified-nursing-assistant-per-diem-prn-avon-oh,25.03,cna
Avon CO,certified-nursing-assistant-per-diem-prn-avon-co,20.29,cna
Avon CT,certified-nursing-assistant-per-diem-prn-avon-ct,26.89,cna
Avon Lake,certified-nursing-assistant-per-diem-prn-avon-lake-oh,25.95,cna
Avon Park,certified-nursing-assistant-per-diem-prn-avon-park-fl,20.29,cna
Avondale AZ,certified-nursing-assistant-per-diem-prn-avondale-az,26.03,cna
Avondale CO,certified-nursing-assistant-per-diem-prn-avondale-co,20.29,cna
Axtell,certified-nursing-assistant-per-diem-prn-axtell-ne,23.87,cna
Azle,certified-nursing-assistant-per-diem-prn-azle-tx,20.29,cna
Babylon town,certified-nursing-assistant-per-diem-prn-babylon-town-ny,25.92,cna
Bacliff,certified-nursing-assistant-per-diem-prn-bacliff-tx,20.29,cna
Bad Axe,certified-nursing-assistant-per-diem-prn-bad-axe-mi,20.29,cna
Badger,certified-nursing-assistant-per-diem-prn-badger-ak,25.96,cna
Bagdad,certified-nursing-assistant-per-diem-prn-bagdad-az,26.03,cna
Bailey,certified-nursing-assistant-per-diem-prn-bailey-co,20.29,cna
BAINBRIDGE ISLAND,certified-nursing-assistant-per-diem-prn-bainbridge-island-wa,20.11,cna
Baird,certified-nursing-assistant-per-diem-prn-baird-tx,20.29,cna
Baker,certified-nursing-assistant-per-diem-prn-baker-wv,21.42,cna
Baker City,certified-nursing-assistant-per-diem-prn-baker-city-or,27.12,cna
Bakersfield,certified-nursing-assistant-per-diem-prn-bakersfield-ca,25.43,cna
Balch Springs,certified-nursing-assistant-per-diem-prn-balch-springs-tx,20.29,cna
Ballinger,certified-nursing-assistant-per-diem-prn-ballinger-tx,20.29,cna
Ballwin MO,certified-nursing-assistant-per-diem-prn-ballwin-mo,20.29,cna
Baltimore,certified-nursing-assistant-per-diem-prn-baltimore-md,25.37,cna
Baltimore MD,per-diem-baltimore-md,24.00,cna
Bandera,certified-nursing-assistant-per-diem-prn-bandera-tx,20.29,cna
Bandon,certified-nursing-assistant-per-diem-prn-bandon-or,27.12,cna
Bangor,certified-nursing-assistant-per-diem-prn-bangor-me,23.87,cna
Bangs,certified-nursing-assistant-per-diem-prn-bangs-tx,20.29,cna
Bar Harbor,certified-nursing-assistant-per-diem-prn-bar-harbor-me,23.87,cna
Barberton,certified-nursing-assistant-per-diem-prn-barberton-oh,25.95,cna
Bardstown KY,certified-nursing-assistant-per-diem-prn-bardstown-ky,20.29,cna
Barnsdall,certified-nursing-assistant-per-diem-prn-barnsdall-ok,20.11,cna
Barnstable Town,certified-nursing-assistant-per-diem-prn-barnstable-town-ma,25.68,cna
Barre,certified-nursing-assistant-per-diem-prn-barre-vt,21.42,cna
Barre city,certified-nursing-assistant-per-diem-prn-barre-city-vt,25.45,cna
Barre town,certified-nursing-assistant-per-diem-prn-barre-town-vt,25.38,cna
Bartlesville,certified-nursing-assistant-per-diem-prn-bartlesville-ok,26.18,cna
Bartlett,certified-nursing-assistant-per-diem-prn-bartlett-tn,25.99,cna
Bartlett,certified-nursing-assistant-per-diem-prn-bartlett-tx,20.29,cna
Barton,certified-nursing-assistant-per-diem-prn-barton-vt,21.42,cna
Bartow,certified-nursing-assistant-per-diem-prn-bartow-fl,20.29,cna
Basalt,certified-nursing-assistant-per-diem-prn-basalt-co,20.29,cna
Basking Ridge NJ,certified-nursing-assistant-per-diem-prn-basking-ridge-nj,23.44,cna
Bastrop,certified-nursing-assistant-per-diem-prn-bastrop-tx,20.29,cna
Batavia,certified-nursing-assistant-per-diem-prn-batavia-ny,20.29,cna
Batesville,certified-nursing-assistant-per-diem-prn-batesville-ar,25.21,cna
Baton Rouge LA,certified-nursing-assistant-per-diem-prn-baton-rouge-la,20.29,cna
Battle Creek,certified-nursing-assistant-per-diem-prn-battle-creek-mi,20.29,cna
Battle Ground WA,certified-nursing-assistant-per-diem-prn-battle-ground-wa,27.12,cna
Battle Mountain,certified-nursing-assistant-per-diem-prn-battle-mountain-nv,25.21,cna
Bay City MI,certified-nursing-assistant-per-diem-prn-bay-city-mi,20.29,cna
Bay City TX,certified-nursing-assistant-per-diem-prn-bay-city-tx,20.29,cna
Bay Harbor Islands,certified-nursing-assistant-per-diem-prn-bay-harbor-islands-fl,20.43,cna
Bayou Cane,certified-nursing-assistant-per-diem-prn-bayou-cane-la,25.25,cna
Baytown,certified-nursing-assistant-per-diem-prn-baytown-tx,20.43,cna
Bayville,certified-nursing-assistant-per-diem-prn-bayville-nj,25.37,cna
Bear,certified-nursing-assistant-per-diem-prn-bear-de,25.43,cna
Beatrice,certified-nursing-assistant-per-diem-prn-beatrice-ne,23.87,cna
Beatty,certified-nursing-assistant-per-diem-prn-beatty-nv,25.21,cna
Beaumont,certified-nursing-assistant-per-diem-prn-beaumont-tx,20.43,cna
Beaver,certified-nursing-assistant-per-diem-prn-beaver-ut,27.12,cna
Beavercreek,certified-nursing-assistant-per-diem-prn-beavercreek-oh,25.30,cna
Beaverton,certified-nursing-assistant-per-diem-prn-beaverton-or,27.12,cna
Becket,certified-nursing-assistant-per-diem-prn-becket-ma,20.43,cna
Beckley,certified-nursing-assistant-per-diem-prn-beckley-wv,25.85,cna
Bedford NH,certified-nursing-assistant-per-diem-prn-bedford-nh,23.87,cna
Bedford TX,certified-nursing-assistant-per-diem-prn-bedford-tx,20.43,cna
Bedias,certified-nursing-assistant-per-diem-prn-bedias-tx,20.43,cna
Bee Cave,certified-nursing-assistant-per-diem-prn-bee-cave-tx,20.43,cna
Beecher,certified-nursing-assistant-per-diem-prn-beecher-il,21.46,cna
Beeville,certified-nursing-assistant-per-diem-prn-beeville-tx,20.43,cna
Bel Air South,certified-nursing-assistant-per-diem-prn-bel-air-south-md,25.67,cna
Belfast,certified-nursing-assistant-per-diem-prn-belfast-me,23.87,cna
Belgrade,certified-nursing-assistant-per-diem-prn-belgrade-mt,25.65,cna
Bell,certified-nursing-assistant-per-diem-prn-bell-ca,23.54,cna
Bell,certified-nursing-assistant-per-diem-prn-bell-fl,20.43,cna
Bella Vista,certified-nursing-assistant-per-diem-prn-bella-vista-ar,25.61,cna
Bellaire,certified-nursing-assistant-per-diem-prn-bellaire-tx,20.43,cna
Belle Fourche,certified-nursing-assistant-per-diem-prn-belle-fourche-sd,25.21,cna
Belle Glade,certified-nursing-assistant-per-diem-prn-belle-glade-fl,20.43,cna
Belle Plaine IA,certified-nursing-assistant-per-diem-prn-belle-plaine-ia,20.43,cna
Belleair,certified-nursing-assistant-per-diem-prn-belleair-fl,20.43,cna
Belleview,certified-nursing-assistant-per-diem-prn-belleview-fl,20.43,cna
Belleville,certified-nursing-assistant-per-diem-prn-belleville-il-4ef76,20.43,cna
Belleville KS,certified-nursing-assistant-per-diem-prn-belleville-ks,23.87,cna
Bellevue,certified-nursing-assistant-per-diem-prn-bellevue-ne,25.92,cna
Bellevue IA,certified-nursing-assistant-per-diem-prn-bellevue-ia,20.43,cna
Bellevue ID,certified-nursing-assistant-per-diem-prn-bellevue-id,20.43,cna
Bellevue WA,certified-nursing-assistant-per-diem-prn-bellevue-wa,25.21,cna
Bellflower,certified-nursing-assistant-per-diem-prn-bellflower-ca,20.43,cna
Bellingham,certified-nursing-assistant-per-diem-prn-bellingham-wa,25.84,cna
Bellmead,certified-nursing-assistant-per-diem-prn-bellmead-tx,20.43,cna
Bellville,certified-nursing-assistant-per-diem-prn-bellville-tx,20.43,cna
Bellvue,certified-nursing-assistant-per-diem-prn-bellvue-id,20.43,cna
Beloit,certified-nursing-assistant-per-diem-prn-beloit-wi,21.42,cna
Belton MO,certified-nursing-assistant-per-diem-prn-belton-mo,23.87,cna
Belton TX,certified-nursing-assistant-per-diem-prn-belton-tx,20.43,cna
Benavides,certified-nursing-assistant-per-diem-prn-benavides-tx,20.43,cna
Benbrook,certified-nursing-assistant-per-diem-prn-benbrook-tx,20.43,cna
Bend,certified-nursing-assistant-per-diem-prn-bend-or,27.12,cna
Bennington,certified-nursing-assistant-per-diem-prn-bennington-vt,25.35,cna
Bensalem,certified-nursing-assistant-per-diem-prn-bensalem-pa,25.99,cna
Benson,certified-nursing-assistant-per-diem-prn-benson-az,26.03,cna
Benton,certified-nursing-assistant-per-diem-prn-benton-ar,25.54,cna
Bentonville,certified-nursing-assistant-per-diem-prn-bentonville-ar,25.03,cna
Bergenfield NJ,certified-nursing-assistant-per-diem-prn-bergenfield-nj,23.29,cna
Berlin,certified-nursing-assistant-per-diem-prn-berlin-nh,23.87,cna
Berryville,certified-nursing-assistant-per-diem-prn-berryville-va,23.29,cna
Berthoud CO,certified-nursing-assistant-per-diem-prn-berthoud-co,20.43,cna
Bertram,certified-nursing-assistant-per-diem-prn-bertram-tx,20.43,cna
Berwyn,certified-nursing-assistant-per-diem-prn-berwyn-il,25.32,cna
Bessemer,certified-nursing-assistant-per-diem-prn-bessemer-al,25.22,cna
Bethany,certified-nursing-assistant-per-diem-prn-bethany-ok,20.43,cna
Bethany,certified-nursing-assistant-per-diem-prn-bethany-or,25.23,cna
Bethel,certified-nursing-assistant-per-diem-prn-bethel-ak,25.21,cna
Bethel Park,certified-nursing-assistant-per-diem-prn-bethel-park-pa,25.96,cna
Bethesda,certified-nursing-assistant-per-diem-prn-bethesda-md-b34a2,25.30,cna
Bethesda IL,certified-nursing-assistant-per-diem-prn-bethesda-md,23.87,cna
Bethlehem City,certified-nursing-assistant-per-diem-prn-bethlehem-city-pa,26.18,cna
Bethlehem PA,certified-nursing-assistant-per-diem-prn-bethlehem-pa,25.21,cna
Bethlehem West Side,certified-nursing-assistant-per-diem-prn-bethlehem-west-side-pa,25.32,cna
Bettendorf IA,certified-nursing-assistant-per-diem-prn-bettendorf-ia,20.43,cna
Beverly,certified-nursing-assistant-per-diem-prn-beverly-ma,20.43,cna
Beverly Hills,certified-nursing-assistant-per-diem-prn-beverly-hills-fl,20.43,cna
Bicknell,certified-nursing-assistant-per-diem-prn-bicknell-in-4ec7e,20.43,cna
Bicknell,certified-nursing-assistant-per-diem-prn-bicknell-ut,27.12,cna
Biddeford,certified-nursing-assistant-per-diem-prn-biddeford-me,20.87,cna
Big Bear,certified-nursing-assistant-per-diem-prn-big-bear-ca,20.43,cna
Big Lake,certified-nursing-assistant-per-diem-prn-big-lake-tx,20.43,cna
Big Spring,certified-nursing-assistant-per-diem-prn-big-spring-tx,20.43,cna
Big Wells,certified-nursing-assistant-per-diem-prn-big-wells-tx,20.43,cna
Billings MT,certified-nursing-assistant-per-diem-prn-billings-mt,26.03,cna
Biloxi,certified-nursing-assistant-per-diem-prn-biloxi-ms,25.32,cna
Birmingham,certified-nursing-assistant-per-diem-prn-birmingham-al,20.43,cna
Bisbee,certified-nursing-assistant-per-diem-prn-bisbee-az,26.03,cna
Biscoe NC,certified-nursing-assistant-per-diem-prn-biscoe-nc,21.49,cna
Bishopville SC,certified-nursing-assistant-per-diem-prn-bishopville-sc,25.21,cna
Bismarck,certified-nursing-assistant-per-diem-prn-bismarck-nd,23.87,cna
Bixby,certified-nursing-assistant-per-diem-prn-bixby-ok,25.65,cna
Black Hawk,certified-nursing-assistant-per-diem-prn-black-hawk-co,20.43,cna
Blackfoot ID,certified-nursing-assistant-per-diem-prn-blackfoot-id,20.43,cna
Blacksburg,certified-nursing-assistant-per-diem-prn-blacksburg-va,25.29,cna
Blaine,certified-nursing-assistant-per-diem-prn-blaine-mn,25.48,cna
Blairstown,certified-nursing-assistant-per-diem-prn-blairstown-nj,26.11,cna
Blanding,certified-nursing-assistant-per-diem-prn-blanding-ut,27.12,cna
Bloomfield,certified-nursing-assistant-per-diem-prn-bloomfield-ct,26.89,cna
Bloomington,certified-nursing-assistant-per-diem-prn-bloomington-il,26.13,cna
Bloomington,certified-nursing-assistant-per-diem-prn-bloomington-in,25.47,cna
Bloomington,certified-nursing-assistant-per-diem-prn-bloomington-mn,26.10,cna
Bloomsburg PA,certified-nursing-assistant-per-diem-prn-bloomsburg-pa,25.21,cna
Blountstown,certified-nursing-assistant-per-diem-prn-blountstown-fl,20.43,cna
Blowing Rock NC,certified-nursing-assistant-per-diem-prn-blowing-rock-nc,21.49,cna
Blue River,certified-nursing-assistant-per-diem-prn-blue-river-or,27.12,cna
Blue Springs,certified-nursing-assistant-per-diem-prn-blue-springs-mo,25.84,cna
Bluffton,certified-nursing-assistant-per-diem-prn-bluffton-sc,25.23,cna
Bly,certified-nursing-assistant-per-diem-prn-bly-or,27.12,cna
Boardman,certified-nursing-assistant-per-diem-prn-boardman-or,27.12,cna
Boca Raton,certified-nursing-assistant-per-diem-prn-boca-raton-fl,20.43,cna
Boerne TX,certified-nursing-assistant-per-diem-prn-boerne-tx,20.43,cna
Bogata,certified-nursing-assistant-per-diem-prn-bogata-tx,20.43,cna
Boise City,certified-nursing-assistant-per-diem-prn-boise-city-id,25.45,cna
Boise ID,certified-nursing-assistant-per-diem-prn-boise-id,25.21,cna
Bolingbrook IL,certified-nursing-assistant-per-diem-prn-bolingbrook-il,20.43,cna
Bonham,certified-nursing-assistant-per-diem-prn-bonham-tx,20.43,cna
Bonifay,certified-nursing-assistant-per-diem-prn-bonifay-fl,20.43,cna
Bonita Springs FL,certified-nursing-assistant-per-diem-prn-bonita-springs-fl,20.43,cna
Bonners Ferry,certified-nursing-assistant-per-diem-prn-bonners-ferry-id,20.43,cna
Booker,certified-nursing-assistant-per-diem-prn-booker-tx,20.43,cna
Boone NC,certified-nursing-assistant-per-diem-prn-boone-nc,23.87,cna
Borger,certified-nursing-assistant-per-diem-prn-borger-tx,20.43,cna
Bossier City LA,certified-nursing-assistant-per-diem-prn-bossier-city-la,20.43,cna
Boston,certified-nursing-assistant-per-diem-prn-boston-ma,28.40,cna
Bothell,certified-nursing-assistant-per-diem-prn-bothell-wa,25.65,cna
Boulder,certified-nursing-assistant-per-diem-prn-boulder-co,20.53,cna
Boulder City,certified-nursing-assistant-per-diem-prn-boulder-city-nv,25.21,cna
Bountiful,certified-nursing-assistant-per-diem-prn-bountiful-ut,27.12,cna
Bourbon MO,certified-nursing-assistant-per-diem-prn-bourbon-mo,20.43,cna
Bouse,certified-nursing-assistant-per-diem-prn-bouse-az,26.03,cna
Bowie,certified-nursing-assistant-per-diem-prn-bowie-md,26.00,cna
Bowie,certified-nursing-assistant-per-diem-prn-bowie-tx,20.43,cna
Bowling Green KY,certified-nursing-assistant-per-diem-prn-bowling-green-ky,23.87,cna
Bowling Green OH,certified-nursing-assistant-per-diem-prn-bowling-green-oh,25.85,cna
Boynton Beach,certified-nursing-assistant-per-diem-prn-boynton-beach-fl,20.43,cna
Bozeman MT,certified-nursing-assistant-per-diem-prn-bozeman-mt,23.87,cna
Bozrah,certified-nursing-assistant-per-diem-prn-bozrah-ct,20.87,cna
Brackenridge,certified-nursing-assistant-per-diem-prn-brackenridge-pa,25.47,cna
Brackettville,certified-nursing-assistant-per-diem-prn-brackettville-tx,20.43,cna
Braden River,certified-nursing-assistant-per-diem-prn-braden-river-fl,20.43,cna
Bradenton FL,certified-nursing-assistant-per-diem-prn-bradenton-fl,20.43,cna
Brady,certified-nursing-assistant-per-diem-prn-brady-tx,20.43,cna
Brandon,certified-nursing-assistant-per-diem-prn-brandon-fl,20.43,cna
Brandon,certified-nursing-assistant-per-diem-prn-brandon-ms,25.85,cna
Branford,certified-nursing-assistant-per-diem-prn-branford-fl,20.43,cna
Brattleboro,certified-nursing-assistant-per-diem-prn-brattleboro-vt,21.42,cna
Breckenridge CO,certified-nursing-assistant-per-diem-prn-breckenridge-co,20.43,cna
Breckenridge TX,certified-nursing-assistant-per-diem-prn-breckenridge-tx,20.43,cna
Bremerton,certified-nursing-assistant-per-diem-prn-bremerton-wa,25.03,cna
Bremond,certified-nursing-assistant-per-diem-prn-bremond-tx,20.43,cna
Brenham,certified-nursing-assistant-per-diem-prn-brenham-tx,20.43,cna
Brentwood,certified-nursing-assistant-per-diem-prn-brentwood-nh,23.87,cna
Brentwood,certified-nursing-assistant-per-diem-prn-brentwood-tn,26.31,cna
Brevard NC,certified-nursing-assistant-per-diem-prn-brevard-nc,23.87,cna
Brick NJ,certified-nursing-assistant-per-diem-prn-brick-nj,20.43,cna
Brick Township,certified-nursing-assistant-per-diem-prn-brick-township-nj,20.43,cna
Bridge City,certified-nursing-assistant-per-diem-prn-bridge-city-tx,20.43,cna
Bridgeport,certified-nursing-assistant-per-diem-prn-bridgeport-ct,25.95,cna
Bridgeport TX,certified-nursing-assistant-per-diem-prn-bridgeport-tx,20.64,cna
Bridgeport WV,certified-nursing-assistant-per-diem-prn-bridgeport-wv,21.42,cna
Bridgeton,certified-nursing-assistant-per-diem-prn-bridgeton-nj,22.08,cna
Bridgewater,certified-nursing-assistant-per-diem-prn-bridgewater-nj,23.44,cna
Brigham City UT,certified-nursing-assistant-per-diem-prn-brigham-city-ut,27.12,cna
Brighton CO,certified-nursing-assistant-per-diem-prn-brighton-co,20.64,cna
Bristol,certified-nursing-assistant-per-diem-prn-bristol-ct,25.14,cna
Bristol,certified-nursing-assistant-per-diem-prn-bristol-ri,25.95,cna
Bristol FL,certified-nursing-assistant-per-diem-prn-bristol-fl,20.64,cna
Bristol TN,certified-nursing-assistant-per-diem-prn-bristol-tn,25.21,cna
Brockton,certified-nursing-assistant-per-diem-prn-brockton-ma,20.64,cna
Broken Arrow,certified-nursing-assistant-per-diem-prn-broken-arrow-ok,20.64,cna
Bronte,certified-nursing-assistant-per-diem-prn-bronte-tx,20.64,cna
Brookeland,certified-nursing-assistant-per-diem-prn-brookeland-tx,20.64,cna
Brooker,certified-nursing-assistant-per-diem-prn-brooker-fl,20.64,cna
Brookfield,certified-nursing-assistant-per-diem-prn-brookfield-wi,25.66,cna
Brookhaven,certified-nursing-assistant-per-diem-prn-brookhaven-ga,25.48,cna
Brookhaven,certified-nursing-assistant-per-diem-prn-brookhaven-ny,26.00,cna
Brookings OR,certified-nursing-assistant-per-diem-prn-brookings-or,27.12,cna
Brookings SD,certified-nursing-assistant-per-diem-prn-brookings-sd,25.21,cna
Brookline,certified-nursing-assistant-per-diem-prn-brookline-ma,25.54,cna
Brooklyn,certified-nursing-assistant-per-diem-prn-brooklyn-ct,25.67,cna
Brooklyn,certified-nursing-assistant-per-diem-prn-brooklyn-ny,23.87,cna
Brooklyn Center,certified-nursing-assistant-per-diem-prn-brooklyn-center-mn,25.61,cna
Brooklyn Park,certified-nursing-assistant-per-diem-prn-brooklyn-park-mn,25.85,cna
Brookshire,certified-nursing-assistant-per-diem-prn-brookshire-tx,20.64,cna
Brookside,certified-nursing-assistant-per-diem-prn-brookside-de,25.53,cna
Brooksville,certified-nursing-assistant-per-diem-prn-brooksville-fl,20.64,cna
Broomfield CO,certified-nursing-assistant-per-diem-prn-broomfield-co,20.64,cna
Brownfield,certified-nursing-assistant-per-diem-prn-brownfield-tx,20.64,cna
Brownsville,certified-nursing-assistant-per-diem-prn-brownsville-5-or,27.12,cna
Brownsville,certified-nursing-assistant-per-diem-prn-brownsville-tx,20.64,cna
Brownwood,certified-nursing-assistant-per-diem-prn-brownwood-tx,20.64,cna
Bruce,certified-nursing-assistant-per-diem-prn-bruce-fl,20.64,cna
Brunswick,certified-nursing-assistant-per-diem-prn-brunswick-me,26.11,cna
Brunswick,certified-nursing-assistant-per-diem-prn-brunswick-mo,25.67,cna
Brunswick,certified-nursing-assistant-per-diem-prn-brunswick-oh,25.38,cna
Brush,certified-nursing-assistant-per-diem-prn-brush-co,20.64,cna
Bryan,certified-nursing-assistant-per-diem-prn-bryan-tx,20.64,cna
Bryant,certified-nursing-assistant-per-diem-prn-bryant-ar,25.95,cna
Bryn Athyn Huntingdon Valley,certified-nursing-assistant-per-diem-prn-bryn-athyn-huntingdon-valley-pa,25.68,cna
Buckeye AZ,certified-nursing-assistant-per-diem-prn-buckeye-az,26.03,cna
Buda,certified-nursing-assistant-per-diem-prn-buda-tx,20.64,cna
Buena Ventura Lakes,certified-nursing-assistant-per-diem-prn-buena-ventura-lakes-fl,20.64,cna
Buena Vista,certified-nursing-assistant-per-diem-prn-buena-vista-co,20.64,cna
Buenaventura Lakes,certified-nursing-assistant-per-diem-prn-buenaventura-lakes-fl,25.36,cna
Buffalo,certified-nursing-assistant-per-diem-prn-buffalo-ny,25.45,cna
Buhl,certified-nursing-assistant-per-diem-prn-buhl-id,20.64,cna
Bullhead City,certified-nursing-assistant-per-diem-prn-bullhead-city-az,26.03,cna
Bulverde,certified-nursing-assistant-per-diem-prn-bulverde-tx,20.64,cna
Buna,certified-nursing-assistant-per-diem-prn-buna-tx,20.64,cna
Bunnell,certified-nursing-assistant-per-diem-prn-bunnell-fl,20.64,cna
Burbank CA,certified-nursing-assistant-per-diem-prn-burbank-ca,20.64,cna
Burbank IL,certified-nursing-assistant-per-diem-prn-burbank-il,20.87,cna
Burien,certified-nursing-assistant-per-diem-prn-burien-wa,25.61,cna
Burkburnett,certified-nursing-assistant-per-diem-prn-burkburnett-tx,20.64,cna
Burke,certified-nursing-assistant-per-diem-prn-burke-va,25.00,cna
Burleson,certified-nursing-assistant-per-diem-prn-burleson-tx,20.64,cna
Burley ID,certified-nursing-assistant-per-diem-prn-burley-id,20.64,cna
Burlingame,certified-nursing-assistant-per-diem-prn-burlingame-ca-5cbac,20.64,cna
Burlington,certified-nursing-assistant-per-diem-prn-burlington-co,20.64,cna
Burlington,certified-nursing-assistant-per-diem-prn-burlington-nc,25.93,cna
Burlington,certified-nursing-assistant-per-diem-prn-burlington-vt,25.20,cna
Burlington IA,certified-nursing-assistant-per-diem-prn-burlington-ia,25.47,cna
Burnet,certified-nursing-assistant-per-diem-prn-burnet-tx,20.64,cna
Burns,certified-nursing-assistant-per-diem-prn-burns-or,27.12,cna
Burnsville,certified-nursing-assistant-per-diem-prn-burnsville-mn,25.30,cna
Bushnell,certified-nursing-assistant-per-diem-prn-bushnell-fl,20.64,cna
Butte Falls,certified-nursing-assistant-per-diem-prn-butte-falls-or,27.12,cna
Butte MT,certified-nursing-assistant-per-diem-prn-butte-mt,23.87,cna
Butte-Silver Bow,certified-nursing-assistant-per-diem-prn-butte-silver-bow-mt,25.61,cna
Buzzards Bay,certified-nursing-assistant-per-diem-prn-buzzards-bay-ma,20.64,cna
Cabot,certified-nursing-assistant-per-diem-prn-cabot-ar,25.94,cna
Calais,certified-nursing-assistant-per-diem-prn-calais-me,23.87,cna
Caldwell ID,certified-nursing-assistant-per-diem-prn-caldwell-id,21.18,cna
Caldwell TX,certified-nursing-assistant-per-diem-prn-caldwell-tx,20.64,cna
Calhan,certified-nursing-assistant-per-diem-prn-calhan-co,20.64,cna
Caliente,certified-nursing-assistant-per-diem-prn-caliente-nv,25.21,cna
Callaway,certified-nursing-assistant-per-diem-prn-callaway-fl,20.64,cna
Camas WA,certified-nursing-assistant-per-diem-prn-camas-wa,20.64,cna
Cambridge,certified-nursing-assistant-per-diem-prn-cambridge-ma,26.18,cna
Cambridge,certified-nursing-assistant-per-diem-prn-cambridge-md,23.87,cna
Cameron,certified-nursing-assistant-per-diem-prn-cameron-tx,20.64,cna
Camp Hill PA,certified-nursing-assistant-per-diem-prn-camp-hill-pa,25.21,cna
Camp Verde,certified-nursing-assistant-per-diem-prn-camp-verde-az,26.03,cna
Camp Wood,certified-nursing-assistant-per-diem-prn-camp-wood-tx,20.64,cna
Campbell,certified-nursing-assistant-per-diem-prn-campbell-ca,20.64,cna
Canadian,certified-nursing-assistant-per-diem-prn-canadian-tx,20.64,cna
Canby,certified-nursing-assistant-per-diem-prn-canby-or,27.12,cna
Cando,certified-nursing-assistant-per-diem-prn-cando-nd,23.87,cna
Canistota,certified-nursing-assistant-per-diem-prn-canistota-sd,25.21,cna
Cannonville,certified-nursing-assistant-per-diem-prn-cannonville-ut,27.12,cna
Canon City CO,certified-nursing-assistant-per-diem-prn-canon-city-co,20.64,cna
Canton,certified-nursing-assistant-per-diem-prn-canton-oh,26.13,cna
Canton GA,certified-nursing-assistant-per-diem-prn-canton-ga,25.35,cna
Canton IL,certified-nursing-assistant-per-diem-prn-canton-il,25.89,cna
Canton TX,certified-nursing-assistant-per-diem-prn-canton-tx,20.64,cna
Cantonment,certified-nursing-assistant-per-diem-prn-cantonment-fl,20.64,cna
Canutillo,certified-nursing-assistant-per-diem-prn-canutillo-tx,20.64,cna
Canyon,certified-nursing-assistant-per-diem-prn-canyon-tx,20.64,cna
Canyonville,certified-nursing-assistant-per-diem-prn-canyonville-or,27.12,cna
Cape Coral FL,certified-nursing-assistant-per-diem-prn-cape-coral-fl,20.64,cna
Cape Girardeau,certified-nursing-assistant-per-diem-prn-cape-girardeau-mo,25.65,cna
Cape May,certified-nursing-assistant-per-diem-prn-cape-may-nj,25.87,cna
Carbondale,certified-nursing-assistant-per-diem-prn-carbondale-co,20.64,cna
Carefree,certified-nursing-assistant-per-diem-prn-carefree-az,26.03,cna
Caribou,certified-nursing-assistant-per-diem-prn-caribou-me,21.76,cna
Carlin,certified-nursing-assistant-per-diem-prn-carlin-nv,25.21,cna
Carlinville,certified-nursing-assistant-per-diem-prn-carlinville-il,25.89,cna
Carlsbad,certified-nursing-assistant-per-diem-prn-carlsbad-nm,25.03,cna
Carlsbad,certified-nursing-assistant-per-diem-prn-carlsbad-tx,20.64,cna
Carmel,certified-nursing-assistant-per-diem-prn-carmel-in,20.64,cna
Carnegie,certified-nursing-assistant-per-diem-prn-carnegie-ok,20.64,cna
Caro,certified-nursing-assistant-per-diem-prn-caro-mi,20.64,cna
Carolina Forest,certified-nursing-assistant-per-diem-prn-carolina-forest-sc,25.85,cna
Carrabelle,certified-nursing-assistant-per-diem-prn-carrabelle-fl,20.64,cna
Carrizo Springs,certified-nursing-assistant-per-diem-prn-carrizo-springs-tx,20.64,cna
Carroll IA,certified-nursing-assistant-per-diem-prn-carroll-ia,20.64,cna
Carrollton,certified-nursing-assistant-per-diem-prn-carrollton-tx,20.64,cna
Carrollwood,certified-nursing-assistant-per-diem-prn-carrollwood-fl,20.64,cna
Carson City NV,certified-nursing-assistant-per-diem-prn-carson-city-nv,25.21,cna
Carthage,certified-nursing-assistant-per-diem-prn-carthage-3-tx,20.64,cna
Carthage,certified-nursing-assistant-per-diem-prn-carthage-ny,23.87,cna
Cary,certified-nursing-assistant-per-diem-prn-cary-nc,25.57,cna
Casa Blanca,certified-nursing-assistant-per-diem-prn-casa-blanca-nm,25.89,cna
Casa Grande,certified-nursing-assistant-per-diem-prn-casa-grande-az,26.03,cna
Casas Adobes,certified-nursing-assistant-per-diem-prn-casas-adobes-az,25.43,cna
Cascade,certified-nursing-assistant-per-diem-prn-cascade-id,20.64,cna
Casper,certified-nursing-assistant-per-diem-prn-casper-wy,26.89,cna
Casselberry,certified-nursing-assistant-per-diem-prn-casselberry-fl,20.64,cna
Castle Dale,certified-nursing-assistant-per-diem-prn-castle-dale-ut,22.54,cna
Castle Pines CO,certified-nursing-assistant-per-diem-prn-castle-pines-co,20.64,cna
Castle Rock,certified-nursing-assistant-per-diem-prn-castle-rock-co,20.53,cna
Castroville,certified-nursing-assistant-per-diem-prn-castroville-tx,20.64,cna
Catalina Foothills,certified-nursing-assistant-per-diem-prn-catalina-foothills-az,25.64,cna
Catonsville,certified-nursing-assistant-per-diem-prn-catonsville-md,20.64,cna
Catonsville,certified-nursing-assistant-per-diem-prn-catonsville-md-6e23a,26.13,cna
Cave Junction,certified-nursing-assistant-per-diem-prn-cave-junction-or,27.12,cna
Cedar City,certified-nursing-assistant-per-diem-prn-cedar-city-ut,27.12,cna
Cedar Crest,certified-nursing-assistant-per-diem-prn-cedar-crest-nm,25.89,cna
Cedar Falls,certified-nursing-assistant-per-diem-prn-cedar-falls-ia,20.64,cna
Cedar Grove,certified-nursing-assistant-per-diem-prn-cedar-grove-nj,20.64,cna
Cedar Hill,certified-nursing-assistant-per-diem-prn-cedar-hill-tx,20.64,cna
Cedar Hills,certified-nursing-assistant-per-diem-prn-cedar-hills-ut,25.37,cna
Cedar Park,certified-nursing-assistant-per-diem-prn-cedar-park-tx,20.64,cna
Cedar Rapids IA,certified-nursing-assistant-per-diem-prn-cedar-rapids-ia,20.64,cna
Cedar Rapids Oakhill Jackson,certified-nursing-assistant-per-diem-prn-cedar-rapids-oakhill-jackson-ia,24.45,cna
Cedaredge,certified-nursing-assistant-per-diem-prn-cedaredge-co,20.64,cna
Celebration,certified-nursing-assistant-per-diem-prn-celebration-fl,20.64,cna
Celina,certified-nursing-assistant-per-diem-prn-celina-tx,20.64,cna
Centennial,certified-nursing-assistant-per-diem-prn-centennial-co-4850a,20.64,cna
Centennial CO,certified-nursing-assistant-per-diem-prn-centennial-co,20.64,cna
Center CO,certified-nursing-assistant-per-diem-prn-center-co,20.64,cna
Center Tuftonboro,certified-nursing-assistant-per-diem-prn-center-tuftonboro-nh,20.64,cna
Center TX,certified-nursing-assistant-per-diem-prn-center-tx,20.64,cna
Centerfield,certified-nursing-assistant-per-diem-prn-centerfield-ut,27.12,cna
Centerville IA,certified-nursing-assistant-per-diem-prn-centerville-b-ia,20.64,cna
Centerville OH,certified-nursing-assistant-per-diem-prn-centerville-oh,25.61,cna
Centerville TX,certified-nursing-assistant-per-diem-prn-centerville-tx,20.64,cna
Centerville UT,certified-nursing-assistant-per-diem-prn-centerville-ut,22.45,cna
Central,certified-nursing-assistant-per-diem-prn-central-la,25.54,cna
Central Falls,certified-nursing-assistant-per-diem-prn-central-falls-ri,20.64,cna
Central Point,certified-nursing-assistant-per-diem-prn-central-point-or,27.12,cna
Centreville,certified-nursing-assistant-per-diem-prn-centreville-va,25.54,cna
Century,certified-nursing-assistant-per-diem-prn-century-fl,20.64,cna
Cetreville,certified-nursing-assistant-per-diem-prn-cetreville-md,20.64,cna
Challis,certified-nursing-assistant-per-diem-prn-challis-id,20.64,cna
Chalmette,certified-nursing-assistant-per-diem-prn-chalmette-la,25.74,cna
Chamberlain,certified-nursing-assistant-per-diem-prn-chamberlain-sd,25.21,cna
Champaign,certified-nursing-assistant-per-diem-prn-champaign-il,25.41,cna
Chandler,per-diem-chandler-az,26.99,cna
Channelview,certified-nursing-assistant-per-diem-prn-channelview-tx,20.64,cna
Chantilly,certified-nursing-assistant-per-diem-prn-chantily-va,23.29,cna
Chapel Hill,certified-nursing-assistant-per-diem-prn-chapel-hill-nc,25.67,cna
Charleston,certified-nursing-assistant-per-diem-prn-charleston-wv,25.68,cna
Charleston SC,certified-nursing-assistant-per-diem-prn-charleston-sc,25.21,cna
Charlotte Elizabeth,certified-nursing-assistant-per-diem-prn-charlotte-elizabeth-nc,26.31,cna
Charlotte Myers Park,certified-nursing-assistant-per-diem-prn-charlotte-myers-park-nc,25.74,cna
Charlotte NC,certified-nursing-assistant-per-diem-prn-charlotte-nc,22.50,cna
Charlotte Plaza-Shamrock,certified-nursing-assistant-per-diem-prn-charlotte-plaza-shamrock-nc,25.85,cna
Charlotte Sherwood Forest,certified-nursing-assistant-per-diem-prn-charlotte-sherwood-forest-nc,25.23,cna
Charlottesville,certified-nursing-assistant-per-diem-prn-charlottesville-va,25.65,cna
Chatsworth GA,certified-nursing-assistant-per-diem-prn-chatsworth-ga,26.89,cna
Chattahoochee,certified-nursing-assistant-per-diem-prn-chattahoochee-fl,20.64,cna
Chattanooga TN,certified-nursing-assistant-per-diem-prn-chattanooga-tn,25.21,cna
Cheektowaga,certified-nursing-assistant-per-diem-prn-cheektowaga-ny,25.61,cna
Cheltenham,certified-nursing-assistant-per-diem-prn-cheltenham-pa,25.77,cna
Cheney,certified-nursing-assistant-per-diem-prn-cheney-ks,25.35,cna
Cherokee IA,certified-nursing-assistant-per-diem-prn-cherokee-ia,20.64,cna
Cherry Hill NJ,certified-nursing-assistant-per-diem-prn-cherry-hill-nj,20.87,cna
Cherry Hills Village,certified-nursing-assistant-per-diem-prn-cherry-hills-village-co,20.64,cna
Chesapeake,certified-nursing-assistant-per-diem-prn-chesapeake-va,26.18,cna
Chester,certified-nursing-assistant-per-diem-prn-chester-tx,20.64,cna
Chester City,certified-nursing-assistant-per-diem-prn-chester-city-pa,25.93,cna
Chesterfield,certified-nursing-assistant-per-diem-prn-chesterfield-mo,25.94,cna
Chesterville,certified-nursing-assistant-per-diem-prn-chesterville-oh,25.20,cna
Chestnut Ridge,certified-nursing-assistant-per-diem-prn-chestnut-ridge-nj,23.29,cna
Cheyenne,certified-nursing-assistant-per-diem-prn-cheyenne-wy,26.89,cna
Cheyenne Wells,certified-nursing-assistant-per-diem-prn-cheyenne-wells-co,20.64,cna
Chicago Heights IL,certified-nursing-assistant-per-diem-prn-chicago-heights-il,31.89,cna
Chicago IL,per-diem-chicago-il,23.59,cna
Chicago Portage Park,certified-nursing-assistant-per-diem-prn-chicago-portage-park-il,22.08,cna
Chicago Ridge,certified-nursing-assistant-per-diem-prn-chicago-ridge-il,22.99,cna
Chicago Rogers Park,certified-nursing-assistant-per-diem-prn-chicago-rogers-park-il,20.22,cna
Chico,certified-nursing-assistant-per-diem-prn-chico-ca,20.64,cna
Chicopee,certified-nursing-assistant-per-diem-prn-chicopee-ma,25.92,cna
Chiefland,certified-nursing-assistant-per-diem-prn-chiefland-fl,20.64,cna
Chilchinbito,certified-nursing-assistant-per-diem-prn-chilchinbito-az,26.03,cna
Childress,certified-nursing-assistant-per-diem-prn-childress-tx,20.64,cna
Chillicothe OH,certified-nursing-assistant-per-diem-prn-chillicothe-oh,25.89,cna
Chillicothe TX,certified-nursing-assistant-per-diem-prn-chillicothe-tx,20.64,cna
Chillum,certified-nursing-assistant-per-diem-prn-chillum-md,25.32,cna
Chiloquin,certified-nursing-assistant-per-diem-prn-chiloquin-or,27.12,cna
Chinle,certified-nursing-assistant-per-diem-prn-chinle-az,26.03,cna
Chino,certified-nursing-assistant-per-diem-prn-chino-ca,20.64,cna
Chipley,certified-nursing-assistant-per-diem-prn-chipley-fl,20.64,cna
Chippewa Falls,certified-nursing-assistant-per-diem-prn-chippewa-falls-wi,21.42,cna
Christmas Valley,certified-nursing-assistant-per-diem-prn-christmas-valley-or,27.12,cna
Chubbuck,certified-nursing-assistant-per-diem-prn-chubbuck-id,20.64,cna
Chula Vista,certified-nursing-assistant-per-diem-prn-chula-vista-ca,25.10,cna
Cicero,certified-nursing-assistant-per-diem-prn-cicero-il,25.87,cna
Cincinnati OH,certified-nursing-assistant-per-diem-prn-cincinnati-oh,22.78,cna
Circleville,certified-nursing-assistant-per-diem-prn-circleville-ut,27.12,cna
Cisco,certified-nursing-assistant-per-diem-prn-cisco-tx,20.64,cna
Citra,certified-nursing-assistant-per-diem-prn-citra-fl,20.64,cna
Citrus Springs,certified-nursing-assistant-per-diem-prn-citrus-springs-fl,20.64,cna
Clackamas,certified-nursing-assistant-per-diem-prn-clackamas-or,27.12,cna
Clancy,certified-nursing-assistant-per-diem-prn-clancy-mt,21.32,cna
Clare,certified-nursing-assistant-per-diem-prn-clare-mi,20.64,cna
Claremont,certified-nursing-assistant-per-diem-prn-claremont-nh,23.87,cna
Claremore,certified-nursing-assistant-per-diem-prn-claremore-ok,25.21,cna
Clarendon,certified-nursing-assistant-per-diem-prn-clarendon-tx,20.64,cna
Clarinda IA,certified-nursing-assistant-per-diem-prn-clarinda-ia,20.64,cna
Clark,certified-nursing-assistant-per-diem-prn-clark-nj,25.44,cna
Clarksburg,certified-nursing-assistant-per-diem-prn-clarksburg-wv,25.74,cna
Clarkston,certified-nursing-assistant-per-diem-prn-clarkston-wa,27.12,cna
Clarkstown,certified-nursing-assistant-per-diem-prn-clarkstown-ny,26.11,cna
Clarksville,certified-nursing-assistant-per-diem-prn-clarksville-tn,25.95,cna
Clarksville,certified-nursing-assistant-per-diem-prn-clarksville-tx,20.64,cna
Clatskanie,certified-nursing-assistant-per-diem-prn-clatskanie-or,27.12,cna
Claude,certified-nursing-assistant-per-diem-prn-claude-tx,20.64,cna
Clay,certified-nursing-assistant-per-diem-prn-clay-ny,25.37,cna
Cle Elum,certified-nursing-assistant-per-diem-prn-cle-elum-wa,20.64,cna
Clearfield UT,certified-nursing-assistant-per-diem-prn-clearfield-ut,27.12,cna
Clearlake,certified-nursing-assistant-per-diem-prn-clearlake-ca,20.64,cna
Clearwater FL,certified-nursing-assistant-per-diem-prn-clearwater-fl,20.64,cna
Cleburne,certified-nursing-assistant-per-diem-prn-cleburne-tx,20.64,cna
Clermont FL,certified-nursing-assistant-per-diem-prn-clermont-fl,20.64,cna
Cleveland,certified-nursing-assistant-per-diem-prn-cleveland-tn,25.92,cna
Cleveland Heights,certified-nursing-assistant-per-diem-prn-cleveland-heights-oh,25.22,cna
Cleveland OH,certified-nursing-assistant-per-diem-prn-cleveland-oh,24.47,cna
Cleveland TX,certified-nursing-assistant-per-diem-prn-cleveland-tx,20.64,cna
Clewiston,certified-nursing-assistant-per-diem-prn-clewiston-fl,20.64,cna
Clifton AZ,certified-nursing-assistant-per-diem-prn-clifton-az,26.03,cna
Clifton Forge,certified-nursing-assistant-per-diem-prn-clifton-forge-va,25.29,cna
Clifton NJ,certified-nursing-assistant-per-diem-prn-clifton-nj,25.89,cna
Clifton TX,certified-nursing-assistant-per-diem-prn-clifton-tx,20.64,cna
Climax,certified-nursing-assistant-per-diem-prn-climax-co,20.64,cna
Clint,certified-nursing-assistant-per-diem-prn-clint-tx,20.64,cna
Clinton,certified-nursing-assistant-per-diem-prn-clinton-md-6d588,25.43,cna
Clinton,certified-nursing-assistant-per-diem-prn-clinton-ms,25.49,cna
Clinton IA,certified-nursing-assistant-per-diem-prn-clinton-ia,25.41,cna
Clinton MD,certified-nursing-assistant-per-diem-prn-clinton-md,23.87,cna
Clinton OH,certified-nursing-assistant-per-diem-prn-clinton-oh,20.64,cna
Clinton UT,certified-nursing-assistant-per-diem-prn-clinton-ut,20.64,cna
Clovis,certified-nursing-assistant-per-diem-prn-clovis-nm,25.89,cna
Clute,certified-nursing-assistant-per-diem-prn-clute-tx,20.64,cna
Clyde,certified-nursing-assistant-per-diem-prn-clyde-tx,20.64,cna
Coalville,certified-nursing-assistant-per-diem-prn-coalville-ut,27.12,cna
Cobleskill,certified-nursing-assistant-per-diem-prn-cobleskill-ny,23.87,cna
Cockeysville,certified-nursing-assistant-per-diem-prn-cockeysville-md,20.64,cna
Cocoa,certified-nursing-assistant-per-diem-prn-cocoa-fl,20.64,cna
Cocoa Beach FL,certified-nursing-assistant-per-diem-prn-cocoa-beach-fl,20.64,cna
Coconut Creek,certified-nursing-assistant-per-diem-prn-coconut-creek-fl,20.64,cna
Coconut Grove,certified-nursing-assistant-per-diem-prn-coconut-grove-fl,20.64,cna
Cody,certified-nursing-assistant-per-diem-prn-cody-wy,25.41,cna
Coeur D Alene,certified-nursing-assistant-per-diem-prn-coeur-d-alene-id,20.64,cna
Colchester,certified-nursing-assistant-per-diem-prn-colchester-ct,22.11,cna
Colchester,certified-nursing-assistant-per-diem-prn-colchester-vt,25.40,cna
Coldspring,certified-nursing-assistant-per-diem-prn-coldspring-tx,20.64,cna
Coleman,certified-nursing-assistant-per-diem-prn-coleman-tx,20.64,cna
Coleridge,certified-nursing-assistant-per-diem-prn-coleridge-ne,23.87,cna
Colfax,certified-nursing-assistant-per-diem-prn-colfax-wa,27.12,cna
College,certified-nursing-assistant-per-diem-prn-college-ak,25.41,cna
College Station,certified-nursing-assistant-per-diem-prn-college-station-tx,20.64,cna
Colleyville,certified-nursing-assistant-per-diem-prn-colleyville-tx,20.64,cna
Collierville,certified-nursing-assistant-per-diem-prn-collierville-tn,25.14,cna
Collinsville,certified-nursing-assistant-per-diem-prn-collinsville-tx,20.64,cna
Colonial Beach,certified-nursing-assistant-per-diem-prn-colonial-beach-va,25.29,cna
Colonie town,certified-nursing-assistant-per-diem-prn-colonie-town-ny,25.75,cna
Colorado City,certified-nursing-assistant-per-diem-prn-colorado-city-tx,20.64,cna
Colorado Springs,certified-nursing-assistant-per-diem-prn-colorado-springs-co,20.53,cna
Colton,certified-nursing-assistant-per-diem-prn-colton-ca,20.64,cna
Columbia,certified-nursing-assistant-per-diem-prn-columbia-md,26.10,cna
Columbia,certified-nursing-assistant-per-diem-prn-columbia-sc,25.83,cna
Columbia Falls,certified-nursing-assistant-per-diem-prn-columbia-falls-mt,25.95,cna
Columbia Midtown - Downtown SC,certified-nursing-assistant-per-diem-prn-columbia-midtown-downtown-sc,21.49,cna
Columbia MO,certified-nursing-assistant-per-diem-prn-columbia-mo,23.87,cna
Columbia TN,certified-nursing-assistant-per-diem-prn-columbia-tn,25.21,cna
Columbus,certified-nursing-assistant-per-diem-prn-columbus-in,25.14,cna
Columbus,certified-nursing-assistant-per-diem-prn-columbus-ms,25.47,cna
Columbus,certified-nursing-assistant-per-diem-prn-columbus-ne,25.68,cna
Columbus GA,certified-nursing-assistant-per-diem-prn-columbus-ga,25.40,cna
Columbus OH,certified-nursing-assistant-per-diem-prn-columbus-oh,25.39,cna
Columbus TX,certified-nursing-assistant-per-diem-prn-columbus-tx,20.64,cna
Comanche,certified-nursing-assistant-per-diem-prn-comanche-tx,20.64,cna
Comfort,certified-nursing-assistant-per-diem-prn-comfort-tx,20.64,cna
Commerce,certified-nursing-assistant-per-diem-prn-commerce-tx,20.64,cna
Commerce City CO,certified-nursing-assistant-per-diem-prn-commerce-city-co,20.64,cna
Concord,certified-nursing-assistant-per-diem-prn-concord-nc,25.22,cna
Concord MA,certified-nursing-assistant-per-diem-prn-concord-ma,20.64,cna
Concord NH,certified-nursing-assistant-per-diem-prn-concord-nh,24.76,cna
Condon,certified-nursing-assistant-per-diem-prn-condon-or,27.12,cna
Congress,certified-nursing-assistant-per-diem-prn-congress-az,26.03,cna
Conifer,certified-nursing-assistant-per-diem-prn-conifer-co,20.64,cna
Conneaut OH,certified-nursing-assistant-per-diem-prn-conneaut-oh,23.29,cna
Conrad,certified-nursing-assistant-per-diem-prn-conrad-mt,23.87,cna
Conroe,certified-nursing-assistant-per-diem-prn-conroe-tx,20.53,cna
Converse,certified-nursing-assistant-per-diem-prn-converse-tx,20.64,cna
Conway,certified-nursing-assistant-per-diem-prn-conway-ar,25.99,cna
Conway,certified-nursing-assistant-per-diem-prn-conway-sc,25.03,cna
Cookeville,certified-nursing-assistant-per-diem-prn-cookeville-tn,25.61,cna
Coolidge,certified-nursing-assistant-per-diem-prn-coolidge-az,26.03,cna
Coon Rapids,certified-nursing-assistant-per-diem-prn-coon-rapids-mn,25.45,cna
Cooper,certified-nursing-assistant-per-diem-prn-cooper-tx,20.64,cna
Cooper City,certified-nursing-assistant-per-diem-prn-cooper-city-fl,20.64,cna
Cooperstown,certified-nursing-assistant-per-diem-prn-cooperstown-ny,23.87,cna
Coos Bay,certified-nursing-assistant-per-diem-prn-coos-bay-or,27.12,cna
Coppell,certified-nursing-assistant-per-diem-prn-coppell-tx,20.64,cna
Copperas Cove,certified-nursing-assistant-per-diem-prn-copperas-cove-tx,20.64,cna
Coquille,certified-nursing-assistant-per-diem-prn-coquille-or,27.12,cna
Coral Gables,certified-nursing-assistant-per-diem-prn-coral-gables-fl,20.64,cna
Coral Springs FL,certified-nursing-assistant-per-diem-prn-coral-springs-fl,20.64,cna
Coralville IA,certified-nursing-assistant-per-diem-prn-coralville-ia,25.38,cna
Corinth,certified-nursing-assistant-per-diem-prn-corinth-tx,20.64,cna
Cornelius NC,certified-nursing-assistant-per-diem-prn-cornelius-nc,21.98,cna
Corona,certified-nursing-assistant-per-diem-prn-corona-ca,25.92,cna
Corona,certified-nursing-assistant-per-diem-prn-corona-ny,20.64,cna
Corpus Christi,per-diem-corpus-christi-tx,26.62,cna
Corpus Christi Central City,certified-nursing-assistant-per-diem-prn-corpus-christi-central-city-tx,25.95,cna
Corrigan,certified-nursing-assistant-per-diem-prn-corrigan-tx,20.64,cna
Corsicana,certified-nursing-assistant-per-diem-prn-corsicana-tx,20.64,cna
Cortez,certified-nursing-assistant-per-diem-prn-cortez-co,20.64,cna
Corvallis,certified-nursing-assistant-per-diem-prn-corvallis-or,27.12,cna
Corydon,certified-nursing-assistant-per-diem-prn-corydon-ia,20.64,cna
Coshocton,certified-nursing-assistant-per-diem-prn-coshocton-oh,25.29,cna
Cottage Grove,certified-nursing-assistant-per-diem-prn-cottage-grove-mn,25.87,cna
Cottage Grove,certified-nursing-assistant-per-diem-prn-cottage-grove-or,27.12,cna
Cottonwood AZ,certified-nursing-assistant-per-diem-prn-cottonwood-az,26.03,cna
Cottonwood Heights,certified-nursing-assistant-per-diem-prn-cottonwood-heights-ut,27.12,cna
Cottonwood ID,certified-nursing-assistant-per-diem-prn-cottonwood-id,20.64,cna
Cotulla,certified-nursing-assistant-per-diem-prn-cotulla-tx,20.64,cna
Council,certified-nursing-assistant-per-diem-prn-council-id,20.64,cna
Council Bluffs IA,certified-nursing-assistant-per-diem-prn-council-bluffs-ia,20.64,cna
Country Club,certified-nursing-assistant-per-diem-prn-country-club-fl,25.23,cna
Coventry,certified-nursing-assistant-per-diem-prn-coventry-ri,20.64,cna
Covina,certified-nursing-assistant-per-diem-prn-covina-ca-1213a,20.64,cna
Covington,certified-nursing-assistant-per-diem-prn-covington-ky,25.68,cna
Covington,certified-nursing-assistant-per-diem-prn-covington-la,23.87,cna
Craig,certified-nursing-assistant-per-diem-prn-craig-co,20.64,cna
Crane,certified-nursing-assistant-per-diem-prn-crane-tx,20.64,cna
Cranston,certified-nursing-assistant-per-diem-prn-cranston-ri,23.29,cna
Crawfordville,certified-nursing-assistant-per-diem-prn-crawfordville-fl,20.64,cna
Creede,certified-nursing-assistant-per-diem-prn-creede-co,20.64,cna
Crescent City,certified-nursing-assistant-per-diem-prn-crescent-city-fl,20.64,cna
Cresco,certified-nursing-assistant-per-diem-prn-cresco-ia,20.64,cna
Cresskill,certified-nursing-assistant-per-diem-prn-cresskill-nj,23.29,cna
Crestview,certified-nursing-assistant-per-diem-prn-crestview-fl,20.64,cna
Creswell,certified-nursing-assistant-per-diem-prn-creswell-or,27.12,cna
Crete,certified-nursing-assistant-per-diem-prn-crete-il,22.11,cna
Creve Coeur MO,certified-nursing-assistant-per-diem-prn-creve-coeur-mo,20.64,cna
Cripple Creek,certified-nursing-assistant-per-diem-prn-cripple-creek-co,20.64,cna
Crockett,certified-nursing-assistant-per-diem-prn-crockett-tx,20.64,cna
Cromwell,certified-nursing-assistant-per-diem-prn-cromwell-ct,22.11,cna
Crosby,certified-nursing-assistant-per-diem-prn-crosby-tx,20.64,cna
Crosbyton,certified-nursing-assistant-per-diem-prn-crosbyton-tx,20.64,cna
Cross City,certified-nursing-assistant-per-diem-prn-cross-city-fl,20.64,cna
Cross Plains,certified-nursing-assistant-per-diem-prn-cross-plains-tx,20.64,cna
Crossville TN,certified-nursing-assistant-per-diem-prn-crossville-tn,20.64,cna
Croton On Hudson,certified-nursing-assistant-per-diem-prn-croton-on-hudson-ny,23.87,cna
Crowell,certified-nursing-assistant-per-diem-prn-crowell-tx,20.64,cna
Crowley,certified-nursing-assistant-per-diem-prn-crowley-tx,20.64,cna
Crown Point,certified-nursing-assistant-per-diem-prn-crown-point-in,20.64,cna
Crownsville,certified-nursing-assistant-per-diem-prn-crownsville-md,23.87,cna
Crystal City,certified-nursing-assistant-per-diem-prn-crystal-city-tx,20.64,cna
Crystal River,certified-nursing-assistant-per-diem-prn-crystal-river-fl,20.64,cna
Cuba City,certified-nursing-assistant-per-diem-prn-cuba-city-wi,21.42,cna
Cuero,certified-nursing-assistant-per-diem-prn-cuero-tx,20.64,cna
Culbertson,certified-nursing-assistant-per-diem-prn-culbertson-mt,23.87,cna
Cullman,certified-nursing-assistant-per-diem-prn-cullman-al,20.64,cna
Cumberland,certified-nursing-assistant-per-diem-prn-cumberland-ri,20.64,cna
Cupertino,certified-nursing-assistant-per-diem-prn-cupertino-ca,20.64,cna
Cutler Bay,certified-nursing-assistant-per-diem-prn-cutler-bay-fl,20.64,cna
Cuyahoga Falls,certified-nursing-assistant-per-diem-prn-cuyahoga-falls-oh,25.14,cna
Cypress,certified-nursing-assistant-per-diem-prn-cypress-tx,20.64,cna
Dade City,certified-nursing-assistant-per-diem-prn-dade-city-fl,20.64,cna
Dadeville,certified-nursing-assistant-per-diem-prn-dadeville-al,20.64,cna
Dahlonega,certified-nursing-assistant-per-diem-prn-dahlonega-ga,20.64,cna
Daingerfield,certified-nursing-assistant-per-diem-prn-daingerfield-tx,20.64,cna
Dakota Ridge,certified-nursing-assistant-per-diem-prn-dakota-ridge-co,25.25,cna
Dale City,certified-nursing-assistant-per-diem-prn-dale-city-va,25.47,cna
Dalhart,certified-nursing-assistant-per-diem-prn-dalhart-tx,20.64,cna
Dallas Oak Cliff,certified-nursing-assistant-per-diem-prn-dallas-oak-cliff-tx,25.43,cna
Dallas OR,certified-nursing-assistant-per-diem-prn-dallas-or,27.12,cna
Dallas TX,per-diem-dallas-tx,19.40,cna
Dallastown,certified-nursing-assistant-per-diem-prn-dallastown-pa,25.21,cna
Dalton,certified-nursing-assistant-per-diem-prn-dalton-ga,25.57,cna
Dalworthington Gardens,certified-nursing-assistant-per-diem-prn-dalworthington-gardens-tx,20.64,cna
Daly City,certified-nursing-assistant-per-diem-prn-daly-city-ca,20.64,cna
Danbury,certified-nursing-assistant-per-diem-prn-danbury-ct,26.89,cna
Dania,certified-nursing-assistant-per-diem-prn-dania-fl,20.64,cna
Dania Beach,certified-nursing-assistant-per-diem-prn-dania-beach-fl,20.64,cna
Danielson,certified-nursing-assistant-per-diem-prn-danielson-ct,24.78,cna
Danville,certified-nursing-assistant-per-diem-prn-danville-va,25.68,cna
Daphne,certified-nursing-assistant-per-diem-prn-daphne-al,25.57,cna
Darlington,certified-nursing-assistant-per-diem-prn-darlington-wi,21.42,cna
Davenport FL,certified-nursing-assistant-per-diem-prn-davenport-fl,20.64,cna
Davenport IA,certified-nursing-assistant-per-diem-prn-davenport-ia,25.61,cna
Davidson NC,certified-nursing-assistant-per-diem-prn-davidson-nc,20.64,cna
Davie,certified-nursing-assistant-per-diem-prn-davie-fl,20.64,cna
Dayton OH,certified-nursing-assistant-per-diem-prn-dayton-oh,25.29,cna
Dayton TX,certified-nursing-assistant-per-diem-prn-dayton-tx,20.64,cna
Daytona Beach,certified-nursing-assistant-per-diem-prn-daytona-beach-fl,20.64,cna
De Kalb,certified-nursing-assistant-per-diem-prn-de-kalb-tx,20.64,cna
De Leon,certified-nursing-assistant-per-diem-prn-de-leon-tx,20.64,cna
De Smet,certified-nursing-assistant-per-diem-prn-de-smet-sd,25.21,cna
Dearborn,certified-nursing-assistant-per-diem-prn-dearborn-mi,25.36,cna
Dearborn Heights,certified-nursing-assistant-per-diem-prn-dearborn-heights-mi,25.25,cna
Debary,certified-nursing-assistant-per-diem-prn-debary-fl,20.64,cna
Decatur,certified-nursing-assistant-per-diem-prn-decatur-al,25.78,cna
Decatur IL,certified-nursing-assistant-per-diem-prn-decatur-il,25.21,cna
Decatur TX,certified-nursing-assistant-per-diem-prn-decatur-tx,20.64,cna
Deer Park,certified-nursing-assistant-per-diem-prn-deer-park-tx,20.64,cna
Deerfield Beach,certified-nursing-assistant-per-diem-prn-deerfield-beach-fl,20.64,cna
Deerfield IL,certified-nursing-assistant-per-diem-prn-deerfield-il,20.64,cna
Defuniak Springs,certified-nursing-assistant-per-diem-prn-defuniak-springs-fl,20.87,cna
Del City,certified-nursing-assistant-per-diem-prn-del-city-ok,25.74,cna
Del Norte,certified-nursing-assistant-per-diem-prn-del-norte-co,20.87,cna
Del Rio,certified-nursing-assistant-per-diem-prn-del-rio-tx,20.87,cna
Del Valle,certified-nursing-assistant-per-diem-prn-del-valle-tx,20.87,cna
Deland,certified-nursing-assistant-per-diem-prn-deland-fl,20.87,cna
Delaware,certified-nursing-assistant-per-diem-prn-delaware-oh,25.40,cna
Delray Beach,certified-nursing-assistant-per-diem-prn-delray-beach-fl,20.87,cna
Delta CO,certified-nursing-assistant-per-diem-prn-delta-co,20.87,cna
Delta UT,certified-nursing-assistant-per-diem-prn-delta-ut,27.12,cna
Deltona,certified-nursing-assistant-per-diem-prn-deltona-fl,20.87,cna
Denison,certified-nursing-assistant-per-diem-prn-denison-tx,20.87,cna
Denton,certified-nursing-assistant-per-diem-prn-denton-tx,20.87,cna
Denver City,certified-nursing-assistant-per-diem-prn-denver-city-tx,20.87,cna
Denver City Park West,certified-nursing-assistant-per-diem-prn-denver-city-park-west-co,24.45,cna
Denver CO,per-diem-denver-co,26.57,cna
Denver West,certified-nursing-assistant-per-diem-prn-denver-west-co,23.68,cna
Denville,certified-nursing-assistant-per-diem-prn-denville-nj,21.46,cna
Depoe Bay,certified-nursing-assistant-per-diem-prn-depoe-bay-or,27.12,cna
Derby,certified-nursing-assistant-per-diem-prn-derby-ks,25.68,cna
Deridder,certified-nursing-assistant-per-diem-prn-deridder-la,23.87,cna
Derry,certified-nursing-assistant-per-diem-prn-derry-nh,23.87,cna
Des Moines,certified-nursing-assistant-per-diem-prn-des-moines-ia,22.59,cna
Des Moines Downtown Des Moines,certified-nursing-assistant-per-diem-prn-des-moines-downtown-des-moines-ia,22.99,cna
Des Plaines,certified-nursing-assistant-per-diem-prn-des-plaines-il,26.11,cna
Desoto,certified-nursing-assistant-per-diem-prn-desoto-tx,20.87,cna
Destin,certified-nursing-assistant-per-diem-prn-destin-fl,20.87,cna
Detroit,certified-nursing-assistant-per-diem-prn-detroit-mi,28.56,cna
Devils Lake,certified-nursing-assistant-per-diem-prn-devils-lake-nd,23.87,cna
Devine,certified-nursing-assistant-per-diem-prn-devine-tx,20.87,cna
Dewey,certified-nursing-assistant-per-diem-prn-dewey-az,26.03,cna
Dexter,certified-nursing-assistant-per-diem-prn-dexter-or,27.12,cna
Dexter MO,certified-nursing-assistant-per-diem-prn-dexter-mo,20.87,cna
Diboll,certified-nursing-assistant-per-diem-prn-diboll-tx,20.87,cna
Dickinson,certified-nursing-assistant-per-diem-prn-dickinson-tx,20.87,cna
Dickson TN,certified-nursing-assistant-per-diem-prn-dickson-tn,25.21,cna
Dilley,certified-nursing-assistant-per-diem-prn-dilley-tx,20.87,cna
Dillon CO,certified-nursing-assistant-per-diem-prn-dillon-co,20.87,cna
Dillon MT,certified-nursing-assistant-per-diem-prn-dillon-mt,23.87,cna
Dimmitt,certified-nursing-assistant-per-diem-prn-dimmitt-tx,20.87,cna
Divide,certified-nursing-assistant-per-diem-prn-divide-co,20.87,cna
Dodge City,certified-nursing-assistant-per-diem-prn-dodge-city-ks,25.74,cna
Donna,certified-nursing-assistant-per-diem-prn-donna-tx,20.87,cna
Doral,certified-nursing-assistant-per-diem-prn-doral-fl,20.87,cna
Dothan,certified-nursing-assistant-per-diem-prn-dothan-al,20.87,cna
Double Oak,certified-nursing-assistant-per-diem-prn-double-oak-tx,20.87,cna
Douglas,certified-nursing-assistant-per-diem-prn-douglas-az,26.03,cna
Douglas,certified-nursing-assistant-per-diem-prn-douglas-wy,25.64,cna
Douglasville,certified-nursing-assistant-per-diem-prn-douglasville-ga,25.66,cna
Dousman,certified-nursing-assistant-per-diem-prn-dousman-wi,21.42,cna
Dove Creek CO,certified-nursing-assistant-per-diem-prn-dove-creek-co,20.87,cna
Dover,certified-nursing-assistant-per-diem-prn-dover-de,25.78,cna
Dover FL,certified-nursing-assistant-per-diem-prn-dover-fl,20.87,cna
Dover NH,certified-nursing-assistant-per-diem-prn-dover-nh,23.87,cna
Dover NJ,certified-nursing-assistant-per-diem-prn-dover-nj,20.87,cna
Downers Grove,certified-nursing-assistant-per-diem-prn-downers-grove-il,25.99,cna
Downey,certified-nursing-assistant-per-diem-prn-downey-id,20.87,cna
Downington,certified-nursing-assistant-per-diem-prn-downington-pa,25.74,cna
Draper,certified-nursing-assistant-per-diem-prn-draper-ut,27.12,cna
Drasco,certified-nursing-assistant-per-diem-prn-drasco-ar,20.87,cna
Drew,certified-nursing-assistant-per-diem-prn-drew-ms,20.87,cna
Driggs,certified-nursing-assistant-per-diem-prn-driggs-id,20.87,cna
Dripping Springs,certified-nursing-assistant-per-diem-prn-dripping-springs-tx,20.87,cna
Dublin,certified-nursing-assistant-per-diem-prn-dublin-nh,20.87,cna
Dublin GA,certified-nursing-assistant-per-diem-prn-dublin-ga,26.89,cna
Dublin OH,certified-nursing-assistant-per-diem-prn-dublin-oh,20.87,cna
Dublin TX,certified-nursing-assistant-per-diem-prn-dublin-tx,20.87,cna
Dubuque IA,certified-nursing-assistant-per-diem-prn-dubuque-ia,20.87,cna
Duchesne,certified-nursing-assistant-per-diem-prn-duchesne-ut,27.12,cna
Dugway,certified-nursing-assistant-per-diem-prn-dugway-ut,27.12,cna
Dulles,certified-nursing-assistant-per-diem-prn-dulles-va,23.29,cna
Duluth,certified-nursing-assistant-per-diem-prn-duluth-ga,25.85,cna
Duluth,certified-nursing-assistant-per-diem-prn-duluth-mn,25.20,cna
Dumas,certified-nursing-assistant-per-diem-prn-dumas-tx,20.87,cna
Duncan,certified-nursing-assistant-per-diem-prn-duncan-ok,25.47,cna
Duncan AZ,certified-nursing-assistant-per-diem-prn-duncan-az,26.03,cna
Duncanville,certified-nursing-assistant-per-diem-prn-duncanville-tx,20.87,cna
Dundalk,certified-nursing-assistant-per-diem-prn-dundalk-md,25.68,cna
Dundee,certified-nursing-assistant-per-diem-prn-dundee-fl,20.87,cna
Dunedin,certified-nursing-assistant-per-diem-prn-dunedin-fl,20.87,cna
Dunlap IA,certified-nursing-assistant-per-diem-prn-dunlap-ia,20.87,cna
Dunnellon,certified-nursing-assistant-per-diem-prn-dunnellon-fl,20.87,cna
Dunwoody,certified-nursing-assistant-per-diem-prn-dunwoody-ga,25.20,cna
Durand,certified-nursing-assistant-per-diem-prn-durand-wi,20.87,cna
Durango CO,certified-nursing-assistant-per-diem-prn-durango-co,20.87,cna
Durham CT,certified-nursing-assistant-per-diem-prn-durham-ct,20.87,cna
Durham NC,certified-nursing-assistant-per-diem-prn-durham-nc,20.87,cna
Dyess Afb,certified-nursing-assistant-per-diem-prn-dyess-afb-tx,20.87,cna
Eads,certified-nursing-assistant-per-diem-prn-eads-co,20.87,cna
Eagan,certified-nursing-assistant-per-diem-prn-eagan-mn,25.68,cna
Eagle Butte,certified-nursing-assistant-per-diem-prn-eagle-butte-sd,25.21,cna
Eagle CO,certified-nursing-assistant-per-diem-prn-eagle-co,20.87,cna
Eagle Grove IA,certified-nursing-assistant-per-diem-prn-eagle-grove-ia,20.87,cna
Eagle ID,certified-nursing-assistant-per-diem-prn-eagle-id,20.87,cna
Eagle Lake,certified-nursing-assistant-per-diem-prn-eagle-lake-tx,20.87,cna
Eagle Mountain,certified-nursing-assistant-per-diem-prn-eagle-mountain-ut,25.50,cna
Eagle Pass,certified-nursing-assistant-per-diem-prn-eagle-pass-tx,20.87,cna
Eagle Point,certified-nursing-assistant-per-diem-prn-eagle-point-or,27.12,cna
Early,certified-nursing-assistant-per-diem-prn-early-tx,20.87,cna
Easley,certified-nursing-assistant-per-diem-prn-easley-sc,25.44,cna
East Bernard,certified-nursing-assistant-per-diem-prn-east-bernard-tx,20.87,cna
East Brunswick,certified-nursing-assistant-per-diem-prn-east-brunswick-nj,25.89,cna
east greenwich,certified-nursing-assistant-per-diem-prn-east-greenwich-ri,20.87,cna
East Hartford,certified-nursing-assistant-per-diem-prn-east-hartford-ct,25.23,cna
East Hempfield,certified-nursing-assistant-per-diem-prn-east-hempfield-pa,25.78,cna
East Honolulu,certified-nursing-assistant-per-diem-prn-east-honolulu-hi,26.10,cna
East Lake,certified-nursing-assistant-per-diem-prn-east-lake-fl,25.10,cna
East Orange NJ,certified-nursing-assistant-per-diem-prn-east-orange-nj,20.87,cna
East Peoria,certified-nursing-assistant-per-diem-prn-east-peoria-il,25.29,cna
East Point,certified-nursing-assistant-per-diem-prn-east-point-ga,26.10,cna
East Providence,certified-nursing-assistant-per-diem-prn-east-providence-ri,23.29,cna
East Providence Riverside,certified-nursing-assistant-per-diem-prn-east-providence-riverside-ri,23.44,cna
East Wenatchee,certified-nursing-assistant-per-diem-prn-east-wenatchee-or,27.12,cna
Eastland,certified-nursing-assistant-per-diem-prn-eastland-tx,20.87,cna
Easton,certified-nursing-assistant-per-diem-prn-easton-md,20.87,cna
Easton,certified-nursing-assistant-per-diem-prn-easton-pa,25.35,cna
Easton KS,certified-nursing-assistant-per-diem-prn-easton-ks,22.99,cna
Eastpoint,certified-nursing-assistant-per-diem-prn-eastpoint-fl,20.87,cna
Eau Claire,certified-nursing-assistant-per-diem-prn-eau-claire-wi,26.18,cna
Eckert,certified-nursing-assistant-per-diem-prn-eckert-co,20.87,cna
Edcouch,certified-nursing-assistant-per-diem-prn-edcouch-tx,20.87,cna
Eden,certified-nursing-assistant-per-diem-prn-eden-tx,20.87,cna
Eden Prairie,certified-nursing-assistant-per-diem-prn-eden-prairie-mn,26.00,cna
Edina,certified-nursing-assistant-per-diem-prn-edina-mn,25.38,cna
Edinburg,certified-nursing-assistant-per-diem-prn-edinburg-tx,20.87,cna
Edison,certified-nursing-assistant-per-diem-prn-edison-nj,23.29,cna
Edmond OK,certified-nursing-assistant-per-diem-prn-edmond-ok,25.21,cna
Edmonds,certified-nursing-assistant-per-diem-prn-edmonds-wa,20.87,cna
Edna,certified-nursing-assistant-per-diem-prn-edna-tx,20.87,cna
Edwards,certified-nursing-assistant-per-diem-prn-edwards-co,20.87,cna
Edwardsville,certified-nursing-assistant-per-diem-prn-edwardsville-il,20.87,cna
Effingham,certified-nursing-assistant-per-diem-prn-effingham-il,25.89,cna
Egg Harbor Township,certified-nursing-assistant-per-diem-prn-egg-harbor-township-nj,25.45,cna
Egypt Lake-Leto,certified-nursing-assistant-per-diem-prn-egypt-lake-leto-fl,25.61,cna
El Cajon CA,certified-nursing-assistant-per-diem-prn-el-cajon-ca,20.87,cna
El Campo,certified-nursing-assistant-per-diem-prn-el-campo-tx,20.87,cna
El Cenizo,certified-nursing-assistant-per-diem-prn-el-cenizo-tx,20.87,cna
El Cerrito,certified-nursing-assistant-per-diem-prn-el-cerrito-ca,25.95,cna
El Paso,per-diem-el-paso-tx,22.51,cna
El Paso West Central El Paso,certified-nursing-assistant-per-diem-prn-el-paso-west-central-el-paso-tx,25.83,cna
Elbert,certified-nursing-assistant-per-diem-prn-elbert-co,25.94,cna
Eldorado,certified-nursing-assistant-per-diem-prn-eldorado-tx,20.87,cna
Electra,certified-nursing-assistant-per-diem-prn-electra-tx,20.87,cna
Elfrida,certified-nursing-assistant-per-diem-prn-elfrida-az,26.03,cna
Elgin,certified-nursing-assistant-per-diem-prn-elgin-il,25.96,cna
Elgin,certified-nursing-assistant-per-diem-prn-elgin-or,27.12,cna
Elgin TX,certified-nursing-assistant-per-diem-prn-elgin-5-tx,20.87,cna
Elizabethton AZ,certified-nursing-assistant-per-diem-prn-elizabethton-tn,25.21,cna
Elizabethtown,certified-nursing-assistant-per-diem-prn-elizabethtown-ky,25.54,cna
Elizaville,certified-nursing-assistant-per-diem-prn-elizaville-ny,20.87,cna
Elk Grove,certified-nursing-assistant-per-diem-prn-elk-grove-ca,25.85,cna
Elk Horn IA,certified-nursing-assistant-per-diem-prn-elk-horn-ia,20.87,cna
Elkhart,certified-nursing-assistant-per-diem-prn-elkhart-in,25.94,cna
Elkhart,certified-nursing-assistant-per-diem-prn-elkhart-tx,20.87,cna
Elko,certified-nursing-assistant-per-diem-prn-elko-nv,25.21,cna
Ellenton,certified-nursing-assistant-per-diem-prn-ellenton-fl,20.87,cna
Ellicott City,certified-nursing-assistant-per-diem-prn-ellicott-city-md,20.87,cna
Ellicott City,certified-nursing-assistant-per-diem-prn-ellicott-city-md-7a919,25.57,cna
Ellsworth,certified-nursing-assistant-per-diem-prn-ellsworth-me,20.87,cna
Elmhurst IL,certified-nursing-assistant-per-diem-prn-elmhurst-il,20.87,cna
Elmwood Park,certified-nursing-assistant-per-diem-prn-elmwood-park-il,25.89,cna
Eloy,certified-nursing-assistant-per-diem-prn-eloy-az,26.03,cna
Elsa,certified-nursing-assistant-per-diem-prn-elsa-tx,20.87,cna
Ely,certified-nursing-assistant-per-diem-prn-ely-nv,25.21,cna
Elyria,certified-nursing-assistant-per-diem-prn-elyria-oh,25.29,cna
Emerson,certified-nursing-assistant-per-diem-prn-emerson-nj,23.29,cna
Emlenton PA,certified-nursing-assistant-per-diem-prn-emlenton-pa,22.11,cna
Emmett ID,certified-nursing-assistant-per-diem-prn-emmett-id,20.87,cna
Emory,certified-nursing-assistant-per-diem-prn-emory-tx,20.87,cna
Emporia,certified-nursing-assistant-per-diem-prn-emporia-ks,25.03,cna
Encinal,certified-nursing-assistant-per-diem-prn-encinal-tx,20.87,cna
Encinitas,certified-nursing-assistant-per-diem-prn-encinitas-ca,23.29,cna
Enfield,certified-nursing-assistant-per-diem-prn-enfield-ct,21.98,cna
englewood,certified-nursing-assistant-per-diem-prn-englewood-nj,23.29,cna
Englewood CO,certified-nursing-assistant-per-diem-prn-englewood-co,20.87,cna
Englewood FL,certified-nursing-assistant-per-diem-prn-englewood-fl,20.87,cna
Englishtown,certified-nursing-assistant-per-diem-prn-englishtown-nj,25.03,cna
Enid,certified-nursing-assistant-per-diem-prn-enid-ok,25.32,cna
Ennis,certified-nursing-assistant-per-diem-prn-ennis-tx,20.87,cna
Enterprise,certified-nursing-assistant-per-diem-prn-enterprise-al,25.40,cna
Enterprise,certified-nursing-assistant-per-diem-prn-enterprise-nv,25.83,cna
Enterprise OR,certified-nursing-assistant-per-diem-prn-enterprise-or,27.12,cna
Enterprise UT,certified-nursing-assistant-per-diem-prn-enterprise-ut,27.12,cna
Erie,certified-nursing-assistant-per-diem-prn-erie-pa,25.85,cna
Erlanger,certified-nursing-assistant-per-diem-prn-erlanger-ky,25.95,cna
Escalante,certified-nursing-assistant-per-diem-prn-escalante-ut,27.12,cna
Escondido CA,certified-nursing-assistant-per-diem-prn-escondido-ca,20.87,cna
Espanola,certified-nursing-assistant-per-diem-prn-espanola-nm,25.89,cna
Essex,certified-nursing-assistant-per-diem-prn-essex-md,25.64,cna
Essex,certified-nursing-assistant-per-diem-prn-essex-vt,25.85,cna
Essex Junction,certified-nursing-assistant-per-diem-prn-essex-junction-vt,25.68,cna
Estacada,certified-nursing-assistant-per-diem-prn-estacada-or,27.12,cna
Estero,certified-nursing-assistant-per-diem-prn-estero-fl,20.87,cna
Estes Park,certified-nursing-assistant-per-diem-prn-estes-park-co,20.87,cna
Euclid,certified-nursing-assistant-per-diem-prn-euclid-oh,25.67,cna
Eugene,certified-nursing-assistant-per-diem-prn-eugene-or,27.12,cna
Euless,certified-nursing-assistant-per-diem-prn-euless-tx,20.87,cna
Eureka,certified-nursing-assistant-per-diem-prn-eureka-nv,25.21,cna
Eureka MO,certified-nursing-assistant-per-diem-prn-eureka-mo,20.87,cna
Eustis,certified-nursing-assistant-per-diem-prn-eustis-fl,20.87,cna
Evans,certified-nursing-assistant-per-diem-prn-evans-co,20.87,cna
Evans GA,certified-nursing-assistant-per-diem-prn-evans-ga,25.37,cna
Evanston,certified-nursing-assistant-per-diem-prn-evanston-il,25.77,cna
Evanston,certified-nursing-assistant-per-diem-prn-evanston-wy,26.89,cna
Evansville,certified-nursing-assistant-per-diem-prn-evansville-in,25.85,cna
Everett,certified-nursing-assistant-per-diem-prn-everett-ma,25.14,cna
Everett,certified-nursing-assistant-per-diem-prn-everett-wa,20.87,cna
Evergreen,certified-nursing-assistant-per-diem-prn-evergreen-co,20.87,cna
Everman,certified-nursing-assistant-per-diem-prn-everman-tx,20.87,cna
Ewa Gentry,certified-nursing-assistant-per-diem-prn-ewa-gentry-hi,25.48,cna
Fabens,certified-nursing-assistant-per-diem-prn-fabens-tx,20.87,cna
Fair Lawn,certified-nursing-assistant-per-diem-prn-fair-lawn-nj,23.29,cna
Fairbanks,certified-nursing-assistant-per-diem-prn-fairbanks-ak,25.47,cna
Fairborn,certified-nursing-assistant-per-diem-prn-fairborn-oh,25.75,cna
Fairfax,certified-nursing-assistant-per-diem-prn-fairfax-vt,25.64,cna
Fairfax OK,certified-nursing-assistant-per-diem-prn-fairfax-ok,25.21,cna
Fairfax VA,certified-nursing-assistant-per-diem-prn-fairfax-va,23.29,cna
Fairfield,certified-nursing-assistant-per-diem-prn-fairfield-ct,25.99,cna
Fairfield,certified-nursing-assistant-per-diem-prn-fairfield-oh,25.48,cna
Fairfield ID,certified-nursing-assistant-per-diem-prn-fairfield-id,20.87,cna
Fairfield ME,certified-nursing-assistant-per-diem-prn-fairfield-me,23.87,cna
Fairfield TX,certified-nursing-assistant-per-diem-prn-fairfield-tx,20.87,cna
Fairhope,certified-nursing-assistant-per-diem-prn-fairhope-al,26.00,cna
Fairmont,certified-nursing-assistant-per-diem-prn-fairmont-wv,21.42,cna
Fairplay,certified-nursing-assistant-per-diem-prn-fairplay-co,20.87,cna
Falfurrias,certified-nursing-assistant-per-diem-prn-falfurrias-tx,20.87,cna
Fall Creek,certified-nursing-assistant-per-diem-prn-fall-creek-or,27.12,cna
Fall River,certified-nursing-assistant-per-diem-prn-fall-river-ma,23.29,cna
Fall River Mills,certified-nursing-assistant-per-diem-prn-fall-river-mills-ca,20.87,cna
Fallon,certified-nursing-assistant-per-diem-prn-fallon-nv,25.21,cna
Falls Church VA,certified-nursing-assistant-per-diem-prn-falls-church-va,20.87,cna
Falmouth,certified-nursing-assistant-per-diem-prn-falmouth-ma,20.87,cna
Fargo,certified-nursing-assistant-per-diem-prn-fargo-nd,23.87,cna
Fargo Woodhaven,certified-nursing-assistant-per-diem-prn-fargo-woodhaven-nd,25.77,cna
Farmers Branch,certified-nursing-assistant-per-diem-prn-farmers-branch-tx,20.87,cna
Farmersville,certified-nursing-assistant-per-diem-prn-farmersville-tx,20.87,cna
Farmington,certified-nursing-assistant-per-diem-prn-farmington-nm,25.23,cna
Farmington Hills,certified-nursing-assistant-per-diem-prn-farmington-hills-mi,25.03,cna
Farmington ME,certified-nursing-assistant-per-diem-prn-farmington-me,23.87,cna
Farmington UT,certified-nursing-assistant-per-diem-prn-farmington-ut,27.12,cna
Farr West,certified-nursing-assistant-per-diem-prn-farr-west-ut,27.12,cna
Farragut,certified-nursing-assistant-per-diem-prn-farragut-tn,25.61,cna
Farwell,certified-nursing-assistant-per-diem-prn-farwell-tx,20.87,cna
Fayetteville,certified-nursing-assistant-per-diem-prn-fayetteville-ar,26.18,cna
Fayetteville,certified-nursing-assistant-per-diem-prn-fayetteville-nc,25.40,cna
Federal Way,certified-nursing-assistant-per-diem-prn-federal-way-wa,23.29,cna
Fellsmere,certified-nursing-assistant-per-diem-prn-fellsmere-fl,20.87,cna
Fenton,certified-nursing-assistant-per-diem-prn-fenton-mi,20.87,cna
Fern Park,certified-nursing-assistant-per-diem-prn-fern-park-fl,20.87,cna
Fernandina Beach,certified-nursing-assistant-per-diem-prn-fernandina-beach-fl,20.87,cna
Ferndale,certified-nursing-assistant-per-diem-prn-ferndale-wa,20.85,cna
Fernley,certified-nursing-assistant-per-diem-prn-fernley-nv,25.21,cna
Ferron,certified-nursing-assistant-per-diem-prn-ferron-ut,27.12,cna
Ferry Pass,certified-nursing-assistant-per-diem-prn-ferry-pass-fl,25.99,cna
Fillmore,certified-nursing-assistant-per-diem-prn-fillmore-ut,27.12,cna
Findlay,certified-nursing-assistant-per-diem-prn-findlay-oh,25.68,cna
Firestone,certified-nursing-assistant-per-diem-prn-firestone-co,20.87,cna
Fishers,certified-nursing-assistant-per-diem-prn-fishers-in,25.95,cna
Fitchburg,certified-nursing-assistant-per-diem-prn-fitchburg-wi,26.00,cna
Flagler,certified-nursing-assistant-per-diem-prn-flagler-co,20.87,cna
Flagstaff,certified-nursing-assistant-per-diem-prn-flagstaff-az,26.03,cna
Flatonia,certified-nursing-assistant-per-diem-prn-flatonia-tx,20.87,cna
Fleming Island,certified-nursing-assistant-per-diem-prn-fleming-island-fl,20.87,cna
Flint,certified-nursing-assistant-per-diem-prn-flint-mi,25.03,cna
Florence,certified-nursing-assistant-per-diem-prn-florence-al,25.43,cna
Florence,certified-nursing-assistant-per-diem-prn-florence-ky,25.44,cna
Florence AZ,certified-nursing-assistant-per-diem-prn-florence-az,26.03,cna
Florence CO,certified-nursing-assistant-per-diem-prn-florence-co,20.87,cna
Florence OR,certified-nursing-assistant-per-diem-prn-florence-or,27.12,cna
Florence SC,certified-nursing-assistant-per-diem-prn-florence-sc,25.21,cna
Floresville,certified-nursing-assistant-per-diem-prn-floresville-tx,20.87,cna
Florham Park,certified-nursing-assistant-per-diem-prn-florham-park-nj,21.46,cna
Florida City,certified-nursing-assistant-per-diem-prn-florida-city-fl,20.87,cna
Florissant,certified-nursing-assistant-per-diem-prn-florissant-co,20.87,cna
Florissant,certified-nursing-assistant-per-diem-prn-florissant-mo,25.95,cna
Flower Mound,certified-nursing-assistant-per-diem-prn-flower-mound-tx,20.87,cna
Flowery Branch,certified-nursing-assistant-per-diem-prn-flowery-branch-ga,26.89,cna
Fond du Lac,certified-nursing-assistant-per-diem-prn-fond-du-lac-wi,25.85,cna
Fontana,certified-nursing-assistant-per-diem-prn-fontana-ca,25.65,cna
Fontanelle IA,certified-nursing-assistant-per-diem-prn-fontanelle-ia,20.87,cna
Forest Grove,certified-nursing-assistant-per-diem-prn-forest-grove-or,27.12,cna
Forest Hill,certified-nursing-assistant-per-diem-prn-forest-hill-tx,20.87,cna
Forest Hill MD,certified-nursing-assistant-per-diem-prn-forest-hill-md-43963,20.87,cna
Forest Park,certified-nursing-assistant-per-diem-prn-forest-park-oh,25.83,cna
Foresthill,certified-nursing-assistant-per-diem-prn-foresthill-ca,20.87,cna
Forks,certified-nursing-assistant-per-diem-prn-forks-wa,27.12,cna
Forney,certified-nursing-assistant-per-diem-prn-forney-tx,20.87,cna
Fort Carson CO,certified-nursing-assistant-per-diem-prn-fort-carson-co,20.87,cna
Fort Collins CO,certified-nursing-assistant-per-diem-prn-fort-collins-co,20.53,cna
Fort Defiance,certified-nursing-assistant-per-diem-prn-fort-defiance-az,26.03,cna
Fort Dodge IA,certified-nursing-assistant-per-diem-prn-fort-dodge-ia,20.87,cna
Fort Hancock,certified-nursing-assistant-per-diem-prn-fort-hancock-tx,20.87,cna
Fort Hood,certified-nursing-assistant-per-diem-prn-fort-hood-tx,20.87,cna
Fort Huachuca,certified-nursing-assistant-per-diem-prn-fort-huachuca-az,26.03,cna
Fort Lauderdale FL,certified-nursing-assistant-per-diem-prn-fort-lauderdale-fl,20.87,cna
Fort Lupton CO,certified-nursing-assistant-per-diem-prn-fort-lupton-co,20.87,cna
Fort Lyon,certified-nursing-assistant-per-diem-prn-fort-lyon-co,20.87,cna
Fort Madison,certified-nursing-assistant-per-diem-prn-fort-madison-ia,20.87,cna
Fort Mc Coy,certified-nursing-assistant-per-diem-prn-fort-mc-coy-fl,20.87,cna
Fort Mill,certified-nursing-assistant-per-diem-prn-fort-mill-sc,25.65,cna
Fort Mohave,certified-nursing-assistant-per-diem-prn-fort-mohave-az,26.03,cna
Fort Morgan,certified-nursing-assistant-per-diem-prn-fort-morgan-co,20.87,cna
Fort Myers FL,certified-nursing-assistant-per-diem-prn-fort-myers-fl,20.87,cna
Fort Myers The Forum,certified-nursing-assistant-per-diem-prn-fort-myers-the-forum-fl,20.85,cna
Fort Pierce FL,certified-nursing-assistant-per-diem-prn-fort-pierce-fl,20.87,cna
Fort Smith,certified-nursing-assistant-per-diem-prn-fort-smith-ar,26.89,cna
Fort Stockton,certified-nursing-assistant-per-diem-prn-fort-stockton-tx,20.87,cna
Fort Thomas KY,certified-nursing-assistant-per-diem-prn-fort-thomas-ky,23.87,cna
Fort Walton Beach,certified-nursing-assistant-per-diem-prn-fort-walton-beach-fl,20.87,cna
Fort Washakie,certified-nursing-assistant-per-diem-prn-fort-washakie-wy,26.89,cna
Fort Wayne,certified-nursing-assistant-per-diem-prn-fort-wayne-in,20.87,cna
Fort Worth,per-diem-fort-worth-tx,26.62,cna
Fort Worth Shaw Clarke,certified-nursing-assistant-per-diem-prn-fort-worth-shaw-clarke-tx,25.78,cna
Fossil,certified-nursing-assistant-per-diem-prn-fossil-or,27.12,cna
Fountain,certified-nursing-assistant-per-diem-prn-fountain-co,20.87,cna
Fountain Hills,certified-nursing-assistant-per-diem-prn-fountain-hills-az,26.03,cna
Fountain Inn,certified-nursing-assistant-per-diem-prn-fountain-inn-sc,26.11,cna
Fountain Valley,certified-nursing-assistant-per-diem-prn-fountain-valley-ca,20.87,cna
Fountainebleau,certified-nursing-assistant-per-diem-prn-fountainebleau-fl,25.43,cna
Four Corners,certified-nursing-assistant-per-diem-prn-four-corners-fl,25.92,cna
Fowler,certified-nursing-assistant-per-diem-prn-fowler-co,20.87,cna
Framingham,certified-nursing-assistant-per-diem-prn-framingham-ma,25.03,cna
Frankfort,certified-nursing-assistant-per-diem-prn-frankfort-in,20.87,cna
Frankfort KS,certified-nursing-assistant-per-diem-prn-frankfort-ks,22.91,cna
Frankfort KY,certified-nursing-assistant-per-diem-prn-frankfort-ky,23.87,cna
Franklin,certified-nursing-assistant-per-diem-prn-franklin-tn,25.14,cna
Franklin,certified-nursing-assistant-per-diem-prn-franklin-wi,25.48,cna
Franklin TX,certified-nursing-assistant-per-diem-prn-franklin-tx,20.87,cna
Franklin WV,certified-nursing-assistant-per-diem-prn-franklin-wv,21.42,cna
Frankston,certified-nursing-assistant-per-diem-prn-frankston-tx,20.87,cna
Fred,certified-nursing-assistant-per-diem-prn-fred-tx,20.87,cna
Frederick,certified-nursing-assistant-per-diem-prn-frederick-md-1e16b,25.40,cna
Frederick CO,certified-nursing-assistant-per-diem-prn-frederick-co,20.87,cna
Frederick MD,certified-nursing-assistant-per-diem-prn-frederick-md,20.87,cna
Fredericksburg TX,certified-nursing-assistant-per-diem-prn-fredericksburg-tx,20.87,cna
Fredericksburg VA,certified-nursing-assistant-per-diem-prn-fredericksburg-va,25.29,cna
Fredonia,certified-nursing-assistant-per-diem-prn-fredonia-wi,20.87,cna
Freehold,certified-nursing-assistant-per-diem-prn-freehold-nj,25.89,cna
Freeport FL,certified-nursing-assistant-per-diem-prn-freeport-fl,20.87,cna
Freeport IL,certified-nursing-assistant-per-diem-prn-freeport-il,25.89,cna
Freeport TX,certified-nursing-assistant-per-diem-prn-freeport-tx,20.87,cna
Freer,certified-nursing-assistant-per-diem-prn-freer-tx,20.87,cna
Fremont,certified-nursing-assistant-per-diem-prn-fremont-ne,23.87,cna
Fremont CA,certified-nursing-assistant-per-diem-prn-fremont-ca,20.87,cna
Fresno CA,certified-nursing-assistant-per-diem-prn-fresno-ca,20.87,cna
Fresno TX,certified-nursing-assistant-per-diem-prn-fresno-tx,20.87,cna
Friendswood,certified-nursing-assistant-per-diem-prn-friendswood-tx,20.87,cna
Fries,certified-nursing-assistant-per-diem-prn-fries-va,20.87,cna
Friona,certified-nursing-assistant-per-diem-prn-friona-tx,20.87,cna
Frisco CO,certified-nursing-assistant-per-diem-prn-frisco-co,20.87,cna
Frisco TX,certified-nursing-assistant-per-diem-prn-frisco-tx,20.87,cna
Fritch,certified-nursing-assistant-per-diem-prn-fritch-tx,20.87,cna
Frostproof,certified-nursing-assistant-per-diem-prn-frostproof-fl,20.87,cna
Fruit Cove,certified-nursing-assistant-per-diem-prn-fruit-cove-fl,25.83,cna
Fruita CO,certified-nursing-assistant-per-diem-prn-fruita-co,20.87,cna
Fruitland,certified-nursing-assistant-per-diem-prn-fruitland-fl,20.87,cna
Fruitland,certified-nursing-assistant-per-diem-prn-fruitland-id,20.87,cna
Fruitland Park,certified-nursing-assistant-per-diem-prn-fruitland-park-fl,20.87,cna
Ft. Worth,certified-nursing-assistant-per-diem-prn-ft-worth-tx,20.87,cna
Fulshear,certified-nursing-assistant-per-diem-prn-fulshear-tx,20.87,cna
Fuquay-Varina,certified-nursing-assistant-per-diem-prn-fuquay-varina-nc,25.61,cna
Gadsden,certified-nursing-assistant-per-diem-prn-gadsden-al,26.10,cna
Gahanna OH,certified-nursing-assistant-per-diem-prn-gahanna-oh,20.87,cna
Gainesville FL,certified-nursing-assistant-per-diem-prn-gainesville-fl,20.87,cna
Gainesville GA,certified-nursing-assistant-per-diem-prn-gainesville-ga,25.43,cna
Gainesville TX,certified-nursing-assistant-per-diem-prn-gainesville-tx,20.87,cna
Gaithersburg,certified-nursing-assistant-per-diem-prn-gaithersburg-md,25.48,cna
Gallatin,certified-nursing-assistant-per-diem-prn-gallatin-tn,25.54,cna
Gallup,certified-nursing-assistant-per-diem-prn-gallup-nm,25.59,cna
Galveston,certified-nursing-assistant-per-diem-prn-galveston-tx,20.87,cna
Ganado AZ,certified-nursing-assistant-per-diem-prn-ganado-az,26.03,cna
Ganado TX,certified-nursing-assistant-per-diem-prn-ganado-tx,20.87,cna
Garden City,certified-nursing-assistant-per-diem-prn-garden-city-ks,25.44,cna
Garden City ID,certified-nursing-assistant-per-diem-prn-garden-city-id,20.87,cna
Garden City UT,certified-nursing-assistant-per-diem-prn-garden-city-ut,27.12,cna
Garden Grove,certified-nursing-assistant-per-diem-prn-garden-grove-ca,25.74,cna
Gardner,certified-nursing-assistant-per-diem-prn-gardner-ks,25.85,cna
Gardner,certified-nursing-assistant-per-diem-prn-gardner-ma,20.87,cna
Gardnerville,certified-nursing-assistant-per-diem-prn-gardnerville-nv,25.21,cna
Garfield Heights,certified-nursing-assistant-per-diem-prn-garfield-heights-oh,25.23,cna
Garland,certified-nursing-assistant-per-diem-prn-garland-tx,20.87,cna
Garrison,certified-nursing-assistant-per-diem-prn-garrison-tx,20.87,cna
Gary,certified-nursing-assistant-per-diem-prn-gary-in,25.23,cna
Gastonia NC,certified-nursing-assistant-per-diem-prn-gastonia-nc,20.87,cna
Gatesville,certified-nursing-assistant-per-diem-prn-gatesville-tx,20.87,cna
Gaylord,certified-nursing-assistant-per-diem-prn-gaylord-mi,20.87,cna
Geneva,certified-nursing-assistant-per-diem-prn-geneva-il-1cca8,20.87,cna
Geneva,certified-nursing-assistant-per-diem-prn-geneva-ne,23.87,cna
George IA,certified-nursing-assistant-per-diem-prn-george-ia,20.87,cna
George West,certified-nursing-assistant-per-diem-prn-george-west-tx,20.87,cna
Georgetown,certified-nursing-assistant-per-diem-prn-georgetown-de,25.74,cna
Georgetown,certified-nursing-assistant-per-diem-prn-georgetown-ky,25.74,cna
Georgetown,certified-nursing-assistant-per-diem-prn-georgetown-tx,20.87,cna
Gerlach,certified-nursing-assistant-per-diem-prn-gerlach-nv,25.21,cna
Germantown,certified-nursing-assistant-per-diem-prn-germantown-md,25.20,cna
Germantown,certified-nursing-assistant-per-diem-prn-germantown-tn,25.85,cna
Germantown WI,certified-nursing-assistant-per-diem-prn-germantown-wi,20.87,cna
Giddings,certified-nursing-assistant-per-diem-prn-giddings-tx,20.87,cna
Gifford,certified-nursing-assistant-per-diem-prn-gifford-il,25.89,cna
Gig Harbor WA,certified-nursing-assistant-per-diem-prn-gig-harbor-wa,27.12,cna
Gila Bend,certified-nursing-assistant-per-diem-prn-gila-bend-az,26.03,cna
Gilber,certified-nursing-assistant-per-diem-prn-gilber-az,26.03,cna
Gilbert,certified-nursing-assistant-per-diem-prn-gilbert-az,26.03,cna
Gilbert Gilbert Medical Center,certified-nursing-assistant-per-diem-prn-gilbert-gilbert-medical-center-az,26.10,cna
Gilchrist,certified-nursing-assistant-per-diem-prn-gilchrist-or,27.12,cna
Gillette,certified-nursing-assistant-per-diem-prn-gillette-wy,25.93,cna
Gilmer,certified-nursing-assistant-per-diem-prn-gilmer-tx,20.87,cna
Gladewater,certified-nursing-assistant-per-diem-prn-gladewater-tx,20.87,cna
Gladstone,certified-nursing-assistant-per-diem-prn-gladstone-mo,25.85,cna
Gladstone OR,certified-nursing-assistant-per-diem-prn-gladstone-or,27.12,cna
Glasgow,certified-nursing-assistant-per-diem-prn-glasgow-de,26.18,cna
Glastonbury,certified-nursing-assistant-per-diem-prn-glastonbury-ct,25.25,cna
Glen Burnie,certified-nursing-assistant-per-diem-prn-glen-burnie-md,23.87,cna
Glen Burnie,certified-nursing-assistant-per-diem-prn-glen-burnie-md-3064d,25.35,cna
Glen Cove,certified-nursing-assistant-per-diem-prn-glen-cove-ny,20.87,cna
Glen Rose,certified-nursing-assistant-per-diem-prn-glen-rose-tx,20.87,cna
Glen Saint Mary,certified-nursing-assistant-per-diem-prn-glen-saint-mary-fl,20.87,cna
Glencoe,certified-nursing-assistant-per-diem-prn-glencoe-il,21.46,cna
Glendale,certified-nursing-assistant-per-diem-prn-glendale-ca-a1e1c,20.87,cna
Glendale AZ,per-diem-glendale-az,25.99,cna
Glendale CA,certified-nursing-assistant-per-diem-prn-glendale-ca,21.46,cna
Glendale CO,certified-nursing-assistant-per-diem-prn-glendale-co,20.87,cna
Glendale Rovey Farm Estates,certified-nursing-assistant-per-diem-prn-glendale-rovey-farm-estates-az,25.85,cna
Glendive,certified-nursing-assistant-per-diem-prn-glendive-mt,23.87,cna
Glenns Ferry,certified-nursing-assistant-per-diem-prn-glenns-ferry-id,20.87,cna
Glenpool,certified-nursing-assistant-per-diem-prn-glenpool-ok,20.87,cna
Glens Falls,certified-nursing-assistant-per-diem-prn-glens-falls-ny,23.87,cna
Glenwood IA,certified-nursing-assistant-per-diem-prn-glenwood-ia,20.87,cna
Glenwood Springs,certified-nursing-assistant-per-diem-prn-glenwood-springs-co,20.87,cna
Glide,certified-nursing-assistant-per-diem-prn-glide-or,27.12,cna
Globe,certified-nursing-assistant-per-diem-prn-globe-az,26.03,cna
Godley,certified-nursing-assistant-per-diem-prn-godley-tx,20.87,cna
Goffstown,certified-nursing-assistant-per-diem-prn-goffstown-nh,25.74,cna
Gold Beach,certified-nursing-assistant-per-diem-prn-gold-beach-or,27.12,cna
Gold Canyon,certified-nursing-assistant-per-diem-prn-gold-canyon-az,26.03,cna
Golden CO,certified-nursing-assistant-per-diem-prn-golden-co,20.87,cna
Golden Glades,certified-nursing-assistant-per-diem-prn-golden-glades-fl,25.84,cna
Golden Valley,certified-nursing-assistant-per-diem-prn-golden-valley-az,26.03,cna
Goldendale,certified-nursing-assistant-per-diem-prn-goldendale-wa,27.12,cna
Goldsboro,certified-nursing-assistant-per-diem-prn-goldsboro-nc,25.43,cna
Goldthwaite,certified-nursing-assistant-per-diem-prn-goldthwaite-tx,20.87,cna
Goliad,certified-nursing-assistant-per-diem-prn-goliad-tx,20.87,cna
Gonzales,certified-nursing-assistant-per-diem-prn-gonzales-tx,20.87,cna
Goochland,certified-nursing-assistant-per-diem-prn-goochland-va,25.29,cna
Gooding,certified-nursing-assistant-per-diem-prn-gooding-id,20.87,cna
Goodyear,per-diem-goodyear-az,20.01,cna
Goose Creek,certified-nursing-assistant-per-diem-prn-goose-creek-sc,25.36,cna
Gordon,certified-nursing-assistant-per-diem-prn-gordon-tx,20.87,cna
Gorham,certified-nursing-assistant-per-diem-prn-gorham-me,26.18,cna
Goshen,certified-nursing-assistant-per-diem-prn-goshen-in,20.87,cna
Gothenburg,certified-nursing-assistant-per-diem-prn-gothenburg-ne,23.87,cna
Graceville,certified-nursing-assistant-per-diem-prn-graceville-fl,20.87,cna
Grafton,certified-nursing-assistant-per-diem-prn-grafton-nd,23.87,cna
Graham,certified-nursing-assistant-per-diem-prn-graham-tx,20.87,cna
Granbury,certified-nursing-assistant-per-diem-prn-granbury-tx,20.87,cna
Granby CO,certified-nursing-assistant-per-diem-prn-granby-co,20.87,cna
Grand Canyon,certified-nursing-assistant-per-diem-prn-grand-canyon-az,26.03,cna
Grand Forks,certified-nursing-assistant-per-diem-prn-grand-forks-nd,23.87,cna
Grand Island,certified-nursing-assistant-per-diem-prn-grand-island-ne,25.00,cna
Grand Junction,certified-nursing-assistant-per-diem-prn-grand-junction-co,27.27,cna
Grand Prairie,certified-nursing-assistant-per-diem-prn-grand-prairie-tx,20.87,cna
Grand Rapids MI,certified-nursing-assistant-per-diem-prn-grand-rapids-mi,23.29,cna
Grand Saline,certified-nursing-assistant-per-diem-prn-grand-saline-tx,20.87,cna
Grand View,certified-nursing-assistant-per-diem-prn-grand-view-id,20.87,cna
Grandview,certified-nursing-assistant-per-diem-prn-grandview-mo,25.32,cna
Grandview,certified-nursing-assistant-per-diem-prn-grandview-tx,20.87,cna
Granger IN,certified-nursing-assistant-per-diem-prn-granger-in,20.87,cna
Granger TX,certified-nursing-assistant-per-diem-prn-granger-tx,20.87,cna
Grangeville,certified-nursing-assistant-per-diem-prn-grangeville-id,20.87,cna
Grants Pass OR,certified-nursing-assistant-per-diem-prn-grants-pass-or,27.12,cna
Grapevine,certified-nursing-assistant-per-diem-prn-grapevine-tx,20.87,cna
Great Barrington,certified-nursing-assistant-per-diem-prn-great-barrington-ma,20.87,cna
Great Falls,certified-nursing-assistant-per-diem-prn-great-falls-va,20.87,cna
Great Falls MT,certified-nursing-assistant-per-diem-prn-great-falls-mt,23.87,cna
Greece,certified-nursing-assistant-per-diem-prn-greece-ny,25.38,cna
Greeley,certified-nursing-assistant-per-diem-prn-greeley-co,20.53,cna
Green,certified-nursing-assistant-per-diem-prn-green-oh,25.92,cna
Green Bay,per-diem-green-bay-wi,24.34,cna
Green Cove Springs,certified-nursing-assistant-per-diem-prn-green-cove-springs-fl,20.87,cna
Green River,certified-nursing-assistant-per-diem-prn-green-river-ut,27.12,cna
Green River,certified-nursing-assistant-per-diem-prn-green-river-wy,25.47,cna
Green Valley,certified-nursing-assistant-per-diem-prn-green-valley-az,26.03,cna
Greenacres,certified-nursing-assistant-per-diem-prn-greenacres-fl,20.87,cna
Greenacres,certified-nursing-assistant-per-diem-prn-greenacres-wa,22.11,cna
Greenbrae,certified-nursing-assistant-per-diem-prn-greenbrae-ca,20.87,cna
Greenburgh,certified-nursing-assistant-per-diem-prn-greenburgh-ny,25.25,cna
Greenehaven,certified-nursing-assistant-per-diem-prn-greenehaven-az,26.03,cna
Greeneville TN,certified-nursing-assistant-per-diem-prn-greeneville-tn,25.21,cna
Greenfield,certified-nursing-assistant-per-diem-prn-greenfield-wi,25.35,cna
Greenport,certified-nursing-assistant-per-diem-prn-greenport-ny,22.11,cna
Greensboro,certified-nursing-assistant-per-diem-prn-greensboro-vt,21.42,cna
Greensboro NC,certified-nursing-assistant-per-diem-prn-greensboro-nc-643ff,21.08,cna
Greensboro Warnersville,certified-nursing-assistant-per-diem-prn-greensboro-warnersville-nc,23.68,cna
Greenville,certified-nursing-assistant-per-diem-prn-greenville-ms,26.18,cna
Greenville,certified-nursing-assistant-per-diem-prn-greenville-nc,25.68,cna
Greenville FL,certified-nursing-assistant-per-diem-prn-greenville-fl,21.08,cna
Greenville SC,certified-nursing-assistant-per-diem-prn-greenville-sc,21.08,cna
Greenville TX,certified-nursing-assistant-per-diem-prn-greenville-tx,21.08,cna
Greenwich,certified-nursing-assistant-per-diem-prn-greenwich-ct,25.14,cna
Greenwood,certified-nursing-assistant-per-diem-prn-greenwood-in,21.08,cna
Greenwood,certified-nursing-assistant-per-diem-prn-greenwood-sc,25.92,cna
Greenwood Village CO,certified-nursing-assistant-per-diem-prn-greenwood-village-co,21.08,cna
Greer,certified-nursing-assistant-per-diem-prn-greer-sc,25.99,cna
Gresham OR,certified-nursing-assistant-per-diem-prn-gresham-or,27.12,cna
Griswold IA,certified-nursing-assistant-per-diem-prn-griswold-ia,21.08,cna
Grizzly Flats,certified-nursing-assistant-per-diem-prn-grizzly-flats-ca,21.08,cna
Groesbeck,certified-nursing-assistant-per-diem-prn-groesbeck-tx,21.08,cna
Groton,certified-nursing-assistant-per-diem-prn-groton-ct,21.46,cna
Grove,certified-nursing-assistant-per-diem-prn-grove-ok,21.46,cna
Grove City,certified-nursing-assistant-per-diem-prn-grove-city-oh,26.10,cna
Groveland,certified-nursing-assistant-per-diem-prn-groveland-fl,21.08,cna
Groves,certified-nursing-assistant-per-diem-prn-groves-tx,21.08,cna
Groveton,certified-nursing-assistant-per-diem-prn-groveton-tx,21.08,cna
Grulla,certified-nursing-assistant-per-diem-prn-grulla-tx,21.08,cna
Guilford,certified-nursing-assistant-per-diem-prn-guilford-ct,22.11,cna
Gulf Breeze,certified-nursing-assistant-per-diem-prn-gulf-breeze-fl,21.08,cna
Gulfport,certified-nursing-assistant-per-diem-prn-gulfport-fl,21.08,cna
Gulfport,certified-nursing-assistant-per-diem-prn-gulfport-ms,25.43,cna
Gun Barrel City,certified-nursing-assistant-per-diem-prn-gun-barrel-city-tx,21.08,cna
Gunnison CO,certified-nursing-assistant-per-diem-prn-gunnison-co,21.08,cna
Gunnison UT,certified-nursing-assistant-per-diem-prn-gunnison-ut,27.12,cna
Gunter,certified-nursing-assistant-per-diem-prn-gunter-tx,21.08,cna
Guttenberg IA,certified-nursing-assistant-per-diem-prn-guttenberg-ia,21.08,cna
Hackensack,certified-nursing-assistant-per-diem-prn-hackensack-nj,23.29,cna
Hackettstown,certified-nursing-assistant-per-diem-prn-hackettstown-nj,21.46,cna
Hagerman,certified-nursing-assistant-per-diem-prn-hagerman-id,21.08,cna
Hagerstown,certified-nursing-assistant-per-diem-prn-hagerstown-md,23.87,cna
Hagerstown,certified-nursing-assistant-per-diem-prn-hagerstown-md-09881,25.87,cna
Hailey,certified-nursing-assistant-per-diem-prn-hailey-id,21.08,cna
Haines City,certified-nursing-assistant-per-diem-prn-haines-city-fl,21.08,cna
Hale Center,certified-nursing-assistant-per-diem-prn-hale-center-tx,21.08,cna
Halfway,certified-nursing-assistant-per-diem-prn-halfway-or,27.12,cna
Hallandale,certified-nursing-assistant-per-diem-prn-hallandale-fl,21.08,cna
Hallandale Beach,certified-nursing-assistant-per-diem-prn-hallandale-beach-fl,21.08,cna
Hallettsville,certified-nursing-assistant-per-diem-prn-hallettsville-tx,21.08,cna
Hallowell,certified-nursing-assistant-per-diem-prn-hallowell-me,23.44,cna
Hamburg,certified-nursing-assistant-per-diem-prn-hamburg-town-ny,26.10,cna
Hamden,certified-nursing-assistant-per-diem-prn-hamden-ct,25.45,cna
Hamilton,certified-nursing-assistant-per-diem-prn-hamilton-oh,25.41,cna
Hamilton MT,certified-nursing-assistant-per-diem-prn-hamilton-mt,23.87,cna
Hamilton Square,certified-nursing-assistant-per-diem-prn-hamilton-square-nj,21.89,cna
Hamilton TX,certified-nursing-assistant-per-diem-prn-hamilton-tx,21.08,cna
Hamlin,certified-nursing-assistant-per-diem-prn-hamlin-tx,21.08,cna
Hammond,certified-nursing-assistant-per-diem-prn-hammond-in,25.54,cna
Hammond,certified-nursing-assistant-per-diem-prn-hammond-la,21.08,cna
Hampden,certified-nursing-assistant-per-diem-prn-hampden-pa,25.67,cna
Hampton,certified-nursing-assistant-per-diem-prn-hampton-va,25.65,cna
Hanceville,certified-nursing-assistant-per-diem-prn-hanceville-al,21.08,cna
Hanford,certified-nursing-assistant-per-diem-prn-hanford-ca,21.08,cna
Hanksville,certified-nursing-assistant-per-diem-prn-hanksville-ut,27.12,cna
Hannibal MO,certified-nursing-assistant-per-diem-prn-hannibal-mo,23.87,cna
Hanover,certified-nursing-assistant-per-diem-prn-hanover-md,21.08,cna
Happy Valley,certified-nursing-assistant-per-diem-prn-happy-valley-or,27.12,cna
Hardin,certified-nursing-assistant-per-diem-prn-hardin-mt,23.87,cna
Harker Heights,certified-nursing-assistant-per-diem-prn-harker-heights-tx,21.08,cna
Harlan KY,certified-nursing-assistant-per-diem-prn-harlan-ky,23.87,cna
Harlingen,certified-nursing-assistant-per-diem-prn-harlingen-tx,21.08,cna
Harrah,certified-nursing-assistant-per-diem-prn-harrah-ok,21.08,cna
Harrington Park,certified-nursing-assistant-per-diem-prn-harrington-park-nj,23.29,cna
Harrisburg,certified-nursing-assistant-per-diem-prn-harrisburg-pa,25.64,cna
Harrisonburg,certified-nursing-assistant-per-diem-prn-harrisonburg-va,25.74,cna
Hartfield,certified-nursing-assistant-per-diem-prn-hartfield-va,21.08,cna
Hartford,certified-nursing-assistant-per-diem-prn-hartford-vt,25.22,cna
Hartford CT,per-diem-hartford-ct,25.31,cna
Hartland,certified-nursing-assistant-per-diem-prn-hartland-me,25.25,cna
Harvey,certified-nursing-assistant-per-diem-prn-harvey-la,25.61,cna
Harvey IL,certified-nursing-assistant-per-diem-prn-harvey-il,25.89,cna
Harwich,certified-nursing-assistant-per-diem-prn-harwich-ma,21.08,cna
Haskell,certified-nursing-assistant-per-diem-prn-haskell-tx,21.08,cna
Hastings FL,certified-nursing-assistant-per-diem-prn-hastings-fl,21.08,cna
Hastings NE,certified-nursing-assistant-per-diem-prn-hastings-ne,23.87,cna
Hattiesburg,certified-nursing-assistant-per-diem-prn-hattiesburg-ms,21.08,cna
Havana,certified-nursing-assistant-per-diem-prn-havana-fl,21.08,cna
Haverford,certified-nursing-assistant-per-diem-prn-haverford-pa,25.57,cna
Haverhill FL,certified-nursing-assistant-per-diem-prn-haverhill-fl,21.08,cna
Haverhill MA,certified-nursing-assistant-per-diem-prn-haverhill-ma,21.08,cna
Havre De Grace MD,certified-nursing-assistant-per-diem-prn-havre-de-grace-md,23.87,cna
Havre MT,certified-nursing-assistant-per-diem-prn-havre-mt,23.87,cna
Hawkins,certified-nursing-assistant-per-diem-prn-hawkins-tx,21.08,cna
Hawthorne,certified-nursing-assistant-per-diem-prn-hawthorne-ca,23.29,cna
Hawthorne,certified-nursing-assistant-per-diem-prn-hawthorne-f-nv,25.21,cna
Hawthorne,certified-nursing-assistant-per-diem-prn-hawthorne-nv,21.08,cna
Hawthorne FL,certified-nursing-assistant-per-diem-prn-hawthorne-fl,21.08,cna
Haxtun,certified-nursing-assistant-per-diem-prn-haxtun-co,21.08,cna
Hayden,certified-nursing-assistant-per-diem-prn-hayden-id,21.08,cna
Hayesville,certified-nursing-assistant-per-diem-prn-hayesville-or,25.65,cna
Haymarket,certified-nursing-assistant-per-diem-prn-haymarket-va,23.29,cna
Hays KS,certified-nursing-assistant-per-diem-prn-hays-ks,21.08,cna
Hayward CA,certified-nursing-assistant-per-diem-prn-hayward-ca,21.08,cna
Hayward WI,certified-nursing-assistant-per-diem-prn-hayward-wi,21.42,cna
Hazard KY,certified-nursing-assistant-per-diem-prn-hazard-ky,23.87,cna
Hazel Crest IL,certified-nursing-assistant-per-diem-prn-hazel-crest-il,25.89,cna
Hazelwood,certified-nursing-assistant-per-diem-prn-hazelwood-mo,25.65,cna
Hazleton,certified-nursing-assistant-per-diem-prn-hazleton-pa,25.22,cna
Hearne,certified-nursing-assistant-per-diem-prn-hearne-tx,21.08,cna
Heartland,certified-nursing-assistant-per-diem-prn-heartland-tx,21.08,cna
Heath,certified-nursing-assistant-per-diem-prn-heath-tx,21.08,cna
Hebbronville,certified-nursing-assistant-per-diem-prn-hebbronville-tx,21.08,cna
Heber City,certified-nursing-assistant-per-diem-prn-heber-city-ut,27.12,cna
Hebron,certified-nursing-assistant-per-diem-prn-hebron-ne,23.87,cna
Helena MT,certified-nursing-assistant-per-diem-prn-helena-mt,26.43,cna
Helena OR,certified-nursing-assistant-per-diem-prn-helena-or,22.11,cna
Helper,certified-nursing-assistant-per-diem-prn-helper-ut,27.12,cna
Hemet,certified-nursing-assistant-per-diem-prn-hemet-ca,21.08,cna
Hemphill,certified-nursing-assistant-per-diem-prn-hemphill-tx,21.08,cna
Hempstead,certified-nursing-assistant-per-diem-prn-hempstead-tx,21.08,cna
Hempstead town,certified-nursing-assistant-per-diem-prn-hempstead-town-ny,25.95,cna
Henderson,certified-nursing-assistant-per-diem-prn-henderson-ky,25.74,cna
Henderson Green Valley Ranch,certified-nursing-assistant-per-diem-prn-henderson-green-valley-ranch-nv,21.46,cna
Henderson Midway,certified-nursing-assistant-per-diem-prn-henderson-midway-nv,26.10,cna
Henderson NV,certified-nursing-assistant-per-diem-prn-henderson-nv,25.21,cna
Henderson Pittmann,certified-nursing-assistant-per-diem-prn-henderson-pittman-nv,25.22,cna
Henderson Silverado Ranch,certified-nursing-assistant-per-diem-prn-henderson-silverado-ranch-nv,25.48,cna
Henderson TX,certified-nursing-assistant-per-diem-prn-henderson-tx,21.08,cna
Hendersonville NC,certified-nursing-assistant-per-diem-prn-hendersonville-nc,21.08,cna
Hendersonville TN,certified-nursing-assistant-per-diem-prn-hendersonville-tn,25.21,cna
Henrietta,certified-nursing-assistant-per-diem-prn-henrietta-tx,21.08,cna
Heppner,certified-nursing-assistant-per-diem-prn-heppner-or,27.12,cna
Hereford AZ,certified-nursing-assistant-per-diem-prn-hereford-az,26.03,cna
Hereford TX,certified-nursing-assistant-per-diem-prn-hereford-tx,21.08,cna
Hermiston,certified-nursing-assistant-per-diem-prn-hermiston-or,27.12,cna
Hermitage TN,certified-nursing-assistant-per-diem-prn-hermitage-tn,25.21,cna
Hernando,certified-nursing-assistant-per-diem-prn-hernando-fl,21.08,cna
Herriman,certified-nursing-assistant-per-diem-prn-herriman-ut,27.12,cna
Hersey,certified-nursing-assistant-per-diem-prn-hersey-mi,25.50,cna
Hettinger,certified-nursing-assistant-per-diem-prn-hettinger-nd,23.87,cna
Hewitt,certified-nursing-assistant-per-diem-prn-hewitt-tx,21.08,cna
Hialeah FL,certified-nursing-assistant-per-diem-prn-hialeah-fl,21.08,cna
Hialeah Gardens,certified-nursing-assistant-per-diem-prn-hialeah-gardens-fl,21.08,cna
Hickory NC,certified-nursing-assistant-per-diem-prn-hickory-nc,25.87,cna
Hico,certified-nursing-assistant-per-diem-prn-hico-tx,21.08,cna
High Point,certified-nursing-assistant-per-diem-prn-high-point-nc,25.48,cna
High Springs,certified-nursing-assistant-per-diem-prn-high-springs-fl,21.08,cna
Highland,certified-nursing-assistant-per-diem-prn-highland-ut,27.12,cna
Highland Village,certified-nursing-assistant-per-diem-prn-highland-village-tx,21.08,cna
Highlands Ranch CO,certified-nursing-assistant-per-diem-prn-highlands-ranch-co,21.08,cna
Hill AFB,certified-nursing-assistant-per-diem-prn-hill-afb-ut,27.12,cna
Hilliard,certified-nursing-assistant-per-diem-prn-hilliard-fl,21.08,cna
Hilliard,certified-nursing-assistant-per-diem-prn-hilliard-oh,25.37,cna
Hillsboro OR,certified-nursing-assistant-per-diem-prn-hillsboro-or,27.12,cna
Hillsboro TX,certified-nursing-assistant-per-diem-prn-hillsboro-tx,21.08,cna
Hillsborough NJ,certified-nursing-assistant-per-diem-prn-hillsborough-nj,22.11,cna
Hillsdale,certified-nursing-assistant-per-diem-prn-hillsdale-mi,21.08,cna
Hillside IL,certified-nursing-assistant-per-diem-prn-hillside-il,21.08,cna
Hilo,certified-nursing-assistant-per-diem-prn-hilo-hi,27.12,cna
Hilton Head Island,certified-nursing-assistant-per-diem-prn-hilton-head-island-sc,25.10,cna
Hinesville,certified-nursing-assistant-per-diem-prn-hinesville-ga,26.18,cna
Hitchcock,certified-nursing-assistant-per-diem-prn-hitchcock-tx,21.08,cna
Hixson TN,certified-nursing-assistant-per-diem-prn-hixson-tn,21.08,cna
Hobart,certified-nursing-assistant-per-diem-prn-hobart-in,21.08,cna
Hobbs,certified-nursing-assistant-per-diem-prn-hobbs-nm,25.61,cna
Hobe Sound,certified-nursing-assistant-per-diem-prn-hobe-sound-fl,21.08,cna
Hockessin,certified-nursing-assistant-per-diem-prn-hockessin-de,25.95,cna
Hoffman Estates,certified-nursing-assistant-per-diem-prn-hoffman-estates-il,25.65,cna
Holbrook,certified-nursing-assistant-per-diem-prn-holbrook-az,26.03,cna
Holdrege,certified-nursing-assistant-per-diem-prn-holdrege-ne,23.87,cna
Holiday,certified-nursing-assistant-per-diem-prn-holiday-fl,21.08,cna
Holladay,certified-nursing-assistant-per-diem-prn-holladay-ut,27.12,cna
Holland,certified-nursing-assistant-per-diem-prn-holland-oh,25.68,cna
Holly,certified-nursing-assistant-per-diem-prn-holly-co,21.08,cna
Holly Hill,certified-nursing-assistant-per-diem-prn-holly-hill-fl,21.08,cna
Holly Springs,certified-nursing-assistant-per-diem-prn-holly-springs-nc,26.13,cna
Hollywood,certified-nursing-assistant-per-diem-prn-hollywood-fl,21.08,cna
Holmdel,certified-nursing-assistant-per-diem-prn-holmdel-nj,25.89,cna
Holstein IA,certified-nursing-assistant-per-diem-prn-holstein-ia,21.08,cna
Holyoke CO,certified-nursing-assistant-per-diem-prn-holyoke-co,21.08,cna
Holyoke MA,certified-nursing-assistant-per-diem-prn-holyoke-ma,21.08,cna
Homedale,certified-nursing-assistant-per-diem-prn-homedale-id,21.08,cna
Homestead,certified-nursing-assistant-per-diem-prn-homestead-fl,21.08,cna
Homewood,certified-nursing-assistant-per-diem-prn-homewood-al,25.35,cna
Homosassa,certified-nursing-assistant-per-diem-prn-homosassa-fl,21.08,cna
Hondo,certified-nursing-assistant-per-diem-prn-hondo-tx,21.08,cna
Honey Grove,certified-nursing-assistant-per-diem-prn-honey-grove-tx,21.08,cna
Honokaa,certified-nursing-assistant-per-diem-prn-honokaa-hi,27.12,cna
Honolulu,certified-nursing-assistant-per-diem-prn-honolulu-hi,27.12,cna
Hood River OR,certified-nursing-assistant-per-diem-prn-hood-river-or,27.12,cna
Hoover,certified-nursing-assistant-per-diem-prn-hoover-al-b1c00,21.08,cna
Hope,certified-nursing-assistant-per-diem-prn-hope-nj,25.43,cna
Hopedale,certified-nursing-assistant-per-diem-prn-hopedale-ma,23.29,cna
Hopewell,certified-nursing-assistant-per-diem-prn-hopewell-va,25.29,cna
Hopkinsville,certified-nursing-assistant-per-diem-prn-hopkinsville-ky,26.10,cna
Horizon City,certified-nursing-assistant-per-diem-prn-horizon-city-tx,21.08,cna
Horizon West,certified-nursing-assistant-per-diem-prn-horizon-west-fl,25.95,cna
Horn Lake,certified-nursing-assistant-per-diem-prn-horn-lake-ms,25.99,cna
Horseshoe Bay,certified-nursing-assistant-per-diem-prn-horseshoe-bay-tx,21.08,cna
Horsham,certified-nursing-assistant-per-diem-prn-horsham-pa,25.43,cna
Hosford,certified-nursing-assistant-per-diem-prn-hosford-fl,21.08,cna
Hot Springs,certified-nursing-assistant-per-diem-prn-hot-springs-ar,25.47,cna
Hot Springs,certified-nursing-assistant-per-diem-prn-hot-springs-mt,20.85,cna
Hot Springs,certified-nursing-assistant-per-diem-prn-hot-springs-sd,25.21,cna
Houma,certified-nursing-assistant-per-diem-prn-houma-la,25.92,cna
Houston,per-diem-houston-tx,21.60,cna
Houston Kingwood,certified-nursing-assistant-per-diem-prn-houston-kingwood-tx,25.61,cna
Houston Northside,certified-nursing-assistant-per-diem-prn-houston-northside-tx,25.84,cna
Houston Southeast Houston,certified-nursing-assistant-per-diem-prn-houston-southeast-houston-tx,25.14,cna
Howey In The Hills,certified-nursing-assistant-per-diem-prn-howey-in-the-hills-fl,21.08,cna
Huber Heights,certified-nursing-assistant-per-diem-prn-huber-heights-oh,25.57,cna
Hudson,certified-nursing-assistant-per-diem-prn-hudson-nh,25.85,cna
Hudson FL,certified-nursing-assistant-per-diem-prn-hudson-fl,21.08,cna
Hudson NY,certified-nursing-assistant-per-diem-prn-hudson-ny,23.87,cna
Hudson OH,certified-nursing-assistant-per-diem-prn-hudson-oh,25.47,cna
Huffman,certified-nursing-assistant-per-diem-prn-huffman-tx,21.08,cna
Hughes Springs,certified-nursing-assistant-per-diem-prn-hughes-springs-tx,21.08,cna
Hugo,certified-nursing-assistant-per-diem-prn-hugo-co,21.08,cna
Hull,certified-nursing-assistant-per-diem-prn-hull-tx,21.08,cna
Humble,certified-nursing-assistant-per-diem-prn-humble-tx,21.08,cna
Humble Iah / Airport Area,certified-nursing-assistant-per-diem-prn-humble-iah-airport-area-tx,25.68,cna
Humboldt TN,certified-nursing-assistant-per-diem-prn-humboldt-tn,21.08,cna
Huntersville,certified-nursing-assistant-per-diem-prn-huntersville-nc,25.45,cna
Huntington,certified-nursing-assistant-per-diem-prn-huntington-ny,25.85,cna
Huntington,certified-nursing-assistant-per-diem-prn-huntington-tx,21.08,cna
Huntington,certified-nursing-assistant-per-diem-prn-huntington-wv,25.74,cna
Huntington Beach,certified-nursing-assistant-per-diem-prn-huntington-beach-ca,25.03,cna
Huntsville,certified-nursing-assistant-per-diem-prn-huntsville-al,25.38,cna
Huntsville TX,certified-nursing-assistant-per-diem-prn-huntsville-tx,21.08,cna
Huntsville UT,certified-nursing-assistant-per-diem-prn-huntsville-ut,27.12,cna
Huron,certified-nursing-assistant-per-diem-prn-huron-sd,25.21,cna
Hurricane UT,certified-nursing-assistant-per-diem-prn-hurricane-ut,27.12,cna
Hurst,certified-nursing-assistant-per-diem-prn-hurst-tx,21.08,cna
Hutchinson,certified-nursing-assistant-per-diem-prn-hutchinson-ks,26.10,cna
Hutto,certified-nursing-assistant-per-diem-prn-hutto-tx,21.08,cna
Hyannis,certified-nursing-assistant-per-diem-prn-hyannis-ma,21.08,cna
Hyattsville,certified-nursing-assistant-per-diem-prn-hyattsville-md,23.29,cna
Hyrum,certified-nursing-assistant-per-diem-prn-hyrum-ut,27.12,cna
Idaho Falls ID,per-diem-idaho-falls-id,25.21,cna
Idaho Springs,certified-nursing-assistant-per-diem-prn-idaho-springs-co,21.08,cna
Idalou,certified-nursing-assistant-per-diem-prn-idalou-tx,21.08,cna
Idleyld Park,certified-nursing-assistant-per-diem-prn-idleyld-park-or,27.12,cna
Ignacio,certified-nursing-assistant-per-diem-prn-ignacio-co,21.08,cna
Immokalee,certified-nursing-assistant-per-diem-prn-immokalee-fl,21.08,cna
Incline Village,certified-nursing-assistant-per-diem-prn-incline-village-nv,25.21,cna
Independence,certified-nursing-assistant-per-diem-prn-independence-ky,25.61,cna
Independence MO,certified-nursing-assistant-per-diem-prn-independence-mo,23.87,cna
Independence OR,certified-nursing-assistant-per-diem-prn-independence-or,27.12,cna
Indian Harbour Beach,certified-nursing-assistant-per-diem-prn-indian-harbour-beach-fl,21.08,cna
Indian Trail,certified-nursing-assistant-per-diem-prn-indian-trail-nc,25.77,cna
Indianapolis,per-diem-indianapolis-in,24.89,cna
Indianapolis Downtown,certified-nursing-assistant-per-diem-prn-indianapolis-downtown-in,25.23,cna
Indianola AI,certified-nursing-assistant-per-diem-prn-indianola-ia,21.08,cna
Indiantown,certified-nursing-assistant-per-diem-prn-indiantown-fl,21.08,cna
Inglewood,certified-nursing-assistant-per-diem-prn-inglewood-ca-38c5b,21.08,cna
Inglis,certified-nursing-assistant-per-diem-prn-inglis-fl,21.08,cna
Inland Empire,certified-nursing-assistant-per-diem-inland-empire-ca,26.03,cna
Inland Empire,certified-nursing-assistant-per-diem-prn-inland-empire-ca,21.89,cna
Interlachen,certified-nursing-assistant-per-diem-prn-interlachen-fl,21.08,cna
Inver Grove Heights,certified-nursing-assistant-per-diem-prn-inver-grove-heights-mn,25.64,cna
Inverness,certified-nursing-assistant-per-diem-prn-inverness-fl,21.08,cna
Inwood,certified-nursing-assistant-per-diem-prn-inwood-ia,21.08,cna
Ione,certified-nursing-assistant-per-diem-prn-ione-or,27.12,cna
Iowa City IA,certified-nursing-assistant-per-diem-prn-iowa-city-ia,21.08,cna
Iowa Park,certified-nursing-assistant-per-diem-prn-iowa-park-tx,21.08,cna
Iraan,certified-nursing-assistant-per-diem-prn-iraan-tx,21.08,cna
Irene,certified-nursing-assistant-per-diem-prn-irene-sd,25.21,cna
Irrigon,certified-nursing-assistant-per-diem-prn-irrigon-or,27.12,cna
Irvine,certified-nursing-assistant-per-diem-prn-irvine-ca,25.36,cna
Irving,per-diem-irving-tx,26.62,cna
Island City,certified-nursing-assistant-per-diem-prn-island-city-or,27.12,cna
Islip,certified-nursing-assistant-per-diem-prn-islip-ny,25.14,cna
Issaquah,certified-nursing-assistant-per-diem-prn-issaquah-wa,25.68,cna
Italy,certified-nursing-assistant-per-diem-prn-italy-tx,21.08,cna
Itasca,certified-nursing-assistant-per-diem-prn-itasca-tx,21.08,cna
Iva,certified-nursing-assistant-per-diem-prn-iva-sc,25.65,cna
Ivins,certified-nursing-assistant-per-diem-prn-ivins-ut,27.12,cna
Jacinto City,certified-nursing-assistant-per-diem-prn-jacinto-city-tx,21.08,cna
Jackpot,certified-nursing-assistant-per-diem-prn-jackpot-nv,25.21,cna
Jacksboro,certified-nursing-assistant-per-diem-prn-jacksboro-tx,21.08,cna
Jackson,certified-nursing-assistant-per-diem-prn-jackson-ms,21.08,cna
Jackson,certified-nursing-assistant-per-diem-prn-jackson-wy,25.96,cna
Jackson TN,certified-nursing-assistant-per-diem-prn-jackson-tn,21.08,cna
Jacksonville,certified-nursing-assistant-per-diem-prn-jacksonville-ar,25.92,cna
Jacksonville,certified-nursing-assistant-per-diem-prn-jacksonville-nc,25.30,cna
Jacksonville Beach,certified-nursing-assistant-per-diem-prn-jacksonville-beach-fl,21.08,cna
Jacksonville Englewood,certified-nursing-assistant-per-diem-prn-jacksonville-englewood-fl,25.61,cna
Jacksonville FL,certified-nursing-assistant-per-diem-prn-jacksonville-fl,22.67,cna
Jacksonville TX,certified-nursing-assistant-per-diem-prn-jacksonville-tx,21.08,cna
Janesville,certified-nursing-assistant-per-diem-prn-janesville-wi,21.42,cna
Jarrell,certified-nursing-assistant-per-diem-prn-jarrell-tx,21.08,cna
Jasper FL,certified-nursing-assistant-per-diem-prn-jasper-fl,21.08,cna
Jasper TX,certified-nursing-assistant-per-diem-prn-jasper-tx,21.08,cna
Jay,certified-nursing-assistant-per-diem-prn-jay-fl,21.08,cna
Jay OK,certified-nursing-assistant-per-diem-prn-jay-ok,21.08,cna
Jayton,certified-nursing-assistant-per-diem-prn-jayton-tx,21.08,cna
Jbsa Ft Sam Houston,certified-nursing-assistant-per-diem-prn-jbsa-ft-sam-houston-tx,21.08,cna
Jbsa Lackland,certified-nursing-assistant-per-diem-prn-jbsa-lackland-tx,21.08,cna
Jbsa Randolph,certified-nursing-assistant-per-diem-prn-jbsa-randolph-tx,21.08,cna
Jefferson,certified-nursing-assistant-per-diem-prn-jefferson-tx,21.08,cna
Jefferson City,certified-nursing-assistant-per-diem-prn-jefferson-city-mo,25.92,cna
Jeffersontown,certified-nursing-assistant-per-diem-prn-jeffersontown-ky,25.23,cna
Jeffersonville,certified-nursing-assistant-per-diem-prn-jeffersonville-in,25.95,cna
Jena,certified-nursing-assistant-per-diem-prn-jena-la,21.08,cna
Jenks,certified-nursing-assistant-per-diem-prn-jenks-ok,25.99,cna
Jensen Beach,certified-nursing-assistant-per-diem-prn-jensen-beach-fl,21.08,cna
Jericho,certified-nursing-assistant-per-diem-prn-jericho-vt,25.43,cna
Jerome,certified-nursing-assistant-per-diem-prn-jerome-id,21.08,cna
Jersey City,certified-nursing-assistant-per-diem-prn-jersey-city-nj,23.29,cna
Jersey Village,certified-nursing-assistant-per-diem-prn-jersey-village-tx,21.08,cna
Jetmore KS,certified-nursing-assistant-per-diem-prn-jetmore-ks,23.87,cna
John Day,certified-nursing-assistant-per-diem-prn-john-day-or,27.12,cna
Johns Creek GA,certified-nursing-assistant-per-diem-prn-johns-creek-ga,25.50,cna
Johnson City TN,certified-nursing-assistant-per-diem-prn-johnson-city-tn,25.21,cna
Johnson City TX,certified-nursing-assistant-per-diem-prn-johnson-city-tx,21.08,cna
Johnston,certified-nursing-assistant-per-diem-prn-johnston-ri,23.29,cna
Johnston IA,certified-nursing-assistant-per-diem-prn-johnston-ia,25.53,cna
Johnstown,certified-nursing-assistant-per-diem-prn-johnstown-co,21.08,cna
Joliet,certified-nursing-assistant-per-diem-prn-joliet-il,25.93,cna
Jones,certified-nursing-assistant-per-diem-prn-jones-ok,25.21,cna
Jonesboro,certified-nursing-assistant-per-diem-prn-jonesboro-ar,25.32,cna
Jonestown,certified-nursing-assistant-per-diem-prn-jonestown-tx,21.08,cna
Joplin,certified-nursing-assistant-per-diem-prn-joplin-mo,25.14,cna
Joseph,certified-nursing-assistant-per-diem-prn-joseph-or,27.12,cna
Joshua,certified-nursing-assistant-per-diem-prn-joshua-tx,21.08,cna
Jourdanton,certified-nursing-assistant-per-diem-prn-jourdanton-tx,21.08,cna
Julesburg,certified-nursing-assistant-per-diem-prn-julesburg-co,21.08,cna
Junction,certified-nursing-assistant-per-diem-prn-junction-tx,21.08,cna
Junction City,certified-nursing-assistant-per-diem-prn-junction-city-ks,25.61,cna
Junction City,certified-nursing-assistant-per-diem-prn-junction-city-or,27.12,cna
Juneau,certified-nursing-assistant-per-diem-prn-juneau-ak,25.21,cna
Juno Beach,certified-nursing-assistant-per-diem-prn-juno-beach-fl,21.08,cna
Jupiter,certified-nursing-assistant-per-diem-prn-jupiter-fl,21.08,cna
Jupiter Abacoa,certified-nursing-assistant-per-diem-prn-jupiter-abacoa-fl,25.03,cna
Justin,certified-nursing-assistant-per-diem-prn-justin-tx,21.08,cna
Kahului,certified-nursing-assistant-per-diem-prn-kahului-hi,25.35,cna
Kailua CDP,certified-nursing-assistant-per-diem-prn-kailua-cdp-hi,25.85,cna
Kalamazoo,certified-nursing-assistant-per-diem-prn-kalamazoo-mi,25.44,cna
Kalifornsky,certified-nursing-assistant-per-diem-prn-kalifornsky-ak,25.61,cna
Kalispell,certified-nursing-assistant-per-diem-prn-kalispell-mt,25.23,cna
Kamas,certified-nursing-assistant-per-diem-prn-kamas-ut,27.12,cna
Kamuela,certified-nursing-assistant-per-diem-prn-kamuela-hi,27.12,cna
Kanab,certified-nursing-assistant-per-diem-prn-kanab-ut,27.12,cna
Kane,certified-nursing-assistant-per-diem-prn-kane-pa,25.21,cna
Kaneohe,certified-nursing-assistant-per-diem-prn-kaneohe-hi,25.40,cna
Kannapolis,certified-nursing-assistant-per-diem-prn-kannapolis-nc,25.47,cna
Kanosh,certified-nursing-assistant-per-diem-prn-kanosh-ut,27.12,cna
Kansas City KS,per-diem-kansas-city-ks,22.00,cna
Kansas City MO,per-diem-kansas-city-mo,21.78,cna
Kapolei,certified-nursing-assistant-per-diem-prn-kapolei-hi,25.22,cna
Karnes City,certified-nursing-assistant-per-diem-prn-karnes-city-tx,21.08,cna
Katy,certified-nursing-assistant-per-diem-prn-katy-tx,21.08,cna
Kaufman,certified-nursing-assistant-per-diem-prn-kaufman-tx,21.08,cna
Kayenta,certified-nursing-assistant-per-diem-prn-kayenta-az,26.03,cna
Kaysville,certified-nursing-assistant-per-diem-prn-kaysville-ut,27.12,cna
Kealakekua,certified-nursing-assistant-per-diem-prn-kealakekua-hi,27.12,cna
Kearney,certified-nursing-assistant-per-diem-prn-kearney-ne,25.94,cna
Kearns,certified-nursing-assistant-per-diem-prn-kearns-ut,27.12,cna
Kearny,certified-nursing-assistant-per-diem-prn-kearny-az,26.03,cna
Kearny,certified-nursing-assistant-per-diem-prn-kearny-nj,21.08,cna
Keene,certified-nursing-assistant-per-diem-prn-keene-nh,25.68,cna
Keene,certified-nursing-assistant-per-diem-prn-keene-tx,21.08,cna
Keizer,certified-nursing-assistant-per-diem-prn-keizer-or,27.12,cna
Keller,certified-nursing-assistant-per-diem-prn-keller-tx,21.08,cna
Kellogg,certified-nursing-assistant-per-diem-prn-kellogg-id,21.08,cna
Kelso WA,certified-nursing-assistant-per-diem-prn-kelso-wa,21.08,cna
Kemp,certified-nursing-assistant-per-diem-prn-kemp-tx,21.08,cna
Ken Caryl,certified-nursing-assistant-per-diem-prn-ken-caryl-co,25.59,cna
Kenansville,certified-nursing-assistant-per-diem-prn-kenansville-nc,21.08,cna
Kendale Lakes,certified-nursing-assistant-per-diem-prn-kendale-lakes-fl,25.14,cna
Kendall,certified-nursing-assistant-per-diem-prn-kendall-fl,25.68,cna
Kendall West,certified-nursing-assistant-per-diem-prn-kendall-west-fl,25.94,cna
Kendrick,certified-nursing-assistant-per-diem-prn-kendrick-id,21.08,cna
Kenedy,certified-nursing-assistant-per-diem-prn-kenedy-tx,21.08,cna
Kennard,certified-nursing-assistant-per-diem-prn-kennard-tx,21.08,cna
Kennedale,certified-nursing-assistant-per-diem-prn-kennedale-tx,21.08,cna
Kenner,certified-nursing-assistant-per-diem-prn-kenner-la,25.45,cna
Kennesaw,certified-nursing-assistant-per-diem-prn-kennesaw-ga,25.75,cna
Kenneth City,certified-nursing-assistant-per-diem-prn-kenneth-city-fl,21.08,cna
Kennewick,certified-nursing-assistant-per-diem-prn-kennewick-wa,25.43,cna
Kenosha,certified-nursing-assistant-per-diem-prn-kenosha-wi,25.75,cna
Kent,certified-nursing-assistant-per-diem-prn-kent-oh,25.54,cna
Kent,certified-nursing-assistant-per-diem-prn-kent-wa,25.95,cna
Kentwood,certified-nursing-assistant-per-diem-prn-kentwood-mi,25.78,cna
Keosauqua IA,certified-nursing-assistant-per-diem-prn-keosauqua-ia,21.17,cna
Kerens,certified-nursing-assistant-per-diem-prn-kerens-tx,21.17,cna
Kermit,certified-nursing-assistant-per-diem-prn-kermit-tx,21.17,cna
Kerrville,certified-nursing-assistant-per-diem-prn-kerrville-tx,21.17,cna
Ketchikan,certified-nursing-assistant-per-diem-prn-ketchikan-ak,26.11,cna
Ketchum,certified-nursing-assistant-per-diem-prn-ketchum-id,21.17,cna
Kettering,certified-nursing-assistant-per-diem-prn-kettering-oh,25.38,cna
Kewaunee,certified-nursing-assistant-per-diem-prn-kewaunee-wi,21.42,cna
Key Biscayne,certified-nursing-assistant-per-diem-prn-key-biscayne-fl,21.17,cna
Key Largo,certified-nursing-assistant-per-diem-prn-key-largo-fl,21.17,cna
Key West,certified-nursing-assistant-per-diem-prn-key-west-fl,21.17,cna
Keystone Heights,certified-nursing-assistant-per-diem-prn-keystone-heights-fl,21.17,cna
Kihei,certified-nursing-assistant-per-diem-prn-kihei-hi,25.68,cna
Kilgore,certified-nursing-assistant-per-diem-prn-kilgore-tx,21.17,cna
Killeen,certified-nursing-assistant-per-diem-prn-killeen-tx,21.17,cna
Kimberly ID,certified-nursing-assistant-per-diem-prn-kimberly-id,21.17,cna
Kinder,certified-nursing-assistant-per-diem-prn-kinder-la,23.87,cna
King City,certified-nursing-assistant-per-diem-prn-king-city-ca,21.17,cna
Kingman,certified-nursing-assistant-per-diem-prn-kingman-az,26.03,cna
Kingsland,certified-nursing-assistant-per-diem-prn-kingsland-tx,21.17,cna
Kingsport TN,certified-nursing-assistant-per-diem-prn-kingsport-tn,25.21,cna
Kingsville,certified-nursing-assistant-per-diem-prn-kingsville-tx,21.17,cna
Kingwood,certified-nursing-assistant-per-diem-prn-kingwood-tx,21.17,cna
Kiowa CO,certified-nursing-assistant-per-diem-prn-kiowa-co,21.17,cna
Kirby,certified-nursing-assistant-per-diem-prn-kirby-tx,21.17,cna
Kirbyville,certified-nursing-assistant-per-diem-prn-kirbyville-tx,21.17,cna
Kirkland,certified-nursing-assistant-per-diem-prn-kirkland-wa,25.83,cna
Kirkwood,certified-nursing-assistant-per-diem-prn-kirkwood-mo,25.47,cna
Kissimmee FL,certified-nursing-assistant-per-diem-prn-kissimmee-fl,21.17,cna
Kit Carson,certified-nursing-assistant-per-diem-prn-kit-carson-co,21.17,cna
Kittery,certified-nursing-assistant-per-diem-prn-kittery-me,23.87,cna
Klamath Falls,certified-nursing-assistant-per-diem-prn-klamath-falls-or,27.12,cna
Knik-Fairview,certified-nursing-assistant-per-diem-prn-knik-fairview-ak,25.53,cna
Knox City,certified-nursing-assistant-per-diem-prn-knox-city-tx,21.17,cna
Knoxville,certified-nursing-assistant-per-diem-prn-knoxville-tn,25.95,cna
Knoxville IA,certified-nursing-assistant-per-diem-prn-knoxville-ia,21.17,cna
Knoxville IL,certified-nursing-assistant-per-diem-prn-knoxville-il,25.89,cna
Kokomo,certified-nursing-assistant-per-diem-prn-kokomo-in,25.92,cna
Kooskia,certified-nursing-assistant-per-diem-prn-kooskia-id,21.17,cna
Kountze,certified-nursing-assistant-per-diem-prn-kountze-tx,21.17,cna
Kremmling,certified-nursing-assistant-per-diem-prn-kremmling-co,21.17,cna
Krum,certified-nursing-assistant-per-diem-prn-krum-tx,21.17,cna
Kuna,certified-nursing-assistant-per-diem-prn-kuna-id,21.17,cna
Kyle TX,certified-nursing-assistant-per-diem-prn-kyle-tx,21.17,cna
La Crosse,certified-nursing-assistant-per-diem-prn-la-crosse-wi,26.10,cna
La Feria,certified-nursing-assistant-per-diem-prn-la-feria-tx,21.17,cna
La Grande,certified-nursing-assistant-per-diem-prn-la-grande-or,27.12,cna
La Grange,certified-nursing-assistant-per-diem-prn-la-grange-il,21.17,cna
La Grange,certified-nursing-assistant-per-diem-prn-la-grange-tx,21.17,cna
La Grange Park,certified-nursing-assistant-per-diem-prn-la-grange-park-il,21.32,cna
La Honda,certified-nursing-assistant-per-diem-prn-la-honda-ca,21.17,cna
La Jara,certified-nursing-assistant-per-diem-prn-la-jara-co,21.17,cna
La Joya,certified-nursing-assistant-per-diem-prn-la-joya-tx,21.17,cna
La Junta,certified-nursing-assistant-per-diem-prn-la-junta-co,21.17,cna
La Marque,certified-nursing-assistant-per-diem-prn-la-marque-tx,21.17,cna
La Mesa,certified-nursing-assistant-per-diem-prn-la-mesa-ca,21.17,cna
La Pine,certified-nursing-assistant-per-diem-prn-la-pine-or,27.12,cna
La Place,certified-nursing-assistant-per-diem-prn-la-place-la,21.17,cna
La Porte,certified-nursing-assistant-per-diem-prn-la-porte-tx,21.17,cna
La Pryor,certified-nursing-assistant-per-diem-prn-la-pryor-tx,21.17,cna
La Tuna,certified-nursing-assistant-per-diem-prn-la-tuna-tx,21.17,cna
La Vergne,certified-nursing-assistant-per-diem-prn-la-vergne-tn,25.74,cna
La Vernia,certified-nursing-assistant-per-diem-prn-la-vernia-tx,21.17,cna
La Vista,certified-nursing-assistant-per-diem-prn-la-vista-ne,25.95,cna
Labelle,certified-nursing-assistant-per-diem-prn-labelle-fl,21.17,cna
Lacey,certified-nursing-assistant-per-diem-prn-lacey-wa,21.17,cna
Lady Lake,certified-nursing-assistant-per-diem-prn-lady-lake-fl,21.17,cna
Lafayette,certified-nursing-assistant-per-diem-prn-lafayette-in,25.74,cna
Lafayette CO,certified-nursing-assistant-per-diem-prn-lafayette-co,21.17,cna
Lafayette LA,certified-nursing-assistant-per-diem-prn-lafayette-la,21.17,cna
LaGrange,certified-nursing-assistant-per-diem-prn-lagrange-ga,25.61,cna
Lake Butler,certified-nursing-assistant-per-diem-prn-lake-butler-fl,21.17,cna
Lake Charles,certified-nursing-assistant-per-diem-prn-lake-charles-la,25.99,cna
Lake City CO,certified-nursing-assistant-per-diem-prn-lake-city-co,21.17,cna
Lake City FL,certified-nursing-assistant-per-diem-prn-lake-city-fl,21.17,cna
Lake Clarke Shores,certified-nursing-assistant-per-diem-prn-lake-clarke-shores-fl,21.17,cna
Lake Forest IL,certified-nursing-assistant-per-diem-prn-lake-forest-il,25.89,cna
Lake Havasu City,certified-nursing-assistant-per-diem-prn-lake-havasu-city-az,26.03,cna
Lake Isabella,certified-nursing-assistant-per-diem-prn-lake-isabella-ca,21.17,cna
Lake Jackson,certified-nursing-assistant-per-diem-prn-lake-jackson-tx,21.17,cna
Lake Magdalene,certified-nursing-assistant-per-diem-prn-lake-magdalene-fl,25.00,cna
Lake Mary,certified-nursing-assistant-per-diem-prn-lake-mary-fl,21.17,cna
Lake Oswego OR,certified-nursing-assistant-per-diem-prn-lake-oswego-or,27.12,cna
Lake Park,certified-nursing-assistant-per-diem-prn-lake-park-fl,21.17,cna
Lake Placid,certified-nursing-assistant-per-diem-prn-lake-placid-fl,21.17,cna
Lake Ridge VA,certified-nursing-assistant-per-diem-prn-lake-ridge-va,25.92,cna
Lake Wales,certified-nursing-assistant-per-diem-prn-lake-wales-fl,21.17,cna
Lake Worth Beach,certified-nursing-assistant-per-diem-prn-lake-worth-beach-fl,25.65,cna
Lake Worth FL,certified-nursing-assistant-per-diem-prn-lake-worth-fl,21.17,cna
Lake Worth TX,certified-nursing-assistant-per-diem-prn-lake-worth-tx,21.17,cna
Lakeland FL,certified-nursing-assistant-per-diem-prn-lakeland-fl,21.17,cna
Lakeport,certified-nursing-assistant-per-diem-prn-lakeport-ca,21.17,cna
Lakeside AZ,certified-nursing-assistant-per-diem-prn-lakeside-az,26.03,cna
Lakeside FL,certified-nursing-assistant-per-diem-prn-lakeside-fl,25.61,cna
Lakeside TX,certified-nursing-assistant-per-diem-prn-lakeside-tx,21.17,cna
Lakeview,certified-nursing-assistant-per-diem-prn-lakeview-or,27.12,cna
Lakeville,certified-nursing-assistant-per-diem-prn-lakeville-mn,25.57,cna
Lakeway,certified-nursing-assistant-per-diem-prn-lakeway-tx,21.17,cna
Lakewood,certified-nursing-assistant-per-diem-prn-lakewood-ca,21.17,cna
Lakewood,certified-nursing-assistant-per-diem-prn-lakewood-nj,21.17,cna
Lakewood,certified-nursing-assistant-per-diem-prn-lakewood-oh,25.47,cna
Lakewood,certified-nursing-assistant-per-diem-prn-lakewood-wa,25.23,cna
Lakewood CO,certified-nursing-assistant-per-diem-prn-lakewood-co,20.53,cna
Lakewood Lasley,certified-nursing-assistant-per-diem-prn-lakewood-lasley-co,26.11,cna
Lakewood Marston Slopes,certified-nursing-assistant-per-diem-prn-lakewood-marston-slopes-co,25.75,cna
Lakewood Molholm/Two Creeks,certified-nursing-assistant-per-diem-prn-lakewood-molholm-two-creeks-co,25.78,cna
Lakewood Ranch,certified-nursing-assistant-per-diem-prn-lakewood-ranch-fl,21.17,cna
Lakota,certified-nursing-assistant-per-diem-prn-lakota-nd,23.87,cna
Lamar,certified-nursing-assistant-per-diem-prn-lamar-co,21.17,cna
Lamesa,certified-nursing-assistant-per-diem-prn-lamesa-tx,21.17,cna
Lampasas,certified-nursing-assistant-per-diem-prn-lampasas-tx,21.17,cna
Lancaster,certified-nursing-assistant-per-diem-prn-lancaster-ca,25.47,cna
Lancaster City,certified-nursing-assistant-per-diem-prn-lancaster-city-pa,25.65,cna
Lancaster NH,certified-nursing-assistant-per-diem-prn-lancaster-nh,23.87,cna
Lancaster OH,certified-nursing-assistant-per-diem-prn-lancaster-oh,25.29,cna
Lancaster TX,certified-nursing-assistant-per-diem-prn-lancaster-tx,21.17,cna
Lancaster WI,certified-nursing-assistant-per-diem-prn-lancaster-wi,21.42,cna
Land O Lakes,certified-nursing-assistant-per-diem-prn-land-o-lakes-fl,21.17,cna
Lander,certified-nursing-assistant-per-diem-prn-lander-wy,26.13,cna
Lansdale,certified-nursing-assistant-per-diem-prn-lansdale-pa,25.85,cna
Lansing MI,certified-nursing-assistant-per-diem-prn-lansing-mi,21.17,cna
Lantana,certified-nursing-assistant-per-diem-prn-lantana-fl,21.17,cna
Lapeer,certified-nursing-assistant-per-diem-prn-lapeer-mi,21.17,cna
Laplace,certified-nursing-assistant-per-diem-prn-laplace-la,26.31,cna
Laramie,certified-nursing-assistant-per-diem-prn-laramie-wy,27.12,cna
Laredo,per-diem-laredo-tx,26.62,cna
Largo,certified-nursing-assistant-per-diem-prn-largo-fl,21.17,cna
Las Animas,certified-nursing-assistant-per-diem-prn-las-animas-co,21.17,cna
Las Cruces,certified-nursing-assistant-per-diem-prn-las-cruces-nm,25.92,cna
Las Vegas,per-diem-las-vegas-nv,24.57,cna
Las Vegas Angel Park,certified-nursing-assistant-per-diem-prn-las-vegas-angel-park-nv,25.50,cna
Las Vegas Centennial Hills,certified-nursing-assistant-per-diem-prn-las-vegas-centennial-hills-nv,25.61,cna
Las Vegas Rancho Oakey,certified-nursing-assistant-per-diem-prn-las-vegas-rancho-oakey-nv,20.22,cna
Las Vegas Twin Lakes,certified-nursing-assistant-per-diem-prn-las-vegas-twin-lakes-nv,25.00,cna
Lauderdale Lakes,certified-nursing-assistant-per-diem-prn-lauderdale-lakes-fl,21.17,cna
Lauderhill,certified-nursing-assistant-per-diem-prn-lauderhill-fl,21.17,cna
Laughlin Afb,certified-nursing-assistant-per-diem-prn-laughlin-afb-tx,21.17,cna
Laurel,certified-nursing-assistant-per-diem-prn-laurel-md,23.87,cna
Lava Hot Springs,certified-nursing-assistant-per-diem-prn-lava-hot-springs-id,21.17,cna
Laveen,certified-nursing-assistant-per-diem-prn-laveen-az,26.03,cna
Lawrence,certified-nursing-assistant-per-diem-prn-lawrence-in,25.83,cna
Lawrence,certified-nursing-assistant-per-diem-prn-lawrence-ks,25.61,cna
Lawrence,certified-nursing-assistant-per-diem-prn-lawrence-ma,21.17,cna
Lawrenceburg,certified-nursing-assistant-per-diem-prn-lawrenceburg-in,21.17,cna
Lawrenceville,certified-nursing-assistant-per-diem-prn-lawrenceville-ga,26.11,cna
Lawton,certified-nursing-assistant-per-diem-prn-lawton-ok,25.21,cna
Layton,per-diem-layton-ut,25.66,cna
Le Mars IA,certified-nursing-assistant-per-diem-prn-le-mars-ia,21.17,cna
Leadville,certified-nursing-assistant-per-diem-prn-leadville-co,21.17,cna
League City,certified-nursing-assistant-per-diem-prn-league-city-tx,21.17,cna
Leakey,certified-nursing-assistant-per-diem-prn-leakey-tx,21.17,cna
Leander,certified-nursing-assistant-per-diem-prn-leander-tx,21.17,cna
Leavenworth,certified-nursing-assistant-per-diem-prn-leavenworth-ks,25.92,cna
Leavenworth,certified-nursing-assistant-per-diem-prn-leavenworth-wa,25.03,cna
Leawood,certified-nursing-assistant-per-diem-prn-leawood-ks,25.47,cna
Lebanon,certified-nursing-assistant-per-diem-prn-lebanon-7-nh,23.87,cna
Lebanon,certified-nursing-assistant-per-diem-prn-lebanon-oh,25.61,cna
Lebanon,certified-nursing-assistant-per-diem-prn-lebanon-or,27.12,cna
Lebanon,certified-nursing-assistant-per-diem-prn-lebanon-tn,25.23,cna
Lebanon City,certified-nursing-assistant-per-diem-prn-lebanon-city-pa,26.10,cna
Lecanto,certified-nursing-assistant-per-diem-prn-lecanto-fl,21.17,cna
Lee's Summit,certified-nursing-assistant-per-diem-prn-lee-s-summit-mo,25.03,cna
Lees Summit MO,certified-nursing-assistant-per-diem-prn-lees-summit-mo,23.87,cna
Leesburg FL,certified-nursing-assistant-per-diem-prn-leesburg-fl,21.17,cna
Leesburg VA,certified-nursing-assistant-per-diem-prn-leesburg-va,23.29,cna
Lehi UT,certified-nursing-assistant-per-diem-prn-lehi-ut,27.12,cna
Lehigh Acres FL,certified-nursing-assistant-per-diem-prn-lehigh-acres-fl,21.17,cna
Leland NC,certified-nursing-assistant-per-diem-prn-leland-nc,23.87,cna
Lenexa,certified-nursing-assistant-per-diem-prn-lenexa-ks,25.23,cna
Lenox,certified-nursing-assistant-per-diem-prn-lenox-ia,25.48,cna
Lenox,certified-nursing-assistant-per-diem-prn-lenox-ma,21.17,cna
Leonard,certified-nursing-assistant-per-diem-prn-leonard-tx,21.17,cna
Levelland,certified-nursing-assistant-per-diem-prn-levelland-tx,21.17,cna
Lewiston ID,certified-nursing-assistant-per-diem-prn-lewiston-id,21.17,cna
Lewiston ME,certified-nursing-assistant-per-diem-prn-lewiston-me,23.87,cna
Lewistown MT,certified-nursing-assistant-per-diem-prn-lewistown-mt,23.87,cna
Lewisville,certified-nursing-assistant-per-diem-prn-lewisville-tx,21.17,cna
Lexington OK,certified-nursing-assistant-per-diem-prn-lexington-ok,21.17,cna
Lexington SC,certified-nursing-assistant-per-diem-prn-lexington-sc,21.17,cna
Lexington-Fayette,certified-nursing-assistant-per-diem-prn-lexington-fayette-ky,25.03,cna
Libby,certified-nursing-assistant-per-diem-prn-libby-mt,23.87,cna
Liberty,certified-nursing-assistant-per-diem-prn-liberty-mo,25.61,cna
Liberty,certified-nursing-assistant-per-diem-prn-liberty-tx,21.46,cna
Lighthouse Point,certified-nursing-assistant-per-diem-prn-lighthouse-point-fl,21.46,cna
Lima,certified-nursing-assistant-per-diem-prn-lima-oh,25.43,cna
Limon,certified-nursing-assistant-per-diem-prn-limon-co,21.46,cna
Lincoln,certified-nursing-assistant-per-diem-prn-lincoln-ri,21.46,cna
Lincoln City,certified-nursing-assistant-per-diem-prn-lincoln-city-or,27.12,cna
Lincoln ME,certified-nursing-assistant-per-diem-prn-lincoln-me,23.87,cna
Lincoln NE,certified-nursing-assistant-per-diem-prn-lincoln-ne,23.87,cna
Lincoln Park NJ,certified-nursing-assistant-per-diem-prn-lincoln-park-nj,23.29,cna
Lincolnshire IL,certified-nursing-assistant-per-diem-prn-lincolnshire-il,21.46,cna
Lindale,certified-nursing-assistant-per-diem-prn-lindale-tx,21.46,cna
Linden,certified-nursing-assistant-per-diem-prn-linden-tx,21.46,cna
Lindon UT,certified-nursing-assistant-per-diem-prn-lindon-ut,27.12,cna
Linthicum,certified-nursing-assistant-per-diem-prn-linthicum-md,22.13,cna
Linton Hall,certified-nursing-assistant-per-diem-prn-linton-hall-va,25.94,cna
Linwood,certified-nursing-assistant-per-diem-prn-linwood-nj,25.47,cna
Lisbon,certified-nursing-assistant-per-diem-prn-lisbon-nd,23.87,cna
Litchfield Park,certified-nursing-assistant-per-diem-prn-litchfield-park-az,26.03,cna
Little Elm,certified-nursing-assistant-per-diem-prn-little-elm-tx,21.46,cna
Little Falls,certified-nursing-assistant-per-diem-prn-little-falls-ny,23.87,cna
Little Rock,certified-nursing-assistant-per-diem-prn-little-rock-ar,25.57,cna
Littlefield,certified-nursing-assistant-per-diem-prn-littlefield-tx,21.46,cna
Littleton CO,certified-nursing-assistant-per-diem-prn-littleton-co,21.46,cna
Littleton NH,certified-nursing-assistant-per-diem-prn-littleton-nh,23.87,cna
Live Oak FL,certified-nursing-assistant-per-diem-prn-live-oak-fl,21.46,cna
Live Oak TX,certified-nursing-assistant-per-diem-prn-live-oak-tx,21.46,cna
Livingston,certified-nursing-assistant-per-diem-prn-livingston-nj,21.46,cna
Livingston,certified-nursing-assistant-per-diem-prn-livingston-tx,21.46,cna
Livingston MT,certified-nursing-assistant-per-diem-prn-livingston-mt,21.46,cna
Livonia,certified-nursing-assistant-per-diem-prn-livonia-mi,21.46,cna
Llano,certified-nursing-assistant-per-diem-prn-llano-tx,21.46,cna
Lockhart,certified-nursing-assistant-per-diem-prn-lockhart-tx,21.46,cna
Lockney,certified-nursing-assistant-per-diem-prn-lockney-tx,21.46,cna
Logan,certified-nursing-assistant-per-diem-prn-logan-ut,27.12,cna
Lomita,certified-nursing-assistant-per-diem-prn-lomita-ca,21.46,cna
Londonderry,certified-nursing-assistant-per-diem-prn-londonderry-nh,25.03,cna
Lone Tree CO,certified-nursing-assistant-per-diem-prn-lone-tree-co,21.46,cna
Long Beach,certified-nursing-assistant-per-diem-prn-long-beach-ca,21.46,cna
Long Branch,certified-nursing-assistant-per-diem-prn-long-branch-nj,25.47,cna
Longmont,certified-nursing-assistant-per-diem-prn-longmont-co,20.53,cna
Longview,certified-nursing-assistant-per-diem-prn-longview-tx,21.46,cna
Longview Third Avenue,certified-nursing-assistant-per-diem-prn-longview-third-avenue-wa,25.14,cna
Longwood,certified-nursing-assistant-per-diem-prn-longwood-fl,21.46,cna
Lorain,certified-nursing-assistant-per-diem-prn-lorain-oh,25.87,cna
Lorton,certified-nursing-assistant-per-diem-prn-lorton-va,21.46,cna
Los Altos,certified-nursing-assistant-per-diem-prn-los-altos-ca,21.46,cna
Los Angeles CA,certified-nursing-assistant-per-diem-prn-los-angeles-ca,25.42,cna
Los Fresnos,certified-nursing-assistant-per-diem-prn-los-fresnos-tx,21.46,cna
Los Gatos,certified-nursing-assistant-per-diem-prn-los-gatos-ca,21.46,cna
Los Lunas,certified-nursing-assistant-per-diem-prn-los-lunas-nm,25.95,cna
Loudoun County,certified-nursing-assistant-per-diem-prn-loudoun-county-va,23.29,cna
Louisville CO,certified-nursing-assistant-per-diem-prn-louisville-co,21.46,cna
Louisville KY,certified-nursing-assistant-per-diem-prn-louisville-ky,23.87,cna
Louisville University,certified-nursing-assistant-per-diem-prn-louisville-university-ky,25.85,cna
Loup City,certified-nursing-assistant-per-diem-prn-loup-city-ne,23.87,cna
Loveland CO,certified-nursing-assistant-per-diem-prn-loveland-co,21.46,cna
Lovelock,certified-nursing-assistant-per-diem-prn-lovelock-nv,25.21,cna
Lowell,certified-nursing-assistant-per-diem-prn-lowell-ma,21.46,cna
Lower Macungie,certified-nursing-assistant-per-diem-prn-lower-macungie-pa,25.45,cna
Lower Makefield,certified-nursing-assistant-per-diem-prn-lower-makefield-pa,25.61,cna
Lower Merion,certified-nursing-assistant-per-diem-prn-lower-merion-pa,25.03,cna
Lower Paxton,certified-nursing-assistant-per-diem-prn-lower-paxton-pa,25.49,cna
Lower Providence,certified-nursing-assistant-per-diem-prn-lower-providence-pa,25.75,cna
Lower Towamensing Township,certified-nursing-assistant-per-diem-prn-lower-towamensing-township-pa,25.66,cna
Lowesville,certified-nursing-assistant-per-diem-prn-lowesville-va,21.46,cna
Lowville,certified-nursing-assistant-per-diem-prn-lowville-ny,23.87,cna
Loxahatchee,certified-nursing-assistant-per-diem-prn-loxahatchee-fl,21.46,cna
Lubbock,certified-nursing-assistant-per-diem-prn-lubbock-tx,21.46,cna
Luck,certified-nursing-assistant-per-diem-prn-luck-wi,21.42,cna
Lufkin,certified-nursing-assistant-per-diem-prn-lufkin-tx,21.46,cna
Luling,certified-nursing-assistant-per-diem-prn-luling-tx,21.46,cna
Lumberton,certified-nursing-assistant-per-diem-prn-lumberton-tx,21.46,cna
Lutherville,certified-nursing-assistant-per-diem-prn-lutherville-md,22.13,cna
Lutz,certified-nursing-assistant-per-diem-prn-lutz-fl,21.46,cna
Lynchburg,certified-nursing-assistant-per-diem-prn-lynchburg-va,25.95,cna
Lyndon,certified-nursing-assistant-per-diem-prn-lyndon-vt,25.77,cna
Lyndonville,certified-nursing-assistant-per-diem-prn-lyndonville-vt,21.42,cna
Lynn,certified-nursing-assistant-per-diem-prn-lynn-ma,25.32,cna
Lynn Haven,certified-nursing-assistant-per-diem-prn-lynn-haven-fl,21.46,cna
Lyons,certified-nursing-assistant-per-diem-prn-lyons-il,25.54,cna
Lytle,certified-nursing-assistant-per-diem-prn-lytle-tx,21.46,cna
Mabank,certified-nursing-assistant-per-diem-prn-mabank-tx,21.46,cna
Mableton,certified-nursing-assistant-per-diem-prn-mableton-ga,25.74,cna
Macclenny,certified-nursing-assistant-per-diem-prn-macclenny-fl,21.46,cna
Machias,certified-nursing-assistant-per-diem-prn-machias-me,23.87,cna
Mackay,certified-nursing-assistant-per-diem-prn-mackay-id,21.46,cna
Macomb,certified-nursing-assistant-per-diem-prn-macomb-il,25.89,cna
Macomb,certified-nursing-assistant-per-diem-prn-macomb-mi,25.23,cna
Macon GA,certified-nursing-assistant-per-diem-prn-macon-ga,25.25,cna
Madera,certified-nursing-assistant-per-diem-prn-madera-ca,21.46,cna
Madison,certified-nursing-assistant-per-diem-prn-madison-al,25.50,cna
Madison,certified-nursing-assistant-per-diem-prn-madison-me,21.32,cna
Madison,certified-nursing-assistant-per-diem-prn-madison-ms,25.32,cna
Madison FL,certified-nursing-assistant-per-diem-prn-madison-fl,21.46,cna
Madison WI,per-diem-madison-wi,24.34,cna
Madisonville,certified-nursing-assistant-per-diem-prn-madisonville-ky,25.95,cna
Madisonville,certified-nursing-assistant-per-diem-prn-madisonville-tx,21.46,cna
Madras,certified-nursing-assistant-per-diem-prn-madras-or,27.12,cna
Magna,certified-nursing-assistant-per-diem-prn-magna-ut,21.46,cna
Magnolia,certified-nursing-assistant-per-diem-prn-magnolia-tx,21.46,cna
Maitland,certified-nursing-assistant-per-diem-prn-maitland-fl,21.46,cna
Makakilo,certified-nursing-assistant-per-diem-prn-makakilo-hi,26.00,cna
Malad City,certified-nursing-assistant-per-diem-prn-malad-city-id,21.46,cna
Malakoff,certified-nursing-assistant-per-diem-prn-malakoff-tx,21.46,cna
Malden,certified-nursing-assistant-per-diem-prn-malden-ma,25.95,cna
Mammoth Lakes,certified-nursing-assistant-per-diem-prn-mammoth-lakes-ca,21.46,cna
Manalapan Township,certified-nursing-assistant-per-diem-prn-manalapan-township-nj,25.92,cna
Manassas,certified-nursing-assistant-per-diem-prn-manassas-va,25.29,cna
Manchaca,certified-nursing-assistant-per-diem-prn-manchaca-tx,21.46,cna
Manchester,certified-nursing-assistant-per-diem-prn-manchester-ct,25.92,cna
Manchester NH,certified-nursing-assistant-per-diem-prn-manchester-nh,23.87,cna
Manchester Township Whiting,certified-nursing-assistant-per-diem-prn-manchester-township-whiting-nj,25.41,cna
Mancos,certified-nursing-assistant-per-diem-prn-mancos-co,21.46,cna
Mandan,certified-nursing-assistant-per-diem-prn-mandan-nd,23.87,cna
Mandeville,certified-nursing-assistant-per-diem-prn-mandeville-la-2a319,21.46,cna
Mangonia Park,certified-nursing-assistant-per-diem-prn-mangonia-park-fl,21.46,cna
Manhattan,certified-nursing-assistant-per-diem-prn-manhattan-ks,25.99,cna
Manitowoc,certified-nursing-assistant-per-diem-prn-manitowoc-wi,21.42,cna
Mankato,certified-nursing-assistant-per-diem-prn-mankato-mn,27.12,cna
Manor,certified-nursing-assistant-per-diem-prn-manor-tx,21.46,cna
Mansfield,certified-nursing-assistant-per-diem-prn-mansfield-oh,26.00,cna
Mansfield,certified-nursing-assistant-per-diem-prn-mansfield-tx,21.46,cna
Manville,certified-nursing-assistant-per-diem-prn-manville-ri,21.46,cna
Maple Grove,certified-nursing-assistant-per-diem-prn-maple-grove-mn,25.35,cna
Maple Heights,certified-nursing-assistant-per-diem-prn-maple-heights-oh,25.44,cna
Mapleton,certified-nursing-assistant-per-diem-prn-mapleton-ut,27.12,cna
Maplewood,certified-nursing-assistant-per-diem-prn-maplewood-mn,25.41,cna
Maquoketa IA,certified-nursing-assistant-per-diem-prn-maquoketa-ia,21.46,cna
Marana,certified-nursing-assistant-per-diem-prn-marana-az,26.03,cna
Marathon FL,certified-nursing-assistant-per-diem-prn-marathon-fl,21.46,cna
Marathon TX,certified-nursing-assistant-per-diem-prn-marathon-tx,21.46,cna
Marble Falls,certified-nursing-assistant-per-diem-prn-marble-falls-tx,21.46,cna
Marcus,certified-nursing-assistant-per-diem-prn-marcus-ia,21.46,cna
Marengo IA,certified-nursing-assistant-per-diem-prn-marengo-ia,21.46,cna
Marfa,certified-nursing-assistant-per-diem-prn-marfa-tx,21.46,cna
Margate,certified-nursing-assistant-per-diem-prn-margate-fl,21.46,cna
Marianna,certified-nursing-assistant-per-diem-prn-marianna-fl,21.46,cna
Maricopa,certified-nursing-assistant-per-diem-prn-maricopa-az,26.03,cna
Marietta GA,certified-nursing-assistant-per-diem-prn-marietta-ga,27.12,cna
Marion,certified-nursing-assistant-per-diem-prn-marion-oh,25.25,cna
Marion,certified-nursing-assistant-per-diem-prn-marion-va,25.29,cna
Marion IA,certified-nursing-assistant-per-diem-prn-marion-ia,25.64,cna
Marion NC,certified-nursing-assistant-per-diem-prn-marion-nc,21.76,cna
Mariposa,certified-nursing-assistant-per-diem-prn-mariposa-ca,21.46,cna
Marlin,certified-nursing-assistant-per-diem-prn-marlin-tx,21.46,cna
Marrero LA,certified-nursing-assistant-per-diem-prn-marrero-la,21.46,cna
Marshall MI,certified-nursing-assistant-per-diem-prn-marshall-mi,21.46,cna
Marshall TX,certified-nursing-assistant-per-diem-prn-marshall-tx,21.46,cna
Marshalltown IA,certified-nursing-assistant-per-diem-prn-marshalltown-ia,21.46,cna
Marshville NC,certified-nursing-assistant-per-diem-prn-marshville-nc,20.85,cna
Marsing,certified-nursing-assistant-per-diem-prn-marsing-id,21.46,cna
Martinez,certified-nursing-assistant-per-diem-prn-martinez-ca,20.85,cna
Martinez GA,certified-nursing-assistant-per-diem-prn-martinez-ga,25.38,cna
Martinsburg,certified-nursing-assistant-per-diem-prn-martinsburg-wv,25.54,cna
Maryland Heights,certified-nursing-assistant-per-diem-prn-maryland-heights-mo,25.99,cna
Marylhurst,certified-nursing-assistant-per-diem-prn-marylhurst-or,26.93,cna
Marysville,certified-nursing-assistant-per-diem-prn-marysville-ca,22.13,cna
Marysville,certified-nursing-assistant-per-diem-prn-marysville-oh,25.14,cna
Marysville,certified-nursing-assistant-per-diem-prn-marysville-wa,21.46,cna
Maryville,certified-nursing-assistant-per-diem-prn-maryville-tn,25.38,cna
Mascotte,certified-nursing-assistant-per-diem-prn-mascotte-fl,21.46,cna
Mashpee,certified-nursing-assistant-per-diem-prn-mashpee-ma,21.46,cna
Mason,certified-nursing-assistant-per-diem-prn-mason-oh,25.50,cna
Mason,certified-nursing-assistant-per-diem-prn-mason-tx,21.46,cna
Mason City IA,certified-nursing-assistant-per-diem-prn-mason-city-ia,21.46,cna
Massillon,certified-nursing-assistant-per-diem-prn-massillon-oh,25.61,cna
Matador,certified-nursing-assistant-per-diem-prn-matador-tx,21.46,cna
Matawan,certified-nursing-assistant-per-diem-prn-matawan-nj,25.96,cna
Mathis,certified-nursing-assistant-per-diem-prn-mathis-tx,21.46,cna
Mauldin,certified-nursing-assistant-per-diem-prn-mauldin-sc,25.03,cna
Maumee,certified-nursing-assistant-per-diem-prn-maumee-oh,25.29,cna
Mauston,certified-nursing-assistant-per-diem-prn-mauston-wi,21.42,cna
Mayfield Heights,certified-nursing-assistant-per-diem-prn-mayfield-heights-oh,25.43,cna
Mayo,certified-nursing-assistant-per-diem-prn-mayo-fl,21.46,cna
Mc Camey,certified-nursing-assistant-per-diem-prn-mc-camey-tx,21.46,cna
Mc Gregor IA,certified-nursing-assistant-per-diem-prn-mc-gregor-ia,21.46,cna
Mc Gregor TX,certified-nursing-assistant-per-diem-prn-mc-gregor-tx,21.46,cna
McAllen,certified-nursing-assistant-per-diem-prn-mcallen-tx,21.46,cna
McCall,certified-nursing-assistant-per-diem-prn-mccall-id,21.46,cna
McCammon,certified-nursing-assistant-per-diem-prn-mccammon-id,21.46,cna
McCandless,certified-nursing-assistant-per-diem-prn-mccandless-pa,25.48,cna
McCormick,certified-nursing-assistant-per-diem-prn-mccormick-sc,25.23,cna
McKinney,certified-nursing-assistant-per-diem-prn-mckinney-tx,21.46,cna
McLean,certified-nursing-assistant-per-diem-prn-mclean-va,25.61,cna
Mclean TX,certified-nursing-assistant-per-diem-prn-mclean-tx,21.46,cna
McLeod,certified-nursing-assistant-per-diem-prn-mcleod-mt,21.46,cna
McMinnville,certified-nursing-assistant-per-diem-prn-mcminnville-or,26.93,cna
Mead,certified-nursing-assistant-per-diem-prn-mead-co,21.46,cna
Meadow Lakes,certified-nursing-assistant-per-diem-prn-meadow-lakes-ak,25.64,cna
Meadow Woods,certified-nursing-assistant-per-diem-prn-meadow-woods-fl,25.23,cna
Meadows Place,certified-nursing-assistant-per-diem-prn-meadows-place-tx,21.46,cna
Mechanicsville,certified-nursing-assistant-per-diem-prn-mechanicsville-va,25.14,cna
Medford,certified-nursing-assistant-per-diem-prn-medford-ma,25.74,cna
Medford,certified-nursing-assistant-per-diem-prn-medford-or,26.93,cna
Medina,certified-nursing-assistant-per-diem-prn-medina-oh,25.99,cna
Medley,certified-nursing-assistant-per-diem-prn-medley-fl,21.46,cna
Meeker,certified-nursing-assistant-per-diem-prn-meeker-co,21.46,cna
Mehlville,certified-nursing-assistant-per-diem-prn-mehlville-mo,25.03,cna
Melba,certified-nursing-assistant-per-diem-prn-melba-id,21.46,cna
Melbourne,certified-nursing-assistant-per-diem-prn-melbourne-fl,21.46,cna
Melrose FL,certified-nursing-assistant-per-diem-prn-melrose-fl,21.46,cna
Melrose MA,certified-nursing-assistant-per-diem-prn-melrose-ma,21.46,cna
Memphis,certified-nursing-assistant-per-diem-prn-memphis-tn,25.59,cna
Memphis,certified-nursing-assistant-per-diem-prn-memphis-tx,22.50,cna
Menard,certified-nursing-assistant-per-diem-prn-menard-tx,21.46,cna
Menomonee Falls,certified-nursing-assistant-per-diem-prn-menomonee-falls-wi,25.57,cna
Mentone,certified-nursing-assistant-per-diem-prn-mentone-ca,25.85,cna
Mentor,certified-nursing-assistant-per-diem-prn-mentor-oh,25.35,cna
Merced,certified-nursing-assistant-per-diem-prn-merced-ca,21.46,cna
Mercedes,certified-nursing-assistant-per-diem-prn-mercedes-tx,21.46,cna
Meriden,certified-nursing-assistant-per-diem-prn-meriden-ct,26.11,cna
Meridian,certified-nursing-assistant-per-diem-prn-meridian-ms,21.46,cna
Meridian ID,per-diem-meridian-id,25.67,cna
Merkel,certified-nursing-assistant-per-diem-prn-merkel-tx,21.46,cna
Merrillville,certified-nursing-assistant-per-diem-prn-merrillville-in,21.46,cna
Merrimack,certified-nursing-assistant-per-diem-prn-merrimack-nh,25.03,cna
Merritt Island,certified-nursing-assistant-per-diem-prn-merritt-island-fl,21.46,cna
Mesa,per-diem-mesa-az,26.99,cna
Mesa Villa Royale III,certified-nursing-assistant-per-diem-prn-mesa-villa-royale-iii-az,25.92,cna
Mesquite,certified-nursing-assistant-per-diem-prn-mesquite-9-nv,25.21,cna
Mesquite city,certified-nursing-assistant-per-diem-prn-mesquite-city-tx,25.75,cna
Mesquite TX,certified-nursing-assistant-per-diem-prn-mesquite-tx,21.46,cna
Metairie,certified-nursing-assistant-per-diem-prn-metairie-la,25.14,cna
Methuen Town,certified-nursing-assistant-per-diem-prn-methuen-town-ma,25.94,cna
Metropolis,certified-nursing-assistant-per-diem-prn-metropolis-il,25.89,cna
Mexia,certified-nursing-assistant-per-diem-prn-mexia-tx,21.46,cna
Miami Beach,certified-nursing-assistant-per-diem-prn-miami-beach-fl,21.46,cna
Miami FL,per-diem-miami-fl,23.06,cna
Miami Gardens,certified-nursing-assistant-per-diem-prn-miami-gardens-fl,21.46,cna
Miami Lakes,certified-nursing-assistant-per-diem-prn-miami-lakes-fl,21.46,cna
Miami Shores,certified-nursing-assistant-per-diem-prn-miami-shores-fl,21.46,cna
Miami Springs,certified-nursing-assistant-per-diem-prn-miami-springs-fl,21.46,cna
Miamisburg,certified-nursing-assistant-per-diem-prn-miamisburg-oh,25.54,cna
Middle Township Cape May Court House,certified-nursing-assistant-per-diem-prn-middle-township-cape-may-court-house-nj,25.74,cna
Middleburg FL,certified-nursing-assistant-per-diem-prn-middleburg-fl,21.46,cna
Middlebury,certified-nursing-assistant-per-diem-prn-middlebury-vt,26.00,cna
Middleton,certified-nursing-assistant-per-diem-prn-middleton-id,21.46,cna
Middletown,certified-nursing-assistant-per-diem-prn-middletown-ct,25.03,cna
Middletown,certified-nursing-assistant-per-diem-prn-middletown-de,25.50,cna
Middletown,certified-nursing-assistant-per-diem-prn-middletown-oh,25.93,cna
Middletown,certified-nursing-assistant-per-diem-prn-middletown-ri,21.46,cna
Midland,certified-nursing-assistant-per-diem-prn-midland-tx,21.46,cna
Midlothian,certified-nursing-assistant-per-diem-prn-midlothian-tx,21.46,cna
Midvale,certified-nursing-assistant-per-diem-prn-midvale-ut,26.93,cna
Midwest City,certified-nursing-assistant-per-diem-prn-midwest-city-ok,25.21,cna
Milan MO,certified-nursing-assistant-per-diem-prn-milan-mo,23.87,cna
Milbank,certified-nursing-assistant-per-diem-prn-milbank-sd,25.21,cna
Miles City MT,certified-nursing-assistant-per-diem-prn-miles-city-mt,24.00,cna
Miles City MT,certified-nursing-assistant-per-diem-prn-miles-city-mt-dd284,25.74,cna
Milford,certified-nursing-assistant-per-diem-prn-milford-ct,25.85,cna
Milford,certified-nursing-assistant-per-diem-prn-milford-de,26.44,cna
Milford MA,certified-nursing-assistant-per-diem-prn-milford-ma,21.46,cna
Milford UT,certified-nursing-assistant-per-diem-prn-milford-ut,26.93,cna
Mililani Mauka,certified-nursing-assistant-per-diem-prn-mililani-mauka-hi,25.30,cna
Mililani Town,certified-nursing-assistant-per-diem-prn-mililani-town-hi,25.57,cna
Mill City,certified-nursing-assistant-per-diem-prn-mill-city-or,26.93,cna
Millbrae,certified-nursing-assistant-per-diem-prn-millbrae-ca,21.46,cna
Millcreek,certified-nursing-assistant-per-diem-prn-millcreek-ut,26.93,cna
Miller,certified-nursing-assistant-per-diem-prn-miller-sd,25.21,cna
Milpitas CA,certified-nursing-assistant-per-diem-prn-milpitas-ca,21.46,cna
Milton,certified-nursing-assistant-per-diem-prn-milton-ga,25.61,cna
Milton,certified-nursing-assistant-per-diem-prn-milton-vt,25.48,cna
Milton Freewater,certified-nursing-assistant-per-diem-prn-milton-fl,21.46,cna
Milton Freewater,certified-nursing-assistant-per-diem-prn-milton-freewater-or,26.93,cna
Milwaukee,per-diem-milwaukee-wi,23.63,cna
Milwaukie,certified-nursing-assistant-per-diem-prn-milwaukie-or,26.93,cna
Milwaukie Linwood,certified-nursing-assistant-per-diem-prn-milwaukie-linwood-or,26.18,cna
Minden,certified-nursing-assistant-per-diem-prn-minden-nv,25.21,cna
Mineola,certified-nursing-assistant-per-diem-prn-mineola-tx,21.46,cna
Mineral Wells,certified-nursing-assistant-per-diem-prn-mineral-wells-tx,21.46,cna
Minneapolis,certified-nursing-assistant-per-diem-prn-minneapolis-mn,25.43,cna
Minnetonka,certified-nursing-assistant-per-diem-prn-minnetonka-mn,25.93,cna
Minot,certified-nursing-assistant-per-diem-prn-minot-nd,23.87,cna
Miramar Beach,certified-nursing-assistant-per-diem-prn-miramar-beach-fl,21.46,cna
Miramar FL,certified-nursing-assistant-per-diem-prn-miramar-fl,21.46,cna
Miramonte,certified-nursing-assistant-per-diem-prn-miramonte-ca,22.25,cna
Mishawaka,certified-nursing-assistant-per-diem-prn-mishawaka-in,25.68,cna
Mission,certified-nursing-assistant-per-diem-prn-mission-tx,22.25,cna
Missoula,certified-nursing-assistant-per-diem-prn-missoula-mt,25.74,cna
Missouri City,certified-nursing-assistant-per-diem-prn-missouri-city-tx,22.25,cna
Mitchell,certified-nursing-assistant-per-diem-prn-mitchell-or,26.93,cna
Mitchell,certified-nursing-assistant-per-diem-prn-mitchell-sd,25.74,cna
Moab,certified-nursing-assistant-per-diem-prn-moab-ut,26.93,cna
Mobile,certified-nursing-assistant-per-diem-prn-mobile-al,25.61,cna
Modesto,certified-nursing-assistant-per-diem-prn-modesto-ca,22.25,cna
Moffat,certified-nursing-assistant-per-diem-prn-moffat-co,22.25,cna
Molalla,certified-nursing-assistant-per-diem-prn-molalla-or,26.93,cna
Moline IL,certified-nursing-assistant-per-diem-prn-moline-il,25.89,cna
Monahans,certified-nursing-assistant-per-diem-prn-monahans-tx,22.25,cna
Monmouth,certified-nursing-assistant-per-diem-prn-monmouth-or,26.93,cna
Monmouth Junction,certified-nursing-assistant-per-diem-prn-monmouth-junction-nj,23.29,cna
Monroe,certified-nursing-assistant-per-diem-prn-monroe-la,22.25,cna
Monroe,certified-nursing-assistant-per-diem-prn-monroe-nc,26.11,cna
Monroe OR,certified-nursing-assistant-per-diem-prn-monroe-or,26.93,cna
Monroe Township,certified-nursing-assistant-per-diem-prn-monroe-township-nj,22.67,cna
Monroe WA,certified-nursing-assistant-per-diem-prn-monroe-wa,26.93,cna
Monroeville,certified-nursing-assistant-per-diem-prn-monroeville-pa,25.57,cna
Monrovia,certified-nursing-assistant-per-diem-prn-monrovia-ca,22.25,cna
Mont Belvieu,certified-nursing-assistant-per-diem-prn-mont-belvieu-tx,22.25,cna
Montclair,certified-nursing-assistant-per-diem-prn-montclair-nj,22.25,cna
Monte Vista,certified-nursing-assistant-per-diem-prn-monte-vista-co,22.25,cna
Montebello,certified-nursing-assistant-per-diem-prn-montebello-va,22.25,cna
Monterey,certified-nursing-assistant-per-diem-prn-monterey-ca,22.25,cna
Montezuma,certified-nursing-assistant-per-diem-prn-montezuma-ia,22.25,cna
Montezuma Creek,certified-nursing-assistant-per-diem-prn-montezuma-creek-ut,26.93,cna
Montgomery,certified-nursing-assistant-per-diem-prn-montgomery-al,25.25,cna
Montgomery,certified-nursing-assistant-per-diem-prn-montgomery-tx,22.25,cna
Monticello FL,certified-nursing-assistant-per-diem-prn-monticello-fl,22.25,cna
Monticello UT,certified-nursing-assistant-per-diem-prn-monticello-ut,26.93,cna
Montpelier,certified-nursing-assistant-per-diem-prn-montpelier-id,22.25,cna
Montpelier,certified-nursing-assistant-per-diem-prn-montpelier-vt,25.93,cna
Montrose,certified-nursing-assistant-per-diem-prn-montrose-co,22.25,cna
Montvale,certified-nursing-assistant-per-diem-prn-montvale-nj,23.29,cna
Monument,certified-nursing-assistant-per-diem-prn-monument-co,22.25,cna
Monument Valley,certified-nursing-assistant-per-diem-prn-monument-valley-ut,26.93,cna
Moodus,certified-nursing-assistant-per-diem-prn-moodus-ct,22.67,cna
Moody,certified-nursing-assistant-per-diem-prn-moody-tx,22.25,cna
Moon,certified-nursing-assistant-per-diem-prn-moon-pa,25.20,cna
Moore,certified-nursing-assistant-per-diem-prn-moore-ok,25.64,cna
Moore Haven,certified-nursing-assistant-per-diem-prn-moore-haven-fl,22.25,cna
Mooreland OK,certified-nursing-assistant-per-diem-prn-mooreland-ok,22.67,cna
Mooresville,certified-nursing-assistant-per-diem-prn-mooresville-nc,25.96,cna
Moorhead,certified-nursing-assistant-per-diem-prn-moorhead-mn,25.96,cna
Morehead,certified-nursing-assistant-per-diem-prn-morehead-ky,25.14,cna
Moreno Valley,certified-nursing-assistant-per-diem-prn-moreno-valley-ca,25.61,cna
Morgan,certified-nursing-assistant-per-diem-prn-morgan-ut,26.93,cna
Morgantown,certified-nursing-assistant-per-diem-prn-morgantown-in,22.25,cna
Morgantown,certified-nursing-assistant-per-diem-prn-morgantown-wv,25.47,cna
Moro,certified-nursing-assistant-per-diem-prn-moro-or,26.93,cna
Morris,certified-nursing-assistant-per-diem-prn-morris-il,22.25,cna
Morrison,certified-nursing-assistant-per-diem-prn-morrison-co,22.25,cna
Morristown,certified-nursing-assistant-per-diem-prn-morristown-tn,25.25,cna
Morristown,certified-nursing-assistant-per-diem-prn-morristown-vt,25.64,cna
Morrisville,certified-nursing-assistant-per-diem-prn-morrisville-vt,21.42,cna
Morton TX,certified-nursing-assistant-per-diem-prn-morton-tx,22.25,cna
Morton WA,certified-nursing-assistant-per-diem-prn-morton-wa,26.93,cna
Moscow,certified-nursing-assistant-per-diem-prn-moscow-id,21.29,cna
Moulton,certified-nursing-assistant-per-diem-prn-moulton-tx,22.25,cna
Mount Angel,certified-nursing-assistant-per-diem-prn-mount-angel-or,26.93,cna
Mount Clemens,certified-nursing-assistant-per-diem-prn-mount-clemens-mi,22.25,cna
Mount Dora,certified-nursing-assistant-per-diem-prn-mount-dora-fl,22.25,cna
Mount Enterprise,certified-nursing-assistant-per-diem-prn-mount-enterprise-tx,22.25,cna
Mount Juliet,certified-nursing-assistant-per-diem-prn-mount-juliet-tn,25.03,cna
Mount Lebanon,certified-nursing-assistant-per-diem-prn-mount-lebanon-pa,26.13,cna
Mount Pleasant,certified-nursing-assistant-per-diem-prn-mount-pleasant-sc,25.84,cna
Mount Pleasant,certified-nursing-assistant-per-diem-prn-mount-pleasant-wi,25.45,cna
Mount Pleasant TX,certified-nursing-assistant-per-diem-prn-mount-pleasant-tx,22.25,cna
Mount Pleasant UT,certified-nursing-assistant-per-diem-prn-mount-pleasant-ut,26.93,cna
Mount Pleasant-IA,certified-nursing-assistant-per-diem-prn-mount-pleasant-ia,22.25,cna
Mount Prospect,certified-nursing-assistant-per-diem-prn-mount-prospect-il,25.57,cna
Mount Vernon,certified-nursing-assistant-per-diem-prn-mount-vernon-ny,25.50,cna
Mount Vernon,certified-nursing-assistant-per-diem-prn-mount-vernon-oh,25.23,cna
Mount Vernon TX,certified-nursing-assistant-per-diem-prn-mount-vernon-tx,22.25,cna
Mount Vernon WA,certified-nursing-assistant-per-diem-prn-mount-vernon-wa,26.93,cna
Mountain Brook,certified-nursing-assistant-per-diem-prn-mountain-brook-al,25.67,cna
Mountain City TN,certified-nursing-assistant-per-diem-prn-mountain-city-tn,22.25,cna
Mountain Home AR,certified-nursing-assistant-per-diem-prn-mountain-home-ar,27.12,cna
Mountain Home ID,certified-nursing-assistant-per-diem-prn-mountain-home-id,22.25,cna
Mountain Home IDA,certified-nursing-assistant-per-diem-prn-mountain-home-ida-id,22.25,cna
Mountain View AR,certified-nursing-assistant-per-diem-prn-mountain-view-ar,27.12,cna
Mountain View CA,certified-nursing-assistant-per-diem-prn-mountain-view-ca,22.25,cna
Muenster,certified-nursing-assistant-per-diem-prn-muenster-tx,22.25,cna
Mulberry,certified-nursing-assistant-per-diem-prn-mulberry-fl,22.25,cna
Muleshoe,certified-nursing-assistant-per-diem-prn-muleshoe-tx,22.25,cna
Muncie,certified-nursing-assistant-per-diem-prn-muncie-in,25.65,cna
Munday,certified-nursing-assistant-per-diem-prn-munday-tx,22.25,cna
Munster,certified-nursing-assistant-per-diem-prn-munster-in,22.25,cna
Murfreesboro,certified-nursing-assistant-per-diem-prn-murfreesboro-tn,26.00,cna
Murphy,certified-nursing-assistant-per-diem-prn-murphy-tx,22.25,cna
Murray,certified-nursing-assistant-per-diem-prn-murray-ut,26.93,cna
Muscatine IA,certified-nursing-assistant-per-diem-prn-muscatine-ia,25.96,cna
Muskegon,certified-nursing-assistant-per-diem-prn-muskegon-mi,22.25,cna
Muskogee,certified-nursing-assistant-per-diem-prn-muskogee-ok,25.49,cna
Mustang,certified-nursing-assistant-per-diem-prn-mustang-ok,25.21,cna
Myakka City,certified-nursing-assistant-per-diem-prn-myakka-city-fl,22.25,cna
Myrtle Beach SC,certified-nursing-assistant-per-diem-prn-myrtle-beach-sc,25.21,cna
Myrtle Creek,certified-nursing-assistant-per-diem-prn-myrtle-creek-or,26.93,cna
Myrtle Point,certified-nursing-assistant-per-diem-prn-myrtle-point-or,26.93,cna
Mystic,certified-nursing-assistant-per-diem-prn-mystic-ct,22.67,cna
N Ft Myers,certified-nursing-assistant-per-diem-prn-n-ft-myers-fl,22.25,cna
Nacogdoches,certified-nursing-assistant-per-diem-prn-nacogdoches-tx,22.25,cna
Nampa ID,per-diem-nampa-id,25.67,cna
Napa CA,certified-nursing-assistant-per-diem-prn-napa-ca,22.25,cna
Naperville,certified-nursing-assistant-per-diem-prn-naperville-il,25.38,cna
Naples,certified-nursing-assistant-per-diem-prn-naples-fl,22.25,cna
Naranja,certified-nursing-assistant-per-diem-prn-naranja-fl,22.25,cna
Nash,certified-nursing-assistant-per-diem-prn-nash-tx,22.25,cna
Nashua NH,certified-nursing-assistant-per-diem-prn-nashua-nh,23.87,cna
Nashville Madison,certified-nursing-assistant-per-diem-prn-nashville-madison-tn,25.96,cna
Nashville South Nashville,certified-nursing-assistant-per-diem-prn-nashville-south-nashville-tn,25.35,cna
Nashville TN,certified-nursing-assistant-per-diem-prn-nashville-tn,22.50,cna
Nashville-Davidson,certified-nursing-assistant-per-diem-prn-nashville-davidson-tn,25.25,cna
Natchitoches,certified-nursing-assistant-per-diem-prn-natchitoches-la,22.25,cna
National City,certified-nursing-assistant-per-diem-prn-national-city-ca,22.25,cna
Naturita,certified-nursing-assistant-per-diem-prn-naturita-co,22.25,cna
Naugatuck,certified-nursing-assistant-per-diem-prn-naugatuck-ct,25.61,cna
Naval Air Station Jrb,certified-nursing-assistant-per-diem-prn-naval-air-station-jrb-tx,22.25,cna
Navarre,certified-nursing-assistant-per-diem-prn-navarre-fl,22.25,cna
Navasota,certified-nursing-assistant-per-diem-prn-navasota-tx,22.25,cna
Nederland CO,certified-nursing-assistant-per-diem-prn-nederland-co,22.25,cna
Nederland TX,certified-nursing-assistant-per-diem-prn-nederland-tx,22.25,cna
Needham,certified-nursing-assistant-per-diem-prn-needham-ma,22.25,cna
Needville,certified-nursing-assistant-per-diem-prn-needville-tx,22.25,cna
Neenah,certified-nursing-assistant-per-diem-prn-neenah-wi,25.67,cna
Negaunee,certified-nursing-assistant-per-diem-prn-negaunee-mi,22.25,cna
Nehalem,certified-nursing-assistant-per-diem-prn-nehalem-or,26.93,cna
Nephi,certified-nursing-assistant-per-diem-prn-nephi-ut,26.93,cna
Neptune,certified-nursing-assistant-per-diem-prn-neptune-nj,23.55,cna
Neptune Beach,certified-nursing-assistant-per-diem-prn-neptune-beach-fl,22.25,cna
Ness City KS,certified-nursing-assistant-per-diem-prn-ness-city-ks,23.87,cna
Nevada City,certified-nursing-assistant-per-diem-prn-nevada-city-ca,26.18,cna
Nevada City,certified-nursing-assistant-per-diem-prn-nevada-city-nv,22.25,cna
New Albany,certified-nursing-assistant-per-diem-prn-new-albany-in,25.10,cna
New Bedford,certified-nursing-assistant-per-diem-prn-new-bedford-ma,25.65,cna
New Berlin,certified-nursing-assistant-per-diem-prn-new-berlin-wi,25.40,cna
New Boston,certified-nursing-assistant-per-diem-prn-new-boston-tx,22.25,cna
New Braunfels,certified-nursing-assistant-per-diem-prn-new-braunfels-tx,22.25,cna
New Britain,certified-nursing-assistant-per-diem-prn-new-britain-ct,27.12,cna
New Caney,certified-nursing-assistant-per-diem-prn-new-caney-tx,22.25,cna
New Castle,certified-nursing-assistant-per-diem-prn-new-castle-in,22.25,cna
New Glarus,certified-nursing-assistant-per-diem-prn-new-glarus-wi,21.42,cna
New Hampton IA,certified-nursing-assistant-per-diem-prn-new-hampton-ia,22.25,cna
New Haven,certified-nursing-assistant-per-diem-prn-new-haven-ct,23.55,cna
New Holland,certified-nursing-assistant-per-diem-prn-new-holland-pa,25.92,cna
New Holstein,certified-nursing-assistant-per-diem-prn-new-holstein-wi,21.42,cna
New Iberia,certified-nursing-assistant-per-diem-prn-new-iberia-la,25.23,cna
New Lenox,certified-nursing-assistant-per-diem-prn-new-lenox-il,25.89,cna
New Lisbon,certified-nursing-assistant-per-diem-prn-new-lisbon-wi,21.42,cna
New London,certified-nursing-assistant-per-diem-prn-new-london-nh,23.87,cna
New Orleans LA,certified-nursing-assistant-per-diem-prn-new-orleans-la,23.87,cna
New Orleans Mid-City,certified-nursing-assistant-per-diem-prn-new-orleans-mid-city-la,25.03,cna
New Plymouth,certified-nursing-assistant-per-diem-prn-new-plymouth-id,22.25,cna
New Port Richey,certified-nursing-assistant-per-diem-prn-new-port-richey-fl,22.25,cna
New Providence,certified-nursing-assistant-per-diem-prn-new-providence-nj,25.61,cna
NEW PRT RCHY,certified-nursing-assistant-per-diem-prn-new-prt-rchy-fl,23.68,cna
New Richmond,certified-nursing-assistant-per-diem-prn-new-richmond-wi,21.42,cna
New Rochelle,certified-nursing-assistant-per-diem-prn-new-rochelle-ny,25.78,cna
New Smyrna Beach,certified-nursing-assistant-per-diem-prn-new-smyrna-beach-fl,22.25,cna
New Town,certified-nursing-assistant-per-diem-prn-new-town-nd,23.87,cna
New York City,certified-nursing-assistant-per-diem-prn-new-york-city-ny,26.15,cna
Newark,certified-nursing-assistant-per-diem-prn-newark-oh,25.45,cna
Newark DE,certified-nursing-assistant-per-diem-prn-newark-de,27.12,cna
Newark NJ,certified-nursing-assistant-per-diem-prn-newark-nj,23.55,cna
Newberg OR,certified-nursing-assistant-per-diem-prn-newberg-or,26.93,cna
Newberry SC,certified-nursing-assistant-per-diem-prn-newberry-sc,25.21,cna
Newburyport,certified-nursing-assistant-per-diem-prn-newburyport-ma,22.25,cna
Newgulf,certified-nursing-assistant-per-diem-prn-newgulf-tx,22.25,cna
Newman,certified-nursing-assistant-per-diem-prn-newman-ca,22.25,cna
Newnan,certified-nursing-assistant-per-diem-prn-newnan-ga,25.03,cna
Newport,certified-nursing-assistant-per-diem-prn-newport-ri,22.25,cna
Newport News,certified-nursing-assistant-per-diem-prn-newport-news-va,25.32,cna
Newport OR,certified-nursing-assistant-per-diem-prn-newport-or,26.93,cna
Newport VT,certified-nursing-assistant-per-diem-prn-newport-vt,21.42,cna
Newton,certified-nursing-assistant-per-diem-prn-newton-ma,25.99,cna
Newton,certified-nursing-assistant-per-diem-prn-newton-tx,22.25,cna
Newville,certified-nursing-assistant-per-diem-prn-newville-pa,25.21,cna
Niceville,certified-nursing-assistant-per-diem-prn-niceville-fl,22.79,cna
Nicholasville,certified-nursing-assistant-per-diem-prn-nicholasville-ky,25.92,cna
Nisswa,certified-nursing-assistant-per-diem-prn-nisswa-mn,22.79,cna
Nixa,certified-nursing-assistant-per-diem-prn-nixa-mo,26.18,cna
Nixon NV,certified-nursing-assistant-per-diem-prn-nixon-nv,25.21,cna
Nixon TX,certified-nursing-assistant-per-diem-prn-nixon-tx,22.79,cna
Noblesville,certified-nursing-assistant-per-diem-prn-noblesville-in,25.61,cna
Nocona,certified-nursing-assistant-per-diem-prn-nocona-tx,22.79,cna
Nogales,certified-nursing-assistant-per-diem-prn-nogales-az,26.03,cna
Nokomis,certified-nursing-assistant-per-diem-prn-nokomis-fl,22.79,cna
Nome,certified-nursing-assistant-per-diem-prn-nome-ak,25.21,cna
Norfolk,certified-nursing-assistant-per-diem-prn-norfolk-ne,23.87,cna
Norfolk,certified-nursing-assistant-per-diem-prn-norfolk-va,25.49,cna
Normal,certified-nursing-assistant-per-diem-prn-normal-il,25.32,cna
Norman OK,certified-nursing-assistant-per-diem-prn-norman-ok,22.79,cna
Norristown,certified-nursing-assistant-per-diem-prn-norristown-pa,25.87,cna
North Augusta,certified-nursing-assistant-per-diem-prn-north-augusta-sc,25.74,cna
North Bay Village,certified-nursing-assistant-per-diem-prn-north-bay-village-fl,22.79,cna
North Bend,certified-nursing-assistant-per-diem-prn-north-bend-or,26.93,cna
North Bend,certified-nursing-assistant-per-diem-prn-north-bend-wa,22.79,cna
North Bergen,certified-nursing-assistant-per-diem-prn-north-bergen-nj,22.79,cna
North Bethesda,certified-nursing-assistant-per-diem-prn-north-bethesda-md,25.96,cna
North Brunswick,certified-nursing-assistant-per-diem-prn-north-brunswick-nj,25.89,cna
North Charleston SC,certified-nursing-assistant-per-diem-prn-north-charleston-sc,22.79,cna
North East,certified-nursing-assistant-per-diem-prn-north-east-md,22.79,cna
North Fayette Township,certified-nursing-assistant-per-diem-prn-north-fayette-township-pa,25.64,cna
North Fort Myers,certified-nursing-assistant-per-diem-prn-north-fort-myers-fl,25.74,cna
North Haven,certified-nursing-assistant-per-diem-prn-north-haven-ct,23.55,cna
North Hempstead,certified-nursing-assistant-per-diem-prn-north-hempstead-ny,25.14,cna
North Hollywood,certified-nursing-assistant-per-diem-prn-north-hollywood-ca-7036f,22.79,cna
North Huntingdon,certified-nursing-assistant-per-diem-prn-north-huntingdon-pa,26.00,cna
North Kingstown,certified-nursing-assistant-per-diem-prn-north-kingstown-ri,25.14,cna
North Lakes,certified-nursing-assistant-per-diem-prn-north-lakes-ak,25.87,cna
North Las Vegas,certified-nursing-assistant-per-diem-prn-north-las-vegas-nv,25.21,cna
North Lauderdale,certified-nursing-assistant-per-diem-prn-north-lauderdale-fl,25.99,cna
North Liberty IA,certified-nursing-assistant-per-diem-prn-north-liberty-ia,25.93,cna
North Little Rock,certified-nursing-assistant-per-diem-prn-north-little-rock-ar,25.85,cna
North Logan,certified-nursing-assistant-per-diem-prn-north-logan-ut,26.93,cna
North Manchester,certified-nursing-assistant-per-diem-prn-north-manchester-in,22.79,cna
North Miami,certified-nursing-assistant-per-diem-prn-north-miami-fl,22.79,cna
North Miami Beach,certified-nursing-assistant-per-diem-prn-north-miami-beach-fl,22.79,cna
North Olmsted OH,certified-nursing-assistant-per-diem-prn-north-olmsted-oh,23.29,cna
North Palm Beach,certified-nursing-assistant-per-diem-prn-north-palm-beach-fl,22.79,cna
North Platte,certified-nursing-assistant-per-diem-prn-north-platte-ne,23.87,cna
North Port,certified-nursing-assistant-per-diem-prn-north-port-fl,22.79,cna
North Providence,certified-nursing-assistant-per-diem-prn-north-providence-ri,23.29,cna
North Richland Hills,certified-nursing-assistant-per-diem-prn-north-richland-hills-tx,22.79,cna
North Ridgeville,certified-nursing-assistant-per-diem-prn-north-ridgeville-oh,25.78,cna
North Royalton,certified-nursing-assistant-per-diem-prn-north-royalton-oh,25.61,cna
Northbrook IL,certified-nursing-assistant-per-diem-prn-northbrook-il,22.79,cna
Northfield,certified-nursing-assistant-per-diem-prn-northfield-vt,26.13,cna
Northglenn CO,certified-nursing-assistant-per-diem-prn-northglenn-co,22.79,cna
Northport,certified-nursing-assistant-per-diem-prn-northport-al,25.66,cna
Northwood,certified-nursing-assistant-per-diem-prn-northwood-ia,25.38,cna
Norton,certified-nursing-assistant-per-diem-prn-norton-ma,23.29,cna
Norton,certified-nursing-assistant-per-diem-prn-norton-va,25.29,cna
Norwalk,certified-nursing-assistant-per-diem-prn-norwalk-ct,27.12,cna
Norway Norway,certified-nursing-assistant-per-diem-prn-norway-norway-me,26.18,cna
Norwich,certified-nursing-assistant-per-diem-prn-norwich-ct,22.08,cna
Norwood,certified-nursing-assistant-per-diem-prn-norwood-co,22.79,cna
Norwood,certified-nursing-assistant-per-diem-prn-norwood-nj,23.29,cna
Novi city,certified-nursing-assistant-per-diem-prn-novi-city-mi,25.85,cna
Nyssa,certified-nursing-assistant-per-diem-prn-nyssa-or,26.93,cna
O'Fallon IL,certified-nursing-assistant-per-diem-prn-o-fallon-il,25.89,cna
O'Fallon MO,certified-nursing-assistant-per-diem-prn-ofallon-mo,25.10,cna
Oak Brook,certified-nursing-assistant-per-diem-prn-oak-brook-il,22.79,cna
Oak Creek,certified-nursing-assistant-per-diem-prn-oak-creek-wi,25.22,cna
Oak Hill,certified-nursing-assistant-per-diem-prn-oak-hill-fl,22.79,cna
Oak Lawn,certified-nursing-assistant-per-diem-prn-oak-lawn-il,25.64,cna
Oak Park,certified-nursing-assistant-per-diem-prn-oak-park-il,25.49,cna
Oak Point,certified-nursing-assistant-per-diem-prn-oak-point-tx,22.79,cna
Oak Ridge TN,certified-nursing-assistant-per-diem-prn-oak-ridge-tn,25.21,cna
Oakland CA,certified-nursing-assistant-per-diem-prn-oakland-ca,22.79,cna
Oakland Park,certified-nursing-assistant-per-diem-prn-oakland-park-fl,22.79,cna
Oakley,certified-nursing-assistant-per-diem-prn-oakley-ut,23.55,cna
Oakridge OR,certified-nursing-assistant-per-diem-prn-oakridge-or,26.93,cna
Oakville,certified-nursing-assistant-per-diem-prn-oakville-mo,25.95,cna
Oberlin,certified-nursing-assistant-per-diem-prn-oberlin-la,22.79,cna
Ocala FL,certified-nursing-assistant-per-diem-prn-ocala-fl,22.79,cna
Ocean Grove NJ,certified-nursing-assistant-per-diem-prn-ocean-grove-nj,23.55,cna
Ocean Shores,certified-nursing-assistant-per-diem-prn-ocean-shores-wa,22.79,cna
Oceanside,certified-nursing-assistant-per-diem-prn-oceanside-ca,25.68,cna
Ocoee,certified-nursing-assistant-per-diem-prn-ocoee-fl,22.79,cna
Odenton,certified-nursing-assistant-per-diem-prn-odenton-md,25.41,cna
Odessa FL,certified-nursing-assistant-per-diem-prn-odessa-fl,22.79,cna
Odessa TX,certified-nursing-assistant-per-diem-prn-odessa-tx,22.79,cna
Ogden,per-diem-ogden-ut,25.68,cna
Okeechobee,certified-nursing-assistant-per-diem-prn-okeechobee-fl,22.79,cna
Oklahoma City,per-diem-oklahoma-city-ok,19.77,cna
Oklahoma City Central Oklahoma City,certified-nursing-assistant-per-diem-prn-oklahoma-city-central-oklahoma-city-ok,25.64,cna
Oklahoma City Northwest Oklahoma City,certified-nursing-assistant-per-diem-prn-oklahoma-city-northwest-oklahoma-city-ok,25.54,cna
Oklahoma City Preston Hills,certified-nursing-assistant-per-diem-prn-oklahoma-city-preston-hills-ok,24.78,cna
Oklahoma City Rock Knoll,certified-nursing-assistant-per-diem-prn-oklahoma-city-rock-knoll-ok,25.68,cna
Olathe,certified-nursing-assistant-per-diem-prn-olathe-co,22.79,cna
Olathe,certified-nursing-assistant-per-diem-prn-olathe-ks,25.74,cna
Old Jamestown,certified-nursing-assistant-per-diem-prn-old-jamestown-mo,26.11,cna
Oldsmar,certified-nursing-assistant-per-diem-prn-oldsmar-fl,22.79,cna
Olive Branch,certified-nursing-assistant-per-diem-prn-olive-branch-ms,25.57,cna
Olmito,certified-nursing-assistant-per-diem-prn-olmito-tx,23.18,cna
Olney,certified-nursing-assistant-per-diem-prn-olney-md,23.18,cna
Olney,certified-nursing-assistant-per-diem-prn-olney-tx,23.18,cna
Olton,certified-nursing-assistant-per-diem-prn-olton-tx,23.18,cna
Olympia WA,certified-nursing-assistant-per-diem-prn-olympia-wa,25.21,cna
Omaha,certified-nursing-assistant-per-diem-prn-omaha-ne,23.87,cna
Oneonta,certified-nursing-assistant-per-diem-prn-oneonta-ny,23.87,cna
Ontario,certified-nursing-assistant-per-diem-prn-ontario-ca,23.18,cna
Ontario,certified-nursing-assistant-per-diem-prn-ontario-or,26.93,cna
Opa Locka,certified-nursing-assistant-per-diem-prn-opa-locka-fl,23.18,cna
Opelika,certified-nursing-assistant-per-diem-prn-opelika-al,25.85,cna
Oracle,certified-nursing-assistant-per-diem-prn-oracle-az,26.03,cna
Oradell,certified-nursing-assistant-per-diem-prn-oradell-nj,23.29,cna
Orange,certified-nursing-assistant-per-diem-prn-orange-tx,23.18,cna
Orange City,certified-nursing-assistant-per-diem-prn-orange-city-fl,23.18,cna
Orange City Orangedale,certified-nursing-assistant-per-diem-prn-orange-city-orangedale-fl,25.74,cna
Orange County CA,certified-nursing-assistant-per-diem-prn-orange-county-ca,23.29,cna
Orange NJ,certified-nursing-assistant-per-diem-prn-orange-nj,23.18,cna
Orange Park,certified-nursing-assistant-per-diem-prn-orange-park-fl,23.18,cna
Orangeburg,certified-nursing-assistant-per-diem-prn-orangeburg-nj,23.29,cna
Ordway,certified-nursing-assistant-per-diem-prn-ordway-co,23.18,cna
Oregon City,certified-nursing-assistant-per-diem-prn-oregon-city-or,26.93,cna
Oregon City Rivercrest,certified-nursing-assistant-per-diem-prn-oregon-city-rivercrest-or,25.32,cna
Oregon OH,certified-nursing-assistant-per-diem-prn-oregon-oh,25.95,cna
Orem,per-diem-orem-ut,25.68,cna
Orem Hillcrest,certified-nursing-assistant-per-diem-prn-orem-hillcrest-ut,25.40,cna
Orem Orchard South,certified-nursing-assistant-per-diem-prn-orem-orchard-south-ut,26.10,cna
Orem Orem Park,certified-nursing-assistant-per-diem-prn-orem-orem-park-ut,25.10,cna
Orinda Claremont,certified-nursing-assistant-per-diem-prn-orinda-claremont-ca,25.75,cna
Orland Park,certified-nursing-assistant-per-diem-prn-orland-park-il,25.43,cna
Orlando FL,certified-nursing-assistant-per-diem-prn-orlando-fl,23.62,cna
Orlando Windhover,certified-nursing-assistant-per-diem-prn-orlando-windhover-fl,20.22,cna
Ormond Beach,certified-nursing-assistant-per-diem-prn-ormond-beach-fl,23.18,cna
Oro Valley,certified-nursing-assistant-per-diem-prn-oro-valley-az,26.03,cna
Orofino,certified-nursing-assistant-per-diem-prn-orofino-id,23.18,cna
Osage,certified-nursing-assistant-per-diem-prn-osage-ia,25.30,cna
Osage Beach MO,certified-nursing-assistant-per-diem-prn-osage-beach-mo,23.87,cna
Oshkosh,certified-nursing-assistant-per-diem-prn-oshkosh-wi,21.42,cna
Osprey,certified-nursing-assistant-per-diem-prn-osprey-fl,23.18,cna
Osseo,certified-nursing-assistant-per-diem-prn-osseo-wi,21.42,cna
Oswego,certified-nursing-assistant-per-diem-prn-oswego-ny,23.87,cna
Othello WA,certified-nursing-assistant-per-diem-prn-othello-wa,26.93,cna
Otis,certified-nursing-assistant-per-diem-prn-otis-or,23.18,cna
Ottumwa IA,certified-nursing-assistant-per-diem-prn-ottumwa-ia,25.77,cna
Overgaard,certified-nursing-assistant-per-diem-prn-overgaard-az,26.03,cna
Overland Park,certified-nursing-assistant-per-diem-prn-overland-park-ks,25.03,cna
Overton,certified-nursing-assistant-per-diem-prn-overton-tx,23.18,cna
Oviedo,certified-nursing-assistant-per-diem-prn-oviedo-fl,23.18,cna
Owasso,certified-nursing-assistant-per-diem-prn-owasso-ok,25.57,cna
Owensboro,certified-nursing-assistant-per-diem-prn-owensboro-ky,25.85,cna
Owyhee,certified-nursing-assistant-per-diem-prn-owyhee-nv,25.21,cna
Oxford,certified-nursing-assistant-per-diem-prn-oxford-al,25.93,cna
Oxford,certified-nursing-assistant-per-diem-prn-oxford-fl,23.18,cna
Oxford,certified-nursing-assistant-per-diem-prn-oxford-ms,23.18,cna
Oxford,certified-nursing-assistant-per-diem-prn-oxford-pa,23.18,cna
Oxford OH,certified-nursing-assistant-per-diem-prn-oxford-oh,25.68,cna
Oxnard,certified-nursing-assistant-per-diem-prn-oxnard-ca,25.03,cna
Oyster Bay,certified-nursing-assistant-per-diem-prn-oyster-bay-ny,25.99,cna
Ozark,certified-nursing-assistant-per-diem-prn-ozark-mo,25.64,cna
Ozona,certified-nursing-assistant-per-diem-prn-ozona-tx,23.18,cna
Pace,certified-nursing-assistant-per-diem-prn-pace-fl,23.18,cna
Pacific City,certified-nursing-assistant-per-diem-prn-pacific-city-or,26.93,cna
Paducah,certified-nursing-assistant-per-diem-prn-paducah-ky,25.03,cna
Page,certified-nursing-assistant-per-diem-prn-page-az,26.03,cna
Pagosa Springs,certified-nursing-assistant-per-diem-prn-pagosa-springs-co,23.18,cna
Pahala,certified-nursing-assistant-per-diem-prn-pahala-hi,27.12,cna
Pahokee,certified-nursing-assistant-per-diem-prn-pahokee-fl,23.18,cna
Pahrump,certified-nursing-assistant-per-diem-prn-pahrump-nv,25.21,cna
Painesville,certified-nursing-assistant-per-diem-prn-painesville-oh,25.10,cna
Palacios,certified-nursing-assistant-per-diem-prn-palacios-tx,23.18,cna
Palatine,certified-nursing-assistant-per-diem-prn-palatine-il,25.61,cna
Palatka,certified-nursing-assistant-per-diem-prn-palatka-fl,23.18,cna
Palestine,certified-nursing-assistant-per-diem-prn-palestine-tx,23.18,cna
Palisade,certified-nursing-assistant-per-diem-prn-palisade-co,23.18,cna
Palm Bay FL,certified-nursing-assistant-per-diem-prn-palm-bay-fl,23.18,cna
Palm Beach,certified-nursing-assistant-per-diem-prn-palm-beach-fl,23.18,cna
Palm Beach Gardens,certified-nursing-assistant-per-diem-prn-palm-beach-gardens-fl,23.18,cna
Palm City,certified-nursing-assistant-per-diem-prn-palm-city-fl,23.65,cna
Palm Coast,certified-nursing-assistant-per-diem-prn-palm-coast-fl,23.65,cna
Palm Harbor,certified-nursing-assistant-per-diem-prn-palm-harbor-fl,23.65,cna
Palm Springs,certified-nursing-assistant-per-diem-prn-palm-springs-fl,23.65,cna
Palmdale,certified-nursing-assistant-per-diem-prn-palmdale-ca,25.44,cna
Palmer,certified-nursing-assistant-per-diem-prn-palmer-tx,23.65,cna
Palmetto,certified-nursing-assistant-per-diem-prn-palmetto-fl,23.65,cna
Palmetto Bay,certified-nursing-assistant-per-diem-prn-palmetto-bay-fl,23.65,cna
Palmhurst,certified-nursing-assistant-per-diem-prn-palmhurst-tx,23.65,cna
Palmview,certified-nursing-assistant-per-diem-prn-palmview-tx,23.65,cna
Palo Alto,certified-nursing-assistant-per-diem-prn-palo-alto-ca,23.65,cna
Pampa,certified-nursing-assistant-per-diem-prn-pampa-tx,23.65,cna
Panacea,certified-nursing-assistant-per-diem-prn-panacea-fl,23.65,cna
Panama City Beach FL,certified-nursing-assistant-per-diem-prn-panama-city-beach-fl,23.65,cna
Panama City FL,certified-nursing-assistant-per-diem-prn-panama-city-fl,23.65,cna
Panguitch,certified-nursing-assistant-per-diem-prn-panguitch-ut,26.93,cna
Pantego,certified-nursing-assistant-per-diem-prn-pantego-tx,23.65,cna
Paonia,certified-nursing-assistant-per-diem-prn-paonia-co,23.65,cna
Papillion,certified-nursing-assistant-per-diem-prn-papillion-ne,25.14,cna
Parachute,certified-nursing-assistant-per-diem-prn-parachute-co,23.65,cna
Paradise,certified-nursing-assistant-per-diem-prn-paradise-nv,25.36,cna
Paragould,certified-nursing-assistant-per-diem-prn-paragould-ar,25.23,cna
Paramus,certified-nursing-assistant-per-diem-prn-paramus-nj,23.29,cna
Paris,certified-nursing-assistant-per-diem-prn-paris-tx,23.65,cna
Paris South Paris,certified-nursing-assistant-per-diem-prn-paris-south-paris-me,21.76,cna
Park City,certified-nursing-assistant-per-diem-prn-park-city-ut,26.93,cna
Park Forest IL,certified-nursing-assistant-per-diem-prn-park-forest-il,23.65,cna
Park River,certified-nursing-assistant-per-diem-prn-park-river-nd,23.87,cna
Parker AZ,certified-nursing-assistant-per-diem-prn-parker-az,26.03,cna
Parker CO,certified-nursing-assistant-per-diem-prn-parker-co,23.65,cna
Parkersburg,certified-nursing-assistant-per-diem-prn-parkersburg-wv,25.44,cna
Parkland,certified-nursing-assistant-per-diem-prn-parkland-fl,23.65,cna
Parkville MD,certified-nursing-assistant-per-diem-prn-parkville-md,23.65,cna
Parma,certified-nursing-assistant-per-diem-prn-parma-oh,25.77,cna
Parma Heights,certified-nursing-assistant-per-diem-prn-parma-heights-oh,25.23,cna
Parowan,certified-nursing-assistant-per-diem-prn-parowan-ut,26.93,cna
Parrish,certified-nursing-assistant-per-diem-prn-parrish-fl,23.65,cna
Parsons TN,certified-nursing-assistant-per-diem-prn-parsons-tn-3bd68,23.65,cna
Pasadena CA,certified-nursing-assistant-per-diem-prn-pasadena-ca,23.65,cna
Pasadena TX,certified-nursing-assistant-per-diem-prn-pasadena-tx,23.65,cna
Pasadenaa,certified-nursing-assistant-per-diem-prn-pasadenaa-tx,21.46,cna
Pascagoula,certified-nursing-assistant-per-diem-prn-pascagoula-ms,25.54,cna
Pasco WA,certified-nursing-assistant-per-diem-prn-pasco-wa,26.93,cna
Passaic,certified-nursing-assistant-per-diem-prn-passaic-nj,23.29,cna
Patagonia,certified-nursing-assistant-per-diem-prn-patagonia-az,26.03,cna
Patchogue,certified-nursing-assistant-per-diem-prn-patchogue-ny,23.65,cna
Paterson,certified-nursing-assistant-per-diem-prn-paterson-nj,23.29,cna
Pattison,certified-nursing-assistant-per-diem-prn-pattison-tx,23.65,cna
Pawtucket,certified-nursing-assistant-per-diem-prn-pawtucket-ri,20.22,cna
Payette,certified-nursing-assistant-per-diem-prn-payette-id,23.65,cna
Paynesville,certified-nursing-assistant-per-diem-prn-paynesville-mn,23.65,cna
Payson AZ,certified-nursing-assistant-per-diem-prn-payson-az,26.03,cna
Payson UT,certified-nursing-assistant-per-diem-prn-payson-ut,26.93,cna
Peabody,certified-nursing-assistant-per-diem-prn-peabody-ma,25.00,cna
Peachtree City,certified-nursing-assistant-per-diem-prn-peachtree-city-ga,25.23,cna
Peachtree Corners,certified-nursing-assistant-per-diem-prn-peachtree-corners-ga,26.31,cna
Pearblossom,certified-nursing-assistant-per-diem-prn-pearblossom-ca,23.65,cna
Pearce,certified-nursing-assistant-per-diem-prn-pearce-az,26.03,cna
Pearl,certified-nursing-assistant-per-diem-prn-pearl-ms,25.65,cna
Pearl City,certified-nursing-assistant-per-diem-prn-pearl-city-hi,25.20,cna
Pearland,certified-nursing-assistant-per-diem-prn-pearland-tx,23.65,cna
Pearsall,certified-nursing-assistant-per-diem-prn-pearsall-tx,23.65,cna
Pecos,certified-nursing-assistant-per-diem-prn-pecos-tx,23.65,cna
Pekin,certified-nursing-assistant-per-diem-prn-pekin-il,25.89,cna
Pelham,certified-nursing-assistant-per-diem-prn-pelham-al,25.30,cna
Pella IA,certified-nursing-assistant-per-diem-prn-pella-ia,23.65,cna
Pembroke Pines FL,certified-nursing-assistant-per-diem-prn-pembroke-pines-fl,23.65,cna
Pendleton,certified-nursing-assistant-per-diem-prn-pendleton-or,26.93,cna
Penitas,certified-nursing-assistant-per-diem-prn-penitas-tx,23.89,cna
Penn Hills,certified-nursing-assistant-per-diem-prn-penn-hills-pa,25.61,cna
Pennington Gap,certified-nursing-assistant-per-diem-prn-pennington-gap-va,25.29,cna
Pensacola FL,certified-nursing-assistant-per-diem-prn-pensacola-fl,23.89,cna
Pensacola North Central Pensacola,certified-nursing-assistant-per-diem-prn-pensacola-north-central-pensacola-fl,25.65,cna
Peoria AZ,certified-nursing-assistant-per-diem-prn-peoria-az,26.03,cna
Peoria IL,certified-nursing-assistant-per-diem-prn-peoria-il,25.89,cna
Peridot,certified-nursing-assistant-per-diem-prn-peridot-az,26.03,cna
Perrine,certified-nursing-assistant-per-diem-prn-perrine-fl,23.89,cna
Perry,certified-nursing-assistant-per-diem-prn-perry-fl,23.89,cna
Perrysburg,certified-nursing-assistant-per-diem-prn-perrysburg-oh,25.25,cna
Perryton,certified-nursing-assistant-per-diem-prn-perryton-tx,23.89,cna
Perryville KY,certified-nursing-assistant-per-diem-prn-perryville-ky,23.89,cna
Petaluma,certified-nursing-assistant-per-diem-prn-petaluma-ca,23.89,cna
Peterborough,certified-nursing-assistant-per-diem-prn-peterborough-nh,23.87,cna
Petoskey,certified-nursing-assistant-per-diem-prn-petoskey-mi,23.89,cna
Peyton,certified-nursing-assistant-per-diem-prn-peyton-co,23.89,cna
Pflugerville,certified-nursing-assistant-per-diem-prn-pflugerville-tx,23.89,cna
Pharr,certified-nursing-assistant-per-diem-prn-pharr-tx,23.89,cna
Phenix City,certified-nursing-assistant-per-diem-prn-phenix-city-al-033c0,23.89,cna
Philadelphia North Philadelphia,certified-nursing-assistant-per-diem-prn-philadelphia-north-philadelphia-pa,25.00,cna
Philadelphia Northeast Philadelphia,certified-nursing-assistant-per-diem-prn-philadelphia-northeast-philadelphia-pa,25.22,cna
Philadelphia PA,per-diem-philadelphia-pa,26.38,cna
Phillipsburg KS,certified-nursing-assistant-per-diem-prn-phillipsburg-ks,23.87,cna
Phoenix,per-diem-phoenix-az,26.88,cna
Phoenix Camelback East Village,certified-nursing-assistant-per-diem-prn-phoenix-camelback-east-village-az,25.47,cna
Phoenix Deer Valley,certified-nursing-assistant-per-diem-prn-phoenix-deer-valley-az,25.92,cna
Phoenix Denali Financial Center,certified-nursing-assistant-per-diem-prn-phoenix-denali-financial-center-az,25.61,cna
Phoenix Estrella Village,certified-nursing-assistant-per-diem-prn-phoenix-estrella-village-az,25.99,cna
Phoenix Midtown,certified-nursing-assistant-per-diem-prn-phoenix-midtown-az,25.38,cna
Phoenix North Mountain Village,certified-nursing-assistant-per-diem-prn-phoenix-north-mountain-village-az,25.48,cna
Phoenix Paradise Valley Village,certified-nursing-assistant-per-diem-prn-phoenix-paradise-valley-village-az,25.61,cna
Pickerington,certified-nursing-assistant-per-diem-prn-pickerington-oh,25.54,cna
Pierce,certified-nursing-assistant-per-diem-prn-pierce-id,23.89,cna
Pierceton,certified-nursing-assistant-per-diem-prn-pierceton-in,23.89,cna
Pierre,certified-nursing-assistant-per-diem-prn-pierre-sd,25.03,cna
Pierson,certified-nursing-assistant-per-diem-prn-pierson-fl,23.89,cna
Pigeon,certified-nursing-assistant-per-diem-prn-pigeon-mi,23.89,cna
Pike Creek Valley,certified-nursing-assistant-per-diem-prn-pike-creek-valley-de,25.56,cna
Pikeville KY,certified-nursing-assistant-per-diem-prn-pikeville-ky,23.89,cna
Pilot Point,certified-nursing-assistant-per-diem-prn-pilot-point-tx,23.89,cna
Pine Bluff,certified-nursing-assistant-per-diem-prn-pine-bluff-ar,25.95,cna
Pine Hills,certified-nursing-assistant-per-diem-prn-pine-hills-fl,25.54,cna
Pineland,certified-nursing-assistant-per-diem-prn-pineland-tx,23.89,cna
Pinellas Park,certified-nursing-assistant-per-diem-prn-pinellas-park-fl,23.89,cna
Pipestone,certified-nursing-assistant-per-diem-prn-pipestone-mn,27.12,cna
Piqua,certified-nursing-assistant-per-diem-prn-piqua-oh,25.99,cna
Pittsburg,certified-nursing-assistant-per-diem-prn-pittsburg-ks,25.23,cna
Pittsburg,certified-nursing-assistant-per-diem-prn-pittsburg-tx,24.04,cna
Pittsburgh PA,certified-nursing-assistant-per-diem-prn-pittsburgh-pa,25.89,cna
Pittsfield,certified-nursing-assistant-per-diem-prn-pittsfield-ma,24.04,cna
Plainfield,certified-nursing-assistant-per-diem-prn-plainfield-ct,27.12,cna
Plainfield,certified-nursing-assistant-per-diem-prn-plainfield-in,25.23,cna
Plains,certified-nursing-assistant-per-diem-prn-plains-tx,24.04,cna
Plainview,certified-nursing-assistant-per-diem-prn-plainview-tx,24.04,cna
Plano TX,certified-nursing-assistant-per-diem-prn-plano-tx,24.04,cna
Plant City,certified-nursing-assistant-per-diem-prn-plant-city-fl,24.04,cna
Plantation,certified-nursing-assistant-per-diem-prn-plantation-fl,24.04,cna
Plantation City,certified-nursing-assistant-per-diem-prn-plantation-city-fl,25.47,cna
Platte,certified-nursing-assistant-per-diem-prn-platte-sd,25.21,cna
Pleasant Grove,certified-nursing-assistant-per-diem-prn-pleasant-grove-ut,26.93,cna
Pleasant View,certified-nursing-assistant-per-diem-prn-pleasant-view-ut,26.93,cna
Pleasanton,certified-nursing-assistant-per-diem-prn-pleasanton-tx,24.04,cna
Pleasantville,certified-nursing-assistant-per-diem-prn-pleasantville-nj,22.11,cna
Pleasantville TN,certified-nursing-assistant-per-diem-prn-pleasantville-tn,24.04,cna
Plentywood,certified-nursing-assistant-per-diem-prn-plentywood-mt,23.87,cna
Plum borough,certified-nursing-assistant-per-diem-prn-plum-borough-pa,25.85,cna
Plummer,certified-nursing-assistant-per-diem-prn-plummer-id,24.04,cna
Plymouth,certified-nursing-assistant-per-diem-prn-plymouth-ma,25.61,cna
Plymouth,certified-nursing-assistant-per-diem-prn-plymouth-mn,25.66,cna
Plymouth,certified-nursing-assistant-per-diem-prn-plymouth-nh,23.87,cna
Pocatello,certified-nursing-assistant-per-diem-prn-pocatello-id,22.45,cna
Poinciana,certified-nursing-assistant-per-diem-prn-poinciana-fl,25.95,cna
Polacca,certified-nursing-assistant-per-diem-prn-polacca-az,26.03,cna
Pompano Beach FL,certified-nursing-assistant-per-diem-prn-pompano-beach-fl,24.04,cna
Ponca City,certified-nursing-assistant-per-diem-prn-ponca-city-ok,25.03,cna
Ponderay,certified-nursing-assistant-per-diem-prn-ponderay-id,24.04,cna
Ponte Vedra,certified-nursing-assistant-per-diem-prn-ponte-vedra-fl,24.04,cna
Ponte Vedra Beach,certified-nursing-assistant-per-diem-prn-ponte-vedra-beach-fl,24.04,cna
Pontiac IL,certified-nursing-assistant-per-diem-prn-pontiac-il,25.89,cna
Pontiac MI,certified-nursing-assistant-per-diem-prn-pontiac-mi,24.04,cna
Port Angeles,certified-nursing-assistant-per-diem-prn-port-angeles-wa,23.29,cna
Port Arthur,certified-nursing-assistant-per-diem-prn-port-arthur-tx,24.04,cna
Port Bolivar,certified-nursing-assistant-per-diem-prn-port-bolivar-tx,24.04,cna
Port Charlotte FL,certified-nursing-assistant-per-diem-prn-port-charlotte-fl,16.35,cna
Port Huron,certified-nursing-assistant-per-diem-prn-port-huron-mi,24.04,cna
Port Isabel,certified-nursing-assistant-per-diem-prn-port-isabel-tx,24.04,cna
Port Lavaca,certified-nursing-assistant-per-diem-prn-port-lavaca-tx,24.04,cna
Port Murray,certified-nursing-assistant-per-diem-prn-port-murray-nj,24.04,cna
Port Orange,certified-nursing-assistant-per-diem-prn-port-orange-fl,24.04,cna
Port Orford,certified-nursing-assistant-per-diem-prn-port-orford-or,26.93,cna
Port Richey,certified-nursing-assistant-per-diem-prn-port-richey-fl,24.04,cna
Port Saint Joe,certified-nursing-assistant-per-diem-prn-port-saint-joe-fl,24.04,cna
Port St. Lucie,certified-nursing-assistant-per-diem-prn-port-st-lucie-fl,25.03,cna
Port St. Lucie FL,certified-nursing-assistant-per-diem-prn-port-saint-lucie-fl,24.04,cna
Portage,certified-nursing-assistant-per-diem-prn-portage-in,25.36,cna
Porter,certified-nursing-assistant-per-diem-prn-porter-tx,24.04,cna
Portland Creston - Kenilworth,certified-nursing-assistant-per-diem-prn-portland-creston-kenilworth-or,25.85,cna
Portland Cully,certified-nursing-assistant-per-diem-prn-portland-cully-or,25.99,cna
Portland Hazelwood,certified-nursing-assistant-per-diem-prn-portland-hazelwood-or,25.03,cna
Portland ME,certified-nursing-assistant-per-diem-prn-portland-me,26.03,cna
Portland Northeast Portland,certified-nursing-assistant-per-diem-prn-portland-northeast-portland-or,25.65,cna
Portland Northwest Portland,certified-nursing-assistant-per-diem-prn-portland-northwest-portland-or,22.99,cna
Portland OR,per-diem-portland-or,32.63,cna
Portland Powellhurst-Gilbert,certified-nursing-assistant-per-diem-prn-portland-powellhurst-gilbert-or,25.57,cna
Portland Wilkes Community Group,certified-nursing-assistant-per-diem-prn-portland-wilkes-community-group-or,25.47,cna
Portola Valley,certified-nursing-assistant-per-diem-prn-portola-valley-ca,24.04,cna
Portsmouth,certified-nursing-assistant-per-diem-prn-portsmouth-nh,23.87,cna
Portsmouth,certified-nursing-assistant-per-diem-prn-portsmouth-va,25.85,cna
Post,certified-nursing-assistant-per-diem-prn-post-tx,24.04,cna
Post Falls,certified-nursing-assistant-per-diem-prn-post-falls-id,24.04,cna
Poteet,certified-nursing-assistant-per-diem-prn-poteet-tx,24.04,cna
Poth,certified-nursing-assistant-per-diem-prn-poth-tx,24.04,cna
Potlatch,certified-nursing-assistant-per-diem-prn-potlatch-id,24.04,cna
Potomac,certified-nursing-assistant-per-diem-prn-potomac-md,25.53,cna
Powell,certified-nursing-assistant-per-diem-prn-powell-wy,25.77,cna
Powers MI,certified-nursing-assistant-per-diem-prn-powers-mi,24.04,cna
Powers OR,certified-nursing-assistant-per-diem-prn-powers-or,26.93,cna
Prairie City,certified-nursing-assistant-per-diem-prn-prairie-city-or,26.93,cna
Prairie Farm,certified-nursing-assistant-per-diem-prn-prairie-farm-wi,21.42,cna
Prairie Village,certified-nursing-assistant-per-diem-prn-prairie-village-ks,25.03,cna
Prairieville,certified-nursing-assistant-per-diem-prn-prairieville-la,25.14,cna
Prattville,certified-nursing-assistant-per-diem-prn-prattville-al,25.37,cna
Premont,certified-nursing-assistant-per-diem-prn-premont-tx,24.04,cna
Prescott,certified-nursing-assistant-per-diem-prn-prescott-az,26.03,cna
Prescott Valley,certified-nursing-assistant-per-diem-prn-prescott-valley-az,26.03,cna
Presidio,certified-nursing-assistant-per-diem-prn-presidio-tx,24.04,cna
Preston,certified-nursing-assistant-per-diem-prn-preston-id,24.04,cna
Price,certified-nursing-assistant-per-diem-prn-price-ut,26.93,cna
Priest River,certified-nursing-assistant-per-diem-prn-priest-river-id,24.04,cna
Primghar,certified-nursing-assistant-per-diem-prn-primghar-ia,24.04,cna
Prince Frederick,certified-nursing-assistant-per-diem-prn-prince-frederick-md-b8201,24.04,cna
Princess Anne,certified-nursing-assistant-per-diem-prn-princess-anne-md,23.87,cna
Princeton,certified-nursing-assistant-per-diem-prn-princeton-in,24.04,cna
Princeton,certified-nursing-assistant-per-diem-prn-princeton-nj,23.29,cna
Princeton,certified-nursing-assistant-per-diem-prn-princeton-wv,21.42,cna
Princeton FL,certified-nursing-assistant-per-diem-prn-princeton-fl,25.85,cna
Prineville,certified-nursing-assistant-per-diem-prn-prineville-or,26.93,cna
Prospect,certified-nursing-assistant-per-diem-prn-prospect-or,26.93,cna
Prospect Heights,certified-nursing-assistant-per-diem-prn-prospect-heights-ny,25.94,cna
Prosser,certified-nursing-assistant-per-diem-prn-prosser-wa,24.04,cna
Providence RI,certified-nursing-assistant-per-diem-prn-providence-ri,23.63,cna
Providence UT,certified-nursing-assistant-per-diem-prn-providence-ut,26.93,cna
Provo,per-diem-provo-ut,25.69,cna
Provo Foot Hills,certified-nursing-assistant-per-diem-prn-provo-foot-hills-ut,25.74,cna
Pueblo,certified-nursing-assistant-per-diem-prn-pueblo-co,20.53,cna
Pueblo West,certified-nursing-assistant-per-diem-prn-pueblo-west-co,24.04,cna
Pulaski,certified-nursing-assistant-per-diem-prn-pulaski-va,25.29,cna
Pullman,certified-nursing-assistant-per-diem-prn-pullman-wa,23.77,cna
Punta Gorda FL,certified-nursing-assistant-per-diem-prn-punta-gorda-fl,24.45,cna
Puyallup,certified-nursing-assistant-per-diem-prn-puyallup-wa,23.29,cna
Quanah,certified-nursing-assistant-per-diem-prn-quanah-tx,24.45,cna
Queen Creek,certified-nursing-assistant-per-diem-prn-queen-creek-az,26.03,cna
Quincy,certified-nursing-assistant-per-diem-prn-quincy-ma,25.49,cna
Quincy CA,certified-nursing-assistant-per-diem-prn-quincy-ca,24.45,cna
Quincy FL,certified-nursing-assistant-per-diem-prn-quincy-fl,24.45,cna
Quinlan,certified-nursing-assistant-per-diem-prn-quinlan-tx,24.45,cna
Quitman,certified-nursing-assistant-per-diem-prn-quitman-tx,24.45,cna
Racine,certified-nursing-assistant-per-diem-prn-racine-wi,25.78,cna
Radcliff,certified-nursing-assistant-per-diem-prn-radcliff-ky,25.25,cna
Radnor,certified-nursing-assistant-per-diem-prn-radnor-pa,25.38,cna
Raleigh NC,certified-nursing-assistant-per-diem-prn-raleigh-nc,25.85,cna
Raleigh North Boylan,certified-nursing-assistant-per-diem-prn-raleigh-north-boylan-nc,24.78,cna
Raleigh North Hills,certified-nursing-assistant-per-diem-prn-raleigh-north-hills-nc,25.93,cna
Ralls,certified-nursing-assistant-per-diem-prn-ralls-tx,24.45,cna
Ramapo,certified-nursing-assistant-per-diem-prn-ramapo-ny,25.23,cna
Rancho Cucamonga CA,certified-nursing-assistant-per-diem-prn-rancho-cucamonga-ca-e32ed,24.45,cna
Rancho Mission Viejo,certified-nursing-assistant-per-diem-prn-rancho-mission-viejo-ca,23.77,cna
Randallstown,certified-nursing-assistant-per-diem-prn-randallstown-md,25.64,cna
Randolph,certified-nursing-assistant-per-diem-prn-randolph-vt,21.42,cna
Rangely,certified-nursing-assistant-per-diem-prn-rangely-co,24.45,cna
Ranger,certified-nursing-assistant-per-diem-prn-ranger-tx,24.45,cna
Rank,certified-nursing-assistant-per-diem-prn-rank-de,25.75,cna
Rankin,certified-nursing-assistant-per-diem-prn-rankin-tx,24.45,cna
Ranshaw,certified-nursing-assistant-per-diem-prn-ranshaw-pa,25.21,cna
Ranson,certified-nursing-assistant-per-diem-prn-ranson-wv,21.42,cna
Rapid City,certified-nursing-assistant-per-diem-prn-rapid-city-sd,25.23,cna
Rathdrum,certified-nursing-assistant-per-diem-prn-rathdrum-id,24.45,cna
Rawlins,certified-nursing-assistant-per-diem-prn-rawlins-wy,25.87,cna
Raymond,certified-nursing-assistant-per-diem-prn-raymond-wa,26.93,cna
Raymondville,certified-nursing-assistant-per-diem-prn-raymondville-tx,24.45,cna
Raymore,certified-nursing-assistant-per-diem-prn-raymore-mo,25.32,cna
Raytown,certified-nursing-assistant-per-diem-prn-raytown-mo,25.54,cna
Reading City,certified-nursing-assistant-per-diem-prn-reading-city-pa,25.47,cna
Red Cloud,certified-nursing-assistant-per-diem-prn-red-cloud-ne,22.91,cna
Red Oak,certified-nursing-assistant-per-diem-prn-red-oak-tx,24.45,cna
Redan,certified-nursing-assistant-per-diem-prn-redan-ga,25.85,cna
Reddick,certified-nursing-assistant-per-diem-prn-reddick-fl,24.45,cna
Redding,certified-nursing-assistant-per-diem-prn-redding-ca,24.45,cna
Redlands South Redlands,certified-nursing-assistant-per-diem-prn-redlands-south-redlands-ca,25.61,cna
Redmond,certified-nursing-assistant-per-diem-prn-redmond-or,26.93,cna
Redmond,certified-nursing-assistant-per-diem-prn-redmond-wa,25.36,cna
Redwood City,certified-nursing-assistant-per-diem-prn-redwood-city-ca,24.45,cna
Reedsburg,certified-nursing-assistant-per-diem-prn-reedsburg-wi,21.42,cna
Reedsport,certified-nursing-assistant-per-diem-prn-reedsport-or,26.93,cna
Refugio,certified-nursing-assistant-per-diem-prn-refugio-tx,24.45,cna
Reno NV,per-diem-reno-nv,24.57,cna
Renton,certified-nursing-assistant-per-diem-prn-renton-wa,24.45,cna
Republic,certified-nursing-assistant-per-diem-prn-republic-wa,26.93,cna
Reston Reston VA,certified-nursing-assistant-per-diem-prn-reston-va,25.29,cna
Revere,certified-nursing-assistant-per-diem-prn-revere-ma,25.23,cna
Rexburg,certified-nursing-assistant-per-diem-prn-rexburg-id,24.45,cna
Reynoldsburg,certified-nursing-assistant-per-diem-prn-reynoldsburg-oh,25.66,cna
Rhinebeck,certified-nursing-assistant-per-diem-prn-rhinebeck-ny,22.91,cna
Rib Lake,certified-nursing-assistant-per-diem-prn-rib-lake-wi,21.42,cna
Riceville SC,certified-nursing-assistant-per-diem-prn-riceville-ia,24.45,cna
Richardson,certified-nursing-assistant-per-diem-prn-richardson-tx,24.45,cna
Richfield,certified-nursing-assistant-per-diem-prn-richfield-mn,26.13,cna
Richfield UT,certified-nursing-assistant-per-diem-prn-richfield-ut,26.93,cna
Richland Center,certified-nursing-assistant-per-diem-prn-richland-center-wi,21.42,cna
Richland Hills,certified-nursing-assistant-per-diem-prn-richland-hills-tx,24.45,cna
Richland WA,certified-nursing-assistant-per-diem-prn-richland-wa,26.93,cna
Richmond,certified-nursing-assistant-per-diem-prn-richmond-in,25.99,cna
Richmond,certified-nursing-assistant-per-diem-prn-richmond-ky,25.47,cna
Richmond TX,certified-nursing-assistant-per-diem-prn-richmond-tx,24.45,cna
Richmond VA,certified-nursing-assistant-per-diem-prn-richmond-va,25.29,cna
Richmond West,certified-nursing-assistant-per-diem-prn-richmond-west-fl,25.65,cna
Richwood,certified-nursing-assistant-per-diem-prn-richwood-tx,24.45,cna
Ridge Manor,certified-nursing-assistant-per-diem-prn-ridge-manor-fl,24.45,cna
Ridgeland,certified-nursing-assistant-per-diem-prn-ridgeland-ms,25.03,cna
Ridley,certified-nursing-assistant-per-diem-prn-ridley-pa,25.68,cna
Rifle,certified-nursing-assistant-per-diem-prn-rifle-co,24.45,cna
Rigby,certified-nursing-assistant-per-diem-prn-rigby-id,24.45,cna
Riggins,certified-nursing-assistant-per-diem-prn-riggins-id,24.45,cna
Rio Grande City,certified-nursing-assistant-per-diem-prn-rio-grande-city-tx,24.45,cna
Rio Hondo,certified-nursing-assistant-per-diem-prn-rio-hondo-tx,24.45,cna
Rio Rancho,certified-nursing-assistant-per-diem-prn-rio-rancho-nm,25.89,cna
Rio Rico,certified-nursing-assistant-per-diem-prn-rio-rico-az,26.03,cna
Ripley,certified-nursing-assistant-per-diem-prn-ripley-wv,21.42,cna
Rising Star,certified-nursing-assistant-per-diem-prn-rising-star-tx,24.45,cna
Riverdale,certified-nursing-assistant-per-diem-prn-riverdale-ut,26.93,cna
Riverside,certified-nursing-assistant-per-diem-prn-riverside-ri,24.45,cna
Riverside CA,certified-nursing-assistant-per-diem-prn-riverside-ca,29.11,cna
Riverside OH,certified-nursing-assistant-per-diem-prn-riverside-oh,25.74,cna
Riverton,certified-nursing-assistant-per-diem-prn-riverton-wy,25.53,cna
Riverton UT,certified-nursing-assistant-per-diem-prn-riverton-ut,26.93,cna
Riverview,certified-nursing-assistant-per-diem-prn-riverview-fl,24.45,cna
Riviera Beach,certified-nursing-assistant-per-diem-prn-riviera-beach-fl,24.45,cna
Roanoke,certified-nursing-assistant-per-diem-prn-roanoke-va,25.99,cna
Robert Lee,certified-nursing-assistant-per-diem-prn-robert-lee-tx,24.45,cna
Roberts,certified-nursing-assistant-per-diem-prn-roberts-id,24.45,cna
Robinson,certified-nursing-assistant-per-diem-prn-robinson-tx,24.45,cna
Robstown,certified-nursing-assistant-per-diem-prn-robstown-tx,24.45,cna
Roby,certified-nursing-assistant-per-diem-prn-roby-tx,24.45,cna
Rochdale,certified-nursing-assistant-per-diem-prn-rochdale-ma,24.45,cna
Rochelle Park,certified-nursing-assistant-per-diem-prn-rochelle-park-nj,24.45,cna
Rochester,certified-nursing-assistant-per-diem-prn-rochester-mn,25.37,cna
Rochester,certified-nursing-assistant-per-diem-prn-rochester-nh,25.61,cna
Rochester city,certified-nursing-assistant-per-diem-prn-rochester-city-ny,25.54,cna
Rochester Hills,certified-nursing-assistant-per-diem-prn-rochester-hills-mi,25.47,cna
Rock Hill,certified-nursing-assistant-per-diem-prn-rock-hill-sc,25.43,cna
Rock Island IL,certified-nursing-assistant-per-diem-prn-rock-island-il,25.89,cna
Rock Point,certified-nursing-assistant-per-diem-prn-rock-point-az,26.03,cna
Rock Springs,certified-nursing-assistant-per-diem-prn-rock-springs-wy,25.38,cna
Rockaway,certified-nursing-assistant-per-diem-prn-rockaway-or,26.93,cna
Rockdale,certified-nursing-assistant-per-diem-prn-rockdale-tx,24.45,cna
Rockford IL,certified-nursing-assistant-per-diem-prn-rockford-il,25.89,cna
Rockingham,certified-nursing-assistant-per-diem-prn-rockingham-vt,25.32,cna
Rockledge,certified-nursing-assistant-per-diem-prn-rockledge-fl,24.45,cna
Rockport,certified-nursing-assistant-per-diem-prn-rockport-tx,24.45,cna
Rockville,certified-nursing-assistant-per-diem-prn-rockville-md,25.22,cna
Rockwall,certified-nursing-assistant-per-diem-prn-rockwall-tx,24.45,cna
Rockwell,certified-nursing-assistant-per-diem-prn-rockwell-ia,25.61,cna
Rocky Ford,certified-nursing-assistant-per-diem-prn-rocky-ford-co,24.67,cna
Rocky Mount,certified-nursing-assistant-per-diem-prn-rocky-mount-nc,25.38,cna
Rocky River,certified-nursing-assistant-per-diem-prn-rocky-river-oh,25.03,cna
Rogers,certified-nursing-assistant-per-diem-prn-rogers-ar,25.65,cna
Rolla MO,certified-nursing-assistant-per-diem-prn-rolla-mo,24.67,cna
Roma,certified-nursing-assistant-per-diem-prn-roma-tx,24.67,cna
Rome,certified-nursing-assistant-per-diem-prn-rome-ny,22.91,cna
Rome GA,certified-nursing-assistant-per-diem-prn-rome-ga,25.54,cna
Roosevelt,certified-nursing-assistant-per-diem-prn-roosevelt-ut,26.93,cna
Rose City,certified-nursing-assistant-per-diem-prn-rose-city-mi,24.67,cna
Rosebud,certified-nursing-assistant-per-diem-prn-rosebud-tx,24.67,cna
Roseburg,certified-nursing-assistant-per-diem-prn-roseburg-or,26.93,cna
Rosenberg,certified-nursing-assistant-per-diem-prn-rosenberg-tx,24.67,cna
Roseville,certified-nursing-assistant-per-diem-prn-roseville-mn,25.77,cna
Ross township,certified-nursing-assistant-per-diem-prn-ross-township-pa,25.47,cna
Roswell,certified-nursing-assistant-per-diem-prn-roswell-nm,26.10,cna
Roswell GA,certified-nursing-assistant-per-diem-prn-roswell-ga,25.92,cna
Rotan,certified-nursing-assistant-per-diem-prn-rotan-tx,24.67,cna
Round Rock,certified-nursing-assistant-per-diem-prn-round-rock-tx,24.67,cna
Rowlett,certified-nursing-assistant-per-diem-prn-rowlett-tx,24.67,cna
Roy,certified-nursing-assistant-per-diem-prn-roy-ut,26.93,cna
Royal Oak,certified-nursing-assistant-per-diem-prn-royal-oak-mi,26.11,cna
Royal Palm Beach,certified-nursing-assistant-per-diem-prn-royal-palm-beach-fl,24.67,cna
Royse City,certified-nursing-assistant-per-diem-prn-royse-city-tx,24.67,cna
Ruidoso,certified-nursing-assistant-per-diem-prn-ruidoso-nm,25.89,cna
Ruleville,certified-nursing-assistant-per-diem-prn-ruleville-ms,24.67,cna
Rupert,certified-nursing-assistant-per-diem-prn-rupert-id,24.67,cna
Rural Retreat,certified-nursing-assistant-per-diem-prn-rural-retreat-va,25.29,cna
Rushville,certified-nursing-assistant-per-diem-prn-rushville-il,25.89,cna
Rusk,certified-nursing-assistant-per-diem-prn-rusk-tx,24.67,cna
Ruskin,certified-nursing-assistant-per-diem-prn-ruskin-fl,24.67,cna
Russellville,certified-nursing-assistant-per-diem-prn-russellville-ar,25.00,cna
Ruston LA,certified-nursing-assistant-per-diem-prn-ruston-la-6c77e,24.67,cna
Rutland,certified-nursing-assistant-per-diem-prn-rutland-vt,21.42,cna
Rutland city,certified-nursing-assistant-per-diem-prn-rutland-city-vt,25.57,cna
Rye,certified-nursing-assistant-per-diem-prn-rye-nh,22.91,cna
Sabinal,certified-nursing-assistant-per-diem-prn-sabinal-tx,24.67,cna
Sacaton,certified-nursing-assistant-per-diem-prn-sacaton-az,26.03,cna
Sachse,certified-nursing-assistant-per-diem-prn-sachse-tx,24.67,cna
Saco,certified-nursing-assistant-per-diem-prn-saco-me,25.75,cna
Sacramento,certified-nursing-assistant-per-diem-prn-sacramento-ca,25.84,cna
Safety Harbor,certified-nursing-assistant-per-diem-prn-safety-harbor-fl,24.67,cna
Safford,certified-nursing-assistant-per-diem-prn-safford-az,26.03,cna
Saginaw,certified-nursing-assistant-per-diem-prn-saginaw-tx,24.67,cna
Sahuarita,certified-nursing-assistant-per-diem-prn-sahuarita-az,26.03,cna
Saint Anthony,certified-nursing-assistant-per-diem-prn-saint-anthony-id,24.67,cna
Saint Augustine,certified-nursing-assistant-per-diem-prn-saint-augustine-fl,24.67,cna
Saint Cloud,certified-nursing-assistant-per-diem-prn-saint-cloud-fl,24.67,cna
Saint Helens,certified-nursing-assistant-per-diem-prn-saint-helens-or,26.93,cna
Saint Ignace,certified-nursing-assistant-per-diem-prn-saint-ignace-mi,24.67,cna
Saint James City,certified-nursing-assistant-per-diem-prn-saint-james-city-fl,24.67,cna
Saint Jo,certified-nursing-assistant-per-diem-prn-saint-jo,24.67,cna
Saint Johns,certified-nursing-assistant-per-diem-prn-saint-johns-az,26.03,cna
Saint Johnsbury,certified-nursing-assistant-per-diem-prn-saint-johnsbury-vt,21.42,cna
Saint Louis,certified-nursing-assistant-per-diem-prn-saint-louis-mo,24.76,cna
Saint Maries,certified-nursing-assistant-per-diem-prn-saint-maries-id,24.67,cna
Saint Petersburg FL,certified-nursing-assistant-per-diem-prn-saint-petersburg-fl,24.67,cna
Saint Rose,certified-nursing-assistant-per-diem-prn-saint-rose-la,24.67,cna
Salem,certified-nursing-assistant-per-diem-prn-salem-ma,25.57,cna
Salem NJ,certified-nursing-assistant-per-diem-prn-salem-nj,25.89,cna
Salem OR,per-diem-salem-or,25.21,cna
Salem UT,certified-nursing-assistant-per-diem-prn-salem-ut,26.93,cna
Salem VA,certified-nursing-assistant-per-diem-prn-salem-va,25.29,cna
Salem West Salem,certified-nursing-assistant-per-diem-prn-salem-west-salem-or,25.49,cna
Salida,certified-nursing-assistant-per-diem-prn-salida-co,24.67,cna
Salina KS,certified-nursing-assistant-per-diem-prn-salina-ks,22.91,cna
Salina UT,certified-nursing-assistant-per-diem-prn-salina-ut,26.93,cna
Salinas,certified-nursing-assistant-per-diem-prn-salinas-ca,25.54,cna
Salisbury,certified-nursing-assistant-per-diem-prn-salisbury-nc,25.64,cna
Salmon,certified-nursing-assistant-per-diem-prn-salmon-id,24.67,cna
Salome,certified-nursing-assistant-per-diem-prn-salome-az,26.03,cna
Salt Flat,certified-nursing-assistant-per-diem-prn-salt-flat-tx,24.67,cna
Salt Lake City,per-diem-salt-lake-city-ut,23.33,cna
Salt Lake City Central City,certified-nursing-assistant-per-diem-prn-salt-lake-city-central-city-ut,24.53,cna
Salt Lake City Sugar House,certified-nursing-assistant-per-diem-prn-salt-lake-city-sugar-house-ut,25.38,cna
Salt Lake City The Avenues,certified-nursing-assistant-per-diem-prn-salt-lake-city-the-avenues-ut,25.03,cna
Saluda NC,certified-nursing-assistant-per-diem-prn-saluda-nc,23.44,cna
Sammamish,certified-nursing-assistant-per-diem-prn-sammamish-wa,25.99,cna
San Angelo,certified-nursing-assistant-per-diem-prn-san-angelo-tx,24.67,cna
San Antonio Far West Side,certified-nursing-assistant-per-diem-prn-san-antonio-far-west-side-tx,25.43,cna
San Antonio Main/Military Plaza,certified-nursing-assistant-per-diem-prn-san-antonio-main-military-plaza-tx,25.20,cna
San Antonio Northeast Side,certified-nursing-assistant-per-diem-prn-san-antonio-northeast-side-tx,25.36,cna
San Antonio Northwest Side,certified-nursing-assistant-per-diem-prn-san-antonio-northwest-side-tx,25.43,cna
San Antonio TX,per-diem-san-antonio-tx,19.13,cna
San Augustine,certified-nursing-assistant-per-diem-prn-san-augustine-tx,24.67,cna
San Benito,certified-nursing-assistant-per-diem-prn-san-benito-tx,24.67,cna
San Bernadino CA,certified-nursing-assistant-per-diem-prn-san-bernadino-ca,23.29,cna
San Bernardino,certified-nursing-assistant-per-diem-prn-san-bernardino-ca,25.23,cna
San Clemente,certified-nursing-assistant-per-diem-prn-san-clemente-ca,24.67,cna
San Diego CA,certified-nursing-assistant-per-diem-prn-san-diego-ca,27.10,cna
San Diego TX,certified-nursing-assistant-per-diem-prn-san-diego-tx,24.67,cna
San Elizario,certified-nursing-assistant-per-diem-prn-san-elizario-tx,24.67,cna
San Francisco,certified-nursing-assistant-per-diem-prn-san-francisco-ca,25.83,cna
San Francisco Excelsior,certified-nursing-assistant-per-diem-prn-san-francisco-excelsior-ca,25.38,cna
San Francisco Japantown,certified-nursing-assistant-per-diem-prn-san-francisco-japantown-ca,25.23,cna
San Francisco Lone Mountain,certified-nursing-assistant-per-diem-prn-san-francisco-lone-mountain-ca,25.95,cna
San Francisco Lower Nob Hill,certified-nursing-assistant-per-diem-prn-san-francisco-lower-nob-hill-ca,25.23,cna
San Francisco North Beach,certified-nursing-assistant-per-diem-prn-san-francisco-north-beach-ca,26.10,cna
San Jose,certified-nursing-assistant-per-diem-prn-san-jose-ca,24.12,cna
San Juan,certified-nursing-assistant-per-diem-prn-san-juan-tx,24.67,cna
San Juan Capistrano,certified-nursing-assistant-per-diem-prn-san-juan-capistrano-ca,24.67,cna
San Luis,certified-nursing-assistant-per-diem-prn-san-luis-az,26.03,cna
San Manuel,certified-nursing-assistant-per-diem-prn-san-manuel-az,26.03,cna
San Marcos TX,certified-nursing-assistant-per-diem-prn-san-marcos-tx,24.67,cna
San Pablo,certified-nursing-assistant-per-diem-prn-san-pablo-ca,24.67,cna
San Rafael,certified-nursing-assistant-per-diem-prn-san-rafael-ca,24.67,cna
San Ramon,certified-nursing-assistant-per-diem-prn-san-ramon-ca,24.96,cna
San Saba,certified-nursing-assistant-per-diem-prn-san-saba-tx,24.96,cna
San Tan Valley AZ,certified-nursing-assistant-per-diem-prn-san-tan-valley-az,26.03,cna
Sanderson,certified-nursing-assistant-per-diem-prn-sanderson-tx,24.96,cna
Sandpoint,certified-nursing-assistant-per-diem-prn-sandpoint-id,24.96,cna
Sandusky,certified-nursing-assistant-per-diem-prn-sandusky-oh,25.59,cna
Sandy OR,certified-nursing-assistant-per-diem-prn-sandy-or,26.93,cna
Sandy Spring,certified-nursing-assistant-per-diem-prn-sandy-spring-md,24.08,cna
Sandy Springs,certified-nursing-assistant-per-diem-prn-sandy-springs-ga,25.14,cna
Sandy UT,per-dem-sandy-ut,25.66,cna
Sanford,certified-nursing-assistant-per-diem-prn-sanford-me,21.98,cna
Sanford CO,certified-nursing-assistant-per-diem-prn-sanford-co,24.96,cna
Sanford FL,certified-nursing-assistant-per-diem-prn-sanford-fl,24.96,cna
Sanger,certified-nursing-assistant-per-diem-prn-sanger-tx,24.96,cna
Sanibel,certified-nursing-assistant-per-diem-prn-sanibel-fl,24.96,cna
Santa Ana,certified-nursing-assistant-per-diem-prn-santa-ana-ca,23.29,cna
Santa Barbara,certified-nursing-assistant-per-diem-prn-santa-barbara-ca,24.96,cna
Santa Clara CA,certified-nursing-assistant-per-diem-prn-santa-clara-ca,24.96,cna
Santa Clarita,certified-nursing-assistant-per-diem-prn-santa-clarita-ca,25.99,cna
Santa Cruz CA,certified-nursing-assistant-per-diem-prn-santa-cruz-ca,24.96,cna
Santa Fe,certified-nursing-assistant-per-diem-prn-santa-fe-nm,25.89,cna
Santa Maria,certified-nursing-assistant-per-diem-prn-santa-maria-ca,24.96,cna
Santa Rosa CA,certified-nursing-assistant-per-diem-prn-santa-rosa-ca,24.96,cna
Santa Rosa TX,certified-nursing-assistant-per-diem-prn-santa-rosa-tx,24.96,cna
Santaquin,certified-nursing-assistant-per-diem-prn-santaquin-ut,24.96,cna
Santo,certified-nursing-assistant-per-diem-prn-santo-tx,24.96,cna
Sapulpa,certified-nursing-assistant-per-diem-prn-sapulpa-ok,25.54,cna
Sarasota FL,certified-nursing-assistant-per-diem-prn-sarasota-fl,24.96,cna
Saratoga,certified-nursing-assistant-per-diem-prn-saratoga-ca,24.96,cna
Saratoga Springs,certified-nursing-assistant-per-diem-prn-saratoga-springs-ny,22.91,cna
Saratoga Springs,certified-nursing-assistant-per-diem-prn-saratoga-springs-ut,25.43,cna
Sarcoxie,certified-nursing-assistant-per-diem-prn-sarcoxie-mo,21.76,cna
Satellite Beach,certified-nursing-assistant-per-diem-prn-satellite-beach-fl,24.96,cna
Sauk City,certified-nursing-assistant-per-diem-prn-sauk-city-wi,21.42,cna
Savannah GA,certified-nursing-assistant-per-diem-prn-savannah-ga,27.12,cna
Savoy,certified-nursing-assistant-per-diem-prn-savoy-tx,24.96,cna
Scappoose,certified-nursing-assistant-per-diem-prn-scappoose-or,26.93,cna
Scarborough,certified-nursing-assistant-per-diem-prn-scarborough-me,24.96,cna
Schaumburg Ill,certified-nursing-assistant-per-diem-prn-schaumburg-il-85c6c,24.96,cna
Schenectady,certified-nursing-assistant-per-diem-prn-schenectady-ny,22.91,cna
Schertz TX,certified-nursing-assistant-per-diem-prn-schertz-tx,24.96,cna
Schulenburg,certified-nursing-assistant-per-diem-prn-schulenburg-tx,24.96,cna
Schurz,certified-nursing-assistant-per-diem-prn-schurz-nv,25.21,cna
Scobey,certified-nursing-assistant-per-diem-prn-scobey-mt,22.91,cna
Scotts Valley,certified-nursing-assistant-per-diem-prn-scotts-valley-ca,25.03,cna
Scottsbluff,certified-nursing-assistant-per-diem-prn-scottsbluff-ne,22.91,cna
Scottsdale,per-diem-scottsdale-az,26.99,cna
Scottsdale Central Scottsdale,certified-nursing-assistant-per-diem-prn-scottsdale-central-scottsdale-az,25.38,cna
Scottsdale Heatherwood,certified-nursing-assistant-per-diem-prn-scottsdale-heatherwood-az,25.25,cna
Scottsdale North Scottsdale,certified-nursing-assistant-per-diem-prn-scottsdale-north-scottsdale-az,25.57,cna
Scottsdale The Center At McDowell Mountain,certified-nursing-assistant-per-diem-prn-scottsdale-the-center-at-mcdowell-mountain-az,25.40,cna
Scottsdale The Park At Flw,certified-nursing-assistant-per-diem-prn-scottsdale-the-park-at-flw-az,26.11,cna
Scranton,certified-nursing-assistant-per-diem-prn-scranton-pa,25.54,cna
Scripps Ranch,certified-nursing-assistant-per-diem-prn-san-diego-scripps-ranch-ca,21.46,cna
Seabrook,certified-nursing-assistant-per-diem-prn-seabrook-tx,24.96,cna
Seagoville,certified-nursing-assistant-per-diem-prn-seagoville-tx,24.96,cna
Sealy,certified-nursing-assistant-per-diem-prn-sealy-tx,24.96,cna
Searcy,certified-nursing-assistant-per-diem-prn-searcy-ar,25.14,cna
Seaside,certified-nursing-assistant-per-diem-prn-seaside-or,26.93,cna
Seattle Fremont,certified-nursing-assistant-per-diem-prn-seattle-fremont-wa,25.57,cna
Seattle WA,certified-nursing-assistant-per-diem-prn-seattle-wa,32.23,cna
Sebastian,certified-nursing-assistant-per-diem-prn-sebastian-fl,24.96,cna
Sebring,certified-nursing-assistant-per-diem-prn-sebring-fl,24.96,cna
Secaucus NJ,certified-nursing-assistant-per-diem-prn-secaucus-nj,24.96,cna
Security-Widefield,certified-nursing-assistant-per-diem-prn-security-widefield-co,25.03,cna
Sedalia,certified-nursing-assistant-per-diem-prn-sedalia-mo,25.57,cna
Sedona,certified-nursing-assistant-per-diem-prn-sedona-az,26.03,cna
Sedro-Wooley,certified-nursing-assistant-per-diem-prn-sedro-wooley-wa,22.11,cna
Seguin TX,certified-nursing-assistant-per-diem-prn-seguin-tx,24.96,cna
Seligman,certified-nursing-assistant-per-diem-prn-seligman-az,26.03,cna
Sells,certified-nursing-assistant-per-diem-prn-sells-az,26.03,cna
Selma,certified-nursing-assistant-per-diem-prn-selma-tx,24.96,cna
Seminole FL,certified-nursing-assistant-per-diem-prn-seminole-fl,24.96,cna
Seminole TX,certified-nursing-assistant-per-diem-prn-seminole-tx,24.96,cna
Seneca SC,certified-nursing-assistant-per-diem-prn-seneca-sc,25.21,cna
Severn,certified-nursing-assistant-per-diem-prn-severn-md,25.93,cna
Severna Park,certified-nursing-assistant-per-diem-prn-severna-park-md,26.11,cna
Sewell,certified-nursing-assistant-per-diem-prn-sewell-nj,22.11,cna
Seymour,certified-nursing-assistant-per-diem-prn-seymour-in,24.96,cna
Seymour,certified-nursing-assistant-per-diem-prn-seymour-tx,24.96,cna
Shady Cove,certified-nursing-assistant-per-diem-prn-shady-cove-or,26.93,cna
Shaker Heights,certified-nursing-assistant-per-diem-prn-shaker-heights-oh,26.31,cna
Shakopee,certified-nursing-assistant-per-diem-prn-shakopee-mn,25.53,cna
Shaler,certified-nursing-assistant-per-diem-prn-shaler-pa,26.18,cna
Shalimar,certified-nursing-assistant-per-diem-prn-shalimar-fl,24.96,cna
Shamrock,certified-nursing-assistant-per-diem-prn-shamrock-tx,24.96,cna
Sharon Springs KS,certified-nursing-assistant-per-diem-prn-sharon-springs-ks,22.91,cna
Shawnee,certified-nursing-assistant-per-diem-prn-shawnee-ks,25.54,cna
Shawnee,certified-nursing-assistant-per-diem-prn-shawnee-ok,25.32,cna
Sheboygan,certified-nursing-assistant-per-diem-prn-sheboygan-wi,25.20,cna
Sheffield IA,certified-nursing-assistant-per-diem-prn-sheffield-ia,25.65,cna
Shelburne,certified-nursing-assistant-per-diem-prn-shelburne-vt,25.47,cna
Shelby NC,certified-nursing-assistant-per-diem-prn-shelby-nc,24.96,cna
Shelbyville,certified-nursing-assistant-per-diem-prn-shelbyville-ky,26.11,cna
Shelbyville,certified-nursing-assistant-per-diem-prn-shelbyville-tn,26.11,cna
Shelley,certified-nursing-assistant-per-diem-prn-shelley-id,24.96,cna
Shelton,certified-nursing-assistant-per-diem-prn-shelton-ct,25.61,cna
Shelton WA,certified-nursing-assistant-per-diem-prn-shelton-wa,26.93,cna
Shenandoah IA,certified-nursing-assistant-per-diem-prn-shenandoah-ia,24.96,cna
Shenandoah TX,certified-nursing-assistant-per-diem-prn-shenandoah-tx,24.96,cna
Shepherd,certified-nursing-assistant-per-diem-prn-shepherd-tx,24.96,cna
Sheppard Afb,certified-nursing-assistant-per-diem-prn-sheppard-afb-tx,25.28,cna
Sheridan,certified-nursing-assistant-per-diem-prn-sheridan-or,26.93,cna
Sheridan WY,certified-nursing-assistant-per-diem-prn-sheridan-wy,23.29,cna
Sherman,certified-nursing-assistant-per-diem-prn-sherman-tx,25.28,cna
Sherwood,certified-nursing-assistant-per-diem-prn-sherwood-ar,25.74,cna
Sherwood OR,certified-nursing-assistant-per-diem-prn-sherwood-or,26.93,cna
Shiner,certified-nursing-assistant-per-diem-prn-shiner-tx,25.28,cna
Shoreline,certified-nursing-assistant-per-diem-prn-shoreline-wa,25.28,cna
Shoshone,certified-nursing-assistant-per-diem-prn-shoshone-id,25.28,cna
Show Low AZ,certified-nursing-assistant-per-diem-prn-show-low-az,26.03,cna
"Shreveport Caddo Heights, South Highlands",certified-nursing-assistant-per-diem-prn-shreveport-caddo-heights-south-highlands-la,25.85,cna
Shreveport LA,certified-nursing-assistant-per-diem-prn-shreveport-la,25.28,cna
Shrewsbury NJ,certified-nursing-assistant-per-diem-prn-shrewsbury-nj,24.08,cna
Sibley,certified-nursing-assistant-per-diem-prn-sibley-la,25.28,cna
Sidney OH,certified-nursing-assistant-per-diem-prn-sidney-oh,25.36,cna
Sierra Blanca,certified-nursing-assistant-per-diem-prn-sierra-blanca-tx,25.28,cna
Sierra Vista,certified-nursing-assistant-per-diem-prn-sierra-vista-az,26.03,cna
Silsbee,certified-nursing-assistant-per-diem-prn-silsbee-tx,25.28,cna
Silver Spring,certified-nursing-assistant-per-diem-prn-silver-spring-md-6b277,25.85,cna
Silver Spring MD,certified-nursing-assistant-per-diem-prn-silver-spring-md,22.91,cna
Silver Springs FL,certified-nursing-assistant-per-diem-prn-silver-springs-fl,25.28,cna
Silver Springs NV,certified-nursing-assistant-per-diem-prn-silver-springs-nv,25.21,cna
Silverthorne,certified-nursing-assistant-per-diem-prn-silverthorne-co,25.28,cna
Silverton ID,certified-nursing-assistant-per-diem-prn-silverton-id,25.28,cna
Silverton OR,certified-nursing-assistant-per-diem-prn-silverton-or,26.93,cna
Silverton TX,certified-nursing-assistant-per-diem-prn-silverton-tx,25.28,cna
Simi Valley,certified-nursing-assistant-per-diem-prn-simi-valley-ca,25.28,cna
Simla,certified-nursing-assistant-per-diem-prn-simla-co,25.28,cna
Simpsonville,certified-nursing-assistant-per-diem-prn-simpsonville-sc,25.47,cna
Sinton,certified-nursing-assistant-per-diem-prn-sinton-tx,25.28,cna
Sioux City IA,certified-nursing-assistant-per-diem-prn-sioux-city-ia,25.28,cna
Sioux Falls,certified-nursing-assistant-per-diem-prn-sioux-falls-sd,25.21,cna
Sisseton,certified-nursing-assistant-per-diem-prn-sisseton-sd,25.21,cna
Sister Bay,certified-nursing-assistant-per-diem-prn-sister-bay-wi,21.42,cna
Sitka,certified-nursing-assistant-per-diem-prn-sitka-ak,25.21,cna
Skiatook,certified-nursing-assistant-per-diem-prn-skiatook-ok,21.46,cna
Skillman,certified-nursing-assistant-per-diem-prn-skillman-nj,24.08,cna
Skokie,certified-nursing-assistant-per-diem-prn-skokie-il-b12e8,25.28,cna
Slater-Marietta Marietta,certified-nursing-assistant-per-diem-prn-slater-marietta-marietta-sc,25.61,cna
Slaton,certified-nursing-assistant-per-diem-prn-slaton-tx,25.28,cna
Sleepy Hollow,certified-nursing-assistant-per-diem-prn-sleepy-hollow-ny,22.91,cna
Slidell,certified-nursing-assistant-per-diem-prn-slidell-la,25.85,cna
Smiley,certified-nursing-assistant-per-diem-prn-smiley-tx,25.28,cna
Smithfield,certified-nursing-assistant-per-diem-prn-smithfield-ri,25.28,cna
Smithfield,certified-nursing-assistant-per-diem-prn-smithfield-ut,25.28,cna
Smithtown,certified-nursing-assistant-per-diem-prn-smithtown-ny,25.74,cna
Smithville,certified-nursing-assistant-per-diem-prn-smithville-tx,25.28,cna
Smyrna,certified-nursing-assistant-per-diem-prn-smyrna-de,26.05,cna
Smyrna GA,certified-nursing-assistant-per-diem-prn-smyrna-ga,25.25,cna
Smyrna TN,certified-nursing-assistant-per-diem-prn-smyrna-tn,25.21,cna
Snohomish,certified-nursing-assistant-per-diem-prn-snohomish-wa,26.93,cna
Snoqualmie,certified-nursing-assistant-per-diem-prn-snoqualmie-wa,26.93,cna
Snow Hill,certified-nursing-assistant-per-diem-prn-snow-hill-md,23.44,cna
Snyder,certified-nursing-assistant-per-diem-prn-snyder-tx,25.28,cna
Socastee,certified-nursing-assistant-per-diem-prn-socastee-sc,25.68,cna
Socorro NM,certified-nursing-assistant-per-diem-prn-socorro-nm,25.89,cna
Socorro TX,certified-nursing-assistant-per-diem-prn-socorro-tx,25.65,cna
Soda Springs,certified-nursing-assistant-per-diem-prn-soda-springs-id,25.65,cna
Solon,certified-nursing-assistant-per-diem-prn-solon-oh,26.10,cna
Somerset,certified-nursing-assistant-per-diem-prn-somerset-tx,25.65,cna
Somerton,certified-nursing-assistant-per-diem-prn-somerton-az,26.03,cna
Somerville,certified-nursing-assistant-per-diem-prn-somerville-ma,25.85,cna
Somerville,certified-nursing-assistant-per-diem-prn-somerville-tx,25.65,cna
Sonora CA,certified-nursing-assistant-per-diem-prn-sonora-ca,25.65,cna
Sonora TX,certified-nursing-assistant-per-diem-prn-sonora-tx,25.65,cna
Sophia NC,certified-nursing-assistant-per-diem-prn-sophia-nc,25.65,cna
Sour Lake,certified-nursing-assistant-per-diem-prn-sour-lake-tx,25.65,cna
South Bend,certified-nursing-assistant-per-diem-prn-south-bend-in,25.03,cna
South Bend,certified-nursing-assistant-per-diem-prn-south-bend-wa,26.93,cna
South Burlington,certified-nursing-assistant-per-diem-prn-south-burlington-vt,25.66,cna
South Charleston,certified-nursing-assistant-per-diem-prn-south-charleston-wv,25.25,cna
South Daytona,certified-nursing-assistant-per-diem-prn-south-daytona-fl,25.65,cna
South Euclid,certified-nursing-assistant-per-diem-prn-south-euclid-oh,25.85,cna
South Fulton GA,certified-nursing-assistant-per-diem-prn-south-fulton-ga,25.45,cna
South Hill,certified-nursing-assistant-per-diem-prn-south-hill-wa,25.10,cna
South Jordan UT,certified-nursing-assistant-per-diem-prn-south-jordan-ut,26.93,cna
South Kingstown,certified-nursing-assistant-per-diem-prn-south-kingstown-ri,25.94,cna
South Miami,certified-nursing-assistant-per-diem-prn-south-miami-fl,25.65,cna
South Miami Heights,certified-nursing-assistant-per-diem-prn-south-miami-heights-fl,25.32,cna
South Milwaukee,certified-nursing-assistant-per-diem-prn-south-milwaukee-wi,25.65,cna
South Ogden,certified-nursing-assistant-per-diem-prn-south-ogden-ut,26.93,cna
South Paris,certified-nursing-assistant-per-diem-prn-south-paris-me,25.92,cna
South Pasadena,certified-nursing-assistant-per-diem-prn-south-pasadena-fl,25.65,cna
South Portland,certified-nursing-assistant-per-diem-prn-south-portland-me,25.65,cna
South Portland Cash Corner,certified-nursing-assistant-per-diem-prn-south-portland-cash-corner-me,25.22,cna
South Portland Knightville,certified-nursing-assistant-per-diem-prn-south-portland-knightville-me,24.53,cna
South Salt Lake,certified-nursing-assistant-per-diem-prn-south-salt-lake-ut,26.93,cna
South Valley,certified-nursing-assistant-per-diem-prn-south-valley-nm,25.74,cna
South Weber,certified-nursing-assistant-per-diem-prn-south-weber-ut,25.65,cna
Southampton town,certified-nursing-assistant-per-diem-prn-southampton-town-ny,26.18,cna
Southaven,certified-nursing-assistant-per-diem-prn-southaven-ms,25.64,cna
Southbury,certified-nursing-assistant-per-diem-prn-southbury-ct,26.10,cna
Southfield city,certified-nursing-assistant-per-diem-prn-southfield-city-mi,25.74,cna
Southington,certified-nursing-assistant-per-diem-prn-southington-ct,25.74,cna
Southlake,certified-nursing-assistant-per-diem-prn-southlake-tx,25.65,cna
Spanish Fork,certified-nursing-assistant-per-diem-prn-spanish-fork-ut,26.93,cna
Spanish Springs,certified-nursing-assistant-per-diem-prn-spanish-springs-nv,25.21,cna
Sparks,certified-nursing-assistant-per-diem-prn-sparks-nv,25.21,cna
Spartanburg SC,certified-nursing-assistant-per-diem-prn-spartanburg-sc,25.21,cna
Spearfish,certified-nursing-assistant-per-diem-prn-spearfish-sd,25.21,cna
Spearman,certified-nursing-assistant-per-diem-prn-spearman-tx,25.65,cna
Spencer IA,certified-nursing-assistant-per-diem-prn-spencer-ia,25.65,cna
Spencer IN,certified-nursing-assistant-per-diem-prn-spencer-in,25.65,cna
Spokane Valley,certified-nursing-assistant-per-diem-prn-spokane-valley-wa,25.65,cna
Spokane WA,certified-nursing-assistant-per-diem-prn-spokane-wa,32.34,cna
Spooner,certified-nursing-assistant-per-diem-prn-spooner-wi,21.42,cna
Spray,certified-nursing-assistant-per-diem-prn-spray-or,26.93,cna
Spring,certified-nursing-assistant-per-diem-prn-spring-tx,25.65,cna
Spring Branch,certified-nursing-assistant-per-diem-prn-spring-branch-tx,25.65,cna
Spring Hill,certified-nursing-assistant-per-diem-prn-spring-hill-fl,25.65,cna
Spring Hill,certified-nursing-assistant-per-diem-prn-spring-hill-tn,25.45,cna
Spring Valley,certified-nursing-assistant-per-diem-prn-spring-valley-nv,25.84,cna
Spring Valley,certified-nursing-assistant-per-diem-prn-spring-valley-wi,21.42,cna
Springdale,certified-nursing-assistant-per-diem-prn-springdale-ar,25.49,cna
Springer,certified-nursing-assistant-per-diem-prn-springer-nm,25.89,cna
Springerville AZ,certified-nursing-assistant-per-diem-prn-springerville-az,26.03,cna
Springettsbury,certified-nursing-assistant-per-diem-prn-springettsbury-pa,25.66,cna
Springfield CO,certified-nursing-assistant-per-diem-prn-springfield-co,22.51,cna
Springfield IL,certified-nursing-assistant-per-diem-prn-springfield-il,25.47,cna
Springfield MA,certified-nursing-assistant-per-diem-prn-springfield-ma,25.57,cna
Springfield MO,certified-nursing-assistant-per-diem-prn-springfield-mo,25.68,cna
Springfield OH,certified-nursing-assistant-per-diem-prn-springfield-oh,25.96,cna
Springfield OR,certified-nursing-assistant-per-diem-prn-springfield-or,26.93,cna
Springfield TN,certified-nursing-assistant-per-diem-prn-springfield-tn,25.21,cna
Springfield VA,certified-nursing-assistant-per-diem-prn-springfield-va,25.65,cna
Springfield VT,certified-nursing-assistant-per-diem-prn-springfield-vt,21.42,cna
Springville,certified-nursing-assistant-per-diem-prn-springville-ut,26.93,cna
Spur,certified-nursing-assistant-per-diem-prn-spur-tx,25.65,cna
St Augustine,certified-nursing-assistant-per-diem-prn-st-augustine-fl,25.65,cna
St George,certified-nursing-assistant-per-diem-prn-st-george-ut,26.93,cna
St Maries,certified-nursing-assistant-per-diem-prn-st-maries-id,25.65,cna
St Pete Beach,certified-nursing-assistant-per-diem-prn-st-pete-beach-fl,25.65,cna
St Petersburg,certified-nursing-assistant-per-diem-prn-st-petersburg-fl,25.65,cna
St. Albans,certified-nursing-assistant-per-diem-prn-st-albans-wv,25.61,cna
St. Albans city,certified-nursing-assistant-per-diem-prn-st-albans-city-vt,25.41,cna
St. Albans town,certified-nursing-assistant-per-diem-prn-st-albans-town-vt,25.53,cna
St. Andrews,certified-nursing-assistant-per-diem-prn-st-andrews-sc,26.10,cna
St. Charles,certified-nursing-assistant-per-diem-prn-st-charles-mo,25.43,cna
St. Clair Shores,certified-nursing-assistant-per-diem-prn-st-clair-shores-mi,25.61,cna
St. Cloud,certified-nursing-assistant-per-diem-prn-st-cloud-fl,25.78,cna
St. Cloud,certified-nursing-assistant-per-diem-prn-st-cloud-mn,25.22,cna
St. Johnsbury,certified-nursing-assistant-per-diem-prn-st-johnsbury-vt,25.96,cna
St. Joseph,certified-nursing-assistant-per-diem-prn-st-joseph-mo,25.36,cna
St. Louis MO,per-diem-st-louis-mo,21.78,cna
St. Louis Park,certified-nursing-assistant-per-diem-prn-st-louis-park-mn,25.47,cna
St. Paul,certified-nursing-assistant-per-diem-prn-st-paul-in,25.65,cna
St. Paul,certified-nursing-assistant-per-diem-prn-st-paul-mn,26.18,cna
St. Peters,certified-nursing-assistant-per-diem-prn-st-peters-mo,25.83,cna
St. Petersburg Historic Uptown,certified-nursing-assistant-per-diem-prn-st-petersburg-historic-uptown-fl,21.32,cna
Stacyville,certified-nursing-assistant-per-diem-prn-stacyville-ia,25.65,cna
Stafford,certified-nursing-assistant-per-diem-prn-stafford-tx,25.65,cna
Stamford,certified-nursing-assistant-per-diem-prn-stamford-ct,22.11,cna
Stamford,certified-nursing-assistant-per-diem-prn-stamford-tx,25.65,cna
Stanley,certified-nursing-assistant-per-diem-prn-stanley-id,25.65,cna
Stanton,certified-nursing-assistant-per-diem-prn-stanton-tx,25.65,cna
Starke,certified-nursing-assistant-per-diem-prn-starke-fl,25.65,cna
Starkville,certified-nursing-assistant-per-diem-prn-starkville-ms,25.95,cna
State Center,certified-nursing-assistant-per-diem-prn-state-center-ia,25.65,cna
State College,certified-nursing-assistant-per-diem-prn-state-college-pa,25.21,cna
Staten Island,certified-nursing-assistant-per-diem-prn-staten-island-ny,22.91,cna
Statesboro,certified-nursing-assistant-per-diem-prn-statesboro-ga,25.99,cna
Stayton,certified-nursing-assistant-per-diem-prn-stayton-or,26.93,cna
Steamboat Springs CO,certified-nursing-assistant-per-diem-prn-steamboat-springs-co,25.65,cna
Steinhatchee,certified-nursing-assistant-per-diem-prn-steinhatchee-fl,25.65,cna
Stephenville,certified-nursing-assistant-per-diem-prn-stephenville-tx,25.65,cna
Sterling City,certified-nursing-assistant-per-diem-prn-sterling-city-tx,25.65,cna
Sterling CO,certified-nursing-assistant-per-diem-prn-sterling-co,25.65,cna
Sterling Heights,certified-nursing-assistant-per-diem-prn-sterling-heights-mi,25.65,cna
Sterling IL,certified-nursing-assistant-per-diem-prn-sterling-il,25.89,cna
Sterling VA,certified-nursing-assistant-per-diem-prn-sterling-va,25.65,cna
Stevens,certified-nursing-assistant-per-diem-prn-stevens-pa,25.21,cna
Stevenson,certified-nursing-assistant-per-diem-prn-stevenson-wa,24.08,cna
Stillwater OK,certified-nursing-assistant-per-diem-prn-stillwater-ok,25.21,cna
Stinnett,certified-nursing-assistant-per-diem-prn-stinnett-tx,25.65,cna
Stockdale,certified-nursing-assistant-per-diem-prn-stockdale-tx,25.65,cna
Stockton CA,certified-nursing-assistant-per-diem-prn-stockton-ca,25.65,cna
Stonecrest,certified-nursing-assistant-per-diem-prn-stonecrest-ga,25.14,cna
Stoughton,certified-nursing-assistant-per-diem-prn-stoughton-ma,25.65,cna
Stoughton,certified-nursing-assistant-per-diem-prn-stoughton-wi,25.65,cna
Stow,certified-nursing-assistant-per-diem-prn-stow-oh,25.74,cna
Stowe,certified-nursing-assistant-per-diem-prn-stowe-vt,26.11,cna
Strasburg,certified-nursing-assistant-per-diem-prn-strasburg-co,25.65,cna
Stratford,certified-nursing-assistant-per-diem-prn-stratford-ct,26.31,cna
Stratford,certified-nursing-assistant-per-diem-prn-stratford-tx,25.65,cna
Stratton,certified-nursing-assistant-per-diem-prn-stratton-co,25.65,cna
Strongsville,certified-nursing-assistant-per-diem-prn-strongsville-oh,25.68,cna
Stuart FL,certified-nursing-assistant-per-diem-prn-stuart-fl,25.78,cna
Stuart NE,certified-nursing-assistant-per-diem-prn-stuart-ne,22.91,cna
Sublimity,certified-nursing-assistant-per-diem-prn-sublimity-or,26.93,cna
Suffolk,certified-nursing-assistant-per-diem-prn-suffolk-va,25.03,cna
Sugar Land,certified-nursing-assistant-per-diem-prn-sugar-land-tx,25.78,cna
Sullivan City,certified-nursing-assistant-per-diem-prn-sullivan-city-tx,25.78,cna
Sulphur,certified-nursing-assistant-per-diem-prn-sulphur-la,25.38,cna
Sulphur,certified-nursing-assistant-per-diem-prn-sulphur-ok,25.21,cna
Sulphur Springs,certified-nursing-assistant-per-diem-prn-sulphur-springs-tx,25.78,cna
Summerfield,certified-nursing-assistant-per-diem-prn-summerfield-fl,25.78,cna
Summerlin South,certified-nursing-assistant-per-diem-prn-summerlin-south-nv,25.23,cna
Summersville,certified-nursing-assistant-per-diem-prn-summersville-wv,21.42,cna
Summerville SC,certified-nursing-assistant-per-diem-prn-summerville-sc,25.21,cna
Summit,certified-nursing-assistant-per-diem-prn-summit-nj,25.78,cna
Sumter SC,certified-nursing-assistant-per-diem-prn-sumter-sc,25.21,cna
Sumterville,certified-nursing-assistant-per-diem-prn-sumterville-fl,25.78,cna
Sun City,certified-nursing-assistant-per-diem-prn-sun-city-az,26.03,cna
Sun City Center,certified-nursing-assistant-per-diem-prn-sun-city-center-fl,25.78,cna
Sun City West,certified-nursing-assistant-per-diem-prn-sun-city-west-az,26.03,cna
Sun Lakes,certified-nursing-assistant-per-diem-prn-sun-lakes-az,26.03,cna
Sun Prairie,certified-nursing-assistant-per-diem-prn-sun-prairie-wi,25.68,cna
Sun Valley,certified-nursing-assistant-per-diem-prn-sun-valley-nv,25.21,cna
Sun West City,certified-nursing-assistant-per-diem-prn-sun-west-city-az,26.03,cna
Sundown,certified-nursing-assistant-per-diem-prn-sundown-tx,25.78,cna
Sunny Isles Beach,certified-nursing-assistant-per-diem-prn-sunny-isles-beach-fl,25.78,cna
Sunnyside,certified-nursing-assistant-per-diem-prn-sunnyside-ut,26.93,cna
Sunnyvale,certified-nursing-assistant-per-diem-prn-sunnyvale-0-tx,25.78,cna
Sunnyvale,certified-nursing-assistant-per-diem-prn-sunnyvale-ca,25.78,cna
Sunrise,certified-nursing-assistant-per-diem-prn-sunrise-fl,25.78,cna
Sunrise Manor,certified-nursing-assistant-per-diem-prn-sunrise-manor-nv,25.43,cna
Sunriver,certified-nursing-assistant-per-diem-prn-sunriver-or,26.93,cna
Superior AZ,certified-nursing-assistant-per-diem-prn-superior-az,26.03,cna
Superior WI,certified-nursing-assistant-per-diem-prn-superior-wi,20.37,cna
Surprise,certified-nursing-assistant-per-diem-prn-surprise-az,26.03,cna
Surprise Bell And Dysart Commerce Center,certified-nursing-assistant-per-diem-prn-surprise-bell-and-dysart-commerce-center-az,26.13,cna
Susanville,certified-nursing-assistant-per-diem-prn-susanville-ca,25.78,cna
Sutherlin,certified-nursing-assistant-per-diem-prn-sutherlin-or,26.93,cna
Swanton town,certified-nursing-assistant-per-diem-prn-swanton-town-vt,25.87,cna
Sweeny,certified-nursing-assistant-per-diem-prn-sweeny-tx,25.78,cna
Sweet Home,certified-nursing-assistant-per-diem-prn-sweet-home-or,26.93,cna
Sweetwater FL,certified-nursing-assistant-per-diem-prn-sweetwater-fl,25.78,cna
Sweetwater TX,certified-nursing-assistant-per-diem-prn-sweetwater-tx,25.78,cna
Sykesville,certified-nursing-assistant-per-diem-prn-sykesville-md,25.78,cna
Syracuse IN,certified-nursing-assistant-per-diem-prn-syracuse-in,25.78,cna
Syracuse NY,certified-nursing-assistant-per-diem-prn-syracuse-ny,22.91,cna
Syracuse UT,certified-nursing-assistant-per-diem-prn-syracuse-ut,26.93,cna
Tacoma WA,certified-nursing-assistant-per-diem-prn-tacoma-wa,26.93,cna
Taft,certified-nursing-assistant-per-diem-prn-taft-tx,25.78,cna
Tahoka,certified-nursing-assistant-per-diem-prn-tahoka-tx,25.78,cna
Talent OR,certified-nursing-assistant-per-diem-prn-talent-or,26.93,cna
Tallahassee Capitol Hill,certified-nursing-assistant-per-diem-prn-tallahassee-capitol-hill-fl,21.49,cna
Tallahassee FL,certified-nursing-assistant-per-diem-prn-tallahassee-fl,25.78,cna
Tamarac,certified-nursing-assistant-per-diem-prn-tamarac-fl,25.78,cna
Tamiami,certified-nursing-assistant-per-diem-prn-tamiami-fl,25.49,cna
Tampa Bay FL,per-diem-tampa-bay-fl,23.68,cna
Tampa FL,per-diem-tampa-fl,23.62,cna
Tanaina,certified-nursing-assistant-per-diem-prn-tanaina-ak,26.13,cna
Tarboro NC,certified-nursing-assistant-per-diem-prn-tarboro-nc,22.91,cna
Tarpon Springs,certified-nursing-assistant-per-diem-prn-tarpon-springs-fl,25.78,cna
Taunton,certified-nursing-assistant-per-diem-prn-taunton-ma,23.29,cna
Tavares,certified-nursing-assistant-per-diem-prn-tavares-fl,25.78,cna
Tavernier,certified-nursing-assistant-per-diem-prn-tavernier-fl,25.78,cna
Taylor,certified-nursing-assistant-per-diem-prn-taylor-mi,25.38,cna
Taylor,certified-nursing-assistant-per-diem-prn-taylor-tx,25.78,cna
Taylors,certified-nursing-assistant-per-diem-prn-taylors-sc,25.54,cna
Taylorsville,certified-nursing-assistant-per-diem-prn-taylorsville-ut,26.93,cna
Teague,certified-nursing-assistant-per-diem-prn-teague-tx,25.78,cna
Teaneck,certified-nursing-assistant-per-diem-prn-teaneck-nj,23.29,cna
Teays Valley,certified-nursing-assistant-per-diem-prn-teays-valley-wv,25.38,cna
Telluride,certified-nursing-assistant-per-diem-prn-telluride-co,25.78,cna
Temecula,certified-nursing-assistant-per-diem-prn-temecula-ca-01c7e,25.78,cna
Tempe AZ,certified-nursing-assistant-per-diem-prn-tempe-az,25.21,cna
Tempe Kiwanis Park,certified-nursing-assistant-per-diem-prn-tempe-kiwanis-park-az,25.93,cna
Temple Terrace,certified-nursing-assistant-per-diem-prn-temple-terrace-fl,25.78,cna
Temple TX,certified-nursing-assistant-per-diem-prn-temple-tx,25.78,cna
Tenafly,certified-nursing-assistant-per-diem-prn-tenafly-nj,23.29,cna
Tenaha,certified-nursing-assistant-per-diem-prn-tenaha-tx,25.78,cna
Tequesta,certified-nursing-assistant-per-diem-prn-tequesta-fl,25.78,cna
Terre Haute,certified-nursing-assistant-per-diem-prn-terre-haute-in,25.78,cna
Terrell,certified-nursing-assistant-per-diem-prn-terrell-tx,25.78,cna
Terrytown,certified-nursing-assistant-per-diem-prn-terrytown-la,25.03,cna
Texarkana,certified-nursing-assistant-per-diem-prn-texarkana-ar,25.65,cna
Texarkana,certified-nursing-assistant-per-diem-prn-texarkana-tx,25.78,cna
Texas City,certified-nursing-assistant-per-diem-prn-texas-city-tx,25.78,cna
The Acreage,certified-nursing-assistant-per-diem-prn-the-acreage-fl,26.18,cna
The Colony,certified-nursing-assistant-per-diem-prn-the-colony-tx,25.78,cna
The Dalles,certified-nursing-assistant-per-diem-prn-the-dalles-or,26.93,cna
The Hammocks,certified-nursing-assistant-per-diem-prn-the-hammocks-fl,25.57,cna
The Villages FL,certified-nursing-assistant-per-diem-prn-the-villages-fl,25.78,cna
The Woodlands,certified-nursing-assistant-per-diem-prn-the-woodlands-tx,25.78,cna
Thermopolis,certified-nursing-assistant-per-diem-prn-thermopolis-wy,27.12,cna
Thonotosassa,certified-nursing-assistant-per-diem-prn-thonotosassa-fl,25.78,cna
Thornton CO,certified-nursing-assistant-per-diem-prn-thornton-co,25.78,cna
Thorp,certified-nursing-assistant-per-diem-prn-thorp-wi,20.37,cna
Thousand Oaks,certified-nursing-assistant-per-diem-prn-thousand-oaks-ca,25.78,cna
Three Rivers,certified-nursing-assistant-per-diem-prn-three-rivers-tx,25.78,cna
Throckmorton,certified-nursing-assistant-per-diem-prn-throckmorton-tx,25.78,cna
Tigard,certified-nursing-assistant-per-diem-prn-tigard-or,26.93,cna
Tilden,certified-nursing-assistant-per-diem-prn-tilden-tx,25.78,cna
Tillamook,certified-nursing-assistant-per-diem-prn-tillamook-or,26.93,cna
Tinley Park,certified-nursing-assistant-per-diem-prn-tinley-park-il,26.18,cna
Titusville,certified-nursing-assistant-per-diem-prn-titusville-fl,25.78,cna
Tivoli,certified-nursing-assistant-per-diem-prn-tivoli-tx,25.78,cna
Tolar,certified-nursing-assistant-per-diem-prn-tolar-tx,25.78,cna
Toledo,certified-nursing-assistant-per-diem-prn-toledo-oh,25.64,cna
Toledo IA,certified-nursing-assistant-per-diem-prn-toledo-ia,23.67,cna
Toledo OR,certified-nursing-assistant-per-diem-prn-toledo-or,26.93,cna
Toledo Southwyck,certified-nursing-assistant-per-diem-prn-toledo-southwyck-oh,25.44,cna
Tolleson,certified-nursing-assistant-per-diem-prn-tolleson-az,25.21,cna
Tomahawk,certified-nursing-assistant-per-diem-prn-tomahawk-wi,20.37,cna
Tomball,certified-nursing-assistant-per-diem-prn-tomball-tx,23.67,cna
Toms River NJ,certified-nursing-assistant-per-diem-prn-toms-river-nj,28.45,cna
Tonawanda,certified-nursing-assistant-per-diem-prn-tonawanda-town-ny,25.43,cna
Tooele,certified-nursing-assistant-per-diem-prn-tooele-ut,26.93,cna
Topeka,certified-nursing-assistant-per-diem-prn-topeka-ks,25.25,cna
Topeka Southwest Topeka,certified-nursing-assistant-per-diem-prn-topeka-southwest-topeka-ks,24.00,cna
Toppenish,certified-nursing-assistant-per-diem-prn-toppenish-wa,26.00,cna
Toquerville,certified-nursing-assistant-per-diem-prn-toquerville-ut,26.18,cna
Torrington,certified-nursing-assistant-per-diem-prn-torrington-ct,23.67,cna
Torrington,certified-nursing-assistant-per-diem-prn-torrington-wy,25.61,cna
Town 'n' Country,certified-nursing-assistant-per-diem-prn-town-n-country-fl,25.32,cna
Townshend,certified-nursing-assistant-per-diem-prn-townshend-vt,20.37,cna
Towson,certified-nursing-assistant-per-diem-prn-towson-md,25.45,cna
Traverse City,certified-nursing-assistant-per-diem-prn-traverse-city-mi,23.67,cna
Tredyffrin,certified-nursing-assistant-per-diem-prn-tredyffrin-pa,25.30,cna
Tremonton,certified-nursing-assistant-per-diem-prn-tremonton-ut,26.93,cna
Trenton,certified-nursing-assistant-per-diem-prn-trenton-fl,23.67,cna
Trenton Downtown,certified-nursing-assistant-per-diem-prn-trenton-downtown-nj,25.54,cna
Trexlertown,certified-nursing-assistant-per-diem-prn-trexlertown-pa,26.00,cna
Trinidad,certified-nursing-assistant-per-diem-prn-trinidad-co,23.67,cna
Trinity FL,certified-nursing-assistant-per-diem-prn-trinity-fl,23.67,cna
Trinity TX,certified-nursing-assistant-per-diem-prn-trinity-tx,23.67,cna
Tripoli,certified-nursing-assistant-per-diem-prn-tripoli-ia,25.50,cna
Trophy Club,certified-nursing-assistant-per-diem-prn-trophy-club-tx,23.67,cna
Trotwood,certified-nursing-assistant-per-diem-prn-trotwood-oh,25.65,cna
Troy,certified-nursing-assistant-per-diem-prn-troy-oh,25.45,cna
Troy city,certified-nursing-assistant-per-diem-prn-troy-city-mi,25.61,cna
Troy PA,certified-nursing-assistant-per-diem-prn-troy-pa,25.21,cna
Trumbull,certified-nursing-assistant-per-diem-prn-trumbull-ct,25.38,cna
Trussville,certified-nursing-assistant-per-diem-prn-trussville-al,25.68,cna
Truth Or Consequences,certified-nursing-assistant-per-diem-prn-truth-or-consequences-nm,25.89,cna
Tualatin,certified-nursing-assistant-per-diem-prn-tualatin-or,26.93,cna
Tualatin Sherwood - Tualatin South,certified-nursing-assistant-per-diem-prn-tualatin-sherwood-tualatin-south-or,25.45,cna
Tuba City,certified-nursing-assistant-per-diem-prn-tuba-city-az,25.21,cna
Tubac,certified-nursing-assistant-per-diem-prn-tubac-az,25.21,cna
Tuckahoe,certified-nursing-assistant-per-diem-prn-tuckahoe-va,25.23,cna
Tucker,certified-nursing-assistant-per-diem-prn-tucker-ga,26.00,cna
Tucson AZ,per-diem-tucson-az,23.39,cna
Tucson Coronado Foothills Estates,certified-nursing-assistant-per-diem-prn-tucson-coronado-foothills-estates-az,25.00,cna
Tucson Ventana Canyon Office Park,certified-nursing-assistant-per-diem-prn-tucson-ventana-canyon-office-park-az,25.32,cna
Tulia,certified-nursing-assistant-per-diem-prn-tulia-tx,23.67,cna
Tulsa,per-diem-tulsa-ok,19.68,cna
Tumwater,certified-nursing-assistant-per-diem-prn-tumwater-wa,23.29,cna
Tupelo,certified-nursing-assistant-per-diem-prn-tupelo-ms,27.12,cna
Turlock,certified-nursing-assistant-per-diem-prn-turlock-ca,23.67,cna
Turtle Lake,certified-nursing-assistant-per-diem-prn-turtle-lake-nd,22.91,cna
Tuscaloosa,certified-nursing-assistant-per-diem-prn-tuscaloosa-al,26.11,cna
Tuttle OK,certified-nursing-assistant-per-diem-prn-tuttle-ok,25.21,cna
Twin Falls ID,certified-nursing-assistant-per-diem-prn-twin-falls-id,25.21,cna
Two Rivers,certified-nursing-assistant-per-diem-prn-two-rivers-wi,20.37,cna
Tyler,certified-nursing-assistant-per-diem-prn-tyler-tx,23.67,cna
Umatilla,certified-nursing-assistant-per-diem-prn-umatilla-fl,23.67,cna
Uncasville,certified-nursing-assistant-per-diem-prn-uncasville-ct,24.53,cna
Union,certified-nursing-assistant-per-diem-prn-union-or,26.93,cna
Union City,certified-nursing-assistant-per-diem-prn-union-city-nj,20.22,cna
Union Gap,certified-nursing-assistant-per-diem-prn-union-gap-wa,25.30,cna
Union NJ,certified-nursing-assistant-per-diem-prn-union-nj,23.29,cna
Uniontown PA,certified-nursing-assistant-per-diem-prn-uniontown-pa,25.21,cna
Universal City,certified-nursing-assistant-per-diem-prn-universal-city-tx,23.67,cna
University CDP,certified-nursing-assistant-per-diem-prn-university-cdp-fl,25.65,cna
University City,certified-nursing-assistant-per-diem-prn-university-city-mo,25.74,cna
University Park,certified-nursing-assistant-per-diem-prn-university-park-fl,23.67,cna
Upland,certified-nursing-assistant-per-diem-prn-upland-ca,23.67,cna
Upper Arlington,certified-nursing-assistant-per-diem-prn-upper-arlington-oh,25.20,cna
Upper Darby,certified-nursing-assistant-per-diem-prn-upper-darby-pa,25.95,cna
Upper Dublin,certified-nursing-assistant-per-diem-prn-upper-dublin-pa,25.37,cna
Upper Macungie,certified-nursing-assistant-per-diem-prn-upper-macungie-pa,25.50,cna
Upper Merion,certified-nursing-assistant-per-diem-prn-upper-merion-pa,25.41,cna
Upper Moreland,certified-nursing-assistant-per-diem-prn-upper-moreland-pa,26.11,cna
Urban Honolulu,certified-nursing-assistant-per-diem-prn-urban-honolulu-hi,25.37,cna
Urbandale IA,certified-nursing-assistant-per-diem-prn-urbandale-ia,26.13,cna
Utica,certified-nursing-assistant-per-diem-prn-utica-ny,22.91,cna
Uvalde,certified-nursing-assistant-per-diem-prn-uvalde-tx,23.67,cna
Vail AZ,certified-nursing-assistant-per-diem-prn-vail-az,25.21,cna
Vail CO,certified-nursing-assistant-per-diem-prn-vail-co,23.67,cna
Valdosta GA,certified-nursing-assistant-per-diem-prn-valdosta-ga,25.95,cna
Vale,certified-nursing-assistant-per-diem-prn-vale-or,26.93,cna
Valencia,certified-nursing-assistant-per-diem-prn-valencia-ca,23.67,cna
Valley City,certified-nursing-assistant-per-diem-prn-valley-city-nd,22.91,cna
Valley Mills,certified-nursing-assistant-per-diem-prn-valley-mills-tx,23.67,cna
Valparaiso,certified-nursing-assistant-per-diem-prn-valparaiso-fl,23.67,cna
Valparaiso,certified-nursing-assistant-per-diem-prn-valparaiso-in,25.61,cna
Valrico,certified-nursing-assistant-per-diem-prn-valrico-fl,23.67,cna
Valyemo,certified-nursing-assistant-per-diem-prn-valyemo-ca,23.67,cna
Valyermo,certified-nursing-assistant-per-diem-prn-valyermo-ca,25.37,cna
Van,certified-nursing-assistant-per-diem-prn-van-tx,23.67,cna
Van Alstyne,certified-nursing-assistant-per-diem-prn-van-alstyne-tx,23.67,cna
Van Buren,certified-nursing-assistant-per-diem-prn-van-buren-ar,23.67,cna
Van Horn,certified-nursing-assistant-per-diem-prn-van-horn-tx,23.67,cna
Vancouver Pleasant Valley,certified-nursing-assistant-per-diem-prn-vancouver-pleasant-valley-wa,25.85,cna
Vancouver WA,per-diem-vancouver-wa,25.78,cna
Venice FL,certified-nursing-assistant-per-diem-prn-venice-fl,23.67,cna
Vernal,certified-nursing-assistant-per-diem-prn-vernal-ut,26.93,cna
Vernon FL,certified-nursing-assistant-per-diem-prn-vernon-fl,23.67,cna
Vernon Hills IL,certified-nursing-assistant-per-diem-prn-vernon-hills-il,23.29,cna
Vernon TX,certified-nursing-assistant-per-diem-prn-vernon-tx,23.67,cna
Vernonia,certified-nursing-assistant-per-diem-prn-vernonia-or,26.93,cna
Vero Beach FL,certified-nursing-assistant-per-diem-prn-vero-beach-fl,23.67,cna
Vestavia Hills,certified-nursing-assistant-per-diem-prn-vestavia-hills-al,26.18,cna
Vian,certified-nursing-assistant-per-diem-prn-vian-ok,23.67,cna
Victor,certified-nursing-assistant-per-diem-prn-victor-id,23.67,cna
Victoria,certified-nursing-assistant-per-diem-prn-victoria-tx,23.67,cna
Victorville,certified-nursing-assistant-per-diem-prn-victorville-ca,23.67,cna
Vidalia,certified-nursing-assistant-per-diem-prn-vidalia-ga,27.12,cna
Vidor,certified-nursing-assistant-per-diem-prn-vidor-tx,23.67,cna
Vienna,certified-nursing-assistant-per-diem-prn-vienna-wv,26.11,cna
Viera,certified-nursing-assistant-per-diem-prn-viera-fl,23.67,cna
Vineland NJ,certified-nursing-assistant-per-diem-prn-vineland-nj,23.67,cna
Virginia Beach,certified-nursing-assistant-per-diem-prn-virginia-beach-va,25.57,cna
Virginia City,certified-nursing-assistant-per-diem-prn-virginia-city-nv,25.21,cna
Virginia Gardens,certified-nursing-assistant-per-diem-prn-virginia-gardens-fl,23.67,cna
Viroqua,certified-nursing-assistant-per-diem-prn-viroqua-wi,20.37,cna
Vivian,certified-nursing-assistant-per-diem-prn-vivian-la,22.91,cna
Voorhees NJ,certified-nursing-assistant-per-diem-prn-voorhees-nj,23.29,cna
Waco,certified-nursing-assistant-per-diem-prn-waco-tx,23.67,cna
Wadsworth,certified-nursing-assistant-per-diem-prn-wadsworth-oh,25.23,cna
Waelder,certified-nursing-assistant-per-diem-prn-waelder-tx,23.67,cna
Wahoo,certified-nursing-assistant-per-diem-prn-wahoo-ne,22.91,cna
Waimea,certified-nursing-assistant-per-diem-prn-waimea-hi,27.12,cna
Waipahu,certified-nursing-assistant-per-diem-prn-waipahu-hi,25.66,cna
Wake Forest,certified-nursing-assistant-per-diem-prn-wake-forest-nc,25.53,cna
Walden,certified-nursing-assistant-per-diem-prn-walden-co,23.67,cna
Waldorf,certified-nursing-assistant-per-diem-prn-waldorf-md,23.67,cna
Waldorf,certified-nursing-assistant-per-diem-prn-waldorf-md-98444,25.66,cna
Waldport,certified-nursing-assistant-per-diem-prn-waldport-or,26.93,cna
Walhalla,certified-nursing-assistant-per-diem-prn-walhalla-nd,22.91,cna
Wall Township,certified-nursing-assistant-per-diem-prn-wall-township-nj,25.53,cna
Walla Walla WA,certified-nursing-assistant-per-diem-prn-walla-walla-wa,26.93,cna
Wallace,certified-nursing-assistant-per-diem-prn-wallace-id,23.67,cna
Waller,certified-nursing-assistant-per-diem-prn-waller-tx,26.07,cna
Wallingford CT,certified-nursing-assistant-per-diem-prn-wallingford-ct,27.12,cna
Walnut Creek,certified-nursing-assistant-per-diem-prn-walnut-creek-ca,26.07,cna
Walsenburg,certified-nursing-assistant-per-diem-prn-walsenburg-co,26.07,cna
Walsh,certified-nursing-assistant-per-diem-prn-walsh-co,26.07,cna
Walterboro SC,certified-nursing-assistant-per-diem-prn-walterboro-sc,25.21,cna
Waltham,certified-nursing-assistant-per-diem-prn-waltham-ma,25.47,cna
Warm Springs,certified-nursing-assistant-per-diem-prn-warm-springs-mt,24.53,cna
Warminster,certified-nursing-assistant-per-diem-prn-warminster-pa,25.53,cna
Warner Robins GA,certified-nursing-assistant-per-diem-prn-warner-robins-ga,25.95,cna
Warranton,certified-nursing-assistant-per-diem-prn-warranton-va,23.29,cna
Warren,certified-nursing-assistant-per-diem-prn-warren-in,24.53,cna
Warren,certified-nursing-assistant-per-diem-prn-warren-oh,25.85,cna
Warren,certified-nursing-assistant-per-diem-prn-warren-pa,25.21,cna
Warren,certified-nursing-assistant-per-diem-prn-warren-ri,26.07,cna
Warren city,certified-nursing-assistant-per-diem-prn-warren-city-mi,25.84,cna
Warrenton,certified-nursing-assistant-per-diem-prn-warrenton-or,26.93,cna
Warsaw KY,certified-nursing-assistant-per-diem-prn-warsaw-ky,22.91,cna
Warwick,certified-nursing-assistant-per-diem-prn-warwick-ri,25.29,cna
Washington,certified-nursing-assistant-per-diem-prn-washington-ut,26.07,cna
Washington Court House,certified-nursing-assistant-per-diem-prn-washington-court-house-oh,25.29,cna
Washington DC,per-diem-washington-dc,24.18,cna
Washington Terrace,certified-nursing-assistant-per-diem-prn-washington-terrace-ut,26.93,cna
Washougal WA,certified-nursing-assistant-per-diem-prn-washougal-wa,24.53,cna
Wasilla,certified-nursing-assistant-per-diem-prn-wasilla-ak,25.77,cna
Waskom,certified-nursing-assistant-per-diem-prn-waskom-tx,26.07,cna
Watauga,certified-nursing-assistant-per-diem-prn-watauga-tx,26.07,cna
Waterbury,certified-nursing-assistant-per-diem-prn-waterbury-ct,25.95,cna
Waterbury,certified-nursing-assistant-per-diem-prn-waterbury-vt,25.61,cna
Waterford,certified-nursing-assistant-per-diem-prn-waterford-ct,23.54,cna
Waterloo AI,certified-nursing-assistant-per-diem-prn-waterloo-ia,26.07,cna
Watertown,certified-nursing-assistant-per-diem-prn-watertown-ny,22.91,cna
Watertown,certified-nursing-assistant-per-diem-prn-watertown-sd,25.61,cna
Waterville,certified-nursing-assistant-per-diem-prn-waterville-me,23.44,cna
Watkins CO,certified-nursing-assistant-per-diem-prn-watkins-co,26.07,cna
Wauchula,certified-nursing-assistant-per-diem-prn-wauchula-fl,26.07,cna
Wauconda IL,certified-nursing-assistant-per-diem-prn-wauconda-il-89350,26.07,cna
Waukee IA,certified-nursing-assistant-per-diem-prn-waukee-ia,25.87,cna
Waukegan,certified-nursing-assistant-per-diem-prn-waukegan-il,25.53,cna
Waukesha,certified-nursing-assistant-per-diem-prn-waukesha-wi-7e11b,26.07,cna
Waukesha city,certified-nursing-assistant-per-diem-prn-waukesha-city-wi,25.43,cna
Waukon IA,certified-nursing-assistant-per-diem-prn-waukon-ia,26.07,cna
Waupun,certified-nursing-assistant-per-diem-prn-waupun-wi,20.37,cna
Wausau,certified-nursing-assistant-per-diem-prn-wausau-wi,20.37,cna
Wauwatosa,certified-nursing-assistant-per-diem-prn-wauwatosa-wi,26.07,cna
Waverly IA,certified-nursing-assistant-per-diem-prn-waverly-ia,26.07,cna
Waverly OH,certified-nursing-assistant-per-diem-prn-waverly-oh,25.29,cna
Waxahachie,certified-nursing-assistant-per-diem-prn-waxahachie-tx,26.07,cna
Waycross,certified-nursing-assistant-per-diem-prn-waycross-ga,27.12,cna
Wayne NJ,certified-nursing-assistant-per-diem-prn-wayne-nj,26.07,cna
Weatherford,certified-nursing-assistant-per-diem-prn-weatherford-tx,26.07,cna
Weatherly,certified-nursing-assistant-per-diem-prn-weatherly-pa,25.21,cna
Weaverville,certified-nursing-assistant-per-diem-prn-weaverville-ca,26.07,cna
Weaverville NC,certified-nursing-assistant-per-diem-prn-weaverville-nc,26.07,cna
Webster,certified-nursing-assistant-per-diem-prn-webster-tx,26.07,cna
Webster Groves,certified-nursing-assistant-per-diem-prn-webster-groves-mo,25.49,cna
Weeki Wachee,certified-nursing-assistant-per-diem-prn-weeki-wachee-fl,26.07,cna
Weimar,certified-nursing-assistant-per-diem-prn-weimar-tx,26.07,cna
Weirsdale,certified-nursing-assistant-per-diem-prn-weirsdale-fl,26.07,cna
Weirton,certified-nursing-assistant-per-diem-prn-weirton-wv,20.37,cna
Weiser,certified-nursing-assistant-per-diem-prn-weiser-id,26.07,cna
Welaka,certified-nursing-assistant-per-diem-prn-welaka-fl,26.07,cna
Welches,certified-nursing-assistant-per-diem-prn-welches-or,26.93,cna
Wellington,certified-nursing-assistant-per-diem-prn-wellington-tx,26.07,cna
Wellington FL,certified-nursing-assistant-per-diem-prn-wellington-fl,26.07,cna
Wellington NV,certified-nursing-assistant-per-diem-prn-wellington-nv,25.21,cna
Wells,certified-nursing-assistant-per-diem-prn-wells-tx,26.07,cna
Wellsboro,certified-nursing-assistant-per-diem-prn-wellsboro-pa,25.21,cna
Wellsville,certified-nursing-assistant-per-diem-prn-wellsville-mo,25.66,cna
Wellton,certified-nursing-assistant-per-diem-prn-wellton-az,25.21,cna
Wenatchee,certified-nursing-assistant-per-diem-prn-wenatchee-wa,26.93,cna
Wendell,certified-nursing-assistant-per-diem-prn-wendell-id,26.07,cna
Wentzville,certified-nursing-assistant-per-diem-prn-wentzville-mo,25.00,cna
Weslaco,certified-nursing-assistant-per-diem-prn-weslaco-tx,26.07,cna
Wesley Chapel,certified-nursing-assistant-per-diem-prn-wesley-chapel-fl,26.07,cna
West,certified-nursing-assistant-per-diem-prn-west-tx,26.38,cna
West Allis,certified-nursing-assistant-per-diem-prn-west-allis-wi,25.37,cna
West Bend,certified-nursing-assistant-per-diem-prn-west-bend-wi,25.30,cna
West Bountiful UT,certified-nursing-assistant-per-diem-prn-west-bountiful-ut,26.93,cna
West Branch,certified-nursing-assistant-per-diem-prn-west-branch-mi,26.07,cna
West Burlington IA,certified-nursing-assistant-per-diem-prn-west-burlington-ia,26.07,cna
West Caldwell,certified-nursing-assistant-per-diem-prn-west-caldwell-nj,26.07,cna
West Columbia,certified-nursing-assistant-per-diem-prn-west-columbia-tx,26.07,cna
West Des Moines IA,certified-nursing-assistant-per-diem-prn-west-des-moines-ia,26.07,cna
West Hartford,certified-nursing-assistant-per-diem-prn-west-hartford-ct,26.00,cna
West Haven,certified-nursing-assistant-per-diem-prn-west-haven-ct,25.54,cna
West Haven,certified-nursing-assistant-per-diem-prn-west-haven-ut,26.93,cna
West Hills,certified-nursing-assistant-per-diem-prn-west-hills-ca,26.38,cna
West Jordan UT,certified-nursing-assistant-per-diem-prn-west-jordan-ut,26.93,cna
West Lafayette,certified-nursing-assistant-per-diem-prn-west-lafayette-in,25.43,cna
West Lake Hills,certified-nursing-assistant-per-diem-prn-west-lake-hills-tx,26.38,cna
West Liberty KY,certified-nursing-assistant-per-diem-prn-west-liberty-ky,22.91,cna
West Linn,certified-nursing-assistant-per-diem-prn-west-linn-or,26.93,cna
West Little River,certified-nursing-assistant-per-diem-prn-west-little-river-fl,25.64,cna
West Melbourne,certified-nursing-assistant-per-diem-prn-west-melbourne-fl,26.38,cna
West Memphis,certified-nursing-assistant-per-diem-prn-west-memphis-ar,25.68,cna
West Miami,certified-nursing-assistant-per-diem-prn-west-miami-fl,26.38,cna
West Monroe,certified-nursing-assistant-per-diem-prn-west-monroe-la,26.38,cna
West Palm Beach,certified-nursing-assistant-per-diem-prn-west-palm-beach-fl,26.38,cna
West Park,certified-nursing-assistant-per-diem-prn-west-park-fl,26.38,cna
West Point TX,certified-nursing-assistant-per-diem-prn-west-point-tx,26.38,cna
West Point UT,certified-nursing-assistant-per-diem-prn-west-point-ut,26.93,cna
West Sacramento,certified-nursing-assistant-per-diem-prn-west-sacramento-ca,25.74,cna
West Salem,certified-nursing-assistant-per-diem-prn-west-salem-wi,20.37,cna
West Union,certified-nursing-assistant-per-diem-prn-west-union-ia,26.38,cna
West Valley,certified-nursing-assistant-per-diem-prn-west-valley-ut,26.38,cna
West Valley City,certified-nursing-assistant-per-diem-prn-west-valley-city-ut,26.93,cna
West Warwick,certified-nursing-assistant-per-diem-prn-west-warwick-ri,25.68,cna
West Wendover,certified-nursing-assistant-per-diem-prn-west-wendover-nv,25.21,cna
Westbrook,certified-nursing-assistant-per-diem-prn-westbrook-me,25.78,cna
Westchester,certified-nursing-assistant-per-diem-prn-westchester-fl,25.43,cna
Westcliffe,certified-nursing-assistant-per-diem-prn-westcliffe-co,26.38,cna
Westerly,certified-nursing-assistant-per-diem-prn-westerly-ri,25.29,cna
Westerville,certified-nursing-assistant-per-diem-prn-westerville-oh,26.18,cna
Westfield,certified-nursing-assistant-per-diem-prn-westfield-in,25.84,cna
Westfield NJ,certified-nursing-assistant-per-diem-prn-westfield-nj,21.98,cna
Westhampton,certified-nursing-assistant-per-diem-prn-westhampton-ny,22.11,cna
Westlake,certified-nursing-assistant-per-diem-prn-westlake-oh,26.11,cna
Westland,certified-nursing-assistant-per-diem-prn-westland-mi,25.65,cna
Westminster CO,certified-nursing-assistant-per-diem-prn-westminster-co,20.53,cna
Westmont IL,certified-nursing-assistant-per-diem-prn-westmont-il,26.38,cna
Weston,certified-nursing-assistant-per-diem-prn-weston-fl,26.38,cna
Wetumpka,certified-nursing-assistant-per-diem-prn-wetumpka-al,26.38,cna
Wewahitchka,certified-nursing-assistant-per-diem-prn-wewahitchka-fl,26.38,cna
Weymouth Town,certified-nursing-assistant-per-diem-prn-weymouth-town-ma,25.65,cna
Wharton,certified-nursing-assistant-per-diem-prn-wharton-tx,26.38,cna
Wheat Ridge Bel Aire,certified-nursing-assistant-per-diem-prn-wheat-ridge-bel-aire-co,24.53,cna
Wheat Ridge CO,certified-nursing-assistant-per-diem-prn-wheat-ridge-co,26.38,cna
Wheaton,certified-nursing-assistant-per-diem-prn-wheaton-md,25.47,cna
Wheaton IL,certified-nursing-assistant-per-diem-prn-wheaton-il,23.29,cna
Wheeler OR,certified-nursing-assistant-per-diem-prn-wheeler-or,26.93,cna
Wheeler TX,certified-nursing-assistant-per-diem-prn-wheeler-tx,26.38,cna
Wheeling,certified-nursing-assistant-per-diem-prn-wheeling-wv,20.37,cna
White City,certified-nursing-assistant-per-diem-prn-white-city-or,26.93,cna
White Plains,certified-nursing-assistant-per-diem-prn-white-plains-ny,25.20,cna
White River Junction,certified-nursing-assistant-per-diem-prn-white-river-junction-vt,20.37,cna
White Settlement,certified-nursing-assistant-per-diem-prn-white-settlement-tx,26.38,cna
White Sulphur Springs,certified-nursing-assistant-per-diem-prn-white-sulphur-springs-mt,22.91,cna
Whitefish MT,certified-nursing-assistant-per-diem-prn-whitefish-mt,21.32,cna
Whitehall,certified-nursing-assistant-per-diem-prn-whitehall-oh,25.84,cna
Whitehouse,certified-nursing-assistant-per-diem-prn-whitehouse-tx,26.38,cna
Whiteriver AZ,certified-nursing-assistant-per-diem-prn-whiteriver-az,25.21,cna
Whitesboro,certified-nursing-assistant-per-diem-prn-whitesboro-tx,26.38,cna
Whiting,certified-nursing-assistant-per-diem-prn-whiting-nj,20.87,cna
Whitney,certified-nursing-assistant-per-diem-prn-whitney-nv,25.10,cna
Whitney,certified-nursing-assistant-per-diem-prn-whitney-tx,26.38,cna
Wichita Falls,certified-nursing-assistant-per-diem-prn-wichita-falls-tx,26.38,cna
Wichita KS,certified-nursing-assistant-per-diem-prn-wichita-ks,22.91,cna
Wichita Riverside,certified-nursing-assistant-per-diem-prn-wichita-riverside-ks,24.78,cna
Wickenburg,certified-nursing-assistant-per-diem-prn-wickenburg-az,25.21,cna
Wiggins,certified-nursing-assistant-per-diem-prn-wiggins-co,26.77,cna
Wildwood,certified-nursing-assistant-per-diem-prn-wildwood-fl,26.77,cna
Wildwood,certified-nursing-assistant-per-diem-prn-wildwood-mo,25.23,cna
Wiley,certified-nursing-assistant-per-diem-prn-wiley-co,26.77,cna
Wilkes Barre PA,certified-nursing-assistant-per-diem-prn-wilkes-barre-pa,25.21,cna
Wilkes-Barre City,certified-nursing-assistant-per-diem-prn-wilkes-barre-city-pa,26.11,cna
Wilkesboro NC,certified-nursing-assistant-per-diem-prn-wilkesboro-nc,26.77,cna
Willamina,certified-nursing-assistant-per-diem-prn-willamina-or,26.93,cna
Willcox,certified-nursing-assistant-per-diem-prn-willcox-az,25.21,cna
Williams,certified-nursing-assistant-per-diem-prn-williams-az,25.21,cna
Williamsport,certified-nursing-assistant-per-diem-prn-williamsport-md,22.91,cna
Williamsport,certified-nursing-assistant-per-diem-prn-williamsport-pa,25.40,cna
Williamstown,certified-nursing-assistant-per-diem-prn-williamstown-nj,25.89,cna
Willimantic,certified-nursing-assistant-per-diem-prn-willimantic-ct,25.44,cna
Willis,certified-nursing-assistant-per-diem-prn-willis-tx,26.77,cna
Williston,certified-nursing-assistant-per-diem-prn-williston-vt,25.30,cna
Williston FL,certified-nursing-assistant-per-diem-prn-williston-fl,26.77,cna
Williston ND,certified-nursing-assistant-per-diem-prn-williston-nd,22.91,cna
Willoughby,certified-nursing-assistant-per-diem-prn-willoughby-oh,25.92,cna
Willow Park,certified-nursing-assistant-per-diem-prn-willow-park-tx,26.77,cna
Wills Point,certified-nursing-assistant-per-diem-prn-wills-point-tx,26.77,cna
Wilmington DE,per-diem-wilmington-de,25.66,cna
Wilmington Historic District,certified-nursing-assistant-per-diem-prn-wilmington-historic-district-nc,21.32,cna
Wilmington NC,certified-nursing-assistant-per-diem-prn-wilmington-nc,25.35,cna
Wilson,certified-nursing-assistant-per-diem-prn-wilson-nc,25.41,cna
Wilsonville OR,certified-nursing-assistant-per-diem-prn-wilsonville-or,26.93,cna
Wilton Manors,certified-nursing-assistant-per-diem-prn-wilton-manors-fl,26.77,cna
Wimauma,certified-nursing-assistant-per-diem-prn-wimauma-fl,26.77,cna
Wimberley,certified-nursing-assistant-per-diem-prn-wimberley-tx,26.77,cna
Winchester,certified-nursing-assistant-per-diem-prn-winchester-ky,26.00,cna
Winchester,certified-nursing-assistant-per-diem-prn-winchester-nv,25.99,cna
Windcrest,certified-nursing-assistant-per-diem-prn-windcrest-tx,26.77,cna
Windham,certified-nursing-assistant-per-diem-prn-windham-me,25.43,cna
Windsor CO,certified-nursing-assistant-per-diem-prn-windsor-co,26.77,cna
Windsor VT,certified-nursing-assistant-per-diem-prn-windsor-vt,20.37,cna
Winnemucca,certified-nursing-assistant-per-diem-prn-winnemucca-nv,25.21,cna
Winnie,certified-nursing-assistant-per-diem-prn-winnie-tx,26.77,cna
Winnsboro,certified-nursing-assistant-per-diem-prn-winnsboro-tx,26.77,cna
Winooski,certified-nursing-assistant-per-diem-prn-winooski-vt,25.67,cna
Winslow,certified-nursing-assistant-per-diem-prn-winslow-az,25.21,cna
Winston,certified-nursing-assistant-per-diem-prn-winston-or,26.93,cna
Winston-Salem NC,certified-nursing-assistant-per-diem-prn-winston-salem-nc,25.66,cna
Winter Garden FL,certified-nursing-assistant-per-diem-prn-winter-garden-fl,26.77,cna
Winter Haven,certified-nursing-assistant-per-diem-prn-winter-haven-fl,26.77,cna
Winter Park CO,certified-nursing-assistant-per-diem-prn-winter-park-co,26.77,cna
Winter Park FL,certified-nursing-assistant-per-diem-prn-winter-park-fl,26.77,cna
Winter Springs,certified-nursing-assistant-per-diem-prn-winter-springs-fl,26.77,cna
Winters,certified-nursing-assistant-per-diem-prn-winters-tx,26.77,cna
Winthrop,certified-nursing-assistant-per-diem-prn-winthrop-me,22.91,cna
Wisconsin Rapids,certified-nursing-assistant-per-diem-prn-wisconsin-rapids-wi,20.37,cna
Wittmann,certified-nursing-assistant-per-diem-prn-wittmann-az,25.21,cna
Wolcottville,certified-nursing-assistant-per-diem-prn-wolcottville-in,26.77,cna
Wolf Point,certified-nursing-assistant-per-diem-prn-wolf-point-mt,22.91,cna
Wolfforth,certified-nursing-assistant-per-diem-prn-wolfforth-tx,26.77,cna
Wood Village,certified-nursing-assistant-per-diem-prn-wood-village-or,26.93,cna
Woodbridge,certified-nursing-assistant-per-diem-prn-woodbridge-va,27.02,cna
Woodburn,certified-nursing-assistant-per-diem-prn-woodburn-or,26.93,cna
Woodbury,certified-nursing-assistant-per-diem-prn-woodbury-mn,25.40,cna
Woodbury,certified-nursing-assistant-per-diem-prn-woodbury-nj,27.02,cna
Woodcliff Lake,certified-nursing-assistant-per-diem-prn-woodcliff-lake-nj,23.29,cna
Woodland Park,certified-nursing-assistant-per-diem-prn-woodland-park-co,27.02,cna
Woodlawn CDP,certified-nursing-assistant-per-diem-prn-woodlawn-cdp-md,25.77,cna
Woods Cross,certified-nursing-assistant-per-diem-prn-woods-cross-ut,26.93,cna
Woodsboro,certified-nursing-assistant-per-diem-prn-woodsboro-tx,27.02,cna
Woodstock,certified-nursing-assistant-per-diem-prn-woodstock-ga,25.59,cna
Woodsville,certified-nursing-assistant-per-diem-prn-woodsville-nh,22.91,cna
Woodville TX,certified-nursing-assistant-per-diem-prn-woodville-tx,27.02,cna
Woodville WI,certified-nursing-assistant-per-diem-prn-woodville-wi,20.37,cna
Woodway,certified-nursing-assistant-per-diem-prn-woodway-tx,27.02,cna
Woonsocket,certified-nursing-assistant-per-diem-prn-woonsocket-ri,21.98,cna
Wooster,certified-nursing-assistant-per-diem-prn-wooster-oh,25.14,cna
Worcester,certified-nursing-assistant-per-diem-prn-worcester-ma,23.29,cna
Wrangell,certified-nursing-assistant-per-diem-prn-wrangell-ak,25.21,cna
Wray,certified-nursing-assistant-per-diem-prn-wray-co,27.02,cna
Wyckoff,certified-nursing-assistant-per-diem-prn-wyckoff-nj,25.45,cna
Wylie,certified-nursing-assistant-per-diem-prn-wylie-tx,27.02,cna
Wyoming,certified-nursing-assistant-per-diem-prn-wyoming-mi,25.68,cna
Xenia,certified-nursing-assistant-per-diem-prn-xenia-oh,26.00,cna
Yakima WA,certified-nursing-assistant-per-diem-prn-yakima-wa,26.93,cna
Yankton,certified-nursing-assistant-per-diem-prn-yankton-sd,25.21,cna
Yarmouth,certified-nursing-assistant-per-diem-prn-yarmouth-me,25.59,cna
Yazoo City,certified-nursing-assistant-per-diem-prn-yazoo-city-ms,27.02,cna
Ybor City,certified-nursing-assistant-per-diem-prn-ybor-city-fl,27.02,cna
Yelm,certified-nursing-assistant-per-diem-prn-yelm-wa,25.68,cna
Yerington,certified-nursing-assistant-per-diem-prn-yerington-nv,25.21,cna
Yoakum,certified-nursing-assistant-per-diem-prn-yoakum-tx,27.02,cna
Yonkers,certified-nursing-assistant-per-diem-prn-yonkers-ny,26.31,cna
York City,certified-nursing-assistant-per-diem-prn-york-city-pa,25.43,cna
York PA,certified-nursing-assistant-per-diem-prn-york-pa,25.21,cna
Yorktown IN,certified-nursing-assistant-per-diem-prn-yorktown-in,27.02,cna
Yorktown TX,certified-nursing-assistant-per-diem-prn-yorktown-tx,27.02,cna
Youngstown,certified-nursing-assistant-per-diem-prn-youngstown-oh,25.53,cna
Youngtown,certified-nursing-assistant-per-diem-prn-youngtown-az,25.21,cna
Yuba City,certified-nursing-assistant-per-diem-prn-yuba-city-ca,27.02,cna
Yucca Valley,certified-nursing-assistant-per-diem-prn-yucca-valley-ca,22.99,cna
Yukon,certified-nursing-assistant-per-diem-prn-yukon-ok,25.95,cna
Yulee,certified-nursing-assistant-per-diem-prn-yulee-fl,27.02,cna
Yuma AZ,certified-nursing-assistant-per-diem-prn-yuma-az,25.21,cna
Yuma CO,certified-nursing-assistant-per-diem-prn-yuma-co,27.02,cna
Zachary,certified-nursing-assistant-per-diem-prn-zachary-la,22.91,cna
Zanesville,certified-nursing-assistant-per-diem-prn-zanesville-oh,25.29,cna
Zapata,certified-nursing-assistant-per-diem-prn-zapata-tx,27.02,cna
Zephyr Cove,certified-nursing-assistant-per-diem-prn-zephyr-cove-nv,25.21,cna
Zephyrhills,certified-nursing-assistant-per-diem-prn-zephyrhills-fl,27.02,cna
Zion,certified-nursing-assistant-per-diem-prn-zion-il,25.25,cna
