name,slug,pay,license
700 Smith St,certified-residential-medication-aide-per-diem-prn-700-smith-st-ri,25.25,crma
Aberdeen ID,certified-residential-medication-aide-per-diem-prn-aberdeen-id,26.18,crma
Aberdeen SD,certified-residential-medication-aide-per-diem-prn-aberdeen-sd,25.50,crma
Aberdeen WA,certified-residential-medication-aide-per-diem-prn-aberdeen-wa,25.75,crma
Abernathy,certified-residential-medication-aide-per-diem-prn-abernathy-tx,25.20,crma
Abilene,certified-residential-medication-aide-per-diem-prn-abilene-tx,26.10,crma
Abingdon,certified-residential-medication-aide-per-diem-prn-abingdon-va,25.35,crma
Abington,certified-residential-medication-aide-per-diem-prn-abington-pa,25.32,crma
Absecon,certified-residential-medication-aide-per-diem-prn-absecon-nj,25.68,crma
Addison,certified-residential-medication-aide-per-diem-prn-addison-tx,25.40,crma
Affton,certified-residential-medication-aide-per-diem-prn-affton-mo,25.61,crma
Aiken,certified-residential-medication-aide-per-diem-prn-aiken-sc,25.66,crma
Ajo,certified-residential-medication-aide-per-diem-prn-ajo-az,25.85,crma
Akron,certified-residential-medication-aide-per-diem-prn-akron-co,26.00,crma
Akron,certified-residential-medication-aide-per-diem-prn-akron-oh,25.30,crma
Alabaster,certified-residential-medication-aide-per-diem-prn-alabaster-al,25.20,crma
Alachua,certified-residential-medication-aide-per-diem-prn-alachua-fl,25.45,crma
Alafaya,certified-residential-medication-aide-per-diem-prn-alafaya-fl,25.65,crma
Alamo,certified-residential-medication-aide-per-diem-prn-alamo-tx,25.57,crma
Alamogordo,certified-residential-medication-aide-per-diem-prn-alamogordo-nm,25.92,crma
Alamosa,certified-residential-medication-aide-per-diem-prn-alamosa-co,25.68,crma
Albany,certified-residential-medication-aide-per-diem-prn-albany-ny,25.54,crma
Albany GA,certified-residential-medication-aide-per-diem-prn-albany-ga,26.00,crma
Albany OR,certified-residential-medication-aide-per-diem-prn-albany-or,25.22,crma
Albany TX,certified-residential-medication-aide-per-diem-prn-albany-tx,25.67,crma
Albertville,certified-residential-medication-aide-per-diem-prn-albertville-al,25.45,crma
Albia,certified-residential-medication-aide-per-diem-prn-albia-ia,25.48,crma
Albion,certified-residential-medication-aide-per-diem-prn-albion-mi,25.53,crma
Albuquerque,certified-residential-medication-aide-per-diem-prn-albuquerque-nm,25.77,crma
Aledo IL,certified-residential-medication-aide-per-diem-prn-aledo-il,25.93,crma
Aledo TX,certified-residential-medication-aide-per-diem-prn-aledo-tx,25.38,crma
Alexander City,certified-residential-medication-aide-per-diem-prn-alexander-city-al,26.13,crma
Alexandria LA,certified-residential-medication-aide-per-diem-prn-alexandria-la,25.87,crma
Alexandria VA,certified-residential-medication-aide-per-diem-prn-alexandria-va,25.96,crma
Alhambra,certified-residential-medication-aide-per-diem-prn-alhambra-ca,25.41,crma
Alice,certified-residential-medication-aide-per-diem-prn-alice-tx,25.47,crma
Allen,certified-residential-medication-aide-per-diem-prn-allen-tx,25.32,crma
Allentown,certified-residential-medication-aide-per-diem-prn-allentown-pa,25.32,crma
Alliance,certified-residential-medication-aide-per-diem-prn-alliance-ne,25.61,crma
Alliance,certified-residential-medication-aide-per-diem-prn-alliance-oh,25.03,crma
Alma,certified-residential-medication-aide-per-diem-prn-alma-mi,26.11,crma
Aloha,certified-residential-medication-aide-per-diem-prn-aloha-or,25.85,crma
Alpena,certified-residential-medication-aide-per-diem-prn-alpena-mi,25.43,crma
Alpharetta,certified-residential-medication-aide-per-diem-prn-alpharetta-ga,25.45,crma
Alpine,certified-residential-medication-aide-per-diem-prn-alpine-tx,25.64,crma
Alpine,certified-residential-medication-aide-per-diem-prn-alpine-ut,25.78,crma
Alsea,certified-residential-medication-aide-per-diem-prn-alsea-or,25.37,crma
Altamonte Springs,certified-residential-medication-aide-per-diem-prn-altamonte-springs-fl,25.25,crma
Alto,certified-residential-medication-aide-per-diem-prn-alto-tx,26.18,crma
Alton,certified-residential-medication-aide-per-diem-prn-alton-tx,25.50,crma
Altoona,certified-residential-medication-aide-per-diem-prn-altoona-0-wi,25.75,crma
Altoona,certified-residential-medication-aide-per-diem-prn-altoona-fl,25.20,crma
Altoona,certified-residential-medication-aide-per-diem-prn-altoona-pa,25.64,crma
Altoona IA,certified-residential-medication-aide-per-diem-prn-altoona-ia,25.67,crma
Alturas,certified-residential-medication-aide-per-diem-prn-alturas-ca,26.10,crma
Alvarado,certified-residential-medication-aide-per-diem-prn-alvarado-tx,25.35,crma
Alvin,certified-residential-medication-aide-per-diem-prn-alvin-tx,25.40,crma
Alvord,certified-residential-medication-aide-per-diem-prn-alvord-tx,25.66,crma
Amado,certified-residential-medication-aide-per-diem-prn-amado-az,25.85,crma
Amargosa Valley,certified-residential-medication-aide-per-diem-prn-amargosa-valley-nv,26.00,crma
Amarillo,certified-residential-medication-aide-per-diem-prn-amarillo-tx,25.30,crma
American Falls,certified-residential-medication-aide-per-diem-prn-american-falls-id,25.45,crma
American Fork,certified-residential-medication-aide-per-diem-prn-american-fork-ut,25.57,crma
Ames,certified-residential-medication-aide-per-diem-prn-ames-ia,25.68,crma
Amherst,certified-residential-medication-aide-per-diem-prn-amherst-8-va,25.22,crma
Amherst,certified-residential-medication-aide-per-diem-prn-amherst-ny,25.14,crma
Amherst,certified-residential-medication-aide-per-diem-prn-amherst-tx,25.67,crma
Ammon ID,certified-residential-medication-aide-per-diem-prn-ammon-id,25.48,crma
Amsterdam,certified-residential-medication-aide-per-diem-prn-amsterdam-ny,25.53,crma
Anaconda,certified-residential-medication-aide-per-diem-prn-anaconda-mt,25.77,crma
Anacortes,certified-residential-medication-aide-per-diem-prn-anacortes-wa,25.93,crma
Anaheim,certified-residential-medication-aide-per-diem-prn-anaheim-ca,25.38,crma
Anahuac,certified-residential-medication-aide-per-diem-prn-anahuac-tx,26.13,crma
Anchorage,certified-residential-medication-aide-per-diem-prn-anchorage-ak,25.87,crma
Anderson,certified-residential-medication-aide-per-diem-prn-anderson-in,25.00,crma
Anderson,certified-residential-medication-aide-per-diem-prn-anderson-sc,25.84,crma
Andover,certified-residential-medication-aide-per-diem-prn-andover-mn,25.41,crma
Andrews,certified-residential-medication-aide-per-diem-prn-andrews-tx,25.96,crma
Aneta,certified-residential-medication-aide-per-diem-prn-aneta-nd,25.41,crma
Angelus Oaks,certified-residential-medication-aide-per-diem-prn-angelus-oaks-ca,25.47,crma
Angleton,certified-residential-medication-aide-per-diem-prn-angleton-tx,25.32,crma
Anita,certified-residential-medication-aide-per-diem-prn-anita-ia,25.68,crma
Ankeny,certified-residential-medication-aide-per-diem-prn-ankeny-ia,26.11,crma
Ann Arbor,certified-residential-medication-aide-per-diem-prn-ann-arbor-mi,25.43,crma
Annandale,certified-residential-medication-aide-per-diem-prn-annandale-va,25.61,crma
Annapolis,certified-residential-medication-aide-per-diem-prn-annapolis-md-7f671,25.61,crma
Annapolis MD,certified-residential-medication-aide-per-diem-prn-annapolis-md,26.11,crma
Anniston,certified-residential-medication-aide-per-diem-prn-anniston-al,25.38,crma
Anson,certified-residential-medication-aide-per-diem-prn-anson-tx,25.43,crma
Anthem,certified-residential-medication-aide-per-diem-prn-anthem-az,25.64,crma
Antigo,certified-residential-medication-aide-per-diem-prn-antigo-wi,25.78,crma
Antonito,certified-residential-medication-aide-per-diem-prn-antonito-co,25.37,crma
Any City,certified-residential-medication-aide-per-diem-prn-any-city-or,25.25,crma
Apache Junction AZ,certified-residential-medication-aide-per-diem-prn-apache-junction-az,26.18,crma
Apalachicola,certified-residential-medication-aide-per-diem-prn-apalachicola-fl,25.50,crma
Apex,certified-residential-medication-aide-per-diem-prn-apex-nc,25.57,crma
Apollo Beach,certified-residential-medication-aide-per-diem-prn-apollo-beach-fl,25.75,crma
Apopka,certified-residential-medication-aide-per-diem-prn-apopka-fl,25.20,crma
Apple Valley,certified-residential-medication-aide-per-diem-prn-apple-valley-mn,25.48,crma
Appleton,certified-residential-medication-aide-per-diem-prn-appleton-wi,25.65,crma
Aransas Pass,certified-residential-medication-aide-per-diem-prn-aransas-pass-tx,26.10,crma
Arcadia,certified-residential-medication-aide-per-diem-prn-arcadia-fl,25.35,crma
Arcata,certified-residential-medication-aide-per-diem-prn-arcata-ca,25.40,crma
Archer,certified-residential-medication-aide-per-diem-prn-archer-fl,25.85,crma
Archer City,certified-residential-medication-aide-per-diem-prn-archer-city-tx,25.66,crma
Arco,certified-residential-medication-aide-per-diem-prn-arco-id,26.00,crma
Ardmore,certified-residential-medication-aide-per-diem-prn-ardmore-ok,25.57,crma
Arivaca,certified-residential-medication-aide-per-diem-prn-arivaca-az,25.30,crma
Arizona City,certified-residential-medication-aide-per-diem-prn-arizona-city-az,25.45,crma
Arlington,certified-residential-medication-aide-per-diem-prn-arlington-ma,25.83,crma
Arlington Heights,certified-residential-medication-aide-per-diem-prn-arlington-heights-il,25.64,crma
Arlington TX,certified-residential-medication-aide-per-diem-prn-arlington-tx,26.18,crma
Arlington VA,certified-residential-medication-aide-per-diem-prn-arlington-va,25.57,crma
Arlington WA,certified-residential-medication-aide-per-diem-prn-arlington-wa,25.68,crma
Arnold,certified-residential-medication-aide-per-diem-prn-arnold-mo,25.43,crma
Artesia,certified-residential-medication-aide-per-diem-prn-artesia-nm,25.22,crma
Arvada,certified-residential-medication-aide-per-diem-prn-arvada-co,25.67,crma
Ash Fork,certified-residential-medication-aide-per-diem-prn-ash-fork-az,25.48,crma
Ashburn,certified-residential-medication-aide-per-diem-prn-ashburn-va,25.53,crma
Asheville Charlotte Street,certified-residential-medication-aide-per-diem-prn-asheville-charlotte-street-nc,25.61,crma
Asheville NC,certified-residential-medication-aide-per-diem-prn-asheville-nc,25.77,crma
Ashland,certified-residential-medication-aide-per-diem-prn-ashland-ky,25.59,crma
Ashland City,certified-residential-medication-aide-per-diem-prn-ashland-city-tn,25.68,crma
Ashland OR,certified-residential-medication-aide-per-diem-prn-ashland-or,25.93,crma
Ashland WI,certified-residential-medication-aide-per-diem-prn-ashland-wi,25.38,crma
Ashley,certified-residential-medication-aide-per-diem-prn-ashley-nd,26.13,crma
Ashley,certified-residential-medication-aide-per-diem-prn-ashley-oh,25.87,crma
Ashton,certified-residential-medication-aide-per-diem-prn-ashton-id,25.96,crma
Aspen CO,certified-residential-medication-aide-per-diem-prn-aspen-co,25.41,crma
Aspen Hill,certified-residential-medication-aide-per-diem-prn-aspen-hill-md,25.38,crma
Aspermont,certified-residential-medication-aide-per-diem-prn-aspermont-tx,25.47,crma
Astoria OR,certified-residential-medication-aide-per-diem-prn-astoria-or,25.32,crma
Athens,certified-residential-medication-aide-per-diem-prn-athens-al,25.48,crma
Athens,certified-residential-medication-aide-per-diem-prn-athens-ga,25.22,crma
Athens,certified-residential-medication-aide-per-diem-prn-athens-oh,25.74,crma
Athens,certified-residential-medication-aide-per-diem-prn-athens-tx,25.61,crma
Atlanta,certified-residential-medication-aide-per-diem-prn-atlanta-tx,26.11,crma
Atlanta Buckhead,certified-residential-medication-aide-per-diem-prn-atlanta-buckhead-ga,25.54,crma
Atlanta GA,certified-residential-medication-aide-per-diem-prn-atlanta-ga,25.68,crma
Atlanta South Downtown,certified-residential-medication-aide-per-diem-prn-atlanta-south-downtown-ga,26.00,crma
Atlantic,certified-residential-medication-aide-per-diem-prn-atlantic-ia,25.64,crma
Atlantic Beach,certified-residential-medication-aide-per-diem-prn-atlantic-beach-fl,25.43,crma
Atlantic City,certified-residential-medication-aide-per-diem-prn-atlantic-city-nj,25.99,crma
Atlantis,certified-residential-medication-aide-per-diem-prn-atlantis-fl,25.78,crma
Attalla,certified-residential-medication-aide-per-diem-prn-attalla-al,25.37,crma
Attleboro,certified-residential-medication-aide-per-diem-prn-attleboro-ma,25.95,crma
Atwood,certified-residential-medication-aide-per-diem-prn-atwood-ks,26.18,crma
Aubrey,certified-residential-medication-aide-per-diem-prn-aubrey-tx,25.25,crma
Auburn,certified-residential-medication-aide-per-diem-prn-auburn-al,25.75,crma
Auburn,certified-residential-medication-aide-per-diem-prn-auburn-me,25.61,crma
Auburn IN,certified-residential-medication-aide-per-diem-prn-auburn-in,26.18,crma
Auburn NY,certified-residential-medication-aide-per-diem-prn-auburn-ny,25.50,crma
Auburn WA,certified-residential-medication-aide-per-diem-prn-auburn-wa,25.75,crma
Auburndale,certified-residential-medication-aide-per-diem-prn-auburndale-fl,25.20,crma
Augusta,certified-residential-medication-aide-per-diem-prn-augusta-ga,25.30,crma
Augusta,certified-residential-medication-aide-per-diem-prn-augusta-me,25.50,crma
Aumsville,certified-residential-medication-aide-per-diem-prn-aumsville-or,26.10,crma
Aurora,certified-residential-medication-aide-per-diem-prn-aurora-co,25.35,crma
Aurora,certified-residential-medication-aide-per-diem-prn-aurora-il,25.67,crma
Aurora East Ridge - Ptarmigan Park,certified-residential-medication-aide-per-diem-prn-aurora-east-ridge-ptarmigan-park-co,26.00,crma
Aurora Heather Gardens,certified-residential-medication-aide-per-diem-prn-aurora-heather-gardens-co,25.45,crma
Austin NV,certified-residential-medication-aide-per-diem-prn-austin-nv,25.40,crma
Austin TX,certified-residential-medication-aide-per-diem-prn-austin-tx,25.50,crma
Austintown,certified-residential-medication-aide-per-diem-prn-austintown-oh,25.03,crma
Avalon,certified-residential-medication-aide-per-diem-prn-avalon-ca,25.85,crma
Ave Maria,certified-residential-medication-aide-per-diem-prn-ave-maria-fl,26.00,crma
Aventura,certified-residential-medication-aide-per-diem-prn-aventura-fl,25.30,crma
Avinger,certified-residential-medication-aide-per-diem-prn-avinger-tx,25.45,crma
Avon,certified-residential-medication-aide-per-diem-prn-avon-oh,25.03,crma
Avon CO,certified-residential-medication-aide-per-diem-prn-avon-co,25.57,crma
Avon CT,certified-residential-medication-aide-per-diem-prn-avon-ct,25.68,crma
Avon Lake,certified-residential-medication-aide-per-diem-prn-avon-lake-oh,25.95,crma
Avon Park,certified-residential-medication-aide-per-diem-prn-avon-park-fl,25.22,crma
Avondale AZ,certified-residential-medication-aide-per-diem-prn-avondale-az,25.67,crma
Avondale CO,certified-residential-medication-aide-per-diem-prn-avondale-co,25.48,crma
Axtell,certified-residential-medication-aide-per-diem-prn-axtell-ne,25.53,crma
Azle,certified-residential-medication-aide-per-diem-prn-azle-tx,25.77,crma
Babylon town,certified-residential-medication-aide-per-diem-prn-babylon-town-ny,25.95,crma
Bacliff,certified-residential-medication-aide-per-diem-prn-bacliff-tx,25.93,crma
Bad Axe,certified-residential-medication-aide-per-diem-prn-bad-axe-mi,25.38,crma
Badger,certified-residential-medication-aide-per-diem-prn-badger-ak,25.96,crma
Bagdad,certified-residential-medication-aide-per-diem-prn-bagdad-az,26.13,crma
Bailey,certified-residential-medication-aide-per-diem-prn-bailey-co,25.87,crma
BAINBRIDGE ISLAND,certified-residential-medication-aide-per-diem-prn-bainbridge-island-wa,25.96,crma
Baird,certified-residential-medication-aide-per-diem-prn-baird-tx,25.41,crma
Baker,certified-residential-medication-aide-per-diem-prn-baker-wv,25.32,crma
Baker City,certified-residential-medication-aide-per-diem-prn-baker-city-or,25.47,crma
Bakersfield,certified-residential-medication-aide-per-diem-prn-bakersfield-ca,25.43,crma
Balch Springs,certified-residential-medication-aide-per-diem-prn-balch-springs-tx,25.61,crma
Ballinger,certified-residential-medication-aide-per-diem-prn-ballinger-tx,26.11,crma
Ballwin,certified-residential-medication-aide-per-diem-prn-ballwin-mo,25.43,crma
Baltimore,certified-residential-medication-aide-per-diem-prn-baltimore-md-0180d,25.37,crma
Baltimore MD,certified-residential-medication-aide-per-diem-prn-baltimore-md,25.64,crma
Bandera,certified-residential-medication-aide-per-diem-prn-bandera-tx,25.78,crma
Bandon,certified-residential-medication-aide-per-diem-prn-bandon-or,25.37,crma
Bangor,certified-residential-medication-aide-per-diem-prn-bangor-me,33.01,crma
Bangs,certified-residential-medication-aide-per-diem-prn-bangs-tx,26.18,crma
Bar Harbor,certified-residential-medication-aide-per-diem-prn-bar-harbor-me,33.01,crma
Barberton,certified-residential-medication-aide-per-diem-prn-barberton-oh,25.95,crma
Bardstown,certified-residential-medication-aide-per-diem-prn-bardstown-ky,25.75,crma
Barnsdall,certified-residential-medication-aide-per-diem-prn-barnsdall-ok,25.20,crma
Barnstable Town,certified-residential-medication-aide-per-diem-prn-barnstable-town-ma,25.68,crma
Barre,certified-residential-medication-aide-per-diem-prn-barre-vt,26.10,crma
Barre city,certified-residential-medication-aide-per-diem-prn-barre-city-vt,25.35,crma
Barre town,certified-residential-medication-aide-per-diem-prn-barre-town-vt,25.68,crma
Bartlesville,certified-residential-medication-aide-per-diem-prn-bartlesville-ok,25.61,crma
Bartlett,certified-residential-medication-aide-per-diem-prn-bartlett-tn,25.25,crma
Bartlett,certified-residential-medication-aide-per-diem-prn-bartlett-tx,25.35,crma
Barton,certified-residential-medication-aide-per-diem-prn-barton-vt,25.40,crma
Bartow,certified-residential-medication-aide-per-diem-prn-bartow-fl,25.66,crma
Basalt,certified-residential-medication-aide-per-diem-prn-basalt-co,25.85,crma
Basking Ridge,certified-residential-medication-aide-per-diem-prn-basking-ridge-nj,26.00,crma
Bastrop,certified-residential-medication-aide-per-diem-prn-bastrop-tx,25.30,crma
Batavia,certified-residential-medication-aide-per-diem-prn-batavia-ny,25.45,crma
Batesville,certified-residential-medication-aide-per-diem-prn-batesville-ar,25.57,crma
Baton Rouge,certified-residential-medication-aide-per-diem-prn-baton-rouge-la,25.68,crma
Battle Creek,certified-residential-medication-aide-per-diem-prn-battle-creek-mi,25.22,crma
Battle Ground WA,certified-residential-medication-aide-per-diem-prn-battle-ground-wa,25.67,crma
Battle Mountain,certified-residential-medication-aide-per-diem-prn-battle-mountain-nv,25.48,crma
Bay City MI,certified-residential-medication-aide-per-diem-prn-bay-city-mi,25.53,crma
Bay City TX,certified-residential-medication-aide-per-diem-prn-bay-city-tx,25.77,crma
Bay Harbor Islands,certified-residential-medication-aide-per-diem-prn-bay-harbor-islands-fl,25.93,crma
Bayou Cane,certified-residential-medication-aide-per-diem-prn-bayou-cane-la,25.25,crma
Baytown,certified-residential-medication-aide-per-diem-prn-baytown-tx,25.38,crma
Bayville,certified-residential-medication-aide-per-diem-prn-bayville-nj,25.37,crma
Bear,certified-residential-medication-aide-per-diem-prn-bear-de,25.43,crma
Beatrice,certified-residential-medication-aide-per-diem-prn-beatrice-ne,26.13,crma
Beatty,certified-residential-medication-aide-per-diem-prn-beatty-nv,25.87,crma
Beaumont,certified-residential-medication-aide-per-diem-prn-beaumont-tx,25.96,crma
Beaver,certified-residential-medication-aide-per-diem-prn-beaver-ut,25.41,crma
Beavercreek,certified-residential-medication-aide-per-diem-prn-beavercreek-oh,25.30,crma
Beaverton,certified-residential-medication-aide-per-diem-prn-beaverton-or,25.47,crma
Becket,certified-residential-medication-aide-per-diem-prn-becket-ma,25.32,crma
Beckley,certified-residential-medication-aide-per-diem-prn-beckley-wv,25.85,crma
Bedford NH,certified-residential-medication-aide-per-diem-prn-bedford-nh,25.61,crma
Bedford TX,certified-residential-medication-aide-per-diem-prn-bedford-tx,26.11,crma
Bedias,certified-residential-medication-aide-per-diem-prn-bedias-tx,25.43,crma
Bee Cave,certified-residential-medication-aide-per-diem-prn-bee-cave-tx,25.64,crma
Beecher,certified-residential-medication-aide-per-diem-prn-beecher-il,25.78,crma
Beeville,certified-residential-medication-aide-per-diem-prn-beeville-tx,25.37,crma
Bel Air South,certified-residential-medication-aide-per-diem-prn-bel-air-south-md,25.67,crma
Belfast,certified-residential-medication-aide-per-diem-prn-belfast-me,33.01,crma
Belgrade,certified-residential-medication-aide-per-diem-prn-belgrade-mt,25.95,crma
Bell,certified-residential-medication-aide-per-diem-prn-bell-ca,25.13,crma
Bell,certified-residential-medication-aide-per-diem-prn-bell-fl,26.18,crma
Bella Vista,certified-residential-medication-aide-per-diem-prn-bella-vista-ar,25.61,crma
Bellaire,certified-residential-medication-aide-per-diem-prn-bellaire-tx,25.50,crma
Belle Fourche,certified-residential-medication-aide-per-diem-prn-belle-fourche-sd,25.75,crma
Belle Glade,certified-residential-medication-aide-per-diem-prn-belle-glade-fl,25.20,crma
Belle Plaine,certified-residential-medication-aide-per-diem-prn-belle-plaine-ia,26.10,crma
Belleair,certified-residential-medication-aide-per-diem-prn-belleair-fl,25.35,crma
Belleview,certified-residential-medication-aide-per-diem-prn-belleview-fl,25.40,crma
Belleville,certified-residential-medication-aide-per-diem-prn-belleville-il-4ef76,25.66,crma
Belleville,certified-residential-medication-aide-per-diem-prn-belleville-ks,25.85,crma
Bellevue,certified-residential-medication-aide-per-diem-prn-bellevue-ne,25.47,crma
Bellevue IA,certified-residential-medication-aide-per-diem-prn-bellevue-ia,26.00,crma
Bellevue ID,certified-residential-medication-aide-per-diem-prn-bellevue-id,25.30,crma
Bellevue WA,certified-residential-medication-aide-per-diem-prn-bellevue-wa,25.45,crma
Bellflower,certified-residential-medication-aide-per-diem-prn-bellflower-ca,25.57,crma
Bellingham,certified-residential-medication-aide-per-diem-prn-bellingham-wa,25.00,crma
Bellmead,certified-residential-medication-aide-per-diem-prn-bellmead-tx,25.68,crma
Bellville,certified-residential-medication-aide-per-diem-prn-bellville-tx,25.22,crma
Bellvue,certified-residential-medication-aide-per-diem-prn-bellvue-id,25.67,crma
Beloit,certified-residential-medication-aide-per-diem-prn-beloit-wi,25.48,crma
Belton MO,certified-residential-medication-aide-per-diem-prn-belton-mo,25.53,crma
Belton TX,certified-residential-medication-aide-per-diem-prn-belton-tx,25.77,crma
Benavides,certified-residential-medication-aide-per-diem-prn-benavides-tx,25.93,crma
Benbrook,certified-residential-medication-aide-per-diem-prn-benbrook-tx,25.38,crma
Bend,certified-residential-medication-aide-per-diem-prn-bend-or,26.13,crma
Bennington,certified-residential-medication-aide-per-diem-prn-bennington-vt,26.10,crma
Bensalem,certified-residential-medication-aide-per-diem-prn-bensalem-pa,25.99,crma
Benson,certified-residential-medication-aide-per-diem-prn-benson-az,25.87,crma
Benton,certified-residential-medication-aide-per-diem-prn-benton-ar,25.54,crma
Bentonville,certified-residential-medication-aide-per-diem-prn-bentonville-ar,25.03,crma
Bergenfield,certified-residential-medication-aide-per-diem-prn-bergenfield-nj,25.96,crma
Berlin,certified-residential-medication-aide-per-diem-prn-berlin-nh,25.41,crma
Berryville,certified-residential-medication-aide-per-diem-prn-berryville-va,25.47,crma
Berthoud,certified-residential-medication-aide-per-diem-prn-berthoud-co,25.32,crma
Bertram,certified-residential-medication-aide-per-diem-prn-bertram-tx,25.61,crma
Berwyn,certified-residential-medication-aide-per-diem-prn-berwyn-il,25.32,crma
Bessemer,certified-residential-medication-aide-per-diem-prn-bessemer-al,25.22,crma
Bethany,certified-residential-medication-aide-per-diem-prn-bethany-ok,26.11,crma
Bethany,certified-residential-medication-aide-per-diem-prn-bethany-or,25.03,crma
Bethel,certified-residential-medication-aide-per-diem-prn-bethel-ak,25.43,crma
Bethel Park,certified-residential-medication-aide-per-diem-prn-bethel-park-pa,25.96,crma
Bethesda,certified-residential-medication-aide-per-diem-prn-bethesda-md-87047,25.30,crma
Bethesda MD,certified-residential-medication-aide-per-diem-prn-bethesda-md,25.64,crma
Bethlehem,certified-residential-medication-aide-per-diem-prn-bethlehem-pa,25.78,crma
Bethlehem City,certified-residential-medication-aide-per-diem-prn-bethlehem-city-pa,26.18,crma
Bethlehem West Side,certified-residential-medication-aide-per-diem-prn-bethlehem-west-side-pa,25.32,crma
Bettendorf IA,certified-residential-medication-aide-per-diem-prn-bettendorf-ia,25.37,crma
Beverly,certified-residential-medication-aide-per-diem-prn-beverly-ma,25.25,crma
Beverly Hills,certified-residential-medication-aide-per-diem-prn-beverly-hills-fl,26.18,crma
Bicknell,certified-residential-medication-aide-per-diem-prn-bicknell-in-4ec7e,26.18,crma
Bicknell,certified-residential-medication-aide-per-diem-prn-bicknell-ut,25.50,crma
Biddeford,certified-residential-medication-aide-per-diem-prn-biddeford-me,33.01,crma
Big Bear,certified-residential-medication-aide-per-diem-prn-big-bear-ca,25.40,crma
Big Lake,certified-residential-medication-aide-per-diem-prn-big-lake-tx,25.66,crma
Big Spring,certified-residential-medication-aide-per-diem-prn-big-spring-tx,25.85,crma
Big Wells,certified-residential-medication-aide-per-diem-prn-big-wells-tx,26.00,crma
Billings MT,certified-residential-medication-aide-per-diem-prn-billings-mt,25.30,crma
Biloxi,certified-residential-medication-aide-per-diem-prn-biloxi-ms,25.77,crma
Birmingham,certified-residential-medication-aide-per-diem-prn-birmingham-al,25.45,crma
Bisbee,certified-residential-medication-aide-per-diem-prn-bisbee-az,25.57,crma
Biscoe,certified-residential-medication-aide-per-diem-prn-biscoe-nc,25.64,crma
Bishopville,certified-residential-medication-aide-per-diem-prn-bishopville-sc,25.68,crma
Bismarck,certified-residential-medication-aide-per-diem-prn-bismarck-nd,25.22,crma
Bixby,certified-residential-medication-aide-per-diem-prn-bixby-ok,25.64,crma
Black Hawk,certified-residential-medication-aide-per-diem-prn-black-hawk-co,25.67,crma
Blackfoot ID,certified-residential-medication-aide-per-diem-prn-blackfoot-id,25.48,crma
Blacksburg,certified-residential-medication-aide-per-diem-prn-blacksburg-va,25.53,crma
Blaine,certified-residential-medication-aide-per-diem-prn-blaine-mn,25.20,crma
Blanding,certified-residential-medication-aide-per-diem-prn-blanding-ut,25.77,crma
Bloomfield,certified-residential-medication-aide-per-diem-prn-bloomfield-ct,25.93,crma
Bloomington,certified-residential-medication-aide-per-diem-prn-bloomington-il,26.13,crma
Bloomington,certified-residential-medication-aide-per-diem-prn-bloomington-in,25.47,crma
Bloomington,certified-residential-medication-aide-per-diem-prn-bloomington-mn,25.75,crma
Bloomsburg,certified-residential-medication-aide-per-diem-prn-bloomsburg-pa,25.38,crma
Blountstown,certified-residential-medication-aide-per-diem-prn-blountstown-fl,26.13,crma
Blowing Rock,certified-residential-medication-aide-per-diem-prn-blowing-rock-nc,26.10,crma
Blue River,certified-residential-medication-aide-per-diem-prn-blue-river-or,25.87,crma
Blue Springs,certified-residential-medication-aide-per-diem-prn-blue-springs-mo,25.84,crma
Bluffton,certified-residential-medication-aide-per-diem-prn-bluffton-sc,25.83,crma
Bly,certified-residential-medication-aide-per-diem-prn-bly-or,25.96,crma
Boardman,certified-residential-medication-aide-per-diem-prn-boardman-or,25.41,crma
Boca Raton,certified-residential-medication-aide-per-diem-prn-boca-raton-fl,25.47,crma
Boerne,certified-residential-medication-aide-per-diem-prn-boerne-tx,25.32,crma
Bogata,certified-residential-medication-aide-per-diem-prn-bogata-tx,25.61,crma
Boise City,certified-residential-medication-aide-per-diem-prn-boise-city-id,25.45,crma
Boise ID,certified-residential-medication-aide-per-diem-prn-boise-id,26.11,crma
Bolingbrook IL,certified-residential-medication-aide-per-diem-prn-bolingbrook-il,25.75,crma
Bonham,certified-residential-medication-aide-per-diem-prn-bonham-tx,25.64,crma
Bonifay,certified-residential-medication-aide-per-diem-prn-bonifay-fl,25.78,crma
Bonita Springs,certified-residential-medication-aide-per-diem-prn-bonita-springs-fl,25.37,crma
Bonners Ferry,certified-residential-medication-aide-per-diem-prn-bonners-ferry-id,25.25,crma
Booker,certified-residential-medication-aide-per-diem-prn-booker-tx,26.18,crma
Boone NC,certified-residential-medication-aide-per-diem-prn-boone-nc,25.50,crma
Borger,certified-residential-medication-aide-per-diem-prn-borger-tx,25.75,crma
Bossier City,certified-residential-medication-aide-per-diem-prn-bossier-city-la,25.20,crma
Boston,certified-residential-medication-aide-per-diem-prn-boston-ma,26.10,crma
Bothell,certified-residential-medication-aide-per-diem-prn-bothell-wa,25.43,crma
Boulder,certified-residential-medication-aide-per-diem-prn-boulder-co,25.40,crma
Boulder City,certified-residential-medication-aide-per-diem-prn-boulder-city-nv,25.35,crma
Bountiful,certified-residential-medication-aide-per-diem-prn-bountiful-ut,25.61,crma
Bourbon,certified-residential-medication-aide-per-diem-prn-bourbon-mo,25.85,crma
Bouse,certified-residential-medication-aide-per-diem-prn-bouse-az,26.00,crma
Bowie,certified-residential-medication-aide-per-diem-prn-bowie-md,26.00,crma
Bowie,certified-residential-medication-aide-per-diem-prn-bowie-tx,25.30,crma
Bowling Green,certified-residential-medication-aide-per-diem-prn-bowling-green-ky,25.45,crma
Bowling Green,certified-residential-medication-aide-per-diem-prn-bowling-green-oh,25.85,crma
Boynton Beach,certified-residential-medication-aide-per-diem-prn-boynton-beach-fl,25.57,crma
Bozeman MT,certified-residential-medication-aide-per-diem-prn-bozeman-mt,25.68,crma
Bozrah,certified-residential-medication-aide-per-diem-prn-bozrah-ct,25.22,crma
Brackenridge,certified-residential-medication-aide-per-diem-prn-brackenridge-pa,25.47,crma
Brackettville,certified-residential-medication-aide-per-diem-prn-brackettville-tx,25.67,crma
Braden River,certified-residential-medication-aide-per-diem-prn-braden-river-fl,25.48,crma
Bradenton FL,certified-residential-medication-aide-per-diem-prn-bradenton-fl,25.53,crma
Brady,certified-residential-medication-aide-per-diem-prn-brady-tx,25.77,crma
Brandon,certified-residential-medication-aide-per-diem-prn-brandon-fl,25.93,crma
Brandon,certified-residential-medication-aide-per-diem-prn-brandon-ms,25.57,crma
Branford,certified-residential-medication-aide-per-diem-prn-branford-ct,25.38,crma
Branford,certified-residential-medication-aide-per-diem-prn-branford-fl,26.13,crma
Brattleboro,certified-residential-medication-aide-per-diem-prn-brattleboro-vt,25.87,crma
Breckenridge CO,certified-residential-medication-aide-per-diem-prn-breckenridge-co,25.96,crma
Breckenridge TX,certified-residential-medication-aide-per-diem-prn-breckenridge-tx,25.41,crma
Bremerton,certified-residential-medication-aide-per-diem-prn-bremerton-wa,25.36,crma
Bremond,certified-residential-medication-aide-per-diem-prn-bremond-tx,25.47,crma
Brenham,certified-residential-medication-aide-per-diem-prn-brenham-tx,25.32,crma
Brentwood,certified-residential-medication-aide-per-diem-prn-brentwood-nh,25.61,crma
Brentwood,certified-residential-medication-aide-per-diem-prn-brentwood-tn,25.14,crma
Brevard,certified-residential-medication-aide-per-diem-prn-brevard-nc,26.11,crma
Brick,certified-residential-medication-aide-per-diem-prn-brick-nj,25.43,crma
Brick Township,certified-residential-medication-aide-per-diem-prn-brick-township-nj,25.64,crma
Bridge City,certified-residential-medication-aide-per-diem-prn-bridge-city-tx,25.78,crma
Bridgeport,certified-residential-medication-aide-per-diem-prn-bridgeport-ct,25.95,crma
Bridgeport TX,certified-residential-medication-aide-per-diem-prn-bridgeport-tx,25.37,crma
Bridgeport WV,certified-residential-medication-aide-per-diem-prn-bridgeport-wv,25.25,crma
Bridgeton,certified-residential-medication-aide-per-diem-prn-bridgeton-nj,25.64,crma
Bridgewater NJ,certified-residential-medication-aide-per-diem-prn-bridgewater-nj,26.18,crma
Brigham City,certified-residential-medication-aide-per-diem-prn-brigham-city-ut,25.50,crma
Brighton CO,certified-residential-medication-aide-per-diem-prn-brighton-co,25.20,crma
Bristol,certified-residential-medication-aide-per-diem-prn-bristol-ct,25.14,crma
Bristol,certified-residential-medication-aide-per-diem-prn-bristol-ri,25.65,crma
Bristol FL,certified-residential-medication-aide-per-diem-prn-bristol-fl,25.20,crma
Bristol TN,certified-residential-medication-aide-per-diem-prn-bristol-tn,26.10,crma
Brockton,certified-residential-medication-aide-per-diem-prn-brockton-ma,25.35,crma
Broken Arrow,certified-residential-medication-aide-per-diem-prn-broken-arrow-ok,25.40,crma
Bronte,certified-residential-medication-aide-per-diem-prn-bronte-tx,25.66,crma
Brookeland,certified-residential-medication-aide-per-diem-prn-brookeland-tx,25.85,crma
Brooker,certified-residential-medication-aide-per-diem-prn-brooker-fl,26.00,crma
Brookfield,certified-residential-medication-aide-per-diem-prn-brookfield-wi,25.74,crma
Brookhaven,certified-residential-medication-aide-per-diem-prn-brookhaven-ga,25.48,crma
Brookhaven,certified-residential-medication-aide-per-diem-prn-brookhaven-ny,25.74,crma
Brookings OR,certified-residential-medication-aide-per-diem-prn-brookings-or,25.30,crma
Brookings SD,certified-residential-medication-aide-per-diem-prn-brookings-sd,25.45,crma
Brookline,certified-residential-medication-aide-per-diem-prn-brookline-ma,25.54,crma
Brooklyn,certified-residential-medication-aide-per-diem-prn-brooklyn-ct,25.68,crma
Brooklyn,certified-residential-medication-aide-per-diem-prn-brooklyn-ny,25.57,crma
Brooklyn Center,certified-residential-medication-aide-per-diem-prn-brooklyn-center-mn,25.53,crma
Brooklyn Park,certified-residential-medication-aide-per-diem-prn-brooklyn-park-mn,25.50,crma
Brookshire,certified-residential-medication-aide-per-diem-prn-brookshire-tx,25.68,crma
Brooksville,certified-residential-medication-aide-per-diem-prn-brooksville-fl,25.22,crma
Broomfield CO,certified-residential-medication-aide-per-diem-prn-broomfield-co,25.67,crma
Brownfield,certified-residential-medication-aide-per-diem-prn-brownfield-tx,25.48,crma
Brownsville,certified-residential-medication-aide-per-diem-prn-brownsville-5-or,25.53,crma
Brownsville,certified-residential-medication-aide-per-diem-prn-brownsville-tx,25.77,crma
Brownwood,certified-residential-medication-aide-per-diem-prn-brownwood-tx,25.93,crma
Bruce,certified-residential-medication-aide-per-diem-prn-bruce-fl,25.38,crma
Brunswick,certified-residential-medication-aide-per-diem-prn-brunswick-me,26.11,crma
Brunswick,certified-residential-medication-aide-per-diem-prn-brunswick-mo,25.67,crma
Brunswick,certified-residential-medication-aide-per-diem-prn-brunswick-oh,25.38,crma
Brush,certified-residential-medication-aide-per-diem-prn-brush-co,26.13,crma
Bryan,certified-residential-medication-aide-per-diem-prn-bryan-tx,25.87,crma
Bryant,certified-residential-medication-aide-per-diem-prn-bryant-ar,25.95,crma
Bryn Athyn Huntingdon Valley,certified-residential-medication-aide-per-diem-prn-bryn-athyn-huntingdon-valley-pa,25.68,crma
Buckeye,certified-residential-medication-aide-per-diem-prn-buckeye-az,25.96,crma
Buda,certified-residential-medication-aide-per-diem-prn-buda-tx,25.41,crma
Buena Ventura Lakes,certified-residential-medication-aide-per-diem-prn-buena-ventura-lakes-fl,25.47,crma
Buena Vista,certified-residential-medication-aide-per-diem-prn-buena-vista-co,25.32,crma
Buenaventura Lakes,certified-residential-medication-aide-per-diem-prn-buenaventura-lakes-fl,25.36,crma
Buffalo,certified-residential-medication-aide-per-diem-prn-buffalo-ny,25.59,crma
Buhl,certified-residential-medication-aide-per-diem-prn-buhl-id,25.61,crma
Bullhead City,certified-residential-medication-aide-per-diem-prn-bullhead-city-az,26.11,crma
Bulverde,certified-residential-medication-aide-per-diem-prn-bulverde-tx,25.43,crma
Buna,certified-residential-medication-aide-per-diem-prn-buna-tx,25.64,crma
Bunnell,certified-residential-medication-aide-per-diem-prn-bunnell-fl,25.78,crma
Burbank CA,certified-residential-medication-aide-per-diem-prn-burbank-ca,25.37,crma
Burbank IL,certified-residential-medication-aide-per-diem-prn-burbank-il,26.10,crma
Burien,certified-residential-medication-aide-per-diem-prn-burien-wa,25.84,crma
Burkburnett,certified-residential-medication-aide-per-diem-prn-burkburnett-tx,25.25,crma
Burke,certified-residential-medication-aide-per-diem-prn-burke-va,25.54,crma
Burleson,certified-residential-medication-aide-per-diem-prn-burleson-tx,26.18,crma
Burley ID,certified-residential-medication-aide-per-diem-prn-burley-id,25.50,crma
Burlingame,certified-residential-medication-aide-per-diem-prn-burlingame-ca-5cbac,25.75,crma
Burlington,certified-residential-medication-aide-per-diem-prn-burlington-co,25.20,crma
Burlington,certified-residential-medication-aide-per-diem-prn-burlington-nc,25.22,crma
Burlington,certified-residential-medication-aide-per-diem-prn-burlington-vt,25.78,crma
Burlington IA,certified-residential-medication-aide-per-diem-prn-burlington-ia,25.47,crma
Burnet,certified-residential-medication-aide-per-diem-prn-burnet-tx,26.10,crma
Burns,certified-residential-medication-aide-per-diem-prn-burns-or,25.35,crma
Burnsville,certified-residential-medication-aide-per-diem-prn-burnsville-mn,25.40,crma
Bushnell,certified-residential-medication-aide-per-diem-prn-bushnell-fl,25.40,crma
Butte Falls,certified-residential-medication-aide-per-diem-prn-butte-falls-or,25.66,crma
Butte MT,certified-residential-medication-aide-per-diem-prn-butte-mt,25.85,crma
Butte-Silver Bow,certified-residential-medication-aide-per-diem-prn-butte-silver-bow-mt,25.85,crma
Buzzards Bay,certified-residential-medication-aide-per-diem-prn-buzzards-bay-ma,26.00,crma
Cabot,certified-residential-medication-aide-per-diem-prn-cabot-ar,25.94,crma
Calais,certified-residential-medication-aide-per-diem-prn-calais-me,33.01,crma
Caldwell ID,certified-residential-medication-aide-per-diem-prn-caldwell-id,25.45,crma
Caldwell TX,certified-residential-medication-aide-per-diem-prn-caldwell-tx,25.57,crma
Calhan,certified-residential-medication-aide-per-diem-prn-calhan-co,25.68,crma
Caliente,certified-residential-medication-aide-per-diem-prn-caliente-nv,25.22,crma
Callaway,certified-residential-medication-aide-per-diem-prn-callaway-fl,25.67,crma
Camas WA,certified-residential-medication-aide-per-diem-prn-camas-wa,25.48,crma
Cambridge,certified-residential-medication-aide-per-diem-prn-cambridge-ma,26.18,crma
Cambridge,certified-residential-medication-aide-per-diem-prn-cambridge-md,25.53,crma
Cameron,certified-residential-medication-aide-per-diem-prn-cameron-tx,25.77,crma
Camp Hill PA,certified-residential-medication-aide-per-diem-prn-camp-hill-pa,25.93,crma
Camp Verde,certified-residential-medication-aide-per-diem-prn-camp-verde-az,25.38,crma
Camp Wood,certified-residential-medication-aide-per-diem-prn-camp-wood-tx,26.13,crma
Campbell,certified-residential-medication-aide-per-diem-prn-campbell-ca,25.87,crma
Canadian,certified-residential-medication-aide-per-diem-prn-canadian-tx,25.96,crma
Canby,certified-residential-medication-aide-per-diem-prn-canby-or,25.41,crma
Cando,certified-residential-medication-aide-per-diem-prn-cando-nd,25.47,crma
Canistota,certified-residential-medication-aide-per-diem-prn-canistota-sd,25.32,crma
Cannonville,certified-residential-medication-aide-per-diem-prn-cannonville-ut,25.61,crma
Canon City,certified-residential-medication-aide-per-diem-prn-canon-city-co,26.11,crma
Canton,certified-residential-medication-aide-per-diem-prn-canton-oh,26.13,crma
Canton GA,certified-residential-medication-aide-per-diem-prn-canton-ga,25.35,crma
Canton IL,certified-residential-medication-aide-per-diem-prn-canton-il,25.43,crma
Canton TX,certified-residential-medication-aide-per-diem-prn-canton-tx,25.64,crma
Cantonment,certified-residential-medication-aide-per-diem-prn-cantonment-fl,25.78,crma
Canutillo,certified-residential-medication-aide-per-diem-prn-canutillo-tx,25.37,crma
Canyon,certified-residential-medication-aide-per-diem-prn-canyon-tx,25.25,crma
Canyonville,certified-residential-medication-aide-per-diem-prn-canyonville-or,26.18,crma
Cape Coral FL,certified-residential-medication-aide-per-diem-prn-cape-coral-fl,25.50,crma
Cape Girardeau,certified-residential-medication-aide-per-diem-prn-cape-girardeau-mo,25.65,crma
Cape May,certified-residential-medication-aide-per-diem-prn-cape-may-nj,25.87,crma
Carbondale,certified-residential-medication-aide-per-diem-prn-carbondale-co,25.75,crma
Carefree,certified-residential-medication-aide-per-diem-prn-carefree-az,25.20,crma
Caribou,certified-residential-medication-aide-per-diem-prn-caribou-me,25.89,crma
Carlin,certified-residential-medication-aide-per-diem-prn-carlin-nv,26.10,crma
Carlinville,certified-residential-medication-aide-per-diem-prn-carlinville-il,25.35,crma
Carlsbad,certified-residential-medication-aide-per-diem-prn-carlsbad-nm,25.54,crma
Carlsbad,certified-residential-medication-aide-per-diem-prn-carlsbad-tx,25.40,crma
Carmel,certified-residential-medication-aide-per-diem-prn-carmel-in,25.66,crma
Carnegie,certified-residential-medication-aide-per-diem-prn-carnegie-ok,25.85,crma
Caro,certified-residential-medication-aide-per-diem-prn-caro-mi,26.00,crma
Carolina Forest,certified-residential-medication-aide-per-diem-prn-carolina-forest-sc,25.99,crma
Carrabelle,certified-residential-medication-aide-per-diem-prn-carrabelle-fl,25.30,crma
Carrizo Springs,certified-residential-medication-aide-per-diem-prn-carrizo-springs-tx,25.45,crma
Carroll,certified-residential-medication-aide-per-diem-prn-carroll-ia,25.57,crma
Carrollton,certified-residential-medication-aide-per-diem-prn-carrollton-tx,25.68,crma
Carrollwood,certified-residential-medication-aide-per-diem-prn-carrollwood-fl,25.22,crma
Carson City,certified-residential-medication-aide-per-diem-prn-carson-city-nv,25.67,crma
Carthage,certified-residential-medication-aide-per-diem-prn-carthage-3-tx,25.48,crma
Carthage,certified-residential-medication-aide-per-diem-prn-carthage-ny,25.53,crma
Cary,certified-residential-medication-aide-per-diem-prn-cary-nc,25.37,crma
Casa Blanca,certified-residential-medication-aide-per-diem-prn-casa-blanca-nm,25.77,crma
Casa Grande,certified-residential-medication-aide-per-diem-prn-casa-grande-az,25.93,crma
Casas Adobes,certified-residential-medication-aide-per-diem-prn-casas-adobes-az,25.43,crma
Cascade,certified-residential-medication-aide-per-diem-prn-cascade-id,25.38,crma
Casper,certified-residential-medication-aide-per-diem-prn-casper-wy,26.13,crma
Casselberry,certified-residential-medication-aide-per-diem-prn-casselberry-fl,25.87,crma
Castle Dale,certified-residential-medication-aide-per-diem-prn-castle-dale-ut,25.96,crma
Castle Pines,certified-residential-medication-aide-per-diem-prn-castle-pines-co,25.41,crma
Castle Rock,certified-residential-medication-aide-per-diem-prn-castle-rock-co,25.47,crma
Castroville,certified-residential-medication-aide-per-diem-prn-castroville-tx,25.32,crma
Catalina Foothills,certified-residential-medication-aide-per-diem-prn-catalina-foothills-az,25.64,crma
Catonsville,certified-residential-medication-aide-per-diem-prn-catonsville-md,25.61,crma
Catonsville,certified-residential-medication-aide-per-diem-prn-catonsville-md-5b0c3,26.13,crma
Cave Junction,certified-residential-medication-aide-per-diem-prn-cave-junction-or,26.11,crma
Cedar City,certified-residential-medication-aide-per-diem-prn-cedar-city-ut,25.43,crma
Cedar Crest,certified-residential-medication-aide-per-diem-prn-cedar-crest-nm,25.64,crma
Cedar Falls,certified-residential-medication-aide-per-diem-prn-cedar-falls-ia,25.78,crma
Cedar Grove,certified-residential-medication-aide-per-diem-prn-cedar-grove-nj,25.37,crma
Cedar Hill,certified-residential-medication-aide-per-diem-prn-cedar-hill-tx,25.25,crma
Cedar Hills,certified-residential-medication-aide-per-diem-prn-cedar-hills-ut,26.11,crma
Cedar Park,certified-residential-medication-aide-per-diem-prn-cedar-park-tx,26.18,crma
Cedar Rapids,certified-residential-medication-aide-per-diem-prn-cedar-rapids-ia,25.50,crma
Cedar Rapids Oakhill Jackson,certified-residential-medication-aide-per-diem-prn-cedar-rapids-oakhill-jackson-ia,25.45,crma
Cedaredge,certified-residential-medication-aide-per-diem-prn-cedaredge-co,25.75,crma
Celebration,certified-residential-medication-aide-per-diem-prn-celebration-fl,25.20,crma
Celina,certified-residential-medication-aide-per-diem-prn-celina-tx,26.10,crma
Centennial,certified-residential-medication-aide-per-diem-prn-centennial-co-4850a,25.40,crma
Centennial CO,certified-residential-medication-aide-per-diem-prn-centennial-co,25.35,crma
Center CO,certified-residential-medication-aide-per-diem-prn-center-co,25.66,crma
Center Tuftonboro,certified-residential-medication-aide-per-diem-prn-center-tuftonboro-nh,25.85,crma
Center TX,certified-residential-medication-aide-per-diem-prn-center-tx,26.00,crma
Centerfield,certified-residential-medication-aide-per-diem-prn-centerfield-ut,25.30,crma
Centerville,certified-residential-medication-aide-per-diem-prn-centerville-b-ia,25.45,crma
Centerville OH,certified-residential-medication-aide-per-diem-prn-centerville-oh,25.61,crma
Centerville TX,certified-residential-medication-aide-per-diem-prn-centerville-tx,25.57,crma
Centerville UT,certified-residential-medication-aide-per-diem-prn-centerville-ut,25.68,crma
Central,certified-residential-medication-aide-per-diem-prn-central-la,25.54,crma
Central Falls,certified-residential-medication-aide-per-diem-prn-central-falls-ri,25.22,crma
Central Point,certified-residential-medication-aide-per-diem-prn-central-point-or,25.67,crma
Centreville,certified-residential-medication-aide-per-diem-prn-centreville-va,25.65,crma
Century,certified-residential-medication-aide-per-diem-prn-century-fl,25.48,crma
Cetreville,certified-residential-medication-aide-per-diem-prn-cetreville-md,25.53,crma
Challis,certified-residential-medication-aide-per-diem-prn-challis-id,25.77,crma
Chalmette,certified-residential-medication-aide-per-diem-prn-chalmette-la,25.74,crma
Chamberlain,certified-residential-medication-aide-per-diem-prn-chamberlain-sd,25.93,crma
Champaign,certified-residential-medication-aide-per-diem-prn-champaign-il,25.41,crma
Chandler,certified-residential-medication-aide-per-diem-prn-chandler-az,25.38,crma
Channelview,certified-residential-medication-aide-per-diem-prn-channelview-tx,26.13,crma
Chantilly,certified-residential-medication-aide-per-diem-prn-chantily-va,25.87,crma
Chapel Hill,certified-residential-medication-aide-per-diem-prn-chapel-hill-nc,25.48,crma
Charleston,certified-residential-medication-aide-per-diem-prn-charleston-sc,25.96,crma
Charleston,certified-residential-medication-aide-per-diem-prn-charleston-wv,25.23,crma
Charlotte Elizabeth,certified-residential-medication-aide-per-diem-prn-charlotte-elizabeth-nc,26.31,crma
Charlotte Myers Park,certified-residential-medication-aide-per-diem-prn-charlotte-myers-park-nc,25.74,crma
Charlotte NC,certified-residential-medication-aide-per-diem-prn-charlotte-nc,25.41,crma
Charlotte Plaza-Shamrock,certified-residential-medication-aide-per-diem-prn-charlotte-plaza-shamrock-nc,25.85,crma
Charlotte Sherwood Forest,certified-residential-medication-aide-per-diem-prn-charlotte-sherwood-forest-nc,25.23,crma
Charlottesville,certified-residential-medication-aide-per-diem-prn-charlottesville-va,25.95,crma
Chatsworth,certified-residential-medication-aide-per-diem-prn-chatsworth-ga,25.47,crma
Chattahoochee,certified-residential-medication-aide-per-diem-prn-chattahoochee-fl,25.32,crma
Chattanooga,certified-residential-medication-aide-per-diem-prn-chattanooga-tn,25.61,crma
Cheektowaga,certified-residential-medication-aide-per-diem-prn-cheektowaga-ny,25.23,crma
Cheltenham,certified-residential-medication-aide-per-diem-prn-cheltenham-pa,25.77,crma
Cheney,certified-residential-medication-aide-per-diem-prn-cheney-ks,25.35,crma
Cherokee,certified-residential-medication-aide-per-diem-prn-cherokee-ia,26.11,crma
Cherry Hill,certified-residential-medication-aide-per-diem-prn-cherry-hill-nj,25.43,crma
Cherry Hills Village,certified-residential-medication-aide-per-diem-prn-cherry-hills-village-co,25.64,crma
Chesapeake,certified-residential-medication-aide-per-diem-prn-chesapeake-va,25.61,crma
Chester,certified-residential-medication-aide-per-diem-prn-chester-tx,25.78,crma
Chester City,certified-residential-medication-aide-per-diem-prn-chester-city-pa,25.93,crma
Chesterfield,certified-residential-medication-aide-per-diem-prn-chesterfield-mo,25.94,crma
Chesterville,certified-residential-medication-aide-per-diem-prn-chesterville-oh,25.20,crma
Chestnut Ridge,certified-residential-medication-aide-per-diem-prn-chestnut-ridge-nj,25.37,crma
Cheyenne,certified-residential-medication-aide-per-diem-prn-cheyenne-wy,25.25,crma
Cheyenne Wells,certified-residential-medication-aide-per-diem-prn-cheyenne-wells-co,26.18,crma
Chicago Heights IL,certified-residential-medication-aide-per-diem-prn-chicago-heights-il,26.18,crma
Chicago IL,certified-residential-medication-aide-per-diem-prn-chicago-il,25.35,crma
Chicago Portage Park,certified-residential-medication-aide-per-diem-prn-chicago-portage-park-il,25.56,crma
Chicago Ridge,certified-residential-medication-aide-per-diem-prn-chicago-ridge-il,25.89,crma
Chicago Rogers Park,certified-residential-medication-aide-per-diem-prn-chicago-rogers-park-il,25.93,crma
Chico,certified-residential-medication-aide-per-diem-prn-chico-ca,25.75,crma
Chicopee,certified-residential-medication-aide-per-diem-prn-chicopee-ma,25.92,crma
Chiefland,certified-residential-medication-aide-per-diem-prn-chiefland-fl,25.20,crma
Chilchinbito,certified-residential-medication-aide-per-diem-prn-chilchinbito-az,26.10,crma
Childress,certified-residential-medication-aide-per-diem-prn-childress-tx,25.35,crma
Chillicothe OH,certified-residential-medication-aide-per-diem-prn-chillicothe-oh,25.40,crma
Chillicothe TX,certified-residential-medication-aide-per-diem-prn-chillicothe-tx,25.66,crma
Chillum,certified-residential-medication-aide-per-diem-prn-chillum-md,25.32,crma
Chiloquin,certified-residential-medication-aide-per-diem-prn-chiloquin-or,25.85,crma
Chinle,certified-residential-medication-aide-per-diem-prn-chinle-az,26.00,crma
Chino,certified-residential-medication-aide-per-diem-prn-chino-ca,25.30,crma
Chipley,certified-residential-medication-aide-per-diem-prn-chipley-fl,25.45,crma
Chippewa Falls,certified-residential-medication-aide-per-diem-prn-chippewa-falls-wi,25.57,crma
Christmas Valley,certified-residential-medication-aide-per-diem-prn-christmas-valley-or,25.68,crma
Chubbuck,certified-residential-medication-aide-per-diem-prn-chubbuck-id,25.22,crma
Chula Vista,certified-residential-medication-aide-per-diem-prn-chula-vista-ca,25.10,crma
Cicero,certified-residential-medication-aide-per-diem-prn-cicero-il,25.87,crma
Cincinnati,certified-residential-medication-aide-per-diem-prn-cincinnati-nd,25.67,crma
Circleville,certified-residential-medication-aide-per-diem-prn-circleville-ut,25.48,crma
Cisco,certified-residential-medication-aide-per-diem-prn-cisco-tx,25.53,crma
Citra,certified-residential-medication-aide-per-diem-prn-citra-fl,25.77,crma
Citrus Springs,certified-residential-medication-aide-per-diem-prn-citrus-springs-fl,25.93,crma
Clackamas,certified-residential-medication-aide-per-diem-prn-clackamas-or,25.38,crma
Clancy,certified-residential-medication-aide-per-diem-prn-clancy-mt,25.00,crma
Clare,certified-residential-medication-aide-per-diem-prn-clare-mi,26.13,crma
Claremont,certified-residential-medication-aide-per-diem-prn-claremont-nh,25.87,crma
Claremore,certified-residential-medication-aide-per-diem-prn-claremore-ok,25.96,crma
Clarendon,certified-residential-medication-aide-per-diem-prn-clarendon-tx,25.41,crma
Clarinda,certified-residential-medication-aide-per-diem-prn-clarinda-ia,25.47,crma
Clark,certified-residential-medication-aide-per-diem-prn-clark-nj,25.03,crma
Clarksburg,certified-residential-medication-aide-per-diem-prn-clarksburg-wv,25.68,crma
Clarkston,certified-residential-medication-aide-per-diem-prn-clarkston-wa,25.32,crma
Clarkstown,certified-residential-medication-aide-per-diem-prn-clarkstown-ny,25.03,crma
Clarksville,certified-residential-medication-aide-per-diem-prn-clarksville-tn,25.61,crma
Clarksville,certified-residential-medication-aide-per-diem-prn-clarksville-tx,25.61,crma
Clatskanie,certified-residential-medication-aide-per-diem-prn-clatskanie-or,26.11,crma
Claude,certified-residential-medication-aide-per-diem-prn-claude-tx,25.43,crma
Clay,certified-residential-medication-aide-per-diem-prn-clay-ny,26.11,crma
Cle Elum WA,certified-residential-medication-aide-per-diem-prn-cle-elum-wa,25.64,crma
Clearfield,certified-residential-medication-aide-per-diem-prn-clearfield-ut,25.78,crma
Clearlake,certified-residential-medication-aide-per-diem-prn-clearlake-ca,25.37,crma
Clearwater,certified-residential-medication-aide-per-diem-prn-clearwater-fl,25.25,crma
Cleburne,certified-residential-medication-aide-per-diem-prn-cleburne-tx,26.18,crma
Clermont FL,certified-residential-medication-aide-per-diem-prn-clermont-fl,25.50,crma
Cleveland,certified-residential-medication-aide-per-diem-prn-cleveland-tn,25.95,crma
Cleveland Heights,certified-residential-medication-aide-per-diem-prn-cleveland-heights-oh,25.22,crma
Cleveland OH,certified-residential-medication-aide-per-diem-prn-cleveland-oh,25.75,crma
Cleveland TX,certified-residential-medication-aide-per-diem-prn-cleveland-tx,25.20,crma
Clewiston,certified-residential-medication-aide-per-diem-prn-clewiston-fl,26.10,crma
Clifton AZ,certified-residential-medication-aide-per-diem-prn-clifton-az,25.35,crma
Clifton Forge,certified-residential-medication-aide-per-diem-prn-clifton-forge-va,25.40,crma
Clifton NJ,certified-residential-medication-aide-per-diem-prn-clifton-nj,25.66,crma
Clifton TX,certified-residential-medication-aide-per-diem-prn-clifton-tx,25.85,crma
Climax,certified-residential-medication-aide-per-diem-prn-climax-co,26.00,crma
Clint,certified-residential-medication-aide-per-diem-prn-clint-tx,25.30,crma
Clinton,certified-residential-medication-aide-per-diem-prn-clinton-md-7c0e5,25.43,crma
Clinton,certified-residential-medication-aide-per-diem-prn-clinton-ms,26.11,crma
Clinton IA,certified-residential-medication-aide-per-diem-prn-clinton-ia,25.41,crma
Clinton MD,certified-residential-medication-aide-per-diem-prn-clinton-md,25.57,crma
Clinton OH,certified-residential-medication-aide-per-diem-prn-clinton-oh,25.68,crma
Clinton UT,certified-residential-medication-aide-per-diem-prn-clinton-c-ut,25.45,crma
Clinton UT,certified-residential-medication-aide-per-diem-prn-clinton-ut,25.22,crma
Clovis NM,certified-residential-medication-aide-per-diem-prn-clovis-nm,25.67,crma
Clute,certified-residential-medication-aide-per-diem-prn-clute-tx,25.48,crma
Clyde,certified-residential-medication-aide-per-diem-prn-clyde-tx,25.53,crma
Coalville,certified-residential-medication-aide-per-diem-prn-coalville-ut,25.77,crma
Cobleskill,certified-residential-medication-aide-per-diem-prn-cobleskill-ny,25.93,crma
Cockeysville,certified-residential-medication-aide-per-diem-prn-cockeysville-md,25.38,crma
Cocoa,certified-residential-medication-aide-per-diem-prn-cocoa-fl,25.87,crma
Cocoa Beach,certified-residential-medication-aide-per-diem-prn-cocoa-beach-fl,26.13,crma
Coconut Creek,certified-residential-medication-aide-per-diem-prn-coconut-creek-fl,25.96,crma
Coconut Grove,certified-residential-medication-aide-per-diem-prn-coconut-grove-fl,25.41,crma
Cody,certified-residential-medication-aide-per-diem-prn-cody-wy,25.23,crma
Coeur D Alene,certified-residential-medication-aide-per-diem-prn-coeur-d-alene-id,25.47,crma
Coeur D'Alene,certified-residential-medication-aide-per-diem-prn-coeur-dalene-id,25.32,crma
Colchester,certified-residential-medication-aide-per-diem-prn-colchester-ct,25.61,crma
Colchester,certified-residential-medication-aide-per-diem-prn-colchester-vt,26.18,crma
Coldspring,certified-residential-medication-aide-per-diem-prn-coldspring-tx,26.11,crma
Coleman,certified-residential-medication-aide-per-diem-prn-coleman-tx,25.43,crma
Coleridge,certified-residential-medication-aide-per-diem-prn-coleridge-ne,25.64,crma
Colfax,certified-residential-medication-aide-per-diem-prn-colfax-wa,25.78,crma
College,certified-residential-medication-aide-per-diem-prn-college-ak,25.41,crma
College Station,certified-residential-medication-aide-per-diem-prn-college-station-tx,25.37,crma
Colleyville,certified-residential-medication-aide-per-diem-prn-colleyville-tx,25.25,crma
Collierville,certified-residential-medication-aide-per-diem-prn-collierville-tn,25.95,crma
Collinsville,certified-residential-medication-aide-per-diem-prn-collinsville-tx,26.18,crma
Colonial Beach,certified-residential-medication-aide-per-diem-prn-colonial-beach-va,25.50,crma
Colonie town,certified-residential-medication-aide-per-diem-prn-colonie-town-ny,25.74,crma
Colorado City,certified-residential-medication-aide-per-diem-prn-colorado-city-tx,25.75,crma
Colorado Springs,certified-residential-medication-aide-per-diem-prn-colorado-springs-co,25.20,crma
Colton,certified-residential-medication-aide-per-diem-prn-colton-ca,26.10,crma
Columbia,certified-residential-medication-aide-per-diem-prn-columbia-md,26.10,crma
Columbia,certified-residential-medication-aide-per-diem-prn-columbia-sc,25.92,crma
Columbia Falls,certified-residential-medication-aide-per-diem-prn-columbia-falls-mt,25.95,crma
Columbia Midtown - Downtown,certified-residential-medication-aide-per-diem-prn-columbia-midtown-downtown-sc,25.79,crma
Columbia MO,certified-residential-medication-aide-per-diem-prn-columbia-mo,25.35,crma
Columbia TN,certified-residential-medication-aide-per-diem-prn-columbia-tn,25.40,crma
Columbus,certified-residential-medication-aide-per-diem-prn-columbus-in,25.14,crma
Columbus,certified-residential-medication-aide-per-diem-prn-columbus-ms,25.32,crma
Columbus,certified-residential-medication-aide-per-diem-prn-columbus-ne,25.61,crma
Columbus GA,certified-residential-medication-aide-per-diem-prn-columbus-ga,25.40,crma
Columbus OH,certified-residential-medication-aide-per-diem-prn-columbus-oh,25.66,crma
Columbus TX,certified-residential-medication-aide-per-diem-prn-columbus-tx,25.85,crma
Comanche,certified-residential-medication-aide-per-diem-prn-comanche-tx,26.00,crma
Comfort,certified-residential-medication-aide-per-diem-prn-comfort-tx,25.30,crma
Commerce,certified-residential-medication-aide-per-diem-prn-commerce-tx,25.57,crma
Commerce City,certified-residential-medication-aide-per-diem-prn-commerce-city-co,25.45,crma
Concord,certified-residential-medication-aide-per-diem-prn-concord-nc,25.85,crma
Concord MA,certified-residential-medication-aide-per-diem-prn-concord-ma,25.68,crma
Concord NH,certified-residential-medication-aide-per-diem-prn-concord-nh,25.22,crma
Condon,certified-residential-medication-aide-per-diem-prn-condon-or,25.67,crma
Congress,certified-residential-medication-aide-per-diem-prn-congress-az,25.48,crma
Conifer,certified-residential-medication-aide-per-diem-prn-conifer-co,25.53,crma
Conneaut,certified-residential-medication-aide-per-diem-prn-conneaut-oh,25.77,crma
Conrad,certified-residential-medication-aide-per-diem-prn-conrad-mt,25.93,crma
Conroe,certified-residential-medication-aide-per-diem-prn-conroe-tx,25.38,crma
Converse,certified-residential-medication-aide-per-diem-prn-converse-tx,26.13,crma
Conway,certified-residential-medication-aide-per-diem-prn-conway-ar,25.99,crma
Conway,certified-residential-medication-aide-per-diem-prn-conway-sc,25.10,crma
Cookeville,certified-residential-medication-aide-per-diem-prn-cookeville-tn,25.54,crma
Coolidge,certified-residential-medication-aide-per-diem-prn-coolidge-az,25.87,crma
Coon Rapids,certified-residential-medication-aide-per-diem-prn-coon-rapids-mn,25.35,crma
Cooper,certified-residential-medication-aide-per-diem-prn-cooper-tx,25.41,crma
Cooper City,certified-residential-medication-aide-per-diem-prn-cooper-city-fl,25.96,crma
Cooperstown,certified-residential-medication-aide-per-diem-prn-cooperstown-ny,25.47,crma
Coos Bay,certified-residential-medication-aide-per-diem-prn-coos-bay-or,25.32,crma
Coppell,certified-residential-medication-aide-per-diem-prn-coppell-tx,25.61,crma
Copperas Cove,certified-residential-medication-aide-per-diem-prn-copperas-cove-tx,26.11,crma
Coquille,certified-residential-medication-aide-per-diem-prn-coquille-or,25.43,crma
Coral Gables,certified-residential-medication-aide-per-diem-prn-coral-gables-fl,25.64,crma
Coral Springs,certified-residential-medication-aide-per-diem-prn-coral-springs-fl,25.78,crma
Coralville,certified-residential-medication-aide-per-diem-prn-coralville-ia,25.38,crma
Corinth,certified-residential-medication-aide-per-diem-prn-corinth-tx,25.37,crma
Cornelius,certified-residential-medication-aide-per-diem-prn-cornelius-nc,25.27,crma
Corona,certified-residential-medication-aide-per-diem-prn-corona-ca,25.92,crma
Corona NY,certified-residential-medication-aide-per-diem-prn-corona-ny,26.18,crma
Corpus Christi,certified-residential-medication-aide-per-diem-prn-corpus-christi-tx,25.25,crma
Corpus Christi Central City,certified-residential-medication-aide-per-diem-prn-corpus-christi-central-city-tx,25.95,crma
Corrigan,certified-residential-medication-aide-per-diem-prn-corrigan-tx,26.18,crma
Corsicana,certified-residential-medication-aide-per-diem-prn-corsicana-tx,25.50,crma
Cortez,certified-residential-medication-aide-per-diem-prn-cortez-co,25.75,crma
Corvallis,certified-residential-medication-aide-per-diem-prn-corvallis-or,25.20,crma
Corydon,certified-residential-medication-aide-per-diem-prn-corydon-ia,26.10,crma
Coshocton,certified-residential-medication-aide-per-diem-prn-coshocton-nd,25.35,crma
Cottage Grove,certified-residential-medication-aide-per-diem-prn-cottage-grove-mn,25.93,crma
Cottage Grove OR,certified-residential-medication-aide-per-diem-prn-cottage-grove-or,25.40,crma
Cottonwood AZ,certified-residential-medication-aide-per-diem-prn-cottonwood-az,25.66,crma
Cottonwood Heights,certified-residential-medication-aide-per-diem-prn-cottonwood-heights-ut,25.85,crma
Cottonwood ID,certified-residential-medication-aide-per-diem-prn-cottonwood-id,26.00,crma
Cotulla,certified-residential-medication-aide-per-diem-prn-cotulla-tx,25.30,crma
Council,certified-residential-medication-aide-per-diem-prn-council-id,25.57,crma
Council Bluffs,certified-residential-medication-aide-per-diem-prn-council-bluffs-ia,25.45,crma
Country Club,certified-residential-medication-aide-per-diem-prn-country-club-fl,25.23,crma
Coventry,certified-residential-medication-aide-per-diem-prn-coventry-ri,25.68,crma
Covina,certified-residential-medication-aide-per-diem-prn-covina-ca-1213a,25.22,crma
Covington,certified-residential-medication-aide-per-diem-prn-covington-ky,25.68,crma
Covington,certified-residential-medication-aide-per-diem-prn-covington-la,25.67,crma
Craig,certified-residential-medication-aide-per-diem-prn-craig-co,25.48,crma
Crane,certified-residential-medication-aide-per-diem-prn-crane-tx,25.53,crma
Cranston,certified-residential-medication-aide-per-diem-prn-cranston-ri,25.77,crma
Crawfordville,certified-residential-medication-aide-per-diem-prn-crawfordville-fl,25.93,crma
Creede,certified-residential-medication-aide-per-diem-prn-creede-co,25.38,crma
Crescent City,certified-residential-medication-aide-per-diem-prn-crescent-city-fl,26.13,crma
Cresco,certified-residential-medication-aide-per-diem-prn-cresco-ia,25.87,crma
Cresskill,certified-residential-medication-aide-per-diem-prn-cresskill-nj,25.96,crma
Crestview,certified-residential-medication-aide-per-diem-prn-crestview-fl,25.41,crma
Creswell,certified-residential-medication-aide-per-diem-prn-creswell-or,25.47,crma
Crete,certified-residential-medication-aide-per-diem-prn-crete-il,25.32,crma
Creve Coeur,certified-residential-medication-aide-per-diem-prn-creve-coeur-mo,25.61,crma
Cripple Creek,certified-residential-medication-aide-per-diem-prn-cripple-creek-co,26.11,crma
Crockett,certified-residential-medication-aide-per-diem-prn-crockett-tx,25.43,crma
Cromwell,certified-residential-medication-aide-per-diem-prn-cromwell-ct,25.64,crma
Crosby,certified-residential-medication-aide-per-diem-prn-crosby-tx,25.78,crma
Crosbyton,certified-residential-medication-aide-per-diem-prn-crosbyton-tx,25.37,crma
Cross City,certified-residential-medication-aide-per-diem-prn-cross-city-fl,25.25,crma
Cross Plains,certified-residential-medication-aide-per-diem-prn-cross-plains-tx,26.18,crma
Crossville TN,certified-residential-medication-aide-per-diem-prn-crossville-tn,25.50,crma
Croton On Hudson,certified-residential-medication-aide-per-diem-prn-croton-on-hudson-ny,25.75,crma
Crowell,certified-residential-medication-aide-per-diem-prn-crowell-tx,25.20,crma
Crowley,certified-residential-medication-aide-per-diem-prn-crowley-tx,26.10,crma
Crown Point,certified-residential-medication-aide-per-diem-prn-crown-point-in,25.35,crma
Crownsville,certified-residential-medication-aide-per-diem-prn-crownsville-md,25.40,crma
Crystal City,certified-residential-medication-aide-per-diem-prn-crystal-city-tx,25.66,crma
Crystal River,certified-residential-medication-aide-per-diem-prn-crystal-river-fl,25.85,crma
Cuba City,certified-residential-medication-aide-per-diem-prn-cuba-city-wi,26.00,crma
Cuero,certified-residential-medication-aide-per-diem-prn-cuero-tx,25.30,crma
Culbertson,certified-residential-medication-aide-per-diem-prn-culbertson-mt,25.45,crma
Cullman,certified-residential-medication-aide-per-diem-prn-cullman-al,25.57,crma
Cumberland,certified-residential-medication-aide-per-diem-prn-cumberland-ri,25.68,crma
Cupertino,certified-residential-medication-aide-per-diem-prn-cupertino-ca,25.22,crma
Cutler Bay,certified-residential-medication-aide-per-diem-prn-cutler-bay-fl,25.67,crma
Cuyahoga Falls,certified-residential-medication-aide-per-diem-prn-cuyahoga-falls-oh,25.14,crma
Cypress,certified-residential-medication-aide-per-diem-prn-cypress-tx,25.48,crma
Dade City,certified-residential-medication-aide-per-diem-prn-dade-city-fl,25.53,crma
Dadeville,certified-residential-medication-aide-per-diem-prn-dadeville-al,25.77,crma
Dahlonega,certified-residential-medication-aide-per-diem-prn-dahlonega-ga,25.93,crma
Daingerfield,certified-residential-medication-aide-per-diem-prn-daingerfield-tx,25.38,crma
Dakota Ridge,certified-residential-medication-aide-per-diem-prn-dakota-ridge-co,25.25,crma
Dale City,certified-residential-medication-aide-per-diem-prn-dale-city-va,25.32,crma
Dalhart,certified-residential-medication-aide-per-diem-prn-dalhart-tx,26.13,crma
Dallas Lake Highlands,certified-residential-medication-aide-per-diem-prn-dallas-lake-highlands-tx,25.87,crma
Dallas Oak Cliff,certified-residential-medication-aide-per-diem-prn-dallas-oak-cliff-tx,25.43,crma
Dallas OR,certified-residential-medication-aide-per-diem-prn-dallas-or,25.96,crma
Dallas TX,certified-residential-medication-aide-per-diem-prn-dallas-tx,25.40,crma
Dallastown,certified-residential-medication-aide-per-diem-prn-dallastown-pa,25.47,crma
Dalton,certified-residential-medication-aide-per-diem-prn-dalton-ga,25.57,crma
Dalworthington Gardens,certified-residential-medication-aide-per-diem-prn-dalworthington-gardens-tx,25.32,crma
Daly City,certified-residential-medication-aide-per-diem-prn-daly-city-ca,25.61,crma
Danbury,certified-residential-medication-aide-per-diem-prn-danbury-ct,26.11,crma
Dania,certified-residential-medication-aide-per-diem-prn-dania-fl,25.64,crma
Dania Beach,certified-residential-medication-aide-per-diem-prn-dania-beach-fl,25.43,crma
Danielson,certified-residential-medication-aide-per-diem-prn-danielson-ct,25.12,crma
Danville,certified-residential-medication-aide-per-diem-prn-danville-va,25.61,crma
Daphne,certified-residential-medication-aide-per-diem-prn-daphne-al,25.57,crma
Darlington,certified-residential-medication-aide-per-diem-prn-darlington-wi,25.78,crma
Davenport FL,certified-residential-medication-aide-per-diem-prn-davenport-fl,25.37,crma
Davenport IA,certified-residential-medication-aide-per-diem-prn-davenport-ia,25.61,crma
Davidson NC,certified-residential-medication-aide-per-diem-prn-davidson-nc,25.25,crma
Davie,certified-residential-medication-aide-per-diem-prn-davie-fl,26.18,crma
Dayton OH,certified-residential-medication-aide-per-diem-prn-dayton-oh,25.50,crma
Dayton TX,certified-residential-medication-aide-per-diem-prn-dayton-tx,25.75,crma
Daytona Beach FL,certified-residential-medication-aide-per-diem-prn-daytona-beach-fl,25.20,crma
De Kalb,certified-residential-medication-aide-per-diem-prn-de-kalb-tx,26.10,crma
De Leon,certified-residential-medication-aide-per-diem-prn-de-leon-tx,25.35,crma
De Smet,certified-residential-medication-aide-per-diem-prn-de-smet-sd,25.40,crma
Dearborn,certified-residential-medication-aide-per-diem-prn-dearborn-mi,25.36,crma
Dearborn Heights,certified-residential-medication-aide-per-diem-prn-dearborn-heights-mi,25.44,crma
Debary,certified-residential-medication-aide-per-diem-prn-debary-fl,25.66,crma
Decatur,certified-residential-medication-aide-per-diem-prn-decatur-al,25.78,crma
Decatur IL,certified-residential-medication-aide-per-diem-prn-decatur-il,25.85,crma
Decatur TX,certified-residential-medication-aide-per-diem-prn-decatur-tx,26.00,crma
Deer Park,certified-residential-medication-aide-per-diem-prn-deer-park-tx,25.30,crma
Deerfield Beach,certified-residential-medication-aide-per-diem-prn-deerfield-beach-fl,25.45,crma
Deerfield IL,certified-residential-medication-aide-per-diem-prn-deerfield-il,25.57,crma
Defuniak Springs,certified-residential-medication-aide-per-diem-prn-defuniak-springs-fl,25.68,crma
Del City,certified-residential-medication-aide-per-diem-prn-del-city-ok,25.99,crma
Del Norte,certified-residential-medication-aide-per-diem-prn-del-norte-co,25.22,crma
Del Rio,certified-residential-medication-aide-per-diem-prn-del-rio-tx,25.67,crma
Del Valle,certified-residential-medication-aide-per-diem-prn-del-valle-tx,25.48,crma
Deland,certified-residential-medication-aide-per-diem-prn-deland-fl,25.53,crma
Delaware,certified-residential-medication-aide-per-diem-prn-delaware-oh,25.40,crma
Delray Beach,certified-residential-medication-aide-per-diem-prn-delray-beach-fl,25.77,crma
Delta CO,certified-residential-medication-aide-per-diem-prn-delta-co,25.93,crma
Delta UT,certified-residential-medication-aide-per-diem-prn-delta-ut,25.38,crma
Deltona,certified-residential-medication-aide-per-diem-prn-deltona-fl,26.13,crma
Denison,certified-residential-medication-aide-per-diem-prn-denison-tx,25.87,crma
Denton,certified-residential-medication-aide-per-diem-prn-denton-tx,25.96,crma
Denver City,certified-residential-medication-aide-per-diem-prn-denver-city-tx,25.41,crma
Denver City Park West,certified-residential-medication-aide-per-diem-prn-denver-city-park-west-co,25.12,crma
Denver CO,certified-residential-medication-aide-per-diem-prn-denver-co,25.66,crma
Denver West,certified-residential-medication-aide-per-diem-prn-denver-west-co,25.40,crma
Denville,certified-residential-medication-aide-per-diem-prn-denville-nj,25.32,crma
Depoe Bay,certified-residential-medication-aide-per-diem-prn-depoe-bay-or,25.61,crma
Derby,certified-residential-medication-aide-per-diem-prn-derby-ks,25.68,crma
Deridder,certified-residential-medication-aide-per-diem-prn-deridder-la,26.11,crma
Derry NH,certified-residential-medication-aide-per-diem-prn-derry-nh,25.43,crma
Des Moines Downtown Des Moines,certified-residential-medication-aide-per-diem-prn-des-moines-downtown-des-moines-ia,25.00,crma
Des Moines IA,certified-residential-medication-aide-per-diem-prn-des-moines-ia,25.64,crma
Des Plaines,certified-residential-medication-aide-per-diem-prn-des-plaines-il,26.11,crma
Desoto,certified-residential-medication-aide-per-diem-prn-desoto-tx,25.78,crma
Destin,certified-residential-medication-aide-per-diem-prn-destin-fl,25.37,crma
Detroit,certified-residential-medication-aide-per-diem-prn-detroit-mi,26.18,crma
Devils Lake,certified-residential-medication-aide-per-diem-prn-devils-lake-nd,25.25,crma
Devine,certified-residential-medication-aide-per-diem-prn-devine-tx,26.18,crma
Dewey,certified-residential-medication-aide-per-diem-prn-dewey-az,25.50,crma
Dexter,certified-residential-medication-aide-per-diem-prn-dexter-mo,25.75,crma
Dexter,certified-residential-medication-aide-per-diem-prn-dexter-or,25.20,crma
Diboll,certified-residential-medication-aide-per-diem-prn-diboll-tx,26.10,crma
Dickinson,certified-residential-medication-aide-per-diem-prn-dickinson-tx,25.35,crma
Dickson,certified-residential-medication-aide-per-diem-prn-dickson-tn,25.40,crma
Dilley,certified-residential-medication-aide-per-diem-prn-dilley-tx,25.66,crma
Dillon CO,certified-residential-medication-aide-per-diem-prn-dillon-co,25.85,crma
Dillon MT,certified-residential-medication-aide-per-diem-prn-dillon-mt,26.00,crma
Dimmitt,certified-residential-medication-aide-per-diem-prn-dimmitt-tx,25.30,crma
Divide,certified-residential-medication-aide-per-diem-prn-divide-co,25.45,crma
Dodge City,certified-residential-medication-aide-per-diem-prn-dodge-city-ks,25.74,crma
Donna,certified-residential-medication-aide-per-diem-prn-donna-tx,25.57,crma
Doral,certified-residential-medication-aide-per-diem-prn-doral-fl,25.68,crma
Dothan,certified-residential-medication-aide-per-diem-prn-dothan-al,25.22,crma
Double Oak,certified-residential-medication-aide-per-diem-prn-double-oak-tx,25.67,crma
Douglas,certified-residential-medication-aide-per-diem-prn-douglas-az,25.48,crma
Douglas,certified-residential-medication-aide-per-diem-prn-douglas-wy,25.03,crma
Douglasville,certified-residential-medication-aide-per-diem-prn-douglasville-ga,25.66,crma
Dousman,certified-residential-medication-aide-per-diem-prn-dousman-wi,25.53,crma
Dove Creek CO,certified-residential-medication-aide-per-diem-prn-dove-creek-co,25.77,crma
Dover,certified-residential-medication-aide-per-diem-prn-dover-de,25.78,crma
Dover,certified-residential-medication-aide-per-diem-prn-dover-nj,26.13,crma
Dover FL,certified-residential-medication-aide-per-diem-prn-dover-fl,25.93,crma
Dover NH,certified-residential-medication-aide-per-diem-prn-dover-nh,25.38,crma
Downers Grove,certified-residential-medication-aide-per-diem-prn-downers-grove-il,25.99,crma
Downey,certified-residential-medication-aide-per-diem-prn-downey-id,25.87,crma
Downington,certified-residential-medication-aide-per-diem-prn-downington-pa,48.65,crma
Draper,certified-residential-medication-aide-per-diem-prn-draper-ut,25.96,crma
Drasco,certified-residential-medication-aide-per-diem-prn-drasco-ar,25.41,crma
Drew,certified-residential-medication-aide-per-diem-prn-drew-ms,25.47,crma
Driggs,certified-residential-medication-aide-per-diem-prn-driggs-id,25.32,crma
Dripping Springs,certified-residential-medication-aide-per-diem-prn-dripping-springs-tx,25.61,crma
Dublin,certified-residential-medication-aide-per-diem-prn-dublin-nh,25.43,crma
Dublin,certified-residential-medication-aide-per-diem-prn-dublin-oh,25.64,crma
Dublin GA,certified-residential-medication-aide-per-diem-prn-dublin-ga,26.11,crma
Dublin TX,certified-residential-medication-aide-per-diem-prn-dublin-tx,25.78,crma
Dubuque,certified-residential-medication-aide-per-diem-prn-dubuque-ia,25.37,crma
Duchesne,certified-residential-medication-aide-per-diem-prn-duchesne-ut,25.25,crma
Dugway,certified-residential-medication-aide-per-diem-prn-dugway-ut,26.18,crma
Dulles,certified-residential-medication-aide-per-diem-prn-dulles-va,25.50,crma
Duluth,certified-residential-medication-aide-per-diem-prn-duluth-ga,25.85,crma
Duluth,certified-residential-medication-aide-per-diem-prn-duluth-mn,25.78,crma
Dumas,certified-residential-medication-aide-per-diem-prn-dumas-tx,25.75,crma
Duncan,certified-residential-medication-aide-per-diem-prn-duncan-az,25.20,crma
Duncan,certified-residential-medication-aide-per-diem-prn-duncan-ok,25.32,crma
Duncanville,certified-residential-medication-aide-per-diem-prn-duncanville-tx,26.10,crma
Dundalk,certified-residential-medication-aide-per-diem-prn-dundalk-md,25.68,crma
Dundee,certified-residential-medication-aide-per-diem-prn-dundee-fl,25.35,crma
Dunedin,certified-residential-medication-aide-per-diem-prn-dunedin-fl,25.40,crma
Dunlap,certified-residential-medication-aide-per-diem-prn-dunlap-ia,25.66,crma
Dunnellon,certified-residential-medication-aide-per-diem-prn-dunnellon-fl,25.85,crma
Dunwoody,certified-residential-medication-aide-per-diem-prn-dunwoody-ga,25.20,crma
Durand,certified-residential-medication-aide-per-diem-prn-durand-wi,26.00,crma
Durango,certified-residential-medication-aide-per-diem-prn-durango-co,25.30,crma
Durham CT,certified-residential-medication-aide-per-diem-prn-durham-ct,25.45,crma
Durham NC,certified-residential-medication-aide-per-diem-prn-durham-nc,25.57,crma
Dyess Afb,certified-residential-medication-aide-per-diem-prn-dyess-afb-tx,25.68,crma
Eads,certified-residential-medication-aide-per-diem-prn-eads-co,25.22,crma
Eagan,certified-residential-medication-aide-per-diem-prn-eagan-mn,25.66,crma
Eagle Butte,certified-residential-medication-aide-per-diem-prn-eagle-butte-sd,25.67,crma
Eagle CO,certified-residential-medication-aide-per-diem-prn-eagle-co,25.48,crma
Eagle Grove,certified-residential-medication-aide-per-diem-prn-eagle-grove-ia,25.53,crma
Eagle ID,certified-residential-medication-aide-per-diem-prn-eagle-id,25.77,crma
Eagle Lake,certified-residential-medication-aide-per-diem-prn-eagle-lake-tx,25.93,crma
Eagle Mountain,certified-residential-medication-aide-per-diem-prn-eagle-mountain-ut,25.38,crma
Eagle Pass,certified-residential-medication-aide-per-diem-prn-eagle-pass-tx,25.38,crma
Eagle Point,certified-residential-medication-aide-per-diem-prn-eagle-point-or,26.13,crma
Early,certified-residential-medication-aide-per-diem-prn-early-tx,25.87,crma
Easley,certified-residential-medication-aide-per-diem-prn-easley-sc,25.03,crma
East Bernard,certified-residential-medication-aide-per-diem-prn-east-bernard-tx,25.96,crma
East Brunswick,certified-residential-medication-aide-per-diem-prn-east-brunswick-nj,25.41,crma
east greenwich,certified-residential-medication-aide-per-diem-prn-east-greenwich-ri,25.47,crma
East Hartford,certified-residential-medication-aide-per-diem-prn-east-hartford-ct,25.23,crma
East Hempfield,certified-residential-medication-aide-per-diem-prn-east-hempfield-pa,25.78,crma
East Honolulu,certified-residential-medication-aide-per-diem-prn-east-honolulu-hi,26.10,crma
East Lake,certified-residential-medication-aide-per-diem-prn-east-lake-fl,25.10,crma
East Orange,certified-residential-medication-aide-per-diem-prn-east-orange-nj,25.32,crma
East Peoria,certified-residential-medication-aide-per-diem-prn-east-peoria-il,25.61,crma
East Point,certified-residential-medication-aide-per-diem-prn-east-point-ga,26.10,crma
East Providence,certified-residential-medication-aide-per-diem-prn-east-providence-ri,26.11,crma
East Providence Riverside,certified-residential-medication-aide-per-diem-prn-east-providence-riverside-ri,25.93,crma
East Wenatchee,certified-residential-medication-aide-per-diem-prn-east-wenatchee-or,25.43,crma
Eastland,certified-residential-medication-aide-per-diem-prn-eastland-tx,25.64,crma
Easton,certified-residential-medication-aide-per-diem-prn-easton-ks,25.59,crma
Easton,certified-residential-medication-aide-per-diem-prn-easton-md,25.78,crma
Easton,certified-residential-medication-aide-per-diem-prn-easton-pa,25.35,crma
Eastpoint,certified-residential-medication-aide-per-diem-prn-eastpoint-fl,25.37,crma
Eau Claire,certified-residential-medication-aide-per-diem-prn-eau-claire-wi,25.85,crma
Eckert,certified-residential-medication-aide-per-diem-prn-eckert-co,25.25,crma
Edcouch,certified-residential-medication-aide-per-diem-prn-edcouch-tx,26.18,crma
Eden,certified-residential-medication-aide-per-diem-prn-eden-tx,25.50,crma
Eden Prairie,certified-residential-medication-aide-per-diem-prn-eden-prairie-mn,25.57,crma
Edina,certified-residential-medication-aide-per-diem-prn-edina-mn,25.68,crma
Edinburg,certified-residential-medication-aide-per-diem-prn-edinburg-tx,25.75,crma
Edison,certified-residential-medication-aide-per-diem-prn-edison-nj,25.64,crma
Edmond,certified-residential-medication-aide-per-diem-prn-edmond-ok,26.10,crma
Edmonds,certified-residential-medication-aide-per-diem-prn-edmonds-wa,25.35,crma
Edna,certified-residential-medication-aide-per-diem-prn-edna-tx,25.40,crma
Edwards,certified-residential-medication-aide-per-diem-prn-edwards-co,25.66,crma
Edwardsville,certified-residential-medication-aide-per-diem-prn-edwardsville-il,25.85,crma
Effingham,certified-residential-medication-aide-per-diem-prn-effingham-il,26.00,crma
Egg Harbor Township,certified-residential-medication-aide-per-diem-prn-egg-harbor-township-nj,25.45,crma
Egypt Lake-Leto,certified-residential-medication-aide-per-diem-prn-egypt-lake-leto-fl,25.61,crma
El Cajon,certified-residential-medication-aide-per-diem-prn-el-cajon-ca,25.30,crma
El Campo,certified-residential-medication-aide-per-diem-prn-el-campo-tx,25.45,crma
El Cenizo,certified-residential-medication-aide-per-diem-prn-el-cenizo-tx,25.57,crma
El Cerrito,certified-residential-medication-aide-per-diem-prn-el-cerrito-ca,25.95,crma
El Paso,certified-residential-medication-aide-per-diem-prn-el-paso-tx,25.68,crma
El Paso West Central El Paso,certified-residential-medication-aide-per-diem-prn-el-paso-west-central-el-paso-tx,25.83,crma
Elbert,certified-residential-medication-aide-per-diem-prn-elbert-co,25.94,crma
Eldorado,certified-residential-medication-aide-per-diem-prn-eldorado-tx,25.22,crma
Electra,certified-residential-medication-aide-per-diem-prn-electra-tx,25.67,crma
Elfrida,certified-residential-medication-aide-per-diem-prn-elfrida-az,25.48,crma
Elgin,certified-residential-medication-aide-per-diem-prn-elgin-il,25.96,crma
Elgin OR,certified-residential-medication-aide-per-diem-prn-elgin-or,25.77,crma
Elgin TX,certified-residential-medication-aide-per-diem-prn-elgin-5-tx,25.53,crma
Elizabethton,certified-residential-medication-aide-per-diem-prn-elizabethton-tn,25.93,crma
Elizabethtown,certified-residential-medication-aide-per-diem-prn-elizabethtown-ky,25.54,crma
Elizaville,certified-residential-medication-aide-per-diem-prn-elizaville-ny,25.38,crma
Elk Grove,certified-residential-medication-aide-per-diem-prn-elk-grove-ca,25.85,crma
Elk Horn,certified-residential-medication-aide-per-diem-prn-elk-horn-ia,26.13,crma
Elkhart,certified-residential-medication-aide-per-diem-prn-elkhart-in,25.94,crma
Elkhart,certified-residential-medication-aide-per-diem-prn-elkhart-tx,25.87,crma
Elko,certified-residential-medication-aide-per-diem-prn-elko-nv,25.96,crma
Ellenton,certified-residential-medication-aide-per-diem-prn-ellenton-fl,25.41,crma
Ellicott City,certified-residential-medication-aide-per-diem-prn-ellicott-city-md,25.47,crma
Ellicott City,certified-residential-medication-aide-per-diem-prn-ellicott-city-md-f0739,25.57,crma
Ellsworth,certified-residential-medication-aide-per-diem-prn-ellsworth-me,33.01,crma
Elmhurst IL,certified-residential-medication-aide-per-diem-prn-elmhurst-il,25.61,crma
Elmwood Park,certified-residential-medication-aide-per-diem-prn-elmwood-park-il,26.11,crma
Eloy,certified-residential-medication-aide-per-diem-prn-eloy-az,25.43,crma
Elsa,certified-residential-medication-aide-per-diem-prn-elsa-tx,25.64,crma
Ely,certified-residential-medication-aide-per-diem-prn-ely-nv,25.78,crma
Elyria,certified-residential-medication-aide-per-diem-prn-elyria-nd,25.37,crma
Emerson,certified-residential-medication-aide-per-diem-prn-emerson-nj,26.18,crma
Emlenton,certified-residential-medication-aide-per-diem-prn-emlenton-pa,25.25,crma
Emmett ID,certified-residential-medication-aide-per-diem-prn-emmett-id,26.18,crma
Emory,certified-residential-medication-aide-per-diem-prn-emory-tx,25.50,crma
Emporia,certified-residential-medication-aide-per-diem-prn-emporia-ks,25.03,crma
Encinal,certified-residential-medication-aide-per-diem-prn-encinal-tx,25.75,crma
Encinitas,certified-residential-medication-aide-per-diem-prn-encinitas-ca,25.20,crma
Enfield,certified-residential-medication-aide-per-diem-prn-enfield-ct,26.34,crma
englewood,certified-residential-medication-aide-per-diem-prn-englewood-nj,25.40,crma
Englewood CO,certified-residential-medication-aide-per-diem-prn-englewood-co,26.10,crma
Englewood FL,certified-residential-medication-aide-per-diem-prn-englewood-fl,25.35,crma
Englishtown,certified-residential-medication-aide-per-diem-prn-englishtown-nj,25.03,crma
Enid,certified-residential-medication-aide-per-diem-prn-enid-ok,25.77,crma
Ennis,certified-residential-medication-aide-per-diem-prn-ennis-tx,25.66,crma
Enterprise,certified-residential-medication-aide-per-diem-prn-enterprise-al,25.40,crma
Enterprise,certified-residential-medication-aide-per-diem-prn-enterprise-nv,25.92,crma
Enterprise OR,certified-residential-medication-aide-per-diem-prn-enterprise-or,25.85,crma
Enterprise UT,certified-residential-medication-aide-per-diem-prn-enterprise-ut,26.00,crma
Erie,certified-residential-medication-aide-per-diem-prn-erie-pa,25.85,crma
Erlanger,certified-residential-medication-aide-per-diem-prn-erlanger-ky,25.95,crma
Escalante,certified-residential-medication-aide-per-diem-prn-escalante-ut,25.30,crma
Escondido CA,certified-residential-medication-aide-per-diem-prn-escondido-ca,25.45,crma
Espanola,certified-residential-medication-aide-per-diem-prn-espanola-nm,25.57,crma
Essex,certified-residential-medication-aide-per-diem-prn-essex-md,25.64,crma
Essex,certified-residential-medication-aide-per-diem-prn-essex-vt,25.50,crma
Essex Junction,certified-residential-medication-aide-per-diem-prn-essex-junction-vt,25.66,crma
Estacada,certified-residential-medication-aide-per-diem-prn-estacada-or,25.68,crma
Estero,certified-residential-medication-aide-per-diem-prn-estero-fl,25.22,crma
Estes Park,certified-residential-medication-aide-per-diem-prn-estes-park-co,25.67,crma
Euclid,certified-residential-medication-aide-per-diem-prn-euclid-oh,25.67,crma
Eugene OR,certified-residential-medication-aide-per-diem-prn-eugene-or,25.85,crma
Euless,certified-residential-medication-aide-per-diem-prn-euless-tx,25.53,crma
Eureka,certified-residential-medication-aide-per-diem-prn-eureka-mo,25.77,crma
Eureka,certified-residential-medication-aide-per-diem-prn-eureka-nv,25.93,crma
Eustis,certified-residential-medication-aide-per-diem-prn-eustis-fl,25.38,crma
Evans,certified-residential-medication-aide-per-diem-prn-evans-co,26.13,crma
Evans GA,certified-residential-medication-aide-per-diem-prn-evans-ga,25.37,crma
Evanston,certified-residential-medication-aide-per-diem-prn-evanston-il,25.77,crma
Evanston,certified-residential-medication-aide-per-diem-prn-evanston-wy,25.87,crma
Evansville,certified-residential-medication-aide-per-diem-prn-evansville-in,25.85,crma
Everett,certified-residential-medication-aide-per-diem-prn-everett-ma,25.14,crma
Everett WA,certified-residential-medication-aide-per-diem-prn-everett-wa,25.96,crma
Evergreen,certified-residential-medication-aide-per-diem-prn-evergreen-co,25.41,crma
Everman,certified-residential-medication-aide-per-diem-prn-everman-tx,25.47,crma
Ewa Gentry,certified-residential-medication-aide-per-diem-prn-ewa-gentry-hi,25.48,crma
Fabens,certified-residential-medication-aide-per-diem-prn-fabens-tx,25.32,crma
Fair Lawn,certified-residential-medication-aide-per-diem-prn-fair-lawn-nj,25.61,crma
Fairbanks,certified-residential-medication-aide-per-diem-prn-fairbanks-ak,25.47,crma
Fairborn,certified-residential-medication-aide-per-diem-prn-fairborn-oh,25.75,crma
Fairfax,certified-residential-medication-aide-per-diem-prn-fairfax-vt,26.13,crma
Fairfax OK,certified-residential-medication-aide-per-diem-prn-fairfax-ok,26.11,crma
Fairfax VA,certified-residential-medication-aide-per-diem-prn-fairfax-va,25.43,crma
Fairfield,certified-residential-medication-aide-per-diem-prn-fairfield-ct,25.99,crma
Fairfield,certified-residential-medication-aide-per-diem-prn-fairfield-oh,25.48,crma
Fairfield ID,certified-residential-medication-aide-per-diem-prn-fairfield-id,25.64,crma
Fairfield ME,certified-residential-medication-aide-per-diem-prn-fairfield-me,33.01,crma
Fairfield TX,certified-residential-medication-aide-per-diem-prn-fairfield-tx,25.37,crma
Fairhope,certified-residential-medication-aide-per-diem-prn-fairhope-al,26.00,crma
Fairmont,certified-residential-medication-aide-per-diem-prn-fairmont-wv,25.25,crma
Fairplay,certified-residential-medication-aide-per-diem-prn-fairplay-co,26.18,crma
Falfurrias,certified-residential-medication-aide-per-diem-prn-falfurrias-tx,25.50,crma
Fall Creek,certified-residential-medication-aide-per-diem-prn-fall-creek-or,25.75,crma
Fall River,certified-residential-medication-aide-per-diem-prn-fall-river-ma,25.20,crma
Fall River Mills,certified-residential-medication-aide-per-diem-prn-fall-river-mills-ca,26.10,crma
Fallon,certified-residential-medication-aide-per-diem-prn-fallon-nv,25.35,crma
Falls Church VA,certified-residential-medication-aide-per-diem-prn-falls-church-va,25.40,crma
Falmouth,certified-residential-medication-aide-per-diem-prn-falmouth-ma,25.66,crma
Fargo,certified-residential-medication-aide-per-diem-prn-fargo-nd,25.85,crma
Fargo Woodhaven,certified-residential-medication-aide-per-diem-prn-fargo-woodhaven-nd,25.77,crma
Farmers Branch,certified-residential-medication-aide-per-diem-prn-farmers-branch-tx,26.00,crma
Farmersville,certified-residential-medication-aide-per-diem-prn-farmersville-tx,25.30,crma
Farmington,certified-residential-medication-aide-per-diem-prn-farmington-nm,31.37,crma
Farmington Hills,certified-residential-medication-aide-per-diem-prn-farmington-hills-mi,25.61,crma
Farmington ME,certified-residential-medication-aide-per-diem-prn-farmington-me,33.01,crma
Farmington UT,certified-residential-medication-aide-per-diem-prn-farmington-ut,25.57,crma
Farr West,certified-residential-medication-aide-per-diem-prn-farr-west-ut,25.68,crma
Farragut,certified-residential-medication-aide-per-diem-prn-farragut-tn,25.23,crma
Farwell,certified-residential-medication-aide-per-diem-prn-farwell-tx,25.22,crma
Fayetteville,certified-residential-medication-aide-per-diem-prn-fayetteville-ar,26.18,crma
Fayetteville,certified-residential-medication-aide-per-diem-prn-fayetteville-nc,26.18,crma
Federal Way,certified-residential-medication-aide-per-diem-prn-federal-way-wa,25.67,crma
Fellsmere,certified-residential-medication-aide-per-diem-prn-fellsmere-fl,25.48,crma
Fenton,certified-residential-medication-aide-per-diem-prn-fenton-mi,25.53,crma
Fern Park,certified-residential-medication-aide-per-diem-prn-fern-park-fl,25.77,crma
Fernandina Beach,certified-residential-medication-aide-per-diem-prn-fernandina-beach-fl,25.93,crma
Ferndale,certified-residential-medication-aide-per-diem-prn-ferndale-wa,25.27,crma
Fernley,certified-residential-medication-aide-per-diem-prn-fernley-nv,25.38,crma
Ferron,certified-residential-medication-aide-per-diem-prn-ferron-ut,26.13,crma
Ferry Pass,certified-residential-medication-aide-per-diem-prn-ferry-pass-fl,25.99,crma
Fillmore,certified-residential-medication-aide-per-diem-prn-fillmore-ut,25.87,crma
Findlay,certified-residential-medication-aide-per-diem-prn-findlay-oh,25.68,crma
Firestone,certified-residential-medication-aide-per-diem-prn-firestone-co,25.96,crma
Fishers,certified-residential-medication-aide-per-diem-prn-fishers-in,25.95,crma
Fitchburg,certified-residential-medication-aide-per-diem-prn-fitchburg-wi,25.14,crma
Flagler,certified-residential-medication-aide-per-diem-prn-flagler-co,25.41,crma
Flagstaff,certified-residential-medication-aide-per-diem-prn-flagstaff-az,25.47,crma
Flatonia,certified-residential-medication-aide-per-diem-prn-flatonia-tx,25.32,crma
Fleming Island,certified-residential-medication-aide-per-diem-prn-fleming-island-fl,25.61,crma
Flint,certified-residential-medication-aide-per-diem-prn-flint-mi,25.65,crma
Florence,certified-residential-medication-aide-per-diem-prn-florence-al,25.43,crma
Florence,certified-residential-medication-aide-per-diem-prn-florence-ky,25.44,crma
Florence AZ,certified-residential-medication-aide-per-diem-prn-florence-az,26.11,crma
Florence CO,certified-residential-medication-aide-per-diem-prn-florence-co,25.43,crma
Florence OR,certified-residential-medication-aide-per-diem-prn-florence-or,25.64,crma
Florence SC,certified-residential-medication-aide-per-diem-prn-florence-sc,25.78,crma
Floresville,certified-residential-medication-aide-per-diem-prn-floresville-tx,25.37,crma
Florham Park,certified-residential-medication-aide-per-diem-prn-florham-park-nj,25.25,crma
Florida City,certified-residential-medication-aide-per-diem-prn-florida-city-fl,26.18,crma
Florissant,certified-residential-medication-aide-per-diem-prn-florissant-co,25.50,crma
Florissant,certified-residential-medication-aide-per-diem-prn-florissant-mo,25.95,crma
Flower Mound,certified-residential-medication-aide-per-diem-prn-flower-mound-tx,25.75,crma
Flowery Branch,certified-residential-medication-aide-per-diem-prn-flowery-branch-ga,25.20,crma
Fond du Lac,certified-residential-medication-aide-per-diem-prn-fond-du-lac-wi,25.54,crma
Fontana,certified-residential-medication-aide-per-diem-prn-fontana-ca,25.65,crma
Fontanelle,certified-residential-medication-aide-per-diem-prn-fontanelle-ia,26.10,crma
Forest Grove,certified-residential-medication-aide-per-diem-prn-forest-grove-or,25.35,crma
Forest Hill MD,certified-residential-medication-aide-per-diem-prn-forest-hill-md-43963,25.40,crma
Forest Hill TX,certified-residential-medication-aide-per-diem-prn-forest-hill-tx,25.66,crma
Forest Park,certified-residential-medication-aide-per-diem-prn-forest-park-oh,25.83,crma
Foresthill,certified-residential-medication-aide-per-diem-prn-foresthill-ca,25.85,crma
Forks,certified-residential-medication-aide-per-diem-prn-forks-wa,26.00,crma
Forney,certified-residential-medication-aide-per-diem-prn-forney-tx,25.30,crma
Fort Carson,certified-residential-medication-aide-per-diem-prn-fort-carson-co,25.45,crma
Fort Collins,certified-residential-medication-aide-per-diem-prn-fort-collins-co,25.57,crma
Fort Defiance,certified-residential-medication-aide-per-diem-prn-fort-defiance-az,25.68,crma
Fort Dodge,certified-residential-medication-aide-per-diem-prn-fort-dodge-ia,25.22,crma
Fort Hancock,certified-residential-medication-aide-per-diem-prn-fort-hancock-tx,25.67,crma
Fort Hood,certified-residential-medication-aide-per-diem-prn-fort-hood-tx,25.48,crma
Fort Huachuca,certified-residential-medication-aide-per-diem-prn-fort-huachuca-az,25.53,crma
Fort Lauderdale,certified-residential-medication-aide-per-diem-prn-fort-lauderdale-fl,25.77,crma
Fort Lupton,certified-residential-medication-aide-per-diem-prn-fort-lupton-co,25.93,crma
Fort Lyon,certified-residential-medication-aide-per-diem-prn-fort-lyon-co,25.38,crma
Fort Madison,certified-residential-medication-aide-per-diem-prn-fort-madison-ia,26.13,crma
Fort Mc Coy,certified-residential-medication-aide-per-diem-prn-fort-mc-coy-fl,25.87,crma
Fort Mill,certified-residential-medication-aide-per-diem-prn-fort-mill-sc,25.43,crma
Fort Mohave,certified-residential-medication-aide-per-diem-prn-fort-mohave-az,25.96,crma
Fort Morgan,certified-residential-medication-aide-per-diem-prn-fort-morgan-co,25.41,crma
Fort Myers FL,certified-residential-medication-aide-per-diem-prn-fort-myers-fl,25.47,crma
Fort Myers The Forum,certified-residential-medication-aide-per-diem-prn-fort-myers-the-forum-fl,25.74,crma
Fort Pierce FL,certified-residential-medication-aide-per-diem-prn-fort-pierce-fl,25.32,crma
Fort Smith,certified-residential-medication-aide-per-diem-prn-fort-smith-ar,25.61,crma
Fort Stockton,certified-residential-medication-aide-per-diem-prn-fort-stockton-tx,26.11,crma
Fort Thomas,certified-residential-medication-aide-per-diem-prn-fort-thomas-ky,25.43,crma
Fort Walton Beach,certified-residential-medication-aide-per-diem-prn-fort-walton-beach-fl,25.64,crma
Fort Washakie,certified-residential-medication-aide-per-diem-prn-fort-washakie-wy,25.78,crma
Fort Wayne,certified-residential-medication-aide-per-diem-prn-fort-wayne-in,25.37,crma
Fort Worth,certified-residential-medication-aide-per-diem-prn-fort-worth-tx,26.18,crma
Fort Worth Shaw Clarke,certified-residential-medication-aide-per-diem-prn-fort-worth-shaw-clarke-tx,25.61,crma
Fossil,certified-residential-medication-aide-per-diem-prn-fossil-or,25.25,crma
Fountain,certified-residential-medication-aide-per-diem-prn-fountain-co,26.18,crma
Fountain Hills,certified-residential-medication-aide-per-diem-prn-fountain-hills-az,25.50,crma
Fountain Inn,certified-residential-medication-aide-per-diem-prn-fountain-inn-sc,26.11,crma
Fountain Valley,certified-residential-medication-aide-per-diem-prn-fountain-valley-ca,25.75,crma
Fountainebleau,certified-residential-medication-aide-per-diem-prn-fountainebleau-fl,25.43,crma
Four Corners,certified-residential-medication-aide-per-diem-prn-four-corners-fl,25.92,crma
Fowler,certified-residential-medication-aide-per-diem-prn-fowler-co,25.20,crma
Framingham,certified-residential-medication-aide-per-diem-prn-framingham-ma,25.03,crma
Frankfort,certified-residential-medication-aide-per-diem-prn-frankfort-in,26.10,crma
Frankfort KS,certified-residential-medication-aide-per-diem-prn-frankfort-ks,25.35,crma
Frankfort KY,certified-residential-medication-aide-per-diem-prn-frankfort-ky,25.40,crma
Franklin,certified-residential-medication-aide-per-diem-prn-franklin-tn,25.03,crma
Franklin,certified-residential-medication-aide-per-diem-prn-franklin-wi,25.92,crma
Franklin TX,certified-residential-medication-aide-per-diem-prn-franklin-tx,25.66,crma
Franklin WV,certified-residential-medication-aide-per-diem-prn-franklin-wv,25.85,crma
Frankston,certified-residential-medication-aide-per-diem-prn-frankston-tx,26.00,crma
Fred,certified-residential-medication-aide-per-diem-prn-fred-tx,25.30,crma
Frederick,certified-residential-medication-aide-per-diem-prn-frederick-md-893eb,25.40,crma
Frederick CO,certified-residential-medication-aide-per-diem-prn-frederick-co,25.45,crma
Frederick MD,certified-residential-medication-aide-per-diem-prn-frederick-md,25.57,crma
Fredericksburg TX,certified-residential-medication-aide-per-diem-prn-fredericksburg-tx,25.68,crma
Fredericksburg VA,certified-residential-medication-aide-per-diem-prn-fredericksburg-va,25.22,crma
Fredonia,certified-residential-medication-aide-per-diem-prn-fredonia-wi,25.67,crma
Freehold,certified-residential-medication-aide-per-diem-prn-freehold-nj,25.48,crma
Freeport FL,certified-residential-medication-aide-per-diem-prn-freeport-fl,25.53,crma
Freeport IL,certified-residential-medication-aide-per-diem-prn-freeport-il,25.77,crma
Freeport TX,certified-residential-medication-aide-per-diem-prn-freeport-tx,25.93,crma
Freer,certified-residential-medication-aide-per-diem-prn-freer-tx,25.38,crma
Fremont,certified-residential-medication-aide-per-diem-prn-fremont-ca,26.13,crma
Fremont,certified-residential-medication-aide-per-diem-prn-fremont-ne,25.87,crma
Fresno CA,certified-residential-medication-aide-per-diem-prn-fresno-ca,25.96,crma
Fresno TX,certified-residential-medication-aide-per-diem-prn-fresno-tx,25.41,crma
Friendswood,certified-residential-medication-aide-per-diem-prn-friendswood-tx,25.47,crma
Fries,certified-residential-medication-aide-per-diem-prn-fries-va,25.32,crma
Friona,certified-residential-medication-aide-per-diem-prn-friona-tx,25.61,crma
Frisco CO,certified-residential-medication-aide-per-diem-prn-frisco-co,26.11,crma
Frisco TX,certified-residential-medication-aide-per-diem-prn-frisco-tx,25.43,crma
Fritch,certified-residential-medication-aide-per-diem-prn-fritch-tx,25.64,crma
Frostproof,certified-residential-medication-aide-per-diem-prn-frostproof-fl,25.78,crma
Fruit Cove,certified-residential-medication-aide-per-diem-prn-fruit-cove-fl,25.83,crma
Fruita,certified-residential-medication-aide-per-diem-prn-fruita-co,25.37,crma
Fruitland,certified-residential-medication-aide-per-diem-prn-fruitland-fl,25.25,crma
Fruitland,certified-residential-medication-aide-per-diem-prn-fruitland-id,26.18,crma
Fruitland Park,certified-residential-medication-aide-per-diem-prn-fruitland-park-fl,25.50,crma
Ft. Worth,certified-residential-medication-aide-per-diem-prn-ft-worth-tx,25.75,crma
Fulshear,certified-residential-medication-aide-per-diem-prn-fulshear-tx,25.20,crma
Fuquay-Varina,certified-residential-medication-aide-per-diem-prn-fuquay-varina-nc,25.53,crma
Gadsden,certified-residential-medication-aide-per-diem-prn-gadsden-al,26.10,crma
Gahanna,certified-residential-medication-aide-per-diem-prn-gahanna-oh,26.10,crma
Gainesville FL,certified-residential-medication-aide-per-diem-prn-gainesville-fl,25.35,crma
Gainesville GA,certified-residential-medication-aide-per-diem-prn-gainesville-ga,25.43,crma
Gainesville TX,certified-residential-medication-aide-per-diem-prn-gainesville-tx,25.40,crma
Gaithersburg,certified-residential-medication-aide-per-diem-prn-gaithersburg-md,25.48,crma
Gallatin,certified-residential-medication-aide-per-diem-prn-gallatin-tn,26.00,crma
Gallup,certified-residential-medication-aide-per-diem-prn-gallup-nm,26.10,crma
Galveston,certified-residential-medication-aide-per-diem-prn-galveston-tx,25.66,crma
Ganado AZ,certified-residential-medication-aide-per-diem-prn-ganado-az,25.85,crma
Ganado TX,certified-residential-medication-aide-per-diem-prn-ganado-tx,26.00,crma
Garden City,certified-residential-medication-aide-per-diem-prn-garden-city-ks,25.44,crma
Garden City ID,certified-residential-medication-aide-per-diem-prn-garden-city-id,25.30,crma
Garden City UT,certified-residential-medication-aide-per-diem-prn-garden-city-ut,25.45,crma
Garden Grove,certified-residential-medication-aide-per-diem-prn-garden-grove-ca,25.74,crma
Gardner,certified-residential-medication-aide-per-diem-prn-gardner-ks,25.85,crma
Gardner,certified-residential-medication-aide-per-diem-prn-gardner-ma,25.57,crma
Gardnerville,certified-residential-medication-aide-per-diem-prn-gardnerville-nv,25.68,crma
Garfield Heights,certified-residential-medication-aide-per-diem-prn-garfield-heights-oh,25.23,crma
Garland,certified-residential-medication-aide-per-diem-prn-garland-tx,25.22,crma
Garrison,certified-residential-medication-aide-per-diem-prn-garrison-tx,25.67,crma
Gary,certified-residential-medication-aide-per-diem-prn-gary-in,25.23,crma
Gastonia NC,certified-residential-medication-aide-per-diem-prn-gastonia-nc,25.48,crma
Gatesville,certified-residential-medication-aide-per-diem-prn-gatesville-tx,25.53,crma
Gaylord,certified-residential-medication-aide-per-diem-prn-gaylord-mi,25.77,crma
Geneva,certified-residential-medication-aide-per-diem-prn-geneva-il,26.00,crma
Geneva,certified-residential-medication-aide-per-diem-prn-geneva-ne,25.38,crma
George,certified-residential-medication-aide-per-diem-prn-george-ia,26.13,crma
George West,certified-residential-medication-aide-per-diem-prn-george-west-tx,25.87,crma
Georgetown,certified-residential-medication-aide-per-diem-prn-georgetown-de,25.74,crma
Georgetown,certified-residential-medication-aide-per-diem-prn-georgetown-ky,25.74,crma
Georgetown,certified-residential-medication-aide-per-diem-prn-georgetown-tx,25.96,crma
Gerlach,certified-residential-medication-aide-per-diem-prn-gerlach-nv,25.41,crma
Germantown,certified-residential-medication-aide-per-diem-prn-germantown-md,25.20,crma
Germantown,certified-residential-medication-aide-per-diem-prn-germantown-tn,25.99,crma
Germantown,certified-residential-medication-aide-per-diem-prn-germantown-wi,25.47,crma
Giddings,certified-residential-medication-aide-per-diem-prn-giddings-tx,25.32,crma
Gifford,certified-residential-medication-aide-per-diem-prn-gifford-il,25.61,crma
Gig Harbor,certified-residential-medication-aide-per-diem-prn-gig-harbor-wa,26.11,crma
Gila Bend,certified-residential-medication-aide-per-diem-prn-gila-bend-az,25.43,crma
Gilber,certified-residential-medication-aide-per-diem-prn-gilber-az,25.64,crma
Gilbert AZ,certified-residential-medication-aide-per-diem-prn-gilbert-az,25.78,crma
Gilbert Gilbert Medical Center,certified-residential-medication-aide-per-diem-prn-gilbert-gilbert-medical-center-az,26.10,crma
Gilchrist,certified-residential-medication-aide-per-diem-prn-gilchrist-or,25.37,crma
Gillette,certified-residential-medication-aide-per-diem-prn-gillette-wy,25.84,crma
Gilmer,certified-residential-medication-aide-per-diem-prn-gilmer-tx,25.25,crma
Gladewater,certified-residential-medication-aide-per-diem-prn-gladewater-tx,26.18,crma
Gladstone,certified-residential-medication-aide-per-diem-prn-gladstone-mo,25.85,crma
Gladstone OR,certified-residential-medication-aide-per-diem-prn-gladstone-or,25.50,crma
Glasgow,certified-residential-medication-aide-per-diem-prn-glasgow-de,26.18,crma
Glastonbury,certified-residential-medication-aide-per-diem-prn-glastonbury-ct,25.25,crma
Glen Burnie,certified-residential-medication-aide-per-diem-prn-glen-burnie-md,25.75,crma
Glen Burnie,certified-residential-medication-aide-per-diem-prn-glen-burnie-md-73723,25.35,crma
Glen Cove,certified-residential-medication-aide-per-diem-prn-glen-cove-ny,25.20,crma
Glen Rose,certified-residential-medication-aide-per-diem-prn-glen-rose-tx,26.10,crma
Glen Saint Mary,certified-residential-medication-aide-per-diem-prn-glen-saint-mary-fl,25.35,crma
Glencoe IL,certified-residential-medication-aide-per-diem-prn-glencoe-il,25.40,crma
Glendale AZ,certified-residential-medication-aide-per-diem-prn-glendale-az,25.66,crma
Glendale CA,certified-residential-medication-aide-per-diem-prn-glendale-ca,25.85,crma
Glendale CO,certified-residential-medication-aide-per-diem-prn-glendale-co,26.00,crma
Glendale Rovey Farm Estates,certified-residential-medication-aide-per-diem-prn-glendale-rovey-farm-estates-az,25.85,crma
Glendive,certified-residential-medication-aide-per-diem-prn-glendive-mt,25.30,crma
Glenns Ferry,certified-residential-medication-aide-per-diem-prn-glenns-ferry-id,25.45,crma
Glenpool,certified-residential-medication-aide-per-diem-prn-glenpool-ok,25.57,crma
Glens Falls,certified-residential-medication-aide-per-diem-prn-glens-falls-ny,25.68,crma
Glenwood,certified-residential-medication-aide-per-diem-prn-glenwood-ia,25.22,crma
Glenwood Springs,certified-residential-medication-aide-per-diem-prn-glenwood-springs-co,25.67,crma
Glide,certified-residential-medication-aide-per-diem-prn-glide-or,25.48,crma
Globe,certified-residential-medication-aide-per-diem-prn-globe-az,25.53,crma
Godley,certified-residential-medication-aide-per-diem-prn-godley-tx,25.77,crma
Goffstown,certified-residential-medication-aide-per-diem-prn-goffstown-nh,25.61,crma
Gold Beach,certified-residential-medication-aide-per-diem-prn-gold-beach-or,25.93,crma
Gold Canyon,certified-residential-medication-aide-per-diem-prn-gold-canyon-az,25.38,crma
Golden,certified-residential-medication-aide-per-diem-prn-golden-co,26.13,crma
Golden Glades,certified-residential-medication-aide-per-diem-prn-golden-glades-fl,25.84,crma
Golden Valley,certified-residential-medication-aide-per-diem-prn-golden-valley-az,25.87,crma
Goldendale,certified-residential-medication-aide-per-diem-prn-goldendale-wa,25.96,crma
Goldsboro,certified-residential-medication-aide-per-diem-prn-goldsboro-nc,25.87,crma
Goldthwaite,certified-residential-medication-aide-per-diem-prn-goldthwaite-tx,25.41,crma
Goliad,certified-residential-medication-aide-per-diem-prn-goliad-tx,25.47,crma
Gonzales,certified-residential-medication-aide-per-diem-prn-gonzales-tx,25.32,crma
Goochland,certified-residential-medication-aide-per-diem-prn-goochland-va,25.61,crma
Gooding,certified-residential-medication-aide-per-diem-prn-gooding-id,26.11,crma
Goodyear,certified-residential-medication-aide-per-diem-prn-goodyear-az,25.43,crma
Goose Creek,certified-residential-medication-aide-per-diem-prn-goose-creek-sc,25.68,crma
Gordon,certified-residential-medication-aide-per-diem-prn-gordon-tx,25.64,crma
Gorham,certified-residential-medication-aide-per-diem-prn-gorham-me,26.18,crma
Goshen,certified-residential-medication-aide-per-diem-prn-goshen-in,25.78,crma
Gothenburg,certified-residential-medication-aide-per-diem-prn-gothenburg-ne,25.37,crma
Graceville,certified-residential-medication-aide-per-diem-prn-graceville-fl,26.18,crma
Grafton,certified-residential-medication-aide-per-diem-prn-grafton-nd,25.25,crma
Graham,certified-residential-medication-aide-per-diem-prn-graham-tx,26.18,crma
Granbury,certified-residential-medication-aide-per-diem-prn-granbury-tx,25.50,crma
Granby,certified-residential-medication-aide-per-diem-prn-granby-co,25.75,crma
Grand Canyon,certified-residential-medication-aide-per-diem-prn-grand-canyon-az,25.20,crma
Grand Forks,certified-residential-medication-aide-per-diem-prn-grand-forks-nd,26.10,crma
Grand Island,certified-residential-medication-aide-per-diem-prn-grand-island-ne,25.54,crma
Grand Junction,certified-residential-medication-aide-per-diem-prn-grand-junction-co,25.35,crma
Grand Prairie,certified-residential-medication-aide-per-diem-prn-grand-prairie-tx,25.40,crma
Grand Rapids MI,certified-residential-medication-aide-per-diem-prn-grand-rapids-mi,25.66,crma
Grand Saline,certified-residential-medication-aide-per-diem-prn-grand-saline-tx,25.85,crma
Grand View,certified-residential-medication-aide-per-diem-prn-grand-view-id,26.00,crma
Grandview,certified-residential-medication-aide-per-diem-prn-grandview-mo,25.32,crma
Grandview,certified-residential-medication-aide-per-diem-prn-grandview-tx,25.30,crma
Granger IN,certified-residential-medication-aide-per-diem-prn-granger-in,25.45,crma
Granger TX,certified-residential-medication-aide-per-diem-prn-granger-tx,25.57,crma
Grangeville,certified-residential-medication-aide-per-diem-prn-grangeville-id,25.68,crma
Grants Pass,certified-residential-medication-aide-per-diem-prn-grants-pass-or,25.22,crma
Grapevine,certified-residential-medication-aide-per-diem-prn-grapevine-tx,25.67,crma
Great Barrington,certified-residential-medication-aide-per-diem-prn-great-barrington-ma,25.48,crma
Great Falls,certified-residential-medication-aide-per-diem-prn-great-falls-mt,25.53,crma
Great Falls,certified-residential-medication-aide-per-diem-prn-great-falls-va,25.77,crma
Greece,certified-residential-medication-aide-per-diem-prn-greece-ny,26.31,crma
Greeley,certified-residential-medication-aide-per-diem-prn-greeley-co,25.93,crma
Green,certified-residential-medication-aide-per-diem-prn-green-oh,25.92,crma
Green Bay,certified-residential-medication-aide-per-diem-prn-green-bay-wi,25.38,crma
Green Cove Springs,certified-residential-medication-aide-per-diem-prn-green-cove-springs-fl,26.13,crma
Green River,certified-residential-medication-aide-per-diem-prn-green-river-ut,25.87,crma
Green River,certified-residential-medication-aide-per-diem-prn-green-river-wy,25.36,crma
Green Valley,certified-residential-medication-aide-per-diem-prn-green-valley-az,25.96,crma
Greenacres,certified-residential-medication-aide-per-diem-prn-greenacres-fl,25.41,crma
Greenacres WA,certified-residential-medication-aide-per-diem-prn-greenacres-wa,25.47,crma
Greenbrae,certified-residential-medication-aide-per-diem-prn-greenbrae-ca,25.32,crma
Greenburgh,certified-residential-medication-aide-per-diem-prn-greenburgh-ny,25.85,crma
Greenehaven,certified-residential-medication-aide-per-diem-prn-greenehaven-az,25.61,crma
Greeneville,certified-residential-medication-aide-per-diem-prn-greeneville-tn,26.11,crma
Greenfield,certified-residential-medication-aide-per-diem-prn-greenfield-wi,25.65,crma
Greenport,certified-residential-medication-aide-per-diem-prn-greenport-ny,25.43,crma
Greensboro,certified-residential-medication-aide-per-diem-prn-greensboro-vt,25.78,crma
Greensboro NC,certified-residential-medication-aide-per-diem-prn-greensboro-nc-643ff,25.64,crma
Greensboro Warnersville,certified-residential-medication-aide-per-diem-prn-greensboro-warnersville-nc,25.74,crma
Greenville,certified-residential-medication-aide-per-diem-prn-greenville-ms,25.61,crma
Greenville,certified-residential-medication-aide-per-diem-prn-greenville-nc,25.66,crma
Greenville FL,certified-residential-medication-aide-per-diem-prn-greenville-fl,25.37,crma
Greenville SC,certified-residential-medication-aide-per-diem-prn-greenville-sc,25.25,crma
Greenville TX,certified-residential-medication-aide-per-diem-prn-greenville-tx,26.18,crma
Greenwich,certified-residential-medication-aide-per-diem-prn-greenwich-ct,25.14,crma
Greenwood,certified-residential-medication-aide-per-diem-prn-greenwood-in,25.50,crma
Greenwood,certified-residential-medication-aide-per-diem-prn-greenwood-sc,25.85,crma
Greenwood Village CO,certified-residential-medication-aide-per-diem-prn-greenwood-village-co,25.75,crma
Greer,certified-residential-medication-aide-per-diem-prn-greer-sc,25.95,crma
Gresham OR,certified-residential-medication-aide-per-diem-prn-gresham-or,25.20,crma
Griswold,certified-residential-medication-aide-per-diem-prn-griswold-ia,26.10,crma
Grizzly Flats,certified-residential-medication-aide-per-diem-prn-grizzly-flats-ca,25.35,crma
Groesbeck,certified-residential-medication-aide-per-diem-prn-groesbeck-tx,25.40,crma
Groton,certified-residential-medication-aide-per-diem-prn-groton-ct,25.66,crma
Grove,certified-residential-medication-aide-per-diem-prn-grove-ok,25.85,crma
Grove City,certified-residential-medication-aide-per-diem-prn-grove-city-oh,26.10,crma
Groveland,certified-residential-medication-aide-per-diem-prn-groveland-fl,26.00,crma
Groves,certified-residential-medication-aide-per-diem-prn-groves-tx,25.30,crma
Groveton,certified-residential-medication-aide-per-diem-prn-groveton-tx,25.45,crma
Grulla,certified-residential-medication-aide-per-diem-prn-grulla-tx,25.57,crma
Guilford,certified-residential-medication-aide-per-diem-prn-guilford-ct,25.68,crma
Gulf Breeze,certified-residential-medication-aide-per-diem-prn-gulf-breeze-fl,25.22,crma
Gulfport,certified-residential-medication-aide-per-diem-prn-gulfport-fl,25.67,crma
Gulfport,certified-residential-medication-aide-per-diem-prn-gulfport-ms,25.87,crma
Gun Barrel City,certified-residential-medication-aide-per-diem-prn-gun-barrel-city-tx,25.48,crma
Gunnison CO,certified-residential-medication-aide-per-diem-prn-gunnison-co,25.53,crma
Gunnison UT,certified-residential-medication-aide-per-diem-prn-gunnison-ut,25.77,crma
Gunter,certified-residential-medication-aide-per-diem-prn-gunter-tx,25.93,crma
Guttenberg,certified-residential-medication-aide-per-diem-prn-guttenberg-ia,25.38,crma
Hackensack,certified-residential-medication-aide-per-diem-prn-hackensack-nj,26.13,crma
Hackettstown,certified-residential-medication-aide-per-diem-prn-hackettstown-nj,25.87,crma
Hagerman,certified-residential-medication-aide-per-diem-prn-hagerman-id,25.96,crma
Hagerstown,certified-residential-medication-aide-per-diem-prn-hagerstown-md,25.41,crma
Hagerstown,certified-residential-medication-aide-per-diem-prn-hagerstown-md-7bec3,25.87,crma
Hailey,certified-residential-medication-aide-per-diem-prn-hailey-id,25.47,crma
Haines City,certified-residential-medication-aide-per-diem-prn-haines-city-fl,25.32,crma
Hale Center,certified-residential-medication-aide-per-diem-prn-hale-center-tx,25.61,crma
Halfway,certified-residential-medication-aide-per-diem-prn-halfway-or,26.11,crma
Hallandale,certified-residential-medication-aide-per-diem-prn-hallandale-fl,25.64,crma
Hallandale Beach,certified-residential-medication-aide-per-diem-prn-hallandale-beach-fl,25.43,crma
Hallettsville,certified-residential-medication-aide-per-diem-prn-hallettsville-tx,25.78,crma
Hallowell,certified-residential-medication-aide-per-diem-prn-hallowell-me,33.01,crma
Hamburg town,certified-residential-medication-aide-per-diem-prn-hamburg-town-ny,25.75,crma
Hamden,certified-residential-medication-aide-per-diem-prn-hamden-ct,25.45,crma
Hamilton,certified-residential-medication-aide-per-diem-prn-hamilton-oh,25.41,crma
Hamilton MT,certified-residential-medication-aide-per-diem-prn-hamilton-mt,25.25,crma
Hamilton Square,certified-residential-medication-aide-per-diem-prn-hamilton-square-nj,26.18,crma
Hamilton TX,certified-residential-medication-aide-per-diem-prn-hamilton-tx,25.50,crma
Hamlin,certified-residential-medication-aide-per-diem-prn-hamlin-tx,25.75,crma
Hammond,certified-residential-medication-aide-per-diem-prn-hammond-in,25.54,crma
Hammond,certified-residential-medication-aide-per-diem-prn-hammond-la,25.20,crma
Hampden,certified-residential-medication-aide-per-diem-prn-hampden-pa,25.67,crma
Hampton,certified-residential-medication-aide-per-diem-prn-hampton-va,25.64,crma
Hanceville,certified-residential-medication-aide-per-diem-prn-hanceville-al,26.10,crma
Hanford,certified-residential-medication-aide-per-diem-prn-hanford-ca,25.35,crma
Hanksville,certified-residential-medication-aide-per-diem-prn-hanksville-ut,25.40,crma
Hannibal,certified-residential-medication-aide-per-diem-prn-hannibal-mo,25.66,crma
Hanover,certified-residential-medication-aide-per-diem-prn-hanover-md,25.85,crma
Happy Valley,certified-residential-medication-aide-per-diem-prn-happy-valley-or,26.00,crma
Hardin,certified-residential-medication-aide-per-diem-prn-hardin-mt,25.30,crma
Harker Heights,certified-residential-medication-aide-per-diem-prn-harker-heights-tx,25.45,crma
Harlan,certified-residential-medication-aide-per-diem-prn-harlan-ky,25.57,crma
Harlingen,certified-residential-medication-aide-per-diem-prn-harlingen-tx,25.68,crma
Harrah,certified-residential-medication-aide-per-diem-prn-harrah-ok,25.22,crma
Harrington Park,certified-residential-medication-aide-per-diem-prn-harrington-park-nj,25.67,crma
Harrisburg,certified-residential-medication-aide-per-diem-prn-harrisburg-pa,25.64,crma
Harrisonburg,certified-residential-medication-aide-per-diem-prn-harrisonburg-va,25.99,crma
Hartfield,certified-residential-medication-aide-per-diem-prn-hartfield-va,25.48,crma
Hartford,certified-residential-medication-aide-per-diem-prn-hartford-ct,25.53,crma
Hartford,certified-residential-medication-aide-per-diem-prn-hartford-vt,25.85,crma
Hartland,certified-residential-medication-aide-per-diem-prn-hartland-me,25.25,crma
Harvey,certified-residential-medication-aide-per-diem-prn-harvey-il,25.77,crma
Harvey,certified-residential-medication-aide-per-diem-prn-harvey-la,25.61,crma
Harwich,certified-residential-medication-aide-per-diem-prn-harwich-ma,25.93,crma
Haskell,certified-residential-medication-aide-per-diem-prn-haskell-tx,25.38,crma
Hastings FL,certified-residential-medication-aide-per-diem-prn-hastings-fl,26.13,crma
Hastings NE,certified-residential-medication-aide-per-diem-prn-hastings-ne,25.87,crma
Hattiesburg,certified-residential-medication-aide-per-diem-prn-hattiesburg-ms,25.96,crma
Havana,certified-residential-medication-aide-per-diem-prn-havana-fl,25.41,crma
Haverford,certified-residential-medication-aide-per-diem-prn-haverford-pa,25.57,crma
Haverhill FL,certified-residential-medication-aide-per-diem-prn-haverhill-fl,25.47,crma
Haverhill MA,certified-residential-medication-aide-per-diem-prn-haverhill-ma,25.32,crma
Havre,certified-residential-medication-aide-per-diem-prn-havre-mt,26.11,crma
Havre De Grace MD,certified-residential-medication-aide-per-diem-prn-havre-de-grace-md,25.61,crma
Hawkins,certified-residential-medication-aide-per-diem-prn-hawkins-tx,25.43,crma
Hawthorne,certified-residential-medication-aide-per-diem-prn-hawthorne-ca,25.64,crma
Hawthorne,certified-residential-medication-aide-per-diem-prn-hawthorne-f-nv,25.78,crma
Hawthorne,certified-residential-medication-aide-per-diem-prn-hawthorne-nv,26.18,crma
Hawthorne FL,certified-residential-medication-aide-per-diem-prn-hawthorne-fl,25.37,crma
Haxtun,certified-residential-medication-aide-per-diem-prn-haxtun-co,25.25,crma
Hayden,certified-residential-medication-aide-per-diem-prn-hayden-id,26.18,crma
Hayesville,certified-residential-medication-aide-per-diem-prn-hayesville-or,25.95,crma
Haymarket,certified-residential-medication-aide-per-diem-prn-haymarket-va,25.50,crma
Hays,certified-residential-medication-aide-per-diem-prn-hays-ks,25.75,crma
Hayward CA,certified-residential-medication-aide-per-diem-prn-hayward-ca,25.20,crma
Hayward WI,certified-residential-medication-aide-per-diem-prn-hayward-wi,26.10,crma
Hazard,certified-residential-medication-aide-per-diem-prn-hazard-ky,25.35,crma
Hazel Crest,certified-residential-medication-aide-per-diem-prn-hazel-crest-il,25.40,crma
Hazelwood,certified-residential-medication-aide-per-diem-prn-hazelwood-mo,25.65,crma
Hazleton,certified-residential-medication-aide-per-diem-prn-hazleton-pa,25.22,crma
Hearne,certified-residential-medication-aide-per-diem-prn-hearne-tx,25.66,crma
Heartland,certified-residential-medication-aide-per-diem-prn-heartland-tx,25.85,crma
Heath,certified-residential-medication-aide-per-diem-prn-heath-tx,26.00,crma
Hebbronville,certified-residential-medication-aide-per-diem-prn-hebbronville-tx,25.30,crma
Heber City,certified-residential-medication-aide-per-diem-prn-heber-city-ut,25.45,crma
Hebron,certified-residential-medication-aide-per-diem-prn-hebron-ne,25.57,crma
Helena MT,certified-residential-medication-aide-per-diem-prn-helena-mt,25.68,crma
Helena OR,certified-residential-medication-aide-per-diem-prn-helena-or,25.22,crma
Helper,certified-residential-medication-aide-per-diem-prn-helper-ut,25.67,crma
Hemet CA,certified-residential-medication-aide-per-diem-prn-hemet-ca,25.48,crma
Hemphill,certified-residential-medication-aide-per-diem-prn-hemphill-tx,25.53,crma
Hempstead,certified-residential-medication-aide-per-diem-prn-hempstead-tx,25.77,crma
Hempstead town,certified-residential-medication-aide-per-diem-prn-hempstead-town-ny,25.61,crma
Henderson,certified-residential-medication-aide-per-diem-prn-henderson-ky,25.74,crma
Henderson Green Valley Ranch,certified-residential-medication-aide-per-diem-prn-henderson-green-valley-ranch-nv,25.93,crma
Henderson Midway,certified-residential-medication-aide-per-diem-prn-henderson-midway-nv,26.10,crma
Henderson NV,certified-residential-medication-aide-per-diem-prn-henderson-nv,25.38,crma
Henderson Pittmann,certified-residential-medication-aide-per-diem-prn-henderson-pittman-nv,25.22,crma
Henderson Silverado Ranch,certified-residential-medication-aide-per-diem-prn-henderson-silverado-ranch-nv,25.48,crma
Henderson TX,certified-residential-medication-aide-per-diem-prn-henderson-tx,26.13,crma
Hendersonville,certified-residential-medication-aide-per-diem-prn-hendersonville-nc,25.87,crma
Hendersonville,certified-residential-medication-aide-per-diem-prn-hendersonville-tn,25.96,crma
Henrietta,certified-residential-medication-aide-per-diem-prn-henrietta-tx,25.41,crma
Heppner,certified-residential-medication-aide-per-diem-prn-heppner-or,25.47,crma
Hereford AZ,certified-residential-medication-aide-per-diem-prn-hereford-az,25.32,crma
Hereford TX,certified-residential-medication-aide-per-diem-prn-hereford-tx,25.61,crma
Hermiston,certified-residential-medication-aide-per-diem-prn-hermiston-or,26.11,crma
Hermitage,certified-residential-medication-aide-per-diem-prn-hermitage-tn,25.43,crma
Hernando,certified-residential-medication-aide-per-diem-prn-hernando-fl,25.64,crma
Herriman,certified-residential-medication-aide-per-diem-prn-herriman-ut,25.78,crma
Hersey,certified-residential-medication-aide-per-diem-prn-hersey-mi,25.38,crma
Hettinger,certified-residential-medication-aide-per-diem-prn-hettinger-nd,25.37,crma
Hewitt,certified-residential-medication-aide-per-diem-prn-hewitt-tx,25.25,crma
Hialeah,certified-residential-medication-aide-per-diem-prn-hialeah-fl,26.18,crma
Hialeah Gardens,certified-residential-medication-aide-per-diem-prn-hialeah-gardens-fl,25.50,crma
Hickory,certified-residential-medication-aide-per-diem-prn-hickory-nc,25.93,crma
Hico,certified-residential-medication-aide-per-diem-prn-hico-tx,25.75,crma
High Point,certified-residential-medication-aide-per-diem-prn-high-point-nc,25.20,crma
High Springs,certified-residential-medication-aide-per-diem-prn-high-springs-fl,25.20,crma
Highland,certified-residential-medication-aide-per-diem-prn-highland-ut,26.10,crma
Highland Village,certified-residential-medication-aide-per-diem-prn-highland-village-tx,25.35,crma
Highlands Ranch CO,certified-residential-medication-aide-per-diem-prn-highlands-ranch-co,25.40,crma
Hill AFB,certified-residential-medication-aide-per-diem-prn-hill-afb-ut,25.66,crma
Hilliard,certified-residential-medication-aide-per-diem-prn-hilliard-fl,25.85,crma
Hilliard,certified-residential-medication-aide-per-diem-prn-hilliard-oh,25.37,crma
Hillsboro OR,certified-residential-medication-aide-per-diem-prn-hillsboro-or,26.00,crma
Hillsboro TX,certified-residential-medication-aide-per-diem-prn-hillsboro-tx,25.30,crma
Hillsborough NJ,certified-residential-medication-aide-per-diem-prn-hillsborough-nj,25.45,crma
Hillsdale,certified-residential-medication-aide-per-diem-prn-hillsdale-mi,25.57,crma
Hillside IL,certified-residential-medication-aide-per-diem-prn-hillside-il,25.68,crma
Hilo,certified-residential-medication-aide-per-diem-prn-hilo-hi,25.22,crma
Hilton Head Island,certified-residential-medication-aide-per-diem-prn-hilton-head-island-sc,25.14,crma
Hinesville,certified-residential-medication-aide-per-diem-prn-hinesville-ga,26.18,crma
Hitchcock,certified-residential-medication-aide-per-diem-prn-hitchcock-tx,25.67,crma
Hixson,certified-residential-medication-aide-per-diem-prn-hixson-tn,25.48,crma
Hobart,certified-residential-medication-aide-per-diem-prn-hobart-in,25.53,crma
Hobbs,certified-residential-medication-aide-per-diem-prn-hobbs-nm,25.47,crma
Hobe Sound,certified-residential-medication-aide-per-diem-prn-hobe-sound-fl,25.77,crma
Hoffman Estates,certified-residential-medication-aide-per-diem-prn-hoffman-estates-il,25.65,crma
Holbrook,certified-residential-medication-aide-per-diem-prn-holbrook-az,25.93,crma
Holdrege,certified-residential-medication-aide-per-diem-prn-holdrege-ne,25.38,crma
Holiday,certified-residential-medication-aide-per-diem-prn-holiday-fl,26.13,crma
Holladay,certified-residential-medication-aide-per-diem-prn-holladay-ut,25.87,crma
Holland,certified-residential-medication-aide-per-diem-prn-holland-oh,25.68,crma
Holly,certified-residential-medication-aide-per-diem-prn-holly-co,25.96,crma
Holly Hill,certified-residential-medication-aide-per-diem-prn-holly-hill-fl,25.41,crma
Holly Springs,certified-residential-medication-aide-per-diem-prn-holly-springs-nc,25.38,crma
Hollywood,certified-residential-medication-aide-per-diem-prn-hollywood-fl,25.47,crma
Holmdel,certified-residential-medication-aide-per-diem-prn-holmdel-nj,25.32,crma
Holstein,certified-residential-medication-aide-per-diem-prn-holstein-ia,25.61,crma
Holyoke CO,certified-residential-medication-aide-per-diem-prn-holyoke-co,26.11,crma
Holyoke MA,certified-residential-medication-aide-per-diem-prn-holyoke-ma,25.43,crma
Homedale,certified-residential-medication-aide-per-diem-prn-homedale-id,25.64,crma
Homestead,certified-residential-medication-aide-per-diem-prn-homestead-fl,25.78,crma
Homewood,certified-residential-medication-aide-per-diem-prn-homewood-al,25.35,crma
Homosassa,certified-residential-medication-aide-per-diem-prn-homosassa-fl,25.37,crma
Hondo,certified-residential-medication-aide-per-diem-prn-hondo-tx,25.25,crma
Honey Grove,certified-residential-medication-aide-per-diem-prn-honey-grove-tx,26.18,crma
Honokaa,certified-residential-medication-aide-per-diem-prn-honokaa-hi,25.50,crma
Honolulu,certified-residential-medication-aide-per-diem-prn-honolulu-hi,25.75,crma
Hood River OR,certified-residential-medication-aide-per-diem-prn-hood-river-or,25.20,crma
Hoover,certified-residential-medication-aide-per-diem-prn-hoover-al-b1c00,26.10,crma
Hope,certified-residential-medication-aide-per-diem-prn-hope-nj,25.43,crma
Hopedale,certified-residential-medication-aide-per-diem-prn-hopedale-ma,25.35,crma
Hopewell,certified-residential-medication-aide-per-diem-prn-hopewell-va,25.40,crma
Hopkinsville,certified-residential-medication-aide-per-diem-prn-hopkinsville-ky,26.10,crma
Horizon City,certified-residential-medication-aide-per-diem-prn-horizon-city-tx,25.66,crma
Horizon West,certified-residential-medication-aide-per-diem-prn-horizon-west-fl,25.95,crma
Horn Lake,certified-residential-medication-aide-per-diem-prn-horn-lake-ms,25.32,crma
Horseshoe Bay,certified-residential-medication-aide-per-diem-prn-horseshoe-bay-tx,25.85,crma
Horsham,certified-residential-medication-aide-per-diem-prn-horsham-pa,25.43,crma
Hosford,certified-residential-medication-aide-per-diem-prn-hosford-fl,26.00,crma
Hot Springs,certified-residential-medication-aide-per-diem-prn-hot-springs-ar,25.47,crma
Hot Springs,certified-residential-medication-aide-per-diem-prn-hot-springs-mt,25.30,crma
Hot Springs,certified-residential-medication-aide-per-diem-prn-hot-springs-sd,25.30,crma
Houma,certified-residential-medication-aide-per-diem-prn-houma-la,25.92,crma
Houston,certified-residential-medication-aide-per-diem-prn-houston-tx,25.30,crma
Houston Kingwood,certified-residential-medication-aide-per-diem-prn-houston-kingwood-tx,25.61,crma
Houston Northside,certified-residential-medication-aide-per-diem-prn-houston-northside-tx,25.84,crma
Houston Southeast Houston,certified-residential-medication-aide-per-diem-prn-houston-southeast-houston-tx,25.14,crma
Houston Westside,certified-residential-medication-aide-per-diem-prn-houston-westside-tx,25.57,crma
Howey In The Hills,certified-residential-medication-aide-per-diem-prn-howey-in-the-hills-fl,25.68,crma
Huber Heights,certified-residential-medication-aide-per-diem-prn-huber-heights-oh,25.57,crma
Hudson,certified-residential-medication-aide-per-diem-prn-hudson-nh,25.99,crma
Hudson FL,certified-residential-medication-aide-per-diem-prn-hudson-fl,25.22,crma
Hudson NY,certified-residential-medication-aide-per-diem-prn-hudson-ny,25.67,crma
Hudson OH,certified-residential-medication-aide-per-diem-prn-hudson-oh,25.47,crma
Huffman,certified-residential-medication-aide-per-diem-prn-huffman-tx,25.48,crma
Hughes Springs,certified-residential-medication-aide-per-diem-prn-hughes-springs-tx,25.53,crma
Hugo,certified-residential-medication-aide-per-diem-prn-hugo-co,25.77,crma
Hull,certified-residential-medication-aide-per-diem-prn-hull-tx,25.93,crma
Humble,certified-residential-medication-aide-per-diem-prn-humble-tx,25.38,crma
Humble Iah / Airport Area,certified-residential-medication-aide-per-diem-prn-humble-iah-airport-area-tx,25.68,crma
Humboldt,certified-residential-medication-aide-per-diem-prn-humboldt-tn,26.13,crma
Huntersville,certified-residential-medication-aide-per-diem-prn-huntersville-nc,25.35,crma
Huntington,certified-residential-medication-aide-per-diem-prn-huntington-ny,25.99,crma
Huntington,certified-residential-medication-aide-per-diem-prn-huntington-tx,25.87,crma
Huntington,certified-residential-medication-aide-per-diem-prn-huntington-wv,25.61,crma
Huntington Beach,certified-residential-medication-aide-per-diem-prn-huntington-beach-ca,25.03,crma
Huntsville,certified-residential-medication-aide-per-diem-prn-huntsville-al,25.38,crma
Huntsville TX,certified-residential-medication-aide-per-diem-prn-huntsville-tx,25.96,crma
Huntsville UT,certified-residential-medication-aide-per-diem-prn-huntsville-ut,25.41,crma
Huron,certified-residential-medication-aide-per-diem-prn-huron-sd,25.47,crma
Hurricane,certified-residential-medication-aide-per-diem-prn-hurricane-ut,25.32,crma
Hurst,certified-residential-medication-aide-per-diem-prn-hurst-tx,25.61,crma
Hutchinson,certified-residential-medication-aide-per-diem-prn-hutchinson-ks,26.10,crma
Hutto,certified-residential-medication-aide-per-diem-prn-hutto-tx,26.11,crma
Hyannis,certified-residential-medication-aide-per-diem-prn-hyannis-ma,25.43,crma
Hyattsville,certified-residential-medication-aide-per-diem-prn-hyattsville-md,25.64,crma
Hyrum,certified-residential-medication-aide-per-diem-prn-hyrum-ut,25.78,crma
Idaho Falls,certified-residential-medication-aide-per-diem-prn-idaho-falls-id,25.37,crma
Idaho Springs,certified-residential-medication-aide-per-diem-prn-idaho-springs-co,26.18,crma
Idalou,certified-residential-medication-aide-per-diem-prn-idalou-tx,25.25,crma
Idleyld Park,certified-residential-medication-aide-per-diem-prn-idleyld-park-or,26.18,crma
Ignacio,certified-residential-medication-aide-per-diem-prn-ignacio-co,25.50,crma
Immokalee,certified-residential-medication-aide-per-diem-prn-immokalee-fl,25.75,crma
Incline Village,certified-residential-medication-aide-per-diem-prn-incline-village-nv,25.20,crma
Independence,certified-residential-medication-aide-per-diem-prn-independence-ky,25.61,crma
Independence MO,certified-residential-medication-aide-per-diem-prn-independence-mo,26.10,crma
Independence OR,certified-residential-medication-aide-per-diem-prn-independence-or,25.35,crma
Indian Harbour Beach,certified-residential-medication-aide-per-diem-prn-indian-harbour-beach-fl,25.40,crma
Indian Trail,certified-residential-medication-aide-per-diem-prn-indian-trail-nc,25.47,crma
Indianapolis,certified-residential-medication-aide-per-diem-prn-indianapolis-in,25.66,crma
Indianapolis Downtown,certified-residential-medication-aide-per-diem-prn-indianapolis-downtown-in,25.23,crma
Indianola,certified-residential-medication-aide-per-diem-prn-indianola-ia,25.85,crma
Indiantown,certified-residential-medication-aide-per-diem-prn-indiantown-fl,26.00,crma
Inglewood,certified-residential-medication-aide-per-diem-prn-inglewood-ca-38c5b,25.30,crma
Inglis,certified-residential-medication-aide-per-diem-prn-inglis-fl,25.45,crma
Inland Empire,certified-residential-medication-aide-per-diem-prn-inland-empire-ca,25.57,crma
Interlachen,certified-residential-medication-aide-per-diem-prn-interlachen-fl,25.68,crma
Inver Grove Heights,certified-residential-medication-aide-per-diem-prn-inver-grove-heights-mn,25.96,crma
Inverness,certified-residential-medication-aide-per-diem-prn-inverness-fl,25.22,crma
Inwood,certified-residential-medication-aide-per-diem-prn-inwood-ia,25.67,crma
Ione,certified-residential-medication-aide-per-diem-prn-ione-or,25.48,crma
Iowa City IA,certified-residential-medication-aide-per-diem-prn-iowa-city-ia,25.53,crma
Iowa Park,certified-residential-medication-aide-per-diem-prn-iowa-park-tx,25.77,crma
Iraan,certified-residential-medication-aide-per-diem-prn-iraan-tx,25.93,crma
Irene,certified-residential-medication-aide-per-diem-prn-irene-sd,25.38,crma
Irrigon,certified-residential-medication-aide-per-diem-prn-irrigon-or,26.13,crma
Irvine,certified-residential-medication-aide-per-diem-prn-irvine-ca,25.36,crma
Irving,certified-residential-medication-aide-per-diem-prn-irving-tx,25.87,crma
Island City,certified-residential-medication-aide-per-diem-prn-island-city-or,25.96,crma
Islip,certified-residential-medication-aide-per-diem-prn-islip-ny,25.03,crma
Issaquah,certified-residential-medication-aide-per-diem-prn-issaquah-wa,25.41,crma
Italy,certified-residential-medication-aide-per-diem-prn-italy-tx,25.47,crma
Itasca,certified-residential-medication-aide-per-diem-prn-itasca-tx,25.32,crma
Iva,certified-residential-medication-aide-per-diem-prn-iva-sc,25.65,crma
Ivins,certified-residential-medication-aide-per-diem-prn-ivins-ut,25.61,crma
Jacinto City,certified-residential-medication-aide-per-diem-prn-jacinto-city-tx,26.11,crma
Jackpot,certified-residential-medication-aide-per-diem-prn-jackpot-nv,25.43,crma
Jacksboro,certified-residential-medication-aide-per-diem-prn-jacksboro-tx,25.64,crma
Jackson,certified-residential-medication-aide-per-diem-prn-jackson-ms,25.78,crma
Jackson,certified-residential-medication-aide-per-diem-prn-jackson-tn,25.37,crma
Jackson,certified-residential-medication-aide-per-diem-prn-jackson-wy,25.10,crma
Jacksonville,certified-residential-medication-aide-per-diem-prn-jacksonville-ar,25.92,crma
Jacksonville,certified-residential-medication-aide-per-diem-prn-jacksonville-nc,25.40,crma
Jacksonville Beach,certified-residential-medication-aide-per-diem-prn-jacksonville-beach-fl,25.25,crma
Jacksonville Englewood,certified-residential-medication-aide-per-diem-prn-jacksonville-englewood-fl,25.61,crma
Jacksonville FL,certified-residential-medication-aide-per-diem-prn-jacksonville-fl,26.18,crma
Jacksonville TX,certified-residential-medication-aide-per-diem-prn-jacksonville-tx,25.50,crma
Janesville,certified-residential-medication-aide-per-diem-prn-janesville-wi,25.75,crma
Jarrell,certified-residential-medication-aide-per-diem-prn-jarrell-tx,25.20,crma
Jasper FL,certified-residential-medication-aide-per-diem-prn-jasper-fl,26.10,crma
Jasper TX,certified-residential-medication-aide-per-diem-prn-jasper-tx,25.35,crma
Jay,certified-residential-medication-aide-per-diem-prn-jay-fl,25.40,crma
Jay,certified-residential-medication-aide-per-diem-prn-jay-ok,25.66,crma
Jayton,certified-residential-medication-aide-per-diem-prn-jayton-tx,25.85,crma
Jbsa Ft Sam Houston,certified-residential-medication-aide-per-diem-prn-jbsa-ft-sam-houston-tx,26.00,crma
Jbsa Lackland,certified-residential-medication-aide-per-diem-prn-jbsa-lackland-tx,25.30,crma
Jbsa Randolph,certified-residential-medication-aide-per-diem-prn-jbsa-randolph-tx,25.45,crma
Jefferson,certified-residential-medication-aide-per-diem-prn-jefferson-tx,25.57,crma
Jefferson City,certified-residential-medication-aide-per-diem-prn-jefferson-city-mo,25.92,crma
Jeffersontown,certified-residential-medication-aide-per-diem-prn-jeffersontown-ky,25.23,crma
Jeffersonville,certified-residential-medication-aide-per-diem-prn-jeffersonville-in,25.95,crma
Jena,certified-residential-medication-aide-per-diem-prn-jena-la,25.68,crma
Jenks,certified-residential-medication-aide-per-diem-prn-jenks-ok,25.32,crma
Jensen Beach,certified-residential-medication-aide-per-diem-prn-jensen-beach-fl,25.22,crma
Jericho,certified-residential-medication-aide-per-diem-prn-jericho-vt,25.87,crma
Jerome,certified-residential-medication-aide-per-diem-prn-jerome-id,25.67,crma
Jersey City,certified-residential-medication-aide-per-diem-prn-jersey-city-nj,25.45,crma
Jersey Village,certified-residential-medication-aide-per-diem-prn-jersey-village-tx,25.53,crma
Jetmore,certified-residential-medication-aide-per-diem-prn-jetmore-ks,25.77,crma
John Day,certified-residential-medication-aide-per-diem-prn-john-day-or,25.93,crma
Johns Creek,certified-residential-medication-aide-per-diem-prn-johns-creek-ga,25.50,crma
Johnson City TN,certified-residential-medication-aide-per-diem-prn-johnson-city-tn,25.38,crma
Johnson City TX,certified-residential-medication-aide-per-diem-prn-johnson-city-tx,26.13,crma
Johnston,certified-residential-medication-aide-per-diem-prn-johnston-ri,25.87,crma
Johnston IA,certified-residential-medication-aide-per-diem-prn-johnston-ia,25.53,crma
Johnstown,certified-residential-medication-aide-per-diem-prn-johnstown-co,25.96,crma
Joliet,certified-residential-medication-aide-per-diem-prn-joliet-il,25.93,crma
Jones,certified-residential-medication-aide-per-diem-prn-jones-ok,25.41,crma
Jonesboro,certified-residential-medication-aide-per-diem-prn-jonesboro-ar,25.32,crma
Jonestown,certified-residential-medication-aide-per-diem-prn-jonestown-tx,25.47,crma
Joplin,certified-residential-medication-aide-per-diem-prn-joplin-mo,25.14,crma
Joseph,certified-residential-medication-aide-per-diem-prn-joseph-or,25.32,crma
Joshua,certified-residential-medication-aide-per-diem-prn-joshua-tx,25.61,crma
Jourdanton,certified-residential-medication-aide-per-diem-prn-jourdanton-tx,26.11,crma
Julesburg,certified-residential-medication-aide-per-diem-prn-julesburg-co,25.43,crma
Junction,certified-residential-medication-aide-per-diem-prn-junction-tx,25.78,crma
Junction City,certified-residential-medication-aide-per-diem-prn-junction-city-ks,25.61,crma
Junction City,certified-residential-medication-aide-per-diem-prn-junction-city-or,25.64,crma
Juneau,certified-residential-medication-aide-per-diem-prn-juneau-ak,25.37,crma
Juno Beach,certified-residential-medication-aide-per-diem-prn-juno-beach-fl,25.25,crma
Jupiter,certified-residential-medication-aide-per-diem-prn-jupiter-fl,26.18,crma
Jupiter Abacoa,certified-residential-medication-aide-per-diem-prn-jupiter-abacoa-fl,25.03,crma
Justin,certified-residential-medication-aide-per-diem-prn-justin-tx,25.50,crma
Kahului,certified-residential-medication-aide-per-diem-prn-kahului-hi,25.35,crma
Kailua CDP,certified-residential-medication-aide-per-diem-prn-kailua-cdp-hi,25.85,crma
Kalamazoo,certified-residential-medication-aide-per-diem-prn-kalamazoo-mi,25.68,crma
Kalifornsky,certified-residential-medication-aide-per-diem-prn-kalifornsky-ak,25.61,crma
Kalispell,certified-residential-medication-aide-per-diem-prn-kalispell-mt,25.03,crma
Kamas,certified-residential-medication-aide-per-diem-prn-kamas-ut,25.75,crma
Kamuela,certified-residential-medication-aide-per-diem-prn-kamuela-hi,25.20,crma
Kanab,certified-residential-medication-aide-per-diem-prn-kanab-ut,26.10,crma
Kane,certified-residential-medication-aide-per-diem-prn-kane-pa,25.35,crma
Kaneohe,certified-residential-medication-aide-per-diem-prn-kaneohe-hi,25.40,crma
Kannapolis,certified-residential-medication-aide-per-diem-prn-kannapolis-nc,25.30,crma
Kanosh,certified-residential-medication-aide-per-diem-prn-kanosh-ut,25.40,crma
Kansas City KS,certified-residential-medication-aide-per-diem-prn-kansas-city-ks,25.66,crma
Kansas City MO,certified-residential-medication-aide-per-diem-prn-kansas-city-mo,25.85,crma
Kapolei,certified-residential-medication-aide-per-diem-prn-kapolei-hi,25.22,crma
Karnes City,certified-residential-medication-aide-per-diem-prn-karnes-city-tx,26.00,crma
Katy,certified-residential-medication-aide-per-diem-prn-katy-tx,25.30,crma
Kaufman,certified-residential-medication-aide-per-diem-prn-kaufman-tx,25.45,crma
Kayenta,certified-residential-medication-aide-per-diem-prn-kayenta-az,25.57,crma
Kaysville,certified-residential-medication-aide-per-diem-prn-kaysville-ut,25.68,crma
Kealakekua,certified-residential-medication-aide-per-diem-prn-kealakekua-hi,25.22,crma
Kearney,certified-residential-medication-aide-per-diem-prn-kearney-ne,25.74,crma
Kearns,certified-residential-medication-aide-per-diem-prn-kearns-ut,25.67,crma
Kearny,certified-residential-medication-aide-per-diem-prn-kearny-az,25.48,crma
Kearny,certified-residential-medication-aide-per-diem-prn-kearny-nj,25.53,crma
Keene,certified-residential-medication-aide-per-diem-prn-keene-nh,25.23,crma
Keene,certified-residential-medication-aide-per-diem-prn-keene-tx,25.77,crma
Keizer,certified-residential-medication-aide-per-diem-prn-keizer-or,25.93,crma
Keller,certified-residential-medication-aide-per-diem-prn-keller-tx,25.38,crma
Kellogg,certified-residential-medication-aide-per-diem-prn-kellogg-id,26.13,crma
Kelso WA,certified-residential-medication-aide-per-diem-prn-kelso-wa,25.87,crma
Kemp,certified-residential-medication-aide-per-diem-prn-kemp-tx,25.96,crma
Ken Caryl,certified-residential-medication-aide-per-diem-prn-ken-caryl-co,25.59,crma
Kenansville,certified-residential-medication-aide-per-diem-prn-kenansville-nc,25.41,crma
Kendale Lakes,certified-residential-medication-aide-per-diem-prn-kendale-lakes-fl,25.14,crma
Kendall,certified-residential-medication-aide-per-diem-prn-kendall-fl,25.68,crma
Kendall West,certified-residential-medication-aide-per-diem-prn-kendall-west-fl,25.94,crma
Kendrick,certified-residential-medication-aide-per-diem-prn-kendrick-id,25.47,crma
Kenedy,certified-residential-medication-aide-per-diem-prn-kenedy-tx,25.32,crma
Kennard,certified-residential-medication-aide-per-diem-prn-kennard-tx,25.61,crma
Kennedale,certified-residential-medication-aide-per-diem-prn-kennedale-tx,26.11,crma
Kenner,certified-residential-medication-aide-per-diem-prn-kenner-la,25.45,crma
Kennesaw,certified-residential-medication-aide-per-diem-prn-kennesaw-ga,25.75,crma
Kenneth City,certified-residential-medication-aide-per-diem-prn-kenneth-city-fl,25.43,crma
Kennewick,certified-residential-medication-aide-per-diem-prn-kennewick-wa,25.94,crma
Kenosha,certified-residential-medication-aide-per-diem-prn-kenosha-wi,28.65,crma
Kent,certified-residential-medication-aide-per-diem-prn-kent-oh,25.54,crma
Kent,certified-residential-medication-aide-per-diem-prn-kent-wa,25.65,crma
Kentwood,certified-residential-medication-aide-per-diem-prn-kentwood-mi,28.65,crma
Keosauqua,certified-residential-medication-aide-per-diem-prn-keosauqua-ia,25.64,crma
Kerens,certified-residential-medication-aide-per-diem-prn-kerens-tx,25.78,crma
Kermit,certified-residential-medication-aide-per-diem-prn-kermit-tx,25.37,crma
Kerrville,certified-residential-medication-aide-per-diem-prn-kerrville-tx,26.18,crma
Ketchikan,certified-residential-medication-aide-per-diem-prn-ketchikan-ak,26.11,crma
Ketchum,certified-residential-medication-aide-per-diem-prn-ketchum-id,25.25,crma
Kettering,certified-residential-medication-aide-per-diem-prn-kettering-oh,25.38,crma
Kewaunee,certified-residential-medication-aide-per-diem-prn-kewaunee-wi,26.18,crma
Key Biscayne,certified-residential-medication-aide-per-diem-prn-key-biscayne-fl,25.50,crma
Key Largo,certified-residential-medication-aide-per-diem-prn-key-largo-fl,25.75,crma
Key West,certified-residential-medication-aide-per-diem-prn-key-west-fl,25.20,crma
Keystone Heights,certified-residential-medication-aide-per-diem-prn-keystone-heights-fl,26.10,crma
Kihei,certified-residential-medication-aide-per-diem-prn-kihei-hi,25.68,crma
Kilgore,certified-residential-medication-aide-per-diem-prn-kilgore-tx,25.35,crma
Killeen,certified-residential-medication-aide-per-diem-prn-killeen-tx,25.40,crma
Kimberly,certified-residential-medication-aide-per-diem-prn-kimberly-id,25.66,crma
Kinder,certified-residential-medication-aide-per-diem-prn-kinder-la,25.85,crma
King City,certified-residential-medication-aide-per-diem-prn-king-city-ca,26.00,crma
Kingman,certified-residential-medication-aide-per-diem-prn-kingman-az,25.30,crma
Kingsland,certified-residential-medication-aide-per-diem-prn-kingsland-tx,25.45,crma
Kingsport,certified-residential-medication-aide-per-diem-prn-kingsport-tn,25.57,crma
Kingsville,certified-residential-medication-aide-per-diem-prn-kingsville-tx,25.68,crma
Kingwood,certified-residential-medication-aide-per-diem-prn-kingwood-tx,25.22,crma
Kiowa,certified-residential-medication-aide-per-diem-prn-kiowa-co,25.67,crma
Kirby,certified-residential-medication-aide-per-diem-prn-kirby-tx,25.48,crma
Kirbyville,certified-residential-medication-aide-per-diem-prn-kirbyville-tx,25.53,crma
Kirkland,certified-residential-medication-aide-per-diem-prn-kirkland-wa,25.92,crma
Kirkwood,certified-residential-medication-aide-per-diem-prn-kirkwood-mo,25.47,crma
Kissimmee,certified-residential-medication-aide-per-diem-prn-kissimmee-fl,25.77,crma
Kit Carson,certified-residential-medication-aide-per-diem-prn-kit-carson-co,25.93,crma
Kittery,certified-residential-medication-aide-per-diem-prn-kittery-me,33.01,crma
Klamath Falls OR,certified-residential-medication-aide-per-diem-prn-klamath-falls-or,26.13,crma
Knik-Fairview,certified-residential-medication-aide-per-diem-prn-knik-fairview-ak,25.53,crma
Knox City,certified-residential-medication-aide-per-diem-prn-knox-city-tx,25.87,crma
Knoxville,certified-residential-medication-aide-per-diem-prn-knoxville-tn,25.23,crma
Knoxville IA,certified-residential-medication-aide-per-diem-prn-knoxville-ia,25.96,crma
Knoxville IL,certified-residential-medication-aide-per-diem-prn-knoxville-il,25.41,crma
Kokomo,certified-residential-medication-aide-per-diem-prn-kokomo-in,25.92,crma
Kooskia,certified-residential-medication-aide-per-diem-prn-kooskia-id,25.47,crma
Kountze,certified-residential-medication-aide-per-diem-prn-kountze-tx,25.32,crma
Kremmling,certified-residential-medication-aide-per-diem-prn-kremmling-co,25.61,crma
Krum,certified-residential-medication-aide-per-diem-prn-krum-tx,26.11,crma
Kuna,certified-residential-medication-aide-per-diem-prn-kuna-id,25.43,crma
Kyle,certified-residential-medication-aide-per-diem-prn-kyle-tx,25.64,crma
La Crosse,certified-residential-medication-aide-per-diem-prn-la-crosse-wi,25.95,crma
La Feria,certified-residential-medication-aide-per-diem-prn-la-feria-tx,25.78,crma
La Grande,certified-residential-medication-aide-per-diem-prn-la-grande-or,25.37,crma
La Grange,certified-residential-medication-aide-per-diem-prn-la-grange-il,25.25,crma
La Grange,certified-residential-medication-aide-per-diem-prn-la-grange-tx,26.18,crma
La Grange Park,certified-residential-medication-aide-per-diem-prn-la-grange-park-il,25.49,crma
La Honda,certified-residential-medication-aide-per-diem-prn-la-honda-ca,25.50,crma
La Jara,certified-residential-medication-aide-per-diem-prn-la-jara-co,25.75,crma
La Joya,certified-residential-medication-aide-per-diem-prn-la-joya-tx,25.20,crma
La Junta,certified-residential-medication-aide-per-diem-prn-la-junta-co,26.10,crma
La Marque,certified-residential-medication-aide-per-diem-prn-la-marque-tx,25.35,crma
La Mesa,certified-residential-medication-aide-per-diem-prn-la-mesa-ca,25.40,crma
La Pine,certified-residential-medication-aide-per-diem-prn-la-pine-or,25.66,crma
La Place,certified-residential-medication-aide-per-diem-prn-la-place-la,25.85,crma
La Porte,certified-residential-medication-aide-per-diem-prn-la-porte-tx,26.00,crma
La Pryor,certified-residential-medication-aide-per-diem-prn-la-pryor-tx,25.30,crma
La Tuna,certified-residential-medication-aide-per-diem-prn-la-tuna-tx,25.45,crma
La Vergne,certified-residential-medication-aide-per-diem-prn-la-vergne-tn,25.92,crma
La Vernia,certified-residential-medication-aide-per-diem-prn-la-vernia-tx,25.57,crma
La Vista,certified-residential-medication-aide-per-diem-prn-la-vista-ne,25.65,crma
Labelle,certified-residential-medication-aide-per-diem-prn-labelle-fl,25.68,crma
Lacey,certified-residential-medication-aide-per-diem-prn-lacey-wa,25.22,crma
Lady Lake,certified-residential-medication-aide-per-diem-prn-lady-lake-fl,25.67,crma
Lafayette,certified-residential-medication-aide-per-diem-prn-lafayette-in,25.74,crma
Lafayette CO,certified-residential-medication-aide-per-diem-prn-lafayette-co,25.57,crma
Lafayette LA,certified-residential-medication-aide-per-diem-prn-lafayette-la,25.53,crma
LaGrange,certified-residential-medication-aide-per-diem-prn-lagrange-ga,25.61,crma
Lake Butler,certified-residential-medication-aide-per-diem-prn-lake-butler-fl,25.77,crma
Lake Charles,certified-residential-medication-aide-per-diem-prn-lake-charles-la,25.99,crma
Lake City CO,certified-residential-medication-aide-per-diem-prn-lake-city-co,25.93,crma
Lake City FL,certified-residential-medication-aide-per-diem-prn-lake-city-fl,25.38,crma
Lake Clarke Shores,certified-residential-medication-aide-per-diem-prn-lake-clarke-shores-fl,26.13,crma
Lake Forest IL,certified-residential-medication-aide-per-diem-prn-lake-forest-il,25.87,crma
Lake Havasu,certified-residential-medication-aide-per-diem-prn-lake-havasu-az,25.96,crma
Lake Havasu City,certified-residential-medication-aide-per-diem-prn-lake-havasu-city-az,25.41,crma
Lake Isabella,certified-residential-medication-aide-per-diem-prn-lake-isabella-ca,25.47,crma
Lake Jackson,certified-residential-medication-aide-per-diem-prn-lake-jackson-tx,25.32,crma
Lake Magdalene,certified-residential-medication-aide-per-diem-prn-lake-magdalene-fl,25.00,crma
Lake Mary,certified-residential-medication-aide-per-diem-prn-lake-mary-fl,25.61,crma
Lake Oswego,certified-residential-medication-aide-per-diem-prn-lake-oswego-or,26.11,crma
Lake Park,certified-residential-medication-aide-per-diem-prn-lake-park-fl,25.43,crma
Lake Placid,certified-residential-medication-aide-per-diem-prn-lake-placid-fl,25.64,crma
Lake Ridge,certified-residential-medication-aide-per-diem-prn-lake-ridge-va,25.47,crma
Lake Wales,certified-residential-medication-aide-per-diem-prn-lake-wales-fl,25.78,crma
Lake Worth Beach,certified-residential-medication-aide-per-diem-prn-lake-worth-beach-fl,25.65,crma
Lake Worth FL,certified-residential-medication-aide-per-diem-prn-lake-worth-fl,25.37,crma
Lake Worth TX,certified-residential-medication-aide-per-diem-prn-lake-worth-tx,25.25,crma
Lakeland,certified-residential-medication-aide-per-diem-prn-lakeland-fl,26.18,crma
Lakeport,certified-residential-medication-aide-per-diem-prn-lakeport-ca,25.50,crma
Lakeside AZ,certified-residential-medication-aide-per-diem-prn-lakeside-az,25.75,crma
Lakeside FL,certified-residential-medication-aide-per-diem-prn-lakeside-fl,25.61,crma
Lakeside TX,certified-residential-medication-aide-per-diem-prn-lakeside-tx,25.20,crma
Lakeview,certified-residential-medication-aide-per-diem-prn-lakeview-or,26.10,crma
Lakeville,certified-residential-medication-aide-per-diem-prn-lakeville-mn,25.37,crma
Lakeway,certified-residential-medication-aide-per-diem-prn-lakeway-tx,25.35,crma
Lakewood,certified-residential-medication-aide-per-diem-prn-lakewood-ca,25.40,crma
Lakewood,certified-residential-medication-aide-per-diem-prn-lakewood-nj,25.85,crma
Lakewood,certified-residential-medication-aide-per-diem-prn-lakewood-oh,25.47,crma
Lakewood,certified-residential-medication-aide-per-diem-prn-lakewood-wa,25.83,crma
Lakewood CO,certified-residential-medication-aide-per-diem-prn-lakewood-co,25.66,crma
Lakewood Lasley,certified-residential-medication-aide-per-diem-prn-lakewood-lasley-co,26.11,crma
Lakewood Marston Slopes,certified-residential-medication-aide-per-diem-prn-lakewood-marston-slopes-co,25.75,crma
Lakewood Molholm/Two Creeks,certified-residential-medication-aide-per-diem-prn-lakewood-molholm-two-creeks-co,25.78,crma
Lakewood Ranch,certified-residential-medication-aide-per-diem-prn-lakewood-ranch-fl,26.00,crma
Lakota,certified-residential-medication-aide-per-diem-prn-lakota-nd,25.30,crma
Lamar,certified-residential-medication-aide-per-diem-prn-lamar-co,25.45,crma
Lamesa,certified-residential-medication-aide-per-diem-prn-lamesa-tx,25.57,crma
Lampasas,certified-residential-medication-aide-per-diem-prn-lampasas-tx,25.68,crma
Lancaster,certified-residential-medication-aide-per-diem-prn-lancaster-ca,25.47,crma
Lancaster City,certified-residential-medication-aide-per-diem-prn-lancaster-city-pa,25.65,crma
Lancaster NH,certified-residential-medication-aide-per-diem-prn-lancaster-nh,25.22,crma
Lancaster OH,certified-residential-medication-aide-per-diem-prn-lancaster-oh,25.67,crma
Lancaster TX,certified-residential-medication-aide-per-diem-prn-lancaster-tx,25.48,crma
Lancaster WI,certified-residential-medication-aide-per-diem-prn-lancaster-wi,25.53,crma
Land O Lakes,certified-residential-medication-aide-per-diem-prn-land-o-lakes-fl,25.77,crma
Lander,certified-residential-medication-aide-per-diem-prn-lander-wy,25.65,crma
Lansdale,certified-residential-medication-aide-per-diem-prn-lansdale-pa,48.65,crma
Lansing MI,certified-residential-medication-aide-per-diem-prn-lansing-mi,25.93,crma
Lantana,certified-residential-medication-aide-per-diem-prn-lantana-fl,25.38,crma
Lapeer,certified-residential-medication-aide-per-diem-prn-lapeer-mi,26.13,crma
Laplace,certified-residential-medication-aide-per-diem-prn-laplace-la,26.31,crma
Laramie,certified-residential-medication-aide-per-diem-prn-laramie-wy,25.87,crma
Laredo,certified-residential-medication-aide-per-diem-prn-laredo-tx,25.96,crma
Largo,certified-residential-medication-aide-per-diem-prn-largo-fl,25.41,crma
Las Animas,certified-residential-medication-aide-per-diem-prn-las-animas-co,25.47,crma
Las Cruces,certified-residential-medication-aide-per-diem-prn-las-cruces-nm,25.85,crma
Las Vegas,certified-residential-medication-aide-per-diem-prn-las-vegas-nv,25.32,crma
Las Vegas Angel Park,certified-residential-medication-aide-per-diem-prn-las-vegas-angel-park-nv,25.50,crma
Las Vegas Centennial Hills,certified-residential-medication-aide-per-diem-prn-las-vegas-centennial-hills-nv,25.61,crma
Las Vegas Rancho Oakey,certified-residential-medication-aide-per-diem-prn-las-vegas-rancho-oakey-nv,25.05,crma
Las Vegas Twin Lakes,certified-residential-medication-aide-per-diem-prn-las-vegas-twin-lakes-nv,25.00,crma
Lauderdale Lakes,certified-residential-medication-aide-per-diem-prn-lauderdale-lakes-fl,25.61,crma
Lauderhill,certified-residential-medication-aide-per-diem-prn-lauderhill-fl,26.11,crma
Laughlin Afb,certified-residential-medication-aide-per-diem-prn-laughlin-afb-tx,25.43,crma
Laurel,certified-residential-medication-aide-per-diem-prn-laurel-md,25.64,crma
Lava Hot Springs,certified-residential-medication-aide-per-diem-prn-lava-hot-springs-id,25.78,crma
Laveen,certified-residential-medication-aide-per-diem-prn-laveen-az,25.37,crma
Lawrence,certified-residential-medication-aide-per-diem-prn-lawrence-in,25.83,crma
Lawrence,certified-residential-medication-aide-per-diem-prn-lawrence-ks,25.61,crma
Lawrence,certified-residential-medication-aide-per-diem-prn-lawrence-ma,26.18,crma
Lawrenceburg,certified-residential-medication-aide-per-diem-prn-lawrenceburg-in,25.25,crma
Lawrenceville,certified-residential-medication-aide-per-diem-prn-lawrenceville-ga,26.11,crma
Lawton,certified-residential-medication-aide-per-diem-prn-lawton-ok,26.18,crma
Layton,certified-residential-medication-aide-per-diem-prn-layton-ut,25.50,crma
Le Mars,certified-residential-medication-aide-per-diem-prn-le-mars-ia,25.75,crma
Leadville,certified-residential-medication-aide-per-diem-prn-leadville-co,25.20,crma
League City,certified-residential-medication-aide-per-diem-prn-league-city-tx,26.10,crma
Leakey,certified-residential-medication-aide-per-diem-prn-leakey-tx,25.35,crma
Leander,certified-residential-medication-aide-per-diem-prn-leander-tx,25.40,crma
Leavenworth,certified-residential-medication-aide-per-diem-prn-leavenworth-ks,25.92,crma
Leavenworth,certified-residential-medication-aide-per-diem-prn-leavenworth-wa,25.10,crma
Leawood,certified-residential-medication-aide-per-diem-prn-leawood-ks,25.47,crma
Lebanon,certified-residential-medication-aide-per-diem-prn-lebanon-7-nh,25.66,crma
Lebanon,certified-residential-medication-aide-per-diem-prn-lebanon-oh,25.61,crma
Lebanon,certified-residential-medication-aide-per-diem-prn-lebanon-or,25.85,crma
Lebanon,certified-residential-medication-aide-per-diem-prn-lebanon-tn,25.45,crma
Lebanon City,certified-residential-medication-aide-per-diem-prn-lebanon-city-pa,26.10,crma
Lecanto,certified-residential-medication-aide-per-diem-prn-lecanto-fl,26.00,crma
Lee's Summit,certified-residential-medication-aide-per-diem-prn-lee-s-summit-mo,25.03,crma
Lees Summit,certified-residential-medication-aide-per-diem-prn-lees-summit-mo,25.30,crma
Leesburg FL,certified-residential-medication-aide-per-diem-prn-leesburg-fl,25.45,crma
Leesburg VA,certified-residential-medication-aide-per-diem-prn-leesburg-va,25.57,crma
Lehi,certified-residential-medication-aide-per-diem-prn-lehi-ut,25.68,crma
Lehigh Acres,certified-residential-medication-aide-per-diem-prn-lehigh-acres-fl,25.22,crma
Leland,certified-residential-medication-aide-per-diem-prn-leland-nc,25.67,crma
Lenexa,certified-residential-medication-aide-per-diem-prn-lenexa-ks,25.23,crma
Lenox,certified-residential-medication-aide-per-diem-prn-lenox-ia,25.68,crma
Lenox,certified-residential-medication-aide-per-diem-prn-lenox-ma,25.48,crma
Leonard,certified-residential-medication-aide-per-diem-prn-leonard-tx,25.53,crma
Levelland,certified-residential-medication-aide-per-diem-prn-levelland-tx,25.77,crma
Lewiston ID,certified-residential-medication-aide-per-diem-prn-lewiston-id,25.93,crma
Lewiston ME,certified-residential-medication-aide-per-diem-prn-lewiston-me,33.01,crma
Lewistown,certified-residential-medication-aide-per-diem-prn-lewistown-mt,26.13,crma
Lewisville,certified-residential-medication-aide-per-diem-prn-lewisville-tx,25.87,crma
Lexington OK,certified-residential-medication-aide-per-diem-prn-lexington-ok,25.96,crma
Lexington SC,certified-residential-medication-aide-per-diem-prn-lexington-sc,25.41,crma
Lexington-Fayette,certified-residential-medication-aide-per-diem-prn-lexington-fayette-ky,25.03,crma
Libby,certified-residential-medication-aide-per-diem-prn-libby-mt,25.47,crma
Liberty,certified-residential-medication-aide-per-diem-prn-liberty-mo,25.61,crma
Liberty,certified-residential-medication-aide-per-diem-prn-liberty-tx,25.32,crma
Lighthouse Point,certified-residential-medication-aide-per-diem-prn-lighthouse-point-fl,25.61,crma
Lima,certified-residential-medication-aide-per-diem-prn-lima-oh,25.43,crma
Limon,certified-residential-medication-aide-per-diem-prn-limon-co,26.11,crma
Lincoln,certified-residential-medication-aide-per-diem-prn-lincoln-ri,25.25,crma
Lincoln City,certified-residential-medication-aide-per-diem-prn-lincoln-city-or,25.43,crma
Lincoln ME,certified-residential-medication-aide-per-diem-prn-lincoln-me,33.01,crma
Lincoln NE,certified-residential-medication-aide-per-diem-prn-lincoln-ne,25.78,crma
Lincoln Park,certified-residential-medication-aide-per-diem-prn-lincoln-park-nj,25.37,crma
Lincolnshire IL,certified-residential-medication-aide-per-diem-prn-lincolnshire-il,26.18,crma
Lindale,certified-residential-medication-aide-per-diem-prn-lindale-tx,25.50,crma
Linden,certified-residential-medication-aide-per-diem-prn-linden-tx,25.75,crma
Lindon,certified-residential-medication-aide-per-diem-prn-lindon-ut,25.20,crma
Linthicum,certified-residential-medication-aide-per-diem-prn-linthicum-md,26.10,crma
Linthicum,certified-residential-medication-aide-per-diem-prn-linthicum-md-6ade6,25.35,crma
Linton Hall,certified-residential-medication-aide-per-diem-prn-linton-hall-va,25.74,crma
Linwood,certified-residential-medication-aide-per-diem-prn-linwood-nj,25.65,crma
Lisbon,certified-residential-medication-aide-per-diem-prn-lisbon-nd,25.40,crma
Litchfield Park,certified-residential-medication-aide-per-diem-prn-litchfield-park-az,25.66,crma
Little Elm,certified-residential-medication-aide-per-diem-prn-little-elm-tx,25.85,crma
Little Falls,certified-residential-medication-aide-per-diem-prn-little-falls-ny,26.00,crma
Little Rock,certified-residential-medication-aide-per-diem-prn-little-rock-ar,25.57,crma
Littlefield,certified-residential-medication-aide-per-diem-prn-littlefield-tx,25.30,crma
Littleton CO,certified-residential-medication-aide-per-diem-prn-littleton-co,25.45,crma
Littleton NH,certified-residential-medication-aide-per-diem-prn-littleton-nh,25.57,crma
Live Oak FL,certified-residential-medication-aide-per-diem-prn-live-oak-fl,25.68,crma
Live Oak TX,certified-residential-medication-aide-per-diem-prn-live-oak-tx,25.22,crma
Livingston,certified-residential-medication-aide-per-diem-prn-livingston-nj,25.48,crma
Livingston,certified-residential-medication-aide-per-diem-prn-livingston-tx,25.53,crma
Livingston MT,certified-residential-medication-aide-per-diem-prn-livingston-mt,25.67,crma
Livonia,certified-residential-medication-aide-per-diem-prn-livonia-mi,25.77,crma
Llano,certified-residential-medication-aide-per-diem-prn-llano-tx,25.93,crma
Lockhart,certified-residential-medication-aide-per-diem-prn-lockhart-tx,25.38,crma
Lockney,certified-residential-medication-aide-per-diem-prn-lockney-tx,26.13,crma
Logan,certified-residential-medication-aide-per-diem-prn-logan-ut,25.87,crma
Lomita,certified-residential-medication-aide-per-diem-prn-lomita-ca,25.96,crma
Londonderry,certified-residential-medication-aide-per-diem-prn-londonderry-nh,25.10,crma
Lone Tree CO,certified-residential-medication-aide-per-diem-prn-lone-tree-co,25.41,crma
Long Beach,certified-residential-medication-aide-per-diem-prn-long-beach-ca,25.47,crma
Long Branch,certified-residential-medication-aide-per-diem-prn-long-branch-nj,25.47,crma
Longmont,certified-residential-medication-aide-per-diem-prn-longmont-co,25.32,crma
Longview Third Avenue,certified-residential-medication-aide-per-diem-prn-longview-third-avenue-wa,25.14,crma
Longview TX,certified-residential-medication-aide-per-diem-prn-longview-tx,25.61,crma
Longwood,certified-residential-medication-aide-per-diem-prn-longwood-fl,26.11,crma
Lorain,certified-residential-medication-aide-per-diem-prn-lorain-oh,25.87,crma
Lorton,certified-residential-medication-aide-per-diem-prn-lorton-va,25.43,crma
Los Altos,certified-residential-medication-aide-per-diem-prn-los-altos-ca,25.64,crma
Los Angeles CA,certified-residential-medication-aide-per-diem-prn-los-angeles-ca,25.78,crma
Los Fresnos,certified-residential-medication-aide-per-diem-prn-los-fresnos-tx,25.37,crma
Los Gatos,certified-residential-medication-aide-per-diem-prn-los-gatos-ca,25.25,crma
Los Lunas,certified-residential-medication-aide-per-diem-prn-los-lunas-nm,25.23,crma
Loudoun County,certified-residential-medication-aide-per-diem-prn-loudoun-county-va,26.18,crma
Louisville CO,certified-residential-medication-aide-per-diem-prn-louisville-co,25.50,crma
Louisville KY,certified-residential-medication-aide-per-diem-prn-louisville-ky,25.75,crma
Louisville University,certified-residential-medication-aide-per-diem-prn-louisville-university-ky,25.85,crma
Loup City,certified-residential-medication-aide-per-diem-prn-loup-city-ne,25.20,crma
Loveland CO,certified-residential-medication-aide-per-diem-prn-loveland-co,26.10,crma
Lovelock,certified-residential-medication-aide-per-diem-prn-lovelock-nv,25.35,crma
Lowell,certified-residential-medication-aide-per-diem-prn-lowell-ma,25.40,crma
Lower Macungie,certified-residential-medication-aide-per-diem-prn-lower-macungie-pa,25.45,crma
Lower Makefield,certified-residential-medication-aide-per-diem-prn-lower-makefield-pa,25.61,crma
Lower Merion,certified-residential-medication-aide-per-diem-prn-lower-merion-pa,25.03,crma
Lower Paxton,certified-residential-medication-aide-per-diem-prn-lower-paxton-pa,25.49,crma
Lower Providence,certified-residential-medication-aide-per-diem-prn-lower-providence-pa,25.75,crma
Lower Towamensing Township,certified-residential-medication-aide-per-diem-prn-lower-towamensing-township-pa,25.66,crma
Lowesville,certified-residential-medication-aide-per-diem-prn-lowesville-va,25.66,crma
Lowville,certified-residential-medication-aide-per-diem-prn-lowville-ny,25.85,crma
Loxahatchee,certified-residential-medication-aide-per-diem-prn-loxahatchee-fl,26.00,crma
Lubbock,certified-residential-medication-aide-per-diem-prn-lubbock-tx,25.30,crma
Luck,certified-residential-medication-aide-per-diem-prn-luck-wi,25.45,crma
Lufkin,certified-residential-medication-aide-per-diem-prn-lufkin-tx,25.57,crma
Luling,certified-residential-medication-aide-per-diem-prn-luling-tx,25.68,crma
Lumberton,certified-residential-medication-aide-per-diem-prn-lumberton-tx,25.22,crma
Lutherville,certified-residential-medication-aide-per-diem-prn-lutherville-md,25.67,crma
Lutz,certified-residential-medication-aide-per-diem-prn-lutz-fl,25.48,crma
Lynchburg,certified-residential-medication-aide-per-diem-prn-lynchburg-va,25.49,crma
Lyndon,certified-residential-medication-aide-per-diem-prn-lyndon-vt,25.47,crma
Lyndonville,certified-residential-medication-aide-per-diem-prn-lyndonville-vt,25.53,crma
Lynn,certified-residential-medication-aide-per-diem-prn-lynn-ma,25.32,crma
Lynn Haven,certified-residential-medication-aide-per-diem-prn-lynn-haven-fl,25.77,crma
Lyons,certified-residential-medication-aide-per-diem-prn-lyons-il,25.54,crma
Lytle,certified-residential-medication-aide-per-diem-prn-lytle-tx,25.93,crma
Mabank,certified-residential-medication-aide-per-diem-prn-mabank-tx,25.38,crma
Mableton,certified-residential-medication-aide-per-diem-prn-mableton-ga,25.74,crma
Macclenny,certified-residential-medication-aide-per-diem-prn-macclenny-fl,26.13,crma
Machias,certified-residential-medication-aide-per-diem-prn-machias-me,33.01,crma
Mackay,certified-residential-medication-aide-per-diem-prn-mackay-id,25.96,crma
Macomb,certified-residential-medication-aide-per-diem-prn-macomb-il,25.41,crma
Macomb,certified-residential-medication-aide-per-diem-prn-macomb-mi,25.10,crma
Macon,certified-residential-medication-aide-per-diem-prn-macon-ga,25.25,crma
Madera,certified-residential-medication-aide-per-diem-prn-madera-ca,25.47,crma
Madison,certified-residential-medication-aide-per-diem-prn-madison-al,25.50,crma
Madison,certified-residential-medication-aide-per-diem-prn-madison-me,25.74,crma
Madison,certified-residential-medication-aide-per-diem-prn-madison-ms,25.43,crma
Madison FL,certified-residential-medication-aide-per-diem-prn-madison-fl,25.32,crma
Madison WI,certified-residential-medication-aide-per-diem-prn-madison-wi,25.61,crma
Madisonville,certified-residential-medication-aide-per-diem-prn-madisonville-ky,25.95,crma
Madisonville,certified-residential-medication-aide-per-diem-prn-madisonville-tx,26.11,crma
Madras,certified-residential-medication-aide-per-diem-prn-madras-or,25.43,crma
Magna,certified-residential-medication-aide-per-diem-prn-magna-ut,25.64,crma
Magnolia,certified-residential-medication-aide-per-diem-prn-magnolia-tx,25.78,crma
Maitland,certified-residential-medication-aide-per-diem-prn-maitland-fl,25.37,crma
Makakilo,certified-residential-medication-aide-per-diem-prn-makakilo-hi,26.00,crma
Malad City,certified-residential-medication-aide-per-diem-prn-malad-city-id,26.18,crma
Malakoff,certified-residential-medication-aide-per-diem-prn-malakoff-tx,25.25,crma
Malden,certified-residential-medication-aide-per-diem-prn-malden-ma,25.95,crma
Mammoth Lakes,certified-residential-medication-aide-per-diem-prn-mammoth-lakes-ca,26.18,crma
Manalapan Township,certified-residential-medication-aide-per-diem-prn-manalapan-township-nj,25.92,crma
Manassas,certified-residential-medication-aide-per-diem-prn-manassas-va,25.50,crma
Manchaca,certified-residential-medication-aide-per-diem-prn-manchaca-tx,25.75,crma
Manchester,certified-residential-medication-aide-per-diem-prn-manchester-ct,25.92,crma
Manchester NH,certified-residential-medication-aide-per-diem-prn-manchester-nh,25.20,crma
Manchester Township Whiting,certified-residential-medication-aide-per-diem-prn-manchester-township-whiting-nj,25.41,crma
Mancos,certified-residential-medication-aide-per-diem-prn-mancos-co,26.10,crma
Mandan,certified-residential-medication-aide-per-diem-prn-mandan-nd,25.35,crma
Mandeville,certified-residential-medication-aide-per-diem-prn-mandeville-la-2a319,25.40,crma
Mangonia Park,certified-residential-medication-aide-per-diem-prn-mangonia-park-fl,25.66,crma
Manhattan,certified-residential-medication-aide-per-diem-prn-manhattan-ks,25.99,crma
Manitowoc,certified-residential-medication-aide-per-diem-prn-manitowoc-wi,25.85,crma
Mankato,certified-residential-medication-aide-per-diem-prn-mankato-mn,26.00,crma
Manor,certified-residential-medication-aide-per-diem-prn-manor-tx,25.30,crma
Mansfield,certified-residential-medication-aide-per-diem-prn-mansfield-oh,26.00,crma
Mansfield,certified-residential-medication-aide-per-diem-prn-mansfield-tx,25.45,crma
Manville,certified-residential-medication-aide-per-diem-prn-manville-ri,25.57,crma
Maple Grove,certified-residential-medication-aide-per-diem-prn-maple-grove-mn,26.10,crma
Maple Heights,certified-residential-medication-aide-per-diem-prn-maple-heights-oh,25.44,crma
Mapleton,certified-residential-medication-aide-per-diem-prn-mapleton-ut,25.68,crma
Maplewood,certified-residential-medication-aide-per-diem-prn-maplewood-mn,25.67,crma
Maquoketa,certified-residential-medication-aide-per-diem-prn-maquoketa-ia,25.22,crma
Marana,certified-residential-medication-aide-per-diem-prn-marana-az,25.67,crma
Marathon FL,certified-residential-medication-aide-per-diem-prn-marathon-fl,25.48,crma
Marathon TX,certified-residential-medication-aide-per-diem-prn-marathon-tx,25.53,crma
Marble Falls,certified-residential-medication-aide-per-diem-prn-marble-falls-tx,25.77,crma
Marcus,certified-residential-medication-aide-per-diem-prn-marcus-ia,25.93,crma
Marengo,certified-residential-medication-aide-per-diem-prn-marengo-ia,25.38,crma
Marfa,certified-residential-medication-aide-per-diem-prn-marfa-tx,26.13,crma
Margate,certified-residential-medication-aide-per-diem-prn-margate-fl,25.87,crma
Marianna,certified-residential-medication-aide-per-diem-prn-marianna-fl,25.96,crma
Maricopa,certified-residential-medication-aide-per-diem-prn-maricopa-az,25.41,crma
Marietta,certified-residential-medication-aide-per-diem-prn-marietta-ga,25.47,crma
Marion,certified-residential-medication-aide-per-diem-prn-marion-nc,25.49,crma
Marion,certified-residential-medication-aide-per-diem-prn-marion-oh,25.25,crma
Marion,certified-residential-medication-aide-per-diem-prn-marion-va,25.32,crma
Marion IA,certified-residential-medication-aide-per-diem-prn-marion-ia,25.64,crma
Mariposa,certified-residential-medication-aide-per-diem-prn-mariposa-ca,25.61,crma
Marlin,certified-residential-medication-aide-per-diem-prn-marlin-tx,26.11,crma
Marrero,certified-residential-medication-aide-per-diem-prn-marrero-la,25.43,crma
Marshall MI,certified-residential-medication-aide-per-diem-prn-marshall-mi,25.64,crma
Marshall TX,certified-residential-medication-aide-per-diem-prn-marshall-tx,25.78,crma
Marshalltown,certified-residential-medication-aide-per-diem-prn-marshalltown-ia,25.37,crma
Marshville,certified-residential-medication-aide-per-diem-prn-marshville-nc,26.34,crma
Marsing,certified-residential-medication-aide-per-diem-prn-marsing-id,25.25,crma
Martinez,certified-residential-medication-aide-per-diem-prn-martinez-ca,25.79,crma
Martinez GA,certified-residential-medication-aide-per-diem-prn-martinez-ga,25.38,crma
Martinsburg,certified-residential-medication-aide-per-diem-prn-martinsburg-wv,25.03,crma
Maryland Heights,certified-residential-medication-aide-per-diem-prn-maryland-heights-mo,25.99,crma
Marylhurst,certified-residential-medication-aide-per-diem-prn-marylhurst-or,26.18,crma
Marysville,certified-residential-medication-aide-per-diem-prn-marysville-ca,25.50,crma
Marysville,certified-residential-medication-aide-per-diem-prn-marysville-oh,25.14,crma
Marysville,certified-residential-medication-aide-per-diem-prn-marysville-wa,25.75,crma
Maryville,certified-residential-medication-aide-per-diem-prn-maryville-tn,26.31,crma
Mascotte,certified-residential-medication-aide-per-diem-prn-mascotte-fl,25.20,crma
Mashpee,certified-residential-medication-aide-per-diem-prn-mashpee-ma,26.10,crma
Mason,certified-residential-medication-aide-per-diem-prn-mason-oh,25.50,crma
Mason,certified-residential-medication-aide-per-diem-prn-mason-tx,25.40,crma
Mason City,certified-residential-medication-aide-per-diem-prn-mason-city-ia,25.35,crma
Massillon,certified-residential-medication-aide-per-diem-prn-massillon-oh,25.61,crma
Matador,certified-residential-medication-aide-per-diem-prn-matador-tx,25.66,crma
Matawan,certified-residential-medication-aide-per-diem-prn-matawan-nj,25.96,crma
Mathis,certified-residential-medication-aide-per-diem-prn-mathis-tx,25.85,crma
Mauldin,certified-residential-medication-aide-per-diem-prn-mauldin-sc,25.36,crma
Maumee,certified-residential-medication-aide-per-diem-prn-maumee-nd,26.00,crma
Mauston,certified-residential-medication-aide-per-diem-prn-mauston-wi,25.30,crma
Mayfield Heights,certified-residential-medication-aide-per-diem-prn-mayfield-heights-oh,25.43,crma
Mayo,certified-residential-medication-aide-per-diem-prn-mayo-fl,25.45,crma
Mc Camey,certified-residential-medication-aide-per-diem-prn-mc-camey-tx,25.57,crma
Mc Gregor IA,certified-residential-medication-aide-per-diem-prn-mc-gregor-ia,25.68,crma
Mc Gregor TX,certified-residential-medication-aide-per-diem-prn-mc-gregor-tx,25.22,crma
McAllen,certified-residential-medication-aide-per-diem-prn-mcallen-tx,25.48,crma
McCall,certified-residential-medication-aide-per-diem-prn-mccall-id,25.53,crma
McCammon,certified-residential-medication-aide-per-diem-prn-mccammon-id,25.77,crma
McCandless,certified-residential-medication-aide-per-diem-prn-mccandless-pa,25.48,crma
McCormick,certified-residential-medication-aide-per-diem-prn-mccormick-sc,25.23,crma
Mckinney,certified-residential-medication-aide-per-diem-prn-mckinney-tx,25.93,crma
McKinney,certified-residential-medication-aide-per-diem-prn-mc-kinney-tx,25.67,crma
McLean,certified-residential-medication-aide-per-diem-prn-mclean-va,25.85,crma
Mclean TX,certified-residential-medication-aide-per-diem-prn-mclean-tx,25.38,crma
McLeod,certified-residential-medication-aide-per-diem-prn-mcleod-mt,26.13,crma
McMinnville,certified-residential-medication-aide-per-diem-prn-mcminnville-or,25.87,crma
Mead,certified-residential-medication-aide-per-diem-prn-mead-co,25.96,crma
Meadow Lakes,certified-residential-medication-aide-per-diem-prn-meadow-lakes-ak,25.64,crma
Meadow Woods,certified-residential-medication-aide-per-diem-prn-meadow-woods-fl,25.23,crma
Meadows Place,certified-residential-medication-aide-per-diem-prn-meadows-place-tx,25.41,crma
Mechanicsville,certified-residential-medication-aide-per-diem-prn-mechanicsville-va,25.23,crma
Medford,certified-residential-medication-aide-per-diem-prn-medford-ma,25.74,crma
Medford,certified-residential-medication-aide-per-diem-prn-medford-or,25.47,crma
Medina,certified-residential-medication-aide-per-diem-prn-medina-oh,25.99,crma
Medley,certified-residential-medication-aide-per-diem-prn-medley-fl,25.32,crma
Meeker,certified-residential-medication-aide-per-diem-prn-meeker-co,25.61,crma
Mehlville,certified-residential-medication-aide-per-diem-prn-mehlville-mo,25.03,crma
Melba,certified-residential-medication-aide-per-diem-prn-melba-id,26.11,crma
Melbourne,certified-residential-medication-aide-per-diem-prn-melbourne-fl,25.43,crma
Melrose FL,certified-residential-medication-aide-per-diem-prn-melrose-fl,25.64,crma
Melrose MA,certified-residential-medication-aide-per-diem-prn-melrose-ma,25.78,crma
Memphis,certified-residential-medication-aide-per-diem-prn-memphis-tn,26.10,crma
Memphis,certified-residential-medication-aide-per-diem-prn-memphis-tx,25.37,crma
Menard,certified-residential-medication-aide-per-diem-prn-menard-tx,25.25,crma
Menomonee Falls,certified-residential-medication-aide-per-diem-prn-menomonee-falls-wi,25.23,crma
Mentone,certified-residential-medication-aide-per-diem-prn-mentone-ca,25.85,crma
Mentor,certified-residential-medication-aide-per-diem-prn-mentor-oh,25.35,crma
Merced,certified-residential-medication-aide-per-diem-prn-merced-ca,26.18,crma
Mercedes,certified-residential-medication-aide-per-diem-prn-mercedes-tx,25.50,crma
Meriden,certified-residential-medication-aide-per-diem-prn-meriden-ct,26.11,crma
Meridian,certified-residential-medication-aide-per-diem-prn-meridian-id,25.75,crma
Meridian,certified-residential-medication-aide-per-diem-prn-meridian-ms,25.20,crma
Merkel,certified-residential-medication-aide-per-diem-prn-merkel-tx,26.10,crma
Merrillville,certified-residential-medication-aide-per-diem-prn-merrillville-in,25.35,crma
Merrimack,certified-residential-medication-aide-per-diem-prn-merrimack-nh,25.36,crma
Merritt Island,certified-residential-medication-aide-per-diem-prn-merritt-island-fl,25.40,crma
Mesa,certified-residential-medication-aide-per-diem-prn-mesa-az,25.66,crma
Mesa Villa Royale III,certified-residential-medication-aide-per-diem-prn-mesa-villa-royale-iii-az,25.92,crma
Mesquite,certified-residential-medication-aide-per-diem-prn-mesquite-9-nv,25.85,crma
Mesquite city,certified-residential-medication-aide-per-diem-prn-mesquite-city-tx,25.74,crma
Mesquite TX,certified-residential-medication-aide-per-diem-prn-mesquite-tx,26.00,crma
Metairie,certified-residential-medication-aide-per-diem-prn-metairie-la,25.14,crma
Methuen Town,certified-residential-medication-aide-per-diem-prn-methuen-town-ma,25.94,crma
Metropolis,certified-residential-medication-aide-per-diem-prn-metropolis-il,25.30,crma
Mexia,certified-residential-medication-aide-per-diem-prn-mexia-tx,25.45,crma
Miami,certified-residential-medication-aide-per-diem-prn-miami-fl,25.68,crma
Miami Beach,certified-residential-medication-aide-per-diem-prn-miami-beach-fl,25.57,crma
Miami Gardens,certified-residential-medication-aide-per-diem-prn-miami-gardens-fl,25.22,crma
Miami Lakes,certified-residential-medication-aide-per-diem-prn-miami-lakes-fl,25.67,crma
Miami Shores,certified-residential-medication-aide-per-diem-prn-miami-shores-fl,25.48,crma
Miami Springs,certified-residential-medication-aide-per-diem-prn-miami-springs-fl,25.53,crma
Miamisburg,certified-residential-medication-aide-per-diem-prn-miamisburg-oh,25.54,crma
Middle Township Cape May Court House,certified-residential-medication-aide-per-diem-prn-middle-township-cape-may-court-house-nj,25.74,crma
Middleburg,certified-residential-medication-aide-per-diem-prn-middleburg-fl,25.77,crma
Middlebury,certified-residential-medication-aide-per-diem-prn-middlebury-vt,25.57,crma
Middleton,certified-residential-medication-aide-per-diem-prn-middleton-id,25.93,crma
Middletown,certified-residential-medication-aide-per-diem-prn-middletown-ct,25.03,crma
Middletown,certified-residential-medication-aide-per-diem-prn-middletown-de,25.50,crma
Middletown,certified-residential-medication-aide-per-diem-prn-middletown-oh,25.93,crma
Middletown,certified-residential-medication-aide-per-diem-prn-middletown-ri,25.38,crma
Midland,certified-residential-medication-aide-per-diem-prn-midland-tx,26.13,crma
Midlothian,certified-residential-medication-aide-per-diem-prn-midlothian-tx,25.87,crma
Midvale,certified-residential-medication-aide-per-diem-prn-midvale-ut,25.96,crma
Midwest City,certified-residential-medication-aide-per-diem-prn-midwest-city-ok,25.41,crma
Milan,certified-residential-medication-aide-per-diem-prn-milan-mo,25.47,crma
Milbank,certified-residential-medication-aide-per-diem-prn-milbank-sd,25.32,crma
Miles City MT,certified-residential-medication-aide-per-diem-prn-miles-city-mt,25.74,crma
Milford,certified-residential-medication-aide-per-diem-prn-milford-ct,25.85,crma
Milford MA,certified-residential-medication-aide-per-diem-prn-milford-ma,25.61,crma
Milford UT,certified-residential-medication-aide-per-diem-prn-milford-ut,26.11,crma
Mililani Mauka,certified-residential-medication-aide-per-diem-prn-mililani-mauka-hi,25.30,crma
Mililani Town,certified-residential-medication-aide-per-diem-prn-mililani-town-hi,25.57,crma
Mill City,certified-residential-medication-aide-per-diem-prn-mill-city-or,25.43,crma
Millbrae,certified-residential-medication-aide-per-diem-prn-millbrae-ca,25.64,crma
Millcreek,certified-residential-medication-aide-per-diem-prn-millcreek-ut,25.78,crma
Miller,certified-residential-medication-aide-per-diem-prn-miller-sd,25.37,crma
Milpitas CA,certified-residential-medication-aide-per-diem-prn-milpitas-ca,26.18,crma
Milton,certified-residential-medication-aide-per-diem-prn-milton-ga,25.61,crma
Milton,certified-residential-medication-aide-per-diem-prn-milton-vt,25.20,crma
Milton Freewater,certified-residential-medication-aide-per-diem-prn-milton-fl,25.25,crma
Milton Freewater,certified-residential-medication-aide-per-diem-prn-milton-freewater-or,26.18,crma
Milwaukee,certified-residential-medication-aide-per-diem-prn-milwaukee-wi,25.50,crma
Milwaukie Linwood,certified-residential-medication-aide-per-diem-prn-milwaukie-linwood-or,26.18,crma
Milwaukie OR,certified-residential-medication-aide-per-diem-prn-milwaukie-or,25.75,crma
Minden,certified-residential-medication-aide-per-diem-prn-minden-nv,25.20,crma
Mineola,certified-residential-medication-aide-per-diem-prn-mineola-tx,26.10,crma
Mineral Wells,certified-residential-medication-aide-per-diem-prn-mineral-wells-tx,25.35,crma
Minneapolis,certified-residential-medication-aide-per-diem-prn-minneapolis-mn,25.25,crma
Minnetonka,certified-residential-medication-aide-per-diem-prn-minnetonka-mn,25.22,crma
Minot,certified-residential-medication-aide-per-diem-prn-minot-nd,25.40,crma
Miramar Beach,certified-residential-medication-aide-per-diem-prn-miramar-beach-fl,25.66,crma
Miramar Beach,certified-residential-medication-aide-per-diem-prn-miramar-fl,25.85,crma
Miramonte,certified-residential-medication-aide-per-diem-prn-miramonte-ca,26.00,crma
Mishawaka,certified-residential-medication-aide-per-diem-prn-mishawaka-in,25.68,crma
Mission,certified-residential-medication-aide-per-diem-prn-mission-tx,25.30,crma
Missoula,certified-residential-medication-aide-per-diem-prn-missoula-mt,25.99,crma
Missouri,certified-residential-medication-aide-per-diem-prn-missouri-mo,25.57,crma
Missouri City,certified-residential-medication-aide-per-diem-prn-missouri-city-tx,25.45,crma
Mitchell,certified-residential-medication-aide-per-diem-prn-mitchell-or,25.68,crma
Mitchell,certified-residential-medication-aide-per-diem-prn-mitchell-sd,25.44,crma
Moab,certified-residential-medication-aide-per-diem-prn-moab-ut,25.22,crma
Mobile,certified-residential-medication-aide-per-diem-prn-mobile-al,25.61,crma
Modesto,certified-residential-medication-aide-per-diem-prn-modesto-ca,25.67,crma
Moffat,certified-residential-medication-aide-per-diem-prn-moffat-co,25.48,crma
Molalla,certified-residential-medication-aide-per-diem-prn-molalla-or,25.53,crma
Moline IL,certified-residential-medication-aide-per-diem-prn-moline-il,25.77,crma
Monahans,certified-residential-medication-aide-per-diem-prn-monahans-tx,25.93,crma
Monmouth,certified-residential-medication-aide-per-diem-prn-monmouth-or,26.13,crma
Monmouth Junction,certified-residential-medication-aide-per-diem-prn-monmouth-junction-nj,25.38,crma
Monroe,certified-residential-medication-aide-per-diem-prn-monroe-nc,25.41,crma
Monroe LA,certified-residential-medication-aide-per-diem-prn-monroe-la,25.87,crma
Monroe OR,certified-residential-medication-aide-per-diem-prn-monroe-or,25.96,crma
Monroe Township,certified-residential-medication-aide-per-diem-prn-monroe-township-nj,25.41,crma
Monroe WA,certified-residential-medication-aide-per-diem-prn-monroe-wa,25.47,crma
Monroeville,certified-residential-medication-aide-per-diem-prn-monroeville-pa,25.57,crma
Monrovia,certified-residential-medication-aide-per-diem-prn-monrovia-ca,25.32,crma
Mont Belvieu,certified-residential-medication-aide-per-diem-prn-mont-belvieu-tx,25.61,crma
Montclair NJ,certified-residential-medication-aide-per-diem-prn-montclair-nj,26.11,crma
Monte Vista,certified-residential-medication-aide-per-diem-prn-monte-vista-co,25.43,crma
Montebello,certified-residential-medication-aide-per-diem-prn-montebello-va,25.64,crma
Monterey,certified-residential-medication-aide-per-diem-prn-monterey-ca,25.78,crma
Montezuma,certified-residential-medication-aide-per-diem-prn-montezuma-ia,25.25,crma
Montezuma Creek,certified-residential-medication-aide-per-diem-prn-montezuma-creek-ut,25.37,crma
Montgomery,certified-residential-medication-aide-per-diem-prn-montgomery-al,25.25,crma
Montgomery,certified-residential-medication-aide-per-diem-prn-montgomery-tx,26.18,crma
Monticello FL,certified-residential-medication-aide-per-diem-prn-monticello-fl,25.50,crma
Monticello UT,certified-residential-medication-aide-per-diem-prn-monticello-ut,25.75,crma
Montpelier,certified-residential-medication-aide-per-diem-prn-montpelier-id,25.20,crma
Montpelier,certified-residential-medication-aide-per-diem-prn-montpelier-vt,25.22,crma
Montrose,certified-residential-medication-aide-per-diem-prn-montrose-co,26.10,crma
Montvale,certified-residential-medication-aide-per-diem-prn-montvale-nj,25.35,crma
Monument,certified-residential-medication-aide-per-diem-prn-monument-co,25.40,crma
Monument Valley,certified-residential-medication-aide-per-diem-prn-monument-valley-ut,25.66,crma
Moodus,certified-residential-medication-aide-per-diem-prn-moodus-ct,25.85,crma
Moody,certified-residential-medication-aide-per-diem-prn-moody-tx,26.00,crma
Moon,certified-residential-medication-aide-per-diem-prn-moon-pa,25.20,crma
Moore,certified-residential-medication-aide-per-diem-prn-moore-ok,26.13,crma
Moore Haven,certified-residential-medication-aide-per-diem-prn-moore-haven-fl,25.30,crma
Mooreland,certified-residential-medication-aide-per-diem-prn-mooreland-ok,25.45,crma
Mooresville,certified-residential-medication-aide-per-diem-prn-mooresville-nc,26.00,crma
Moorhead,certified-residential-medication-aide-per-diem-prn-moorhead-mn,26.00,crma
Morehead,certified-residential-medication-aide-per-diem-prn-morehead-ky,25.14,crma
Moreno Valley,certified-residential-medication-aide-per-diem-prn-moreno-valley-ca,25.61,crma
Morgan,certified-residential-medication-aide-per-diem-prn-morgan-ut,25.57,crma
Morgantown,certified-residential-medication-aide-per-diem-prn-morgantown-in,25.68,crma
Morgantown,certified-residential-medication-aide-per-diem-prn-morgantown-wv,25.65,crma
Moro,certified-residential-medication-aide-per-diem-prn-moro-or,25.22,crma
Morris,certified-residential-medication-aide-per-diem-prn-morris-il,25.67,crma
Morrison,certified-residential-medication-aide-per-diem-prn-morrison-co,25.48,crma
Morristown,certified-residential-medication-aide-per-diem-prn-morristown-tn,25.85,crma
Morristown,certified-residential-medication-aide-per-diem-prn-morristown-vt,25.96,crma
Morrisville VT,certified-residential-medication-aide-per-diem-prn-morrisville-vt,25.53,crma
Morton TX,certified-residential-medication-aide-per-diem-prn-morton-tx,25.77,crma
Morton WA,certified-residential-medication-aide-per-diem-prn-morton-wa,25.93,crma
Moscow,certified-residential-medication-aide-per-diem-prn-moscow-id,25.38,crma
Moulton,certified-residential-medication-aide-per-diem-prn-moulton-tx,26.13,crma
Mount Angel,certified-residential-medication-aide-per-diem-prn-mount-angel-or,25.87,crma
Mount Clemens,certified-residential-medication-aide-per-diem-prn-mount-clemens-mi,25.96,crma
Mount Dora,certified-residential-medication-aide-per-diem-prn-mount-dora-fl,25.41,crma
Mount Enterprise,certified-residential-medication-aide-per-diem-prn-mount-enterprise-tx,25.47,crma
Mount Juliet,certified-residential-medication-aide-per-diem-prn-mount-juliet-tn,25.14,crma
Mount Lebanon,certified-residential-medication-aide-per-diem-prn-mount-lebanon-pa,26.13,crma
Mount Pleasant,certified-residential-medication-aide-per-diem-prn-mount-pleasant-sc,25.00,crma
Mount Pleasant,certified-residential-medication-aide-per-diem-prn-mount-pleasant-wi,25.95,crma
Mount Pleasant TX,certified-residential-medication-aide-per-diem-prn-mount-pleasant-tx,25.61,crma
Mount Pleasant UT,certified-residential-medication-aide-per-diem-prn-mount-pleasant-ut,26.11,crma
Mount Pleasant-IA,certified-residential-medication-aide-per-diem-prn-mount-pleasant-ia,25.32,crma
Mount Prospect,certified-residential-medication-aide-per-diem-prn-mount-prospect-il,25.57,crma
Mount Vernon,certified-residential-medication-aide-per-diem-prn-mount-vernon-ny,25.38,crma
Mount Vernon,certified-residential-medication-aide-per-diem-prn-mount-vernon-oh,25.23,crma
Mount Vernon TX,certified-residential-medication-aide-per-diem-prn-mount-vernon-tx,25.43,crma
Mount Vernon WA,certified-residential-medication-aide-per-diem-prn-mount-vernon-wa,25.64,crma
Mountain Brook,certified-residential-medication-aide-per-diem-prn-mountain-brook-al,25.67,crma
Mountain City,certified-residential-medication-aide-per-diem-prn-mountain-city-tn,25.78,crma
Mountain Home AR,certified-residential-medication-aide-per-diem-prn-mountain-home-ar,25.37,crma
Mountain Home ID,certified-residential-medication-aide-per-diem-prn-mountain-home-id,25.25,crma
Mountain Home IDA,certified-residential-medication-aide-per-diem-prn-mountain-home-ida-id,26.18,crma
Mountain View AR,certified-residential-medication-aide-per-diem-prn-mountain-view-ar,25.50,crma
Mountain View CA,certified-residential-medication-aide-per-diem-prn-mountain-view-ca,25.75,crma
Mt Pleasant,certified-residential-medication-aide-per-diem-prn-mt-pleasant-ut,25.20,crma
Muenster,certified-residential-medication-aide-per-diem-prn-muenster-tx,26.10,crma
Mulberry,certified-residential-medication-aide-per-diem-prn-mulberry-fl,25.35,crma
Muleshoe,certified-residential-medication-aide-per-diem-prn-muleshoe-tx,25.40,crma
Muncie,certified-residential-medication-aide-per-diem-prn-muncie-in,25.65,crma
Munday,certified-residential-medication-aide-per-diem-prn-munday-tx,25.66,crma
Munster,certified-residential-medication-aide-per-diem-prn-munster-in,25.85,crma
Murfreesboro,certified-residential-medication-aide-per-diem-prn-murfreesboro-tn,25.74,crma
Murphy,certified-residential-medication-aide-per-diem-prn-murphy-tx,26.00,crma
Murray,certified-residential-medication-aide-per-diem-prn-murray-ut,25.30,crma
Muscatine,certified-residential-medication-aide-per-diem-prn-muscatine-ia,25.96,crma
Muskegon,certified-residential-medication-aide-per-diem-prn-muskegon-mi,25.45,crma
Muskogee,certified-residential-medication-aide-per-diem-prn-muskogee-ok,26.11,crma
Mustang,certified-residential-medication-aide-per-diem-prn-mustang-ok,25.57,crma
Myakka City,certified-residential-medication-aide-per-diem-prn-myakka-city-fl,25.68,crma
Myrtle Beach,certified-residential-medication-aide-per-diem-prn-myrtle-beach-sc,25.22,crma
Myrtle Creek,certified-residential-medication-aide-per-diem-prn-myrtle-creek-or,25.67,crma
Myrtle Point,certified-residential-medication-aide-per-diem-prn-myrtle-point-or,25.48,crma
Mystic,certified-residential-medication-aide-per-diem-prn-mystic-ct,25.53,crma
N Ft Myers,certified-residential-medication-aide-per-diem-prn-n-ft-myers-fl,25.77,crma
N Las Vegas,certified-residential-medication-aide-per-diem-prn-n-las-vegas-nv,25.93,crma
Nacogdoches,certified-residential-medication-aide-per-diem-prn-nacogdoches-tx,25.38,crma
Nampa,certified-residential-medication-aide-per-diem-prn-nampa-id,26.13,crma
Napa,certified-residential-medication-aide-per-diem-prn-napa-ca,25.87,crma
Naperville,certified-residential-medication-aide-per-diem-prn-naperville-il,25.38,crma
Naples,certified-residential-medication-aide-per-diem-prn-naples-fl,25.96,crma
Naranja,certified-residential-medication-aide-per-diem-prn-naranja-fl,25.41,crma
Nash,certified-residential-medication-aide-per-diem-prn-nash-tx,25.47,crma
Nashua NH,certified-residential-medication-aide-per-diem-prn-nashua-nh,25.32,crma
Nashville Madison,certified-residential-medication-aide-per-diem-prn-nashville-madison-tn,25.68,crma
Nashville South Nashville,certified-residential-medication-aide-per-diem-prn-nashville-south-nashville-tn,25.68,crma
Nashville TN,certified-residential-medication-aide-per-diem-prn-nashville-tn,25.61,crma
Nashville-Davidson,certified-residential-medication-aide-per-diem-prn-nashville-davidson-tn,25.92,crma
Natchitoches,certified-residential-medication-aide-per-diem-prn-natchitoches-la,26.11,crma
National City,certified-residential-medication-aide-per-diem-prn-national-city-ca,25.43,crma
Naturita,certified-residential-medication-aide-per-diem-prn-naturita-co,25.64,crma
Naugatuck,certified-residential-medication-aide-per-diem-prn-naugatuck-ct,25.61,crma
Naval Air Station Jrb,certified-residential-medication-aide-per-diem-prn-naval-air-station-jrb-tx,25.78,crma
Navarre,certified-residential-medication-aide-per-diem-prn-navarre-fl,25.37,crma
Navasota,certified-residential-medication-aide-per-diem-prn-navasota-tx,26.18,crma
Nederland CO,certified-residential-medication-aide-per-diem-prn-nederland-co,25.25,crma
Nederland TX,certified-residential-medication-aide-per-diem-prn-nederland-tx,26.18,crma
Needham,certified-residential-medication-aide-per-diem-prn-needham-ma,25.50,crma
Needville,certified-residential-medication-aide-per-diem-prn-needville-tx,25.75,crma
Neenah,certified-residential-medication-aide-per-diem-prn-neenah-wi,25.83,crma
Negaunee,certified-residential-medication-aide-per-diem-prn-negaunee-mi,25.20,crma
Nehalem,certified-residential-medication-aide-per-diem-prn-nehalem-or,26.10,crma
Nephi,certified-residential-medication-aide-per-diem-prn-nephi-ut,25.35,crma
Neptune,certified-residential-medication-aide-per-diem-prn-neptune-nj,25.66,crma
Neptune Beach,certified-residential-medication-aide-per-diem-prn-neptune-beach-fl,25.40,crma
Ness City,certified-residential-medication-aide-per-diem-prn-ness-city-ks,25.85,crma
Nevada City,certified-residential-medication-aide-per-diem-prn-nevada-city-ca,26.18,crma
Nevada City,certified-residential-medication-aide-per-diem-prn-nevada-city-nv,26.00,crma
New Albany,certified-residential-medication-aide-per-diem-prn-new-albany-in,25.10,crma
New Bedford,certified-residential-medication-aide-per-diem-prn-new-bedford-ma,25.65,crma
New Berlin,certified-residential-medication-aide-per-diem-prn-new-berlin-wi,25.61,crma
New Boston,certified-residential-medication-aide-per-diem-prn-new-boston-tx,25.30,crma
New Braunfels,certified-residential-medication-aide-per-diem-prn-new-braunfels-tx,25.45,crma
New Britain,certified-residential-medication-aide-per-diem-prn-new-britain-ct,25.57,crma
New Caney,certified-residential-medication-aide-per-diem-prn-new-caney-tx,25.68,crma
New Castle,certified-residential-medication-aide-per-diem-prn-new-castle-in,25.22,crma
New Glarus,certified-residential-medication-aide-per-diem-prn-new-glarus-wi,25.67,crma
New Hampton,certified-residential-medication-aide-per-diem-prn-new-hampton-ia,25.48,crma
New Haven,certified-residential-medication-aide-per-diem-prn-new-haven-ct,25.53,crma
New Holland,certified-residential-medication-aide-per-diem-prn-new-holland-pa,25.47,crma
New Holstein,certified-residential-medication-aide-per-diem-prn-new-holstein-wi,25.77,crma
New Iberia,certified-residential-medication-aide-per-diem-prn-new-iberia-la,25.23,crma
New Lenox,certified-residential-medication-aide-per-diem-prn-new-lenox-il,25.93,crma
New Lisbon,certified-residential-medication-aide-per-diem-prn-new-lisbon-wi,25.38,crma
New London,certified-residential-medication-aide-per-diem-prn-new-london-nh,26.13,crma
New Orleans,certified-residential-medication-aide-per-diem-prn-new-orleans-la,25.87,crma
New Orleans Mid-City,certified-residential-medication-aide-per-diem-prn-new-orleans-mid-city-la,25.03,crma
New Plymouth,certified-residential-medication-aide-per-diem-prn-new-plymouth-id,25.96,crma
New Port Richey,certified-residential-medication-aide-per-diem-prn-new-port-richey-fl,25.41,crma
New Providence,certified-residential-medication-aide-per-diem-prn-new-providence-nj,25.61,crma
NEW PRT RCHY,certified-residential-medication-aide-per-diem-prn-new-prt-rchy-fl,25.79,crma
New Richmond,certified-residential-medication-aide-per-diem-prn-new-richmond-wi,25.47,crma
New Rochelle,certified-residential-medication-aide-per-diem-prn-new-rochelle-ny,25.61,crma
New Smyrna Beach,certified-residential-medication-aide-per-diem-prn-new-smyrna-beach-fl,25.32,crma
New Town,certified-residential-medication-aide-per-diem-prn-new-town-nd,25.61,crma
New york,certified-residential-medication-aide-per-diem-prn-new-york-ny,25.43,crma
New York City,certified-residential-medication-aide-per-diem-prn-new-york-city-ny,26.11,crma
Newark,certified-residential-medication-aide-per-diem-prn-newark-oh,25.45,crma
Newark DE,certified-residential-medication-aide-per-diem-prn-newark-de,25.64,crma
Newark NJ,certified-residential-medication-aide-per-diem-prn-newark-nj,25.68,crma
Newberg,certified-residential-medication-aide-per-diem-prn-newberg-or,25.37,crma
Newberry,certified-residential-medication-aide-per-diem-prn-newberry-sc,25.25,crma
Newburyport,certified-residential-medication-aide-per-diem-prn-newburyport-ma,26.18,crma
Newgulf,certified-residential-medication-aide-per-diem-prn-newgulf-tx,25.50,crma
Newman,certified-residential-medication-aide-per-diem-prn-newman-ca,25.75,crma
Newnan,certified-residential-medication-aide-per-diem-prn-newnan-ga,25.03,crma
Newport,certified-residential-medication-aide-per-diem-prn-newport-ri,26.10,crma
Newport News,certified-residential-medication-aide-per-diem-prn-newport-news-va,25.43,crma
Newport OR,certified-residential-medication-aide-per-diem-prn-newport-or,25.20,crma
Newport VT,certified-residential-medication-aide-per-diem-prn-newport-vt,25.35,crma
Newton,certified-residential-medication-aide-per-diem-prn-newton-ma,25.99,crma
Newton,certified-residential-medication-aide-per-diem-prn-newton-tx,25.40,crma
Newville,certified-residential-medication-aide-per-diem-prn-newville-pa,25.66,crma
Niceville,certified-residential-medication-aide-per-diem-prn-niceville-fl,25.85,crma
Nicholasville,certified-residential-medication-aide-per-diem-prn-nicholasville-ky,25.92,crma
Nisswa,certified-residential-medication-aide-per-diem-prn-nisswa-mn,26.00,crma
Nixa,certified-residential-medication-aide-per-diem-prn-nixa-mo,26.18,crma
Nixon NV,certified-residential-medication-aide-per-diem-prn-nixon-nv,25.30,crma
Nixon TX,certified-residential-medication-aide-per-diem-prn-nixon-tx,25.45,crma
Noblesville,certified-residential-medication-aide-per-diem-prn-noblesville-in,25.61,crma
Nocona,certified-residential-medication-aide-per-diem-prn-nocona-tx,25.57,crma
Nogales,certified-residential-medication-aide-per-diem-prn-nogales-az,25.68,crma
Nokomis,certified-residential-medication-aide-per-diem-prn-nokomis-fl,25.22,crma
Nome,certified-residential-medication-aide-per-diem-prn-nome-ak,25.67,crma
Norfolk,certified-residential-medication-aide-per-diem-prn-norfolk-va,26.11,crma
Norfolk NE,certified-residential-medication-aide-per-diem-prn-norfolk-ne,25.48,crma
Normal,certified-residential-medication-aide-per-diem-prn-normal-il,25.32,crma
Norman OK,certified-residential-medication-aide-per-diem-prn-norman-ok,25.77,crma
Norristown,certified-residential-medication-aide-per-diem-prn-norristown-pa,25.87,crma
North Augusta,certified-residential-medication-aide-per-diem-prn-north-augusta-sc,25.61,crma
North Bay Village,certified-residential-medication-aide-per-diem-prn-north-bay-village-fl,25.93,crma
North Bend,certified-residential-medication-aide-per-diem-prn-north-bend-or,25.38,crma
North Bend,certified-residential-medication-aide-per-diem-prn-north-bend-wa,26.13,crma
North Bergen,certified-residential-medication-aide-per-diem-prn-north-bergen-nj,25.87,crma
North Bethesda,certified-residential-medication-aide-per-diem-prn-north-bethesda-md,25.96,crma
North Brunswick,certified-residential-medication-aide-per-diem-prn-north-brunswick-nj,25.96,crma
North Charleston,certified-residential-medication-aide-per-diem-prn-north-charleston-sc,25.41,crma
North East,certified-residential-medication-aide-per-diem-prn-north-east-md,25.47,crma
North Fayette Township,certified-residential-medication-aide-per-diem-prn-north-fayette-township-pa,25.64,crma
North Fort Myers,certified-residential-medication-aide-per-diem-prn-north-fort-myers-fl,25.74,crma
North Haven,certified-residential-medication-aide-per-diem-prn-north-haven-ct,25.32,crma
North Hempstead,certified-residential-medication-aide-per-diem-prn-north-hempstead-ny,25.95,crma
North Hollywood,certified-residential-medication-aide-per-diem-prn-north-hollywood-ca-7036f,25.61,crma
North Huntingdon,certified-residential-medication-aide-per-diem-prn-north-huntingdon-pa,26.00,crma
North Kingstown,certified-residential-medication-aide-per-diem-prn-north-kingstown-ri,25.23,crma
North Lakes,certified-residential-medication-aide-per-diem-prn-north-lakes-ak,25.87,crma
North Las Vegas,certified-residential-medication-aide-per-diem-prn-north-las-vegas-nv,26.11,crma
North Lauderdale,certified-residential-medication-aide-per-diem-prn-north-lauderdale-fl,25.99,crma
North Liberty,certified-residential-medication-aide-per-diem-prn-north-liberty-ia,25.93,crma
North Little Rock,certified-residential-medication-aide-per-diem-prn-north-little-rock-ar,25.85,crma
North Logan,certified-residential-medication-aide-per-diem-prn-north-logan-ut,25.43,crma
North Manchester,certified-residential-medication-aide-per-diem-prn-north-manchester-in,25.64,crma
North Miami,certified-residential-medication-aide-per-diem-prn-north-miami-fl,25.37,crma
North Miami Beach,certified-residential-medication-aide-per-diem-prn-north-miami-beach-fl,25.78,crma
North Olmsted,certified-residential-medication-aide-per-diem-prn-north-olmsted-oh,25.25,crma
North Palm Beach,certified-residential-medication-aide-per-diem-prn-north-palm-beach-fl,26.18,crma
North Platte,certified-residential-medication-aide-per-diem-prn-north-platte-ne,25.50,crma
North Port,certified-residential-medication-aide-per-diem-prn-north-port-fl,25.75,crma
North Providence,certified-residential-medication-aide-per-diem-prn-north-providence-ri,25.20,crma
North Richland Hills,certified-residential-medication-aide-per-diem-prn-north-richland-hills-tx,26.10,crma
North Ridgeville,certified-residential-medication-aide-per-diem-prn-north-ridgeville-oh,25.78,crma
North Royalton,certified-residential-medication-aide-per-diem-prn-north-royalton-oh,25.61,crma
Northbrook IL,certified-residential-medication-aide-per-diem-prn-northbrook-il,25.35,crma
Northfield,certified-residential-medication-aide-per-diem-prn-northfield-vt,25.38,crma
Northglenn,certified-residential-medication-aide-per-diem-prn-northglenn-co,25.40,crma
Northport,certified-residential-medication-aide-per-diem-prn-northport-al,25.66,crma
Northwood,certified-residential-medication-aide-per-diem-prn-northwood-ia,25.38,crma
Norton,certified-residential-medication-aide-per-diem-prn-norton-ma,25.66,crma
Norton,certified-residential-medication-aide-per-diem-prn-norton-va,25.85,crma
Norwalk,certified-residential-medication-aide-per-diem-prn-norwalk-ct,26.00,crma
Norway Norway,certified-residential-medication-aide-per-diem-prn-norway-norway-me,41.91,crma
Norwich,certified-residential-medication-aide-per-diem-prn-norwich-ct,25.61,crma
Norwood,certified-residential-medication-aide-per-diem-prn-norwood-co,25.30,crma
Norwood,certified-residential-medication-aide-per-diem-prn-norwood-nj,25.45,crma
Novi city,certified-residential-medication-aide-per-diem-prn-novi-city-mi,25.74,crma
Nyssa,certified-residential-medication-aide-per-diem-prn-nyssa-or,25.57,crma
O Fallon,certified-residential-medication-aide-per-diem-prn-o-fallon-il,25.68,crma
O'Fallon MO,certified-residential-medication-aide-per-diem-prn-ofallon-mo,25.10,crma
Oak Brook IL,certified-residential-medication-aide-per-diem-prn-oak-brook-il,25.22,crma
Oak Creek,certified-residential-medication-aide-per-diem-prn-oak-creek-wi,25.00,crma
Oak Hill,certified-residential-medication-aide-per-diem-prn-oak-hill-fl,25.67,crma
Oak Lawn,certified-residential-medication-aide-per-diem-prn-oak-lawn-il,25.64,crma
Oak Park,certified-residential-medication-aide-per-diem-prn-oak-park-il,25.49,crma
Oak Point,certified-residential-medication-aide-per-diem-prn-oak-point-tx,25.48,crma
Oak Ridge TN,certified-residential-medication-aide-per-diem-prn-oak-ridge-tn,25.53,crma
Oakland,certified-residential-medication-aide-per-diem-prn-oakland-ca,25.77,crma
Oakland Park,certified-residential-medication-aide-per-diem-prn-oakland-park-fl,25.93,crma
Oakley,certified-residential-medication-aide-per-diem-prn-oakley-ut,25.38,crma
Oakridge,certified-residential-medication-aide-per-diem-prn-oakridge-or,26.13,crma
Oakville,certified-residential-medication-aide-per-diem-prn-oakville-mo,25.95,crma
Oberlin,certified-residential-medication-aide-per-diem-prn-oberlin-la,25.87,crma
Ocala FL,certified-residential-medication-aide-per-diem-prn-ocala-fl,25.96,crma
Ocean Grove,certified-residential-medication-aide-per-diem-prn-ocean-grove-nj,25.41,crma
Ocean Shores,certified-residential-medication-aide-per-diem-prn-ocean-shores-wa,25.47,crma
Oceanside,certified-residential-medication-aide-per-diem-prn-oceanside-ca,25.68,crma
Ocoee,certified-residential-medication-aide-per-diem-prn-ocoee-fl,25.32,crma
Odenton,certified-residential-medication-aide-per-diem-prn-odenton-md,25.41,crma
Odessa FL,certified-residential-medication-aide-per-diem-prn-odessa-fl,25.61,crma
Odessa TX,certified-residential-medication-aide-per-diem-prn-odessa-tx,26.11,crma
Ogden,certified-residential-medication-aide-per-diem-prn-ogden-ut,25.22,crma
Okeechobee,certified-residential-medication-aide-per-diem-prn-okeechobee-fl,25.64,crma
Oklahoma City,certified-residential-medication-aide-per-diem-prn-oklahoma-city-ok,25.78,crma
Oklahoma City Central Oklahoma City,certified-residential-medication-aide-per-diem-prn-oklahoma-city-central-oklahoma-city-ok,25.64,crma
Oklahoma City Northwest Oklahoma City,certified-residential-medication-aide-per-diem-prn-oklahoma-city-northwest-oklahoma-city-ok,25.54,crma
Oklahoma City Preston Hills,certified-residential-medication-aide-per-diem-prn-oklahoma-city-preston-hills-ok,25.79,crma
Oklahoma City Rock Knoll,certified-residential-medication-aide-per-diem-prn-oklahoma-city-rock-knoll-ok,25.68,crma
Olathe,certified-residential-medication-aide-per-diem-prn-olathe-co,26.18,crma
Olathe,certified-residential-medication-aide-per-diem-prn-olathe-ks,25.74,crma
Old Jamestown,certified-residential-medication-aide-per-diem-prn-old-jamestown-mo,26.11,crma
Oldsmar,certified-residential-medication-aide-per-diem-prn-oldsmar-fl,25.25,crma
Olive Branch,certified-residential-medication-aide-per-diem-prn-olive-branch-ms,25.64,crma
Olmito,certified-residential-medication-aide-per-diem-prn-olmito-tx,26.18,crma
Olney,certified-residential-medication-aide-per-diem-prn-olney-md,25.50,crma
Olney,certified-residential-medication-aide-per-diem-prn-olney-tx,25.75,crma
Olton,certified-residential-medication-aide-per-diem-prn-olton-tx,25.20,crma
Olympia WA,certified-residential-medication-aide-per-diem-prn-olympia-wa,26.10,crma
Omaha,certified-residential-medication-aide-per-diem-prn-omaha-ne,25.35,crma
Oneonta,certified-residential-medication-aide-per-diem-prn-oneonta-ny,25.40,crma
Ontario,certified-residential-medication-aide-per-diem-prn-ontario-ca,25.66,crma
Ontario OR,certified-residential-medication-aide-per-diem-prn-ontario-or,25.85,crma
Opa Locka,certified-residential-medication-aide-per-diem-prn-opa-locka-fl,26.00,crma
Opelika,certified-residential-medication-aide-per-diem-prn-opelika-al,25.85,crma
Oracle,certified-residential-medication-aide-per-diem-prn-oracle-az,25.30,crma
Oradell,certified-residential-medication-aide-per-diem-prn-oradell-nj,25.45,crma
Orange,certified-residential-medication-aide-per-diem-prn-orange-tx,25.48,crma
Orange City,certified-residential-medication-aide-per-diem-prn-orange-city-fl,25.57,crma
Orange City Orangedale,certified-residential-medication-aide-per-diem-prn-orange-city-orangedale-fl,25.74,crma
Orange County CA,certified-residential-medication-aide-per-diem-prn-orange-county-ca,25.68,crma
Orange NJ,certified-residential-medication-aide-per-diem-prn-orange-nj,25.22,crma
Orange Park,certified-residential-medication-aide-per-diem-prn-orange-park-fl,25.67,crma
Orangeburg,certified-residential-medication-aide-per-diem-prn-orangeburg-nj,25.53,crma
Ordway,certified-residential-medication-aide-per-diem-prn-ordway-co,25.77,crma
Oregon City,certified-residential-medication-aide-per-diem-prn-oregon-city-or,25.93,crma
Oregon City Rivercrest,certified-residential-medication-aide-per-diem-prn-oregon-city-rivercrest-or,25.32,crma
Oregon OH,certified-residential-medication-aide-per-diem-prn-oregon-oh,25.95,crma
Orem,certified-residential-medication-aide-per-diem-prn-orem-ut,25.38,crma
Orem Hillcrest,certified-residential-medication-aide-per-diem-prn-orem-hillcrest-ut,25.40,crma
Orem Orchard South,certified-residential-medication-aide-per-diem-prn-orem-orchard-south-ut,25.75,crma
Orem Orem Park,certified-residential-medication-aide-per-diem-prn-orem-orem-park-ut,25.10,crma
Orinda Claremont,certified-residential-medication-aide-per-diem-prn-orinda-claremont-ca,25.75,crma
Orland Park,certified-residential-medication-aide-per-diem-prn-orland-park-il,25.43,crma
Orlando FL,certified-residential-medication-aide-per-diem-prn-orlando-fl,26.13,crma
Orlando Windhover,certified-residential-medication-aide-per-diem-prn-orlando-windhover-fl,25.13,crma
Ormond Beach,certified-residential-medication-aide-per-diem-prn-ormond-beach-fl,25.87,crma
Oro Valley AZ,certified-residential-medication-aide-per-diem-prn-oro-valley-az,25.96,crma
Orofino,certified-residential-medication-aide-per-diem-prn-orofino-id,25.41,crma
Osage,certified-residential-medication-aide-per-diem-prn-osage-ia,25.68,crma
Osage Beach,certified-residential-medication-aide-per-diem-prn-osage-beach-mo,25.47,crma
Oshkosh,certified-residential-medication-aide-per-diem-prn-oshkosh-wi,25.32,crma
Osprey,certified-residential-medication-aide-per-diem-prn-osprey-fl,25.61,crma
Osseo,certified-residential-medication-aide-per-diem-prn-osseo-wi,26.11,crma
Oswego,certified-residential-medication-aide-per-diem-prn-oswego-ny,25.43,crma
Othello WA,certified-residential-medication-aide-per-diem-prn-othello-wa,25.64,crma
Otis,certified-residential-medication-aide-per-diem-prn-otis-or,25.78,crma
Ottumwa,certified-residential-medication-aide-per-diem-prn-ottumwa-ia,25.77,crma
Overgaard,certified-residential-medication-aide-per-diem-prn-overgaard-az,25.37,crma
Overland Park,certified-residential-medication-aide-per-diem-prn-overland-park-ks,25.03,crma
Overton,certified-residential-medication-aide-per-diem-prn-overton-tx,25.25,crma
Oviedo,certified-residential-medication-aide-per-diem-prn-oviedo-fl,26.18,crma
Owasso,certified-residential-medication-aide-per-diem-prn-owasso-ok,25.64,crma
Owensboro,certified-residential-medication-aide-per-diem-prn-owensboro-ky,25.85,crma
Owyhee,certified-residential-medication-aide-per-diem-prn-owyhee-nv,25.50,crma
Oxford,certified-residential-medication-aide-per-diem-prn-oxford-al,25.93,crma
Oxford,certified-residential-medication-aide-per-diem-prn-oxford-fl,25.75,crma
Oxford,certified-residential-medication-aide-per-diem-prn-oxford-ms,25.20,crma
Oxford,certified-residential-medication-aide-per-diem-prn-oxford-pa,26.10,crma
Oxford OH,certified-residential-medication-aide-per-diem-prn-oxford-oh,25.68,crma
Oxnard,certified-residential-medication-aide-per-diem-prn-oxnard-ca,25.03,crma
Oyster Bay,certified-residential-medication-aide-per-diem-prn-oyster-bay-ny,25.25,crma
Ozark,certified-residential-medication-aide-per-diem-prn-ozark-mo,25.64,crma
Ozona,certified-residential-medication-aide-per-diem-prn-ozona-tx,25.35,crma
Pace,certified-residential-medication-aide-per-diem-prn-pace-fl,25.40,crma
Pacific City,certified-residential-medication-aide-per-diem-prn-pacific-city-or,25.66,crma
Paducah,certified-residential-medication-aide-per-diem-prn-paducah-ky,25.03,crma
Page,certified-residential-medication-aide-per-diem-prn-page-az,25.85,crma
Pagosa Springs,certified-residential-medication-aide-per-diem-prn-pagosa-springs-co,26.00,crma
Pahala,certified-residential-medication-aide-per-diem-prn-pahala-hi,25.30,crma
Pahokee,certified-residential-medication-aide-per-diem-prn-pahokee-fl,25.45,crma
Pahrump,certified-residential-medication-aide-per-diem-prn-pahrump-nv,25.57,crma
Painesville,certified-residential-medication-aide-per-diem-prn-painesville-oh,25.10,crma
Palacios,certified-residential-medication-aide-per-diem-prn-palacios-tx,25.68,crma
Palatine,certified-residential-medication-aide-per-diem-prn-palatine-il,25.61,crma
Palatka,certified-residential-medication-aide-per-diem-prn-palatka-fl,25.22,crma
Palestine,certified-residential-medication-aide-per-diem-prn-palestine-tx,25.67,crma
Palisade,certified-residential-medication-aide-per-diem-prn-palisade-co,25.48,crma
Palm Bay FL,certified-residential-medication-aide-per-diem-prn-palm-bay-fl,25.53,crma
Palm Beach,certified-residential-medication-aide-per-diem-prn-palm-beach-fl,25.77,crma
Palm Beach Gardens,certified-residential-medication-aide-per-diem-prn-palm-beach-gardens-fl,25.93,crma
Palm City,certified-residential-medication-aide-per-diem-prn-palm-city-fl,25.38,crma
Palm Coast,certified-residential-medication-aide-per-diem-prn-palm-coast-fl,26.13,crma
Palm Harbor,certified-residential-medication-aide-per-diem-prn-palm-harbor-fl,25.87,crma
Palm Springs,certified-residential-medication-aide-per-diem-prn-palm-springs-fl,25.96,crma
Palmdale,certified-residential-medication-aide-per-diem-prn-palmdale-ca,25.44,crma
Palmer,certified-residential-medication-aide-per-diem-prn-palmer-tx,25.41,crma
Palmetto,certified-residential-medication-aide-per-diem-prn-palmetto-fl,25.32,crma
Palmetto Bay,certified-residential-medication-aide-per-diem-prn-palmetto-bay-fl,25.47,crma
Palmhurst,certified-residential-medication-aide-per-diem-prn-palmhurst-tx,25.61,crma
Palmview,certified-residential-medication-aide-per-diem-prn-palmview-tx,26.11,crma
Palo Alto,certified-residential-medication-aide-per-diem-prn-palo-alto-ca,25.43,crma
Pampa,certified-residential-medication-aide-per-diem-prn-pampa-tx,25.64,crma
Panacea,certified-residential-medication-aide-per-diem-prn-panacea-fl,25.78,crma
Panama City,certified-residential-medication-aide-per-diem-prn-panama-city-fl,25.25,crma
Panama City Beach,certified-residential-medication-aide-per-diem-prn-panama-city-beach-fl,25.37,crma
Panguitch,certified-residential-medication-aide-per-diem-prn-panguitch-ut,26.18,crma
Pantego,certified-residential-medication-aide-per-diem-prn-pantego-tx,25.50,crma
Paonia,certified-residential-medication-aide-per-diem-prn-paonia-co,25.75,crma
Papillion,certified-residential-medication-aide-per-diem-prn-papillion-ne,25.23,crma
Parachute,certified-residential-medication-aide-per-diem-prn-parachute-co,25.20,crma
Paradise,certified-residential-medication-aide-per-diem-prn-paradise-nv,25.68,crma
Paragould,certified-residential-medication-aide-per-diem-prn-paragould-ar,25.23,crma
Paramus,certified-residential-medication-aide-per-diem-prn-paramus-nj,26.10,crma
Paris,certified-residential-medication-aide-per-diem-prn-paris-tx,25.35,crma
Paris South Paris,certified-residential-medication-aide-per-diem-prn-paris-south-paris-me,35.81,crma
Park City,certified-residential-medication-aide-per-diem-prn-park-city-ut,25.40,crma
Park Forest IL,certified-residential-medication-aide-per-diem-prn-park-forest-il,25.66,crma
Park River,certified-residential-medication-aide-per-diem-prn-park-river-nd,25.85,crma
Parker AZ,certified-residential-medication-aide-per-diem-prn-parker-az,26.00,crma
Parker CO,certified-residential-medication-aide-per-diem-prn-parker-co,25.30,crma
Parkersburg,certified-residential-medication-aide-per-diem-prn-parkersburg-wv,25.03,crma
Parkland,certified-residential-medication-aide-per-diem-prn-parkland-fl,25.45,crma
Parkville MD,certified-residential-medication-aide-per-diem-prn-parkville-md,25.57,crma
Parma,certified-residential-medication-aide-per-diem-prn-parma-oh,25.77,crma
Parma Heights,certified-residential-medication-aide-per-diem-prn-parma-heights-oh,25.23,crma
Parowan,certified-residential-medication-aide-per-diem-prn-parowan-ut,25.68,crma
Parrish,certified-residential-medication-aide-per-diem-prn-parrish-fl,25.22,crma
Parsons,certified-residential-medication-aide-per-diem-prn-parsons-tn-3bd68,25.67,crma
Pasadena,certified-residential-medication-aide-per-diem-prn-pasadena-tx,25.53,crma
Pasadena CA,certified-residential-medication-aide-per-diem-prn-pasadena-ca,25.48,crma
Pasadenaa TX,certified-residential-medication-aide-per-diem-prn-pasadenaa-tx,25.77,crma
Pascagoula,certified-residential-medication-aide-per-diem-prn-pascagoula-ms,25.65,crma
Pasco WA,certified-residential-medication-aide-per-diem-prn-pasco-wa,25.93,crma
Passaic,certified-residential-medication-aide-per-diem-prn-passaic-nj,25.38,crma
Patagonia,certified-residential-medication-aide-per-diem-prn-patagonia-az,26.13,crma
Patchogue,certified-residential-medication-aide-per-diem-prn-patchogue-ny,25.87,crma
Paterson,certified-residential-medication-aide-per-diem-prn-paterson-nj,25.96,crma
Pattison,certified-residential-medication-aide-per-diem-prn-pattison-tx,25.41,crma
Pawtucket,certified-residential-medication-aide-per-diem-prn-pawtucket-ri,25.45,crma
Payette,certified-residential-medication-aide-per-diem-prn-payette-id,25.47,crma
Paynesville,certified-residential-medication-aide-per-diem-prn-paynesville-mn,25.32,crma
Payson AZ,certified-residential-medication-aide-per-diem-prn-payson-az,25.61,crma
Payson UT,certified-residential-medication-aide-per-diem-prn-payson-ut,26.11,crma
Peabody,certified-residential-medication-aide-per-diem-prn-peabody-ma,25.00,crma
Peachtree City,certified-residential-medication-aide-per-diem-prn-peachtree-city-ga,25.23,crma
Peachtree Corners,certified-residential-medication-aide-per-diem-prn-peachtree-corners-ga,26.31,crma
Pearblossom,certified-residential-medication-aide-per-diem-prn-pearblossom-ca,25.43,crma
Pearce,certified-residential-medication-aide-per-diem-prn-pearce-az,25.64,crma
Pearl,certified-residential-medication-aide-per-diem-prn-pearl-ms,25.64,crma
Pearl City,certified-residential-medication-aide-per-diem-prn-pearl-city-hi,25.20,crma
Pearland,certified-residential-medication-aide-per-diem-prn-pearland-tx,25.78,crma
Pearsall,certified-residential-medication-aide-per-diem-prn-pearsall-tx,25.37,crma
Pecos,certified-residential-medication-aide-per-diem-prn-pecos-tx,26.18,crma
Pekin,certified-residential-medication-aide-per-diem-prn-pekin-il,25.25,crma
Pelham,certified-residential-medication-aide-per-diem-prn-pelham-al,25.30,crma
Pella,certified-residential-medication-aide-per-diem-prn-pella-ia,26.18,crma
Pembroke Pines,certified-residential-medication-aide-per-diem-prn-pembroke-pines-fl,25.50,crma
Pendleton,certified-residential-medication-aide-per-diem-prn-pendleton-or,25.75,crma
Penitas,certified-residential-medication-aide-per-diem-prn-penitas-tx,25.20,crma
Penn Hills,certified-residential-medication-aide-per-diem-prn-penn-hills-pa,25.61,crma
Pennington Gap,certified-residential-medication-aide-per-diem-prn-pennington-gap-va,26.10,crma
Pensacola FL,certified-residential-medication-aide-per-diem-prn-pensacola-fl,25.35,crma
Pensacola North Central Pensacola,certified-residential-medication-aide-per-diem-prn-pensacola-north-central-pensacola-fl,25.65,crma
Peoria AZ,certified-residential-medication-aide-per-diem-prn-peoria-az,25.40,crma
Peoria IL,certified-residential-medication-aide-per-diem-prn-peoria-il,25.67,crma
Peridot,certified-residential-medication-aide-per-diem-prn-peridot-az,25.85,crma
Perrine,certified-residential-medication-aide-per-diem-prn-perrine-fl,26.00,crma
Perry,certified-residential-medication-aide-per-diem-prn-perry-fl,25.30,crma
Perrysburg,certified-residential-medication-aide-per-diem-prn-perrysburg-oh,25.25,crma
Perryton,certified-residential-medication-aide-per-diem-prn-perryton-tx,25.45,crma
Perryville,certified-residential-medication-aide-per-diem-prn-perryville-ky,25.57,crma
Petaluma,certified-residential-medication-aide-per-diem-prn-petaluma-ca,25.68,crma
Peterborough,certified-residential-medication-aide-per-diem-prn-peterborough-nh,25.22,crma
Petoskey,certified-residential-medication-aide-per-diem-prn-petoskey-mi,25.67,crma
Peyton,certified-residential-medication-aide-per-diem-prn-peyton-co,25.48,crma
Pflugerville,certified-residential-medication-aide-per-diem-prn-pflugerville-tx,25.53,crma
Pharr,certified-residential-medication-aide-per-diem-prn-pharr-tx,25.77,crma
Phenix City,certified-residential-medication-aide-per-diem-prn-phenix-city-al,25.93,crma
Philadelphia North Philadelphia,certified-residential-medication-aide-per-diem-prn-philadelphia-north-philadelphia-pa,25.54,crma
Philadelphia Northeast Philadelphia,certified-residential-medication-aide-per-diem-prn-philadelphia-northeast-philadelphia-pa,25.68,crma
Philadelphia PA,certified-residential-medication-aide-per-diem-prn-philadelphia-pa,25.38,crma
Phillipsburg,certified-residential-medication-aide-per-diem-prn-phillipsburg-ks,26.13,crma
Phoenix,certified-residential-medication-aide-per-diem-prn-phoenix-az,25.48,crma
Phoenix Camelback East Village,certified-residential-medication-aide-per-diem-prn-phoenix-camelback-east-village-az,25.68,crma
Phoenix Deer Valley,certified-residential-medication-aide-per-diem-prn-phoenix-deer-valley-az,25.92,crma
Phoenix Denali Financial Center,certified-residential-medication-aide-per-diem-prn-phoenix-denali-financial-center-az,25.61,crma
Phoenix Estrella Village,certified-residential-medication-aide-per-diem-prn-phoenix-estrella-village-az,25.99,crma
Phoenix Midtown,certified-residential-medication-aide-per-diem-prn-phoenix-midtown-az,25.38,crma
Phoenix North Mountain Village,certified-residential-medication-aide-per-diem-prn-phoenix-north-mountain-village-az,25.68,crma
Phoenix Paradise Valley Village,certified-residential-medication-aide-per-diem-prn-phoenix-paradise-valley-village-az,25.61,crma
Pickerington,certified-residential-medication-aide-per-diem-prn-pickerington-oh,25.54,crma
Pierce,certified-residential-medication-aide-per-diem-prn-pierce-id,25.96,crma
Pierceton,certified-residential-medication-aide-per-diem-prn-pierceton-in,25.41,crma
Pierre,certified-residential-medication-aide-per-diem-prn-pierre-sd,25.54,crma
Pierson,certified-residential-medication-aide-per-diem-prn-pierson-fl,25.47,crma
Pigeon,certified-residential-medication-aide-per-diem-prn-pigeon-mi,25.32,crma
Pikeville,certified-residential-medication-aide-per-diem-prn-pikeville-ky,25.61,crma
Pilot Point,certified-residential-medication-aide-per-diem-prn-pilot-point-tx,26.11,crma
Pine Bluff,certified-residential-medication-aide-per-diem-prn-pine-bluff-ar,25.95,crma
Pine Hills,certified-residential-medication-aide-per-diem-prn-pine-hills-fl,25.54,crma
Pineland,certified-residential-medication-aide-per-diem-prn-pineland-tx,25.43,crma
Pinellas Park,certified-residential-medication-aide-per-diem-prn-pinellas-park-fl,25.64,crma
Pipestone,certified-residential-medication-aide-per-diem-prn-pipestone-mn,25.78,crma
Piqua,certified-residential-medication-aide-per-diem-prn-piqua-oh,25.99,crma
Pittsburg,certified-residential-medication-aide-per-diem-prn-pittsburg-ks,25.23,crma
Pittsburg,certified-residential-medication-aide-per-diem-prn-pittsburg-tx,25.37,crma
Pittsburgh PA,certified-residential-medication-aide-per-diem-prn-pittsburgh-pa,25.25,crma
Pittsfield,certified-residential-medication-aide-per-diem-prn-pittsfield-ma,26.18,crma
Plainfield,certified-residential-medication-aide-per-diem-prn-plainfield-ct,25.50,crma
Plainfield,certified-residential-medication-aide-per-diem-prn-plainfield-in,25.23,crma
Plains,certified-residential-medication-aide-per-diem-prn-plains-tx,25.75,crma
Plainview,certified-residential-medication-aide-per-diem-prn-plainview-tx,25.20,crma
Plano,certified-residential-medication-aide-per-diem-prn-plano-tx,26.10,crma
Plant City,certified-residential-medication-aide-per-diem-prn-plant-city-fl,25.35,crma
Plantation,certified-residential-medication-aide-per-diem-prn-plantation-fl,25.40,crma
Plantation City,certified-residential-medication-aide-per-diem-prn-plantation-city-fl,25.47,crma
Platte,certified-residential-medication-aide-per-diem-prn-platte-sd,25.66,crma
Pleasant Grove,certified-residential-medication-aide-per-diem-prn-pleasant-grove-ut,25.85,crma
Pleasant View,certified-residential-medication-aide-per-diem-prn-pleasant-view-ut,26.00,crma
Pleasanton,certified-residential-medication-aide-per-diem-prn-pleasanton-tx,25.30,crma
Pleasantville,certified-residential-medication-aide-per-diem-prn-pleasantville-tn,25.57,crma
Pleasantville NJ,certified-residential-medication-aide-per-diem-prn-pleasantville-nj,25.45,crma
Plentywood,certified-residential-medication-aide-per-diem-prn-plentywood-mt,25.68,crma
Plum borough,certified-residential-medication-aide-per-diem-prn-plum-borough-pa,25.85,crma
Plummer,certified-residential-medication-aide-per-diem-prn-plummer-id,25.22,crma
Plymouth,certified-residential-medication-aide-per-diem-prn-plymouth-ma,25.61,crma
Plymouth,certified-residential-medication-aide-per-diem-prn-plymouth-mn,25.43,crma
Plymouth,certified-residential-medication-aide-per-diem-prn-plymouth-nh,25.67,crma
Pocatello ID,certified-residential-medication-aide-per-diem-prn-pocatello-id,25.48,crma
Poinciana,certified-residential-medication-aide-per-diem-prn-poinciana-fl,25.95,crma
Polacca,certified-residential-medication-aide-per-diem-prn-polacca-az,25.53,crma
Pompano Beach,certified-residential-medication-aide-per-diem-prn-pompano-beach-fl,25.77,crma
Ponca City,certified-residential-medication-aide-per-diem-prn-ponca-city-ok,26.18,crma
Ponderay,certified-residential-medication-aide-per-diem-prn-ponderay-id,25.93,crma
Ponte Vedra,certified-residential-medication-aide-per-diem-prn-ponte-vedra-fl,26.13,crma
Ponte Vedra Beach,certified-residential-medication-aide-per-diem-prn-ponte-vedra-beach-fl,25.38,crma
Pontiac IL,certified-residential-medication-aide-per-diem-prn-pontiac-il,25.87,crma
Pontiac MI,certified-residential-medication-aide-per-diem-prn-pontiac-mi,25.96,crma
Port Angeles,certified-residential-medication-aide-per-diem-prn-port-angeles-wa,25.41,crma
Port Arthur,certified-residential-medication-aide-per-diem-prn-port-arthur-tx,25.47,crma
Port Bolivar,certified-residential-medication-aide-per-diem-prn-port-bolivar-tx,25.32,crma
Port Charlotte FL,certified-residential-medication-aide-per-diem-prn-port-charlotte-fl,25.61,crma
Port Huron,certified-residential-medication-aide-per-diem-prn-port-huron-mi,26.11,crma
Port Isabel,certified-residential-medication-aide-per-diem-prn-port-isabel-tx,25.43,crma
Port Lavaca,certified-residential-medication-aide-per-diem-prn-port-lavaca-tx,25.64,crma
Port Murray,certified-residential-medication-aide-per-diem-prn-port-murray-nj,25.78,crma
Port Orange,certified-residential-medication-aide-per-diem-prn-port-orange-fl,25.37,crma
Port Orford,certified-residential-medication-aide-per-diem-prn-port-orford-or,25.25,crma
Port Richey,certified-residential-medication-aide-per-diem-prn-port-richey-fl,26.18,crma
Port Saint Joe,certified-residential-medication-aide-per-diem-prn-port-saint-joe-fl,25.50,crma
Port Saint Lucie,certified-residential-medication-aide-per-diem-prn-port-saint-lucie-fl,25.75,crma
Port St. Lucie,certified-residential-medication-aide-per-diem-prn-port-st-lucie-fl,25.03,crma
Portage,certified-residential-medication-aide-per-diem-prn-portage-in,25.36,crma
Porter,certified-residential-medication-aide-per-diem-prn-porter-tx,25.20,crma
Portland Creston - Kenilworth,certified-residential-medication-aide-per-diem-prn-portland-creston-kenilworth-or,25.85,crma
Portland Cully,certified-residential-medication-aide-per-diem-prn-portland-cully-or,25.99,crma
Portland Hazelwood,certified-residential-medication-aide-per-diem-prn-portland-hazelwood-or,25.03,crma
Portland ME,certified-residential-medication-aide-per-diem-prn-portland-me,33.01,crma
Portland Northeast Portland,certified-residential-medication-aide-per-diem-prn-portland-northeast-portland-or,25.65,crma
Portland Northwest Portland,certified-residential-medication-aide-per-diem-prn-portland-northwest-portland-or,25.39,crma
Portland OR,certified-residential-medication-aide-per-diem-prn-portland-or,25.47,crma
Portland Powellhurst-Gilbert,certified-residential-medication-aide-per-diem-prn-portland-powellhurst-gilbert-or,25.57,crma
Portland Wilkes Community Group,certified-residential-medication-aide-per-diem-prn-portland-wilkes-community-group-or,25.47,crma
Portola Valley,certified-residential-medication-aide-per-diem-prn-portola-valley-ca,25.40,crma
Portsmouth,certified-residential-medication-aide-per-diem-prn-portsmouth-va,25.57,crma
Portsmouth NH,certified-residential-medication-aide-per-diem-prn-portsmouth-nh,25.66,crma
Post,certified-residential-medication-aide-per-diem-prn-post-tx,26.00,crma
Post Falls,certified-residential-medication-aide-per-diem-prn-post-falls-id,25.85,crma
Poteet,certified-residential-medication-aide-per-diem-prn-poteet-tx,25.30,crma
Poth,certified-residential-medication-aide-per-diem-prn-poth-tx,25.45,crma
Potlatch,certified-residential-medication-aide-per-diem-prn-potlatch-id,25.57,crma
Potomac,certified-residential-medication-aide-per-diem-prn-potomac-md,25.53,crma
Powell,certified-residential-medication-aide-per-diem-prn-powell-wy,25.03,crma
Powers MI,certified-residential-medication-aide-per-diem-prn-powers-mi,25.68,crma
Powers OR,certified-residential-medication-aide-per-diem-prn-powers-or,25.22,crma
Prairie City,certified-residential-medication-aide-per-diem-prn-prairie-city-or,25.67,crma
Prairie Farm,certified-residential-medication-aide-per-diem-prn-prairie-farm-wi,25.48,crma
Prairie Village,certified-residential-medication-aide-per-diem-prn-prairie-village-ks,25.03,crma
Prairieville,certified-residential-medication-aide-per-diem-prn-prairieville-la,25.14,crma
Prattville,certified-residential-medication-aide-per-diem-prn-prattville-al,25.37,crma
Premont,certified-residential-medication-aide-per-diem-prn-premont-tx,25.53,crma
Prescott,certified-residential-medication-aide-per-diem-prn-prescott-az,25.77,crma
Prescott Valley,certified-residential-medication-aide-per-diem-prn-prescott-valley-az,25.93,crma
Presidio,certified-residential-medication-aide-per-diem-prn-presidio-tx,25.38,crma
Preston,certified-residential-medication-aide-per-diem-prn-preston-id,26.13,crma
Price,certified-residential-medication-aide-per-diem-prn-price-ut,25.87,crma
Priest River,certified-residential-medication-aide-per-diem-prn-priest-river-id,25.96,crma
Primghar,certified-residential-medication-aide-per-diem-prn-primghar-ia,25.41,crma
Prince Frederick,certified-residential-medication-aide-per-diem-prn-prince-frederick-md-b8201,25.47,crma
Princess Anne,certified-residential-medication-aide-per-diem-prn-princess-anne-md,25.32,crma
Princeton,certified-residential-medication-aide-per-diem-prn-princeton-in,25.61,crma
Princeton,certified-residential-medication-aide-per-diem-prn-princeton-nj,26.11,crma
Princeton,certified-residential-medication-aide-per-diem-prn-princeton-wv,25.43,crma
Princeton FL,certified-residential-medication-aide-per-diem-prn-princeton-fl,25.85,crma
Prineville,certified-residential-medication-aide-per-diem-prn-prineville-or,25.64,crma
Prospect,certified-residential-medication-aide-per-diem-prn-prospect-or,25.78,crma
Prospect Heights,certified-residential-medication-aide-per-diem-prn-prospect-heights-ny,25.94,crma
Prosser WA,certified-residential-medication-aide-per-diem-prn-prosser-wa,25.37,crma
Providence RI,certified-residential-medication-aide-per-diem-prn-providence-ri,26.18,crma
Providence UT,certified-residential-medication-aide-per-diem-prn-providence-ut,25.25,crma
Provo,certified-residential-medication-aide-per-diem-prn-provo-ut,26.11,crma
Provo Foot Hills,certified-residential-medication-aide-per-diem-prn-provo-foot-hills-ut,25.74,crma
Pueblo,certified-residential-medication-aide-per-diem-prn-pueblo-co,25.50,crma
Pueblo West,certified-residential-medication-aide-per-diem-prn-pueblo-west-co,25.75,crma
Pulaski,certified-residential-medication-aide-per-diem-prn-pulaski-va,25.20,crma
Pullman,certified-residential-medication-aide-per-diem-prn-pullman-wa,26.10,crma
Punta Gorda,certified-residential-medication-aide-per-diem-prn-punta-gorda-fl,25.35,crma
Puyallup,certified-residential-medication-aide-per-diem-prn-puyallup-wa,25.40,crma
Quanah,certified-residential-medication-aide-per-diem-prn-quanah-tx,25.66,crma
Queen Creek,certified-residential-medication-aide-per-diem-prn-queen-creek-az,25.85,crma
Quincy,certified-residential-medication-aide-per-diem-prn-quincy-ma,25.49,crma
Quincy CA,certified-residential-medication-aide-per-diem-prn-quincy-ca,26.00,crma
Quincy FL,certified-residential-medication-aide-per-diem-prn-quincy-fl,25.30,crma
Quinlan,certified-residential-medication-aide-per-diem-prn-quinlan-tx,25.45,crma
Quitman,certified-residential-medication-aide-per-diem-prn-quitman-tx,25.57,crma
Racine,certified-residential-medication-aide-per-diem-prn-racine-wi,28.65,crma
Radcliff,certified-residential-medication-aide-per-diem-prn-radcliff-ky,25.25,crma
Radnor,certified-residential-medication-aide-per-diem-prn-radnor-pa,25.38,crma
Raleigh,certified-residential-medication-aide-per-diem-prn-raleigh-nc,25.50,crma
Raleigh North Boylan,certified-residential-medication-aide-per-diem-prn-raleigh-north-boylan-nc,25.13,crma
Raleigh North Hills,certified-residential-medication-aide-per-diem-prn-raleigh-north-hills-nc,25.68,crma
Ralls,certified-residential-medication-aide-per-diem-prn-ralls-tx,25.68,crma
Ramapo,certified-residential-medication-aide-per-diem-prn-ramapo-ny,25.45,crma
Rancho Cucamonga,certified-residential-medication-aide-per-diem-prn-rancho-cucamonga-ca-e32ed,25.22,crma
Rancho Mission Viejo,certified-residential-medication-aide-per-diem-prn-rancho-mission-viejo-ca,25.67,crma
Randallstown,certified-residential-medication-aide-per-diem-prn-randallstown-md,25.64,crma
Randolph,certified-residential-medication-aide-per-diem-prn-randolph-vt,25.48,crma
Rangely,certified-residential-medication-aide-per-diem-prn-rangely-co,25.53,crma
Ranger,certified-residential-medication-aide-per-diem-prn-ranger-tx,25.77,crma
Rank,certified-residential-medication-aide-per-diem-prn-rank-de,25.75,crma
Rankin,certified-residential-medication-aide-per-diem-prn-rankin-tx,25.93,crma
Ranshaw,certified-residential-medication-aide-per-diem-prn-ranshaw-pa,25.38,crma
Ranson,certified-residential-medication-aide-per-diem-prn-ranson-wv,26.13,crma
Rapid City,certified-residential-medication-aide-per-diem-prn-rapid-city-sd,25.74,crma
Rathdrum,certified-residential-medication-aide-per-diem-prn-rathdrum-id,25.87,crma
Rawlins,certified-residential-medication-aide-per-diem-prn-rawlins-wy,25.61,crma
Raymond,certified-residential-medication-aide-per-diem-prn-raymond-wa,25.96,crma
Raymondville,certified-residential-medication-aide-per-diem-prn-raymondville-tx,25.41,crma
Raymore,certified-residential-medication-aide-per-diem-prn-raymore-mo,25.32,crma
Raytown,certified-residential-medication-aide-per-diem-prn-raytown-mo,25.54,crma
Reading City,certified-residential-medication-aide-per-diem-prn-reading-city-pa,25.47,crma
Red Cloud,certified-residential-medication-aide-per-diem-prn-red-cloud-ne,25.47,crma
Red Oak,certified-residential-medication-aide-per-diem-prn-red-oak-tx,25.32,crma
Redan,certified-residential-medication-aide-per-diem-prn-redan-ga,25.85,crma
Reddick,certified-residential-medication-aide-per-diem-prn-reddick-fl,25.61,crma
Redding,certified-residential-medication-aide-per-diem-prn-redding-ca,26.11,crma
Redlands South Redlands,certified-residential-medication-aide-per-diem-prn-redlands-south-redlands-ca,25.61,crma
Redmond,certified-residential-medication-aide-per-diem-prn-redmond-or,25.43,crma
Redmond,certified-residential-medication-aide-per-diem-prn-redmond-wa,25.68,crma
Redwood City,certified-residential-medication-aide-per-diem-prn-redwood-city-ca,25.64,crma
Reedsburg,certified-residential-medication-aide-per-diem-prn-reedsburg-wi,25.78,crma
Reedsport,certified-residential-medication-aide-per-diem-prn-reedsport-or,25.37,crma
Refugio,certified-residential-medication-aide-per-diem-prn-refugio-tx,25.25,crma
Reno,certified-residential-medication-aide-per-diem-prn-reno-nv,26.18,crma
Renton,certified-residential-medication-aide-per-diem-prn-renton-wa,25.50,crma
Republic,certified-residential-medication-aide-per-diem-prn-republic-wa,25.75,crma
Reston VA,certified-residential-medication-aide-per-diem-prn-reston-va,25.20,crma
Revere,certified-residential-medication-aide-per-diem-prn-revere-ma,25.23,crma
Rexburg ID,certified-residential-medication-aide-per-diem-prn-rexburg-id,26.10,crma
Reynoldsburg,certified-residential-medication-aide-per-diem-prn-reynoldsburg-oh,25.66,crma
Rhinebeck,certified-residential-medication-aide-per-diem-prn-rhinebeck-ny,25.35,crma
Rib Lake,certified-residential-medication-aide-per-diem-prn-rib-lake-wi,25.40,crma
Riceville,certified-residential-medication-aide-per-diem-prn-riceville-ia,25.66,crma
Richardson,certified-residential-medication-aide-per-diem-prn-richardson-tx,25.85,crma
Richfield,certified-residential-medication-aide-per-diem-prn-richfield-mn,25.38,crma
Richfield,certified-residential-medication-aide-per-diem-prn-richfield-ut,26.00,crma
Richland,certified-residential-medication-aide-per-diem-prn-richland-wa,25.57,crma
Richland Center,certified-residential-medication-aide-per-diem-prn-richland-center-wi,25.30,crma
Richland Hills,certified-residential-medication-aide-per-diem-prn-richland-hills-tx,25.45,crma
Richmond,certified-residential-medication-aide-per-diem-prn-richmond-in,25.99,crma
Richmond,certified-residential-medication-aide-per-diem-prn-richmond-ky,25.47,crma
RICHMOND,certified-residential-medication-aide-per-diem-prn-richmond,25.68,crma
Richmond TX,certified-residential-medication-aide-per-diem-prn-richmond-tx,25.22,crma
Richmond VA,certified-residential-medication-aide-per-diem-prn-richmond-va,25.67,crma
Richmond West,certified-residential-medication-aide-per-diem-prn-richmond-west-fl,25.65,crma
Richwood,certified-residential-medication-aide-per-diem-prn-richwood-tx,25.48,crma
Ridge Manor,certified-residential-medication-aide-per-diem-prn-ridge-manor-fl,25.53,crma
Ridgeland,certified-residential-medication-aide-per-diem-prn-ridgeland-ms,26.18,crma
Ridley,certified-residential-medication-aide-per-diem-prn-ridley-pa,25.68,crma
Rifle,certified-residential-medication-aide-per-diem-prn-rifle-co,25.77,crma
Rigby,certified-residential-medication-aide-per-diem-prn-rigby-id,25.93,crma
Riggins,certified-residential-medication-aide-per-diem-prn-riggins-id,25.38,crma
Rio Grande City,certified-residential-medication-aide-per-diem-prn-rio-grande-city-tx,26.13,crma
Rio Hondo,certified-residential-medication-aide-per-diem-prn-rio-hondo-tx,25.87,crma
Rio Rancho,certified-residential-medication-aide-per-diem-prn-rio-rancho-nm,25.96,crma
Rio Rico,certified-residential-medication-aide-per-diem-prn-rio-rico-az,25.41,crma
Ripley,certified-residential-medication-aide-per-diem-prn-ripley-wv,25.47,crma
Rising Star,certified-residential-medication-aide-per-diem-prn-rising-star-tx,25.32,crma
Riverdale,certified-residential-medication-aide-per-diem-prn-riverdale-ut,25.61,crma
Riverside CA,certified-residential-medication-aide-per-diem-prn-riverside-ca,26.11,crma
Riverside OH,certified-residential-medication-aide-per-diem-prn-riverside-oh,25.74,crma
Riverside RI,certified-residential-medication-aide-per-diem-prn-riverside-ri,25.43,crma
Riverton,certified-residential-medication-aide-per-diem-prn-riverton-ut,25.64,crma
Riverton,certified-residential-medication-aide-per-diem-prn-riverton-wy,25.99,crma
Riverview,certified-residential-medication-aide-per-diem-prn-riverview-fl,25.78,crma
Riviera Beach,certified-residential-medication-aide-per-diem-prn-riviera-beach-fl,25.37,crma
Roanoke,certified-residential-medication-aide-per-diem-prn-roanoke-va,25.32,crma
Robert Lee,certified-residential-medication-aide-per-diem-prn-robert-lee-tx,25.25,crma
Roberts,certified-residential-medication-aide-per-diem-prn-roberts-id,26.18,crma
Robinson,certified-residential-medication-aide-per-diem-prn-robinson-tx,25.50,crma
Robstown,certified-residential-medication-aide-per-diem-prn-robstown-tx,25.75,crma
Roby,certified-residential-medication-aide-per-diem-prn-roby-tx,25.20,crma
Rochdale,certified-residential-medication-aide-per-diem-prn-rochdale-ma,26.10,crma
Rochelle Park,certified-residential-medication-aide-per-diem-prn-rochelle-park-nj,25.35,crma
Rochester,certified-residential-medication-aide-per-diem-prn-rochester-mn,26.11,crma
Rochester,certified-residential-medication-aide-per-diem-prn-rochester-nh,25.84,crma
Rochester city,certified-residential-medication-aide-per-diem-prn-rochester-city-ny,26.00,crma
Rochester Hills,certified-residential-medication-aide-per-diem-prn-rochester-hills-mi,25.85,crma
Rock Hill,certified-residential-medication-aide-per-diem-prn-rock-hill-sc,25.94,crma
Rock Island IL,certified-residential-medication-aide-per-diem-prn-rock-island-il,25.40,crma
Rock Point,certified-residential-medication-aide-per-diem-prn-rock-point-az,25.66,crma
Rock Springs,certified-residential-medication-aide-per-diem-prn-rock-springs-wy,25.43,crma
Rockaway,certified-residential-medication-aide-per-diem-prn-rockaway-or,25.85,crma
Rockdale,certified-residential-medication-aide-per-diem-prn-rockdale-tx,26.00,crma
Rockford IL,certified-residential-medication-aide-per-diem-prn-rockford-il,25.53,crma
Rockingham,certified-residential-medication-aide-per-diem-prn-rockingham-vt,25.77,crma
Rockledge,certified-residential-medication-aide-per-diem-prn-rockledge-fl,25.45,crma
Rockport,certified-residential-medication-aide-per-diem-prn-rockport-tx,25.57,crma
Rockville,certified-residential-medication-aide-per-diem-prn-rockville-md,25.22,crma
Rockwall,certified-residential-medication-aide-per-diem-prn-rockwall-tx,25.68,crma
Rockwell,certified-residential-medication-aide-per-diem-prn-rockwell-ia,25.61,crma
Rocky Ford,certified-residential-medication-aide-per-diem-prn-rocky-ford-co,25.22,crma
Rocky Mount,certified-residential-medication-aide-per-diem-prn-rocky-mount-nc,25.68,crma
Rocky River,certified-residential-medication-aide-per-diem-prn-rocky-river-oh,25.03,crma
Rogers,certified-residential-medication-aide-per-diem-prn-rogers-ar,25.65,crma
Rolla,certified-residential-medication-aide-per-diem-prn-rolla-mo,25.67,crma
Roma,certified-residential-medication-aide-per-diem-prn-roma-tx,25.48,crma
Rome,certified-residential-medication-aide-per-diem-prn-rome-ny,25.53,crma
Rome GA,certified-residential-medication-aide-per-diem-prn-rome-ga,25.54,crma
Roosevelt,certified-residential-medication-aide-per-diem-prn-roosevelt-ut,25.77,crma
Rose City,certified-residential-medication-aide-per-diem-prn-rose-city-mi,25.93,crma
Rosebud,certified-residential-medication-aide-per-diem-prn-rosebud-tx,25.38,crma
Roseburg OR,certified-residential-medication-aide-per-diem-prn-roseburg-or,26.13,crma
Rosenberg,certified-residential-medication-aide-per-diem-prn-rosenberg-tx,25.87,crma
Roseville,certified-residential-medication-aide-per-diem-prn-roseville-mn,25.47,crma
Ross township,certified-residential-medication-aide-per-diem-prn-ross-township-pa,25.47,crma
Roswell,certified-residential-medication-aide-per-diem-prn-roswell-ga,25.92,crma
Roswell,certified-residential-medication-aide-per-diem-prn-roswell-nm,25.68,crma
Rotan,certified-residential-medication-aide-per-diem-prn-rotan-tx,25.96,crma
Round Rock,certified-residential-medication-aide-per-diem-prn-round-rock-tx,25.41,crma
Rowlett,certified-residential-medication-aide-per-diem-prn-rowlett-tx,25.47,crma
Roy,certified-residential-medication-aide-per-diem-prn-roy-ut,25.32,crma
Royal Oak,certified-residential-medication-aide-per-diem-prn-royal-oak-mi,28.65,crma
Royal Palm Beach,certified-residential-medication-aide-per-diem-prn-royal-palm-beach-fl,25.61,crma
Royse City,certified-residential-medication-aide-per-diem-prn-royse-city-tx,26.11,crma
Ruidoso,certified-residential-medication-aide-per-diem-prn-ruidoso-nm,25.43,crma
Ruleville,certified-residential-medication-aide-per-diem-prn-ruleville-ms,25.64,crma
Rupert,certified-residential-medication-aide-per-diem-prn-rupert-id,25.78,crma
Rural Retreat,certified-residential-medication-aide-per-diem-prn-rural-retreat-va,25.37,crma
Rushville,certified-residential-medication-aide-per-diem-prn-rushville-il,26.18,crma
Rusk,certified-residential-medication-aide-per-diem-prn-rusk-tx,25.25,crma
Ruskin,certified-residential-medication-aide-per-diem-prn-ruskin-fl,26.18,crma
Russellville,certified-residential-medication-aide-per-diem-prn-russellville-ar,25.00,crma
Ruston,certified-residential-medication-aide-per-diem-prn-ruston-la-6c77e,25.50,crma
Rutland,certified-residential-medication-aide-per-diem-prn-rutland-vt,25.75,crma
Rutland city,certified-residential-medication-aide-per-diem-prn-rutland-city-vt,25.37,crma
Rye,certified-residential-medication-aide-per-diem-prn-rye-nh,25.20,crma
Sabinal,certified-residential-medication-aide-per-diem-prn-sabinal-tx,26.10,crma
Sacaton,certified-residential-medication-aide-per-diem-prn-sacaton-az,25.35,crma
Sachse,certified-residential-medication-aide-per-diem-prn-sachse-tx,25.40,crma
Saco,certified-residential-medication-aide-per-diem-prn-saco-me,25.75,crma
Sacramento,certified-residential-medication-aide-per-diem-prn-sacramento-ca,25.84,crma
Safety Harbor,certified-residential-medication-aide-per-diem-prn-safety-harbor-fl,25.66,crma
Safford,certified-residential-medication-aide-per-diem-prn-safford-az,25.85,crma
Saginaw,certified-residential-medication-aide-per-diem-prn-saginaw-tx,26.00,crma
Sahuarita,certified-residential-medication-aide-per-diem-prn-sahuarita-az,25.30,crma
Saint Anthony,certified-residential-medication-aide-per-diem-prn-saint-anthony-id,25.45,crma
Saint Augustine,certified-residential-medication-aide-per-diem-prn-saint-augustine-fl,25.57,crma
Saint Cloud,certified-residential-medication-aide-per-diem-prn-saint-cloud-fl,25.68,crma
Saint George,certified-residential-medication-aide-per-diem-prn-saint-george-ut-f6d0d,25.22,crma
Saint Helens,certified-residential-medication-aide-per-diem-prn-saint-helens-or,25.67,crma
Saint Ignace,certified-residential-medication-aide-per-diem-prn-saint-ignace-mi,25.48,crma
Saint James City,certified-residential-medication-aide-per-diem-prn-saint-james-city-fl,25.53,crma
Saint Jo,certified-residential-medication-aide-per-diem-prn-saint-jo,25.77,crma
Saint Johns,certified-residential-medication-aide-per-diem-prn-saint-johns-az,25.93,crma
Saint Johnsbury,certified-residential-medication-aide-per-diem-prn-saint-johnsbury-vt,25.38,crma
Saint Louis,certified-residential-medication-aide-per-diem-prn-saint-louis-mo,26.13,crma
Saint Maries,certified-residential-medication-aide-per-diem-prn-saint-maries-id,25.87,crma
Saint Petersburg,certified-residential-medication-aide-per-diem-prn-saint-petersburg-fl,25.96,crma
Saint Rose,certified-residential-medication-aide-per-diem-prn-saint-rose-la,25.41,crma
Salem,certified-residential-medication-aide-per-diem-prn-salem-ma,25.68,crma
Salem NJ,certified-residential-medication-aide-per-diem-prn-salem-nj,25.47,crma
Salem OR,certified-residential-medication-aide-per-diem-prn-salem-or,25.77,crma
Salem UT,certified-residential-medication-aide-per-diem-prn-salem-ut,25.61,crma
Salem VA,certified-residential-medication-aide-per-diem-prn-salem-va,26.11,crma
Salem West Salem,certified-residential-medication-aide-per-diem-prn-salem-west-salem-or,25.49,crma
Salida,certified-residential-medication-aide-per-diem-prn-salida-co,25.43,crma
Salina KS,certified-residential-medication-aide-per-diem-prn-salina-ks,25.64,crma
Salina UT,certified-residential-medication-aide-per-diem-prn-salina-ut,25.78,crma
Salinas,certified-residential-medication-aide-per-diem-prn-salinas-ca,25.54,crma
Salisbury,certified-residential-medication-aide-per-diem-prn-salisbury-nc,25.96,crma
Salmon,certified-residential-medication-aide-per-diem-prn-salmon-id,25.37,crma
Salome,certified-residential-medication-aide-per-diem-prn-salome-az,25.25,crma
Salt Flat,certified-residential-medication-aide-per-diem-prn-salt-flat-tx,26.18,crma
Salt Lake City,certified-residential-medication-aide-per-diem-prn-salt-lake-city-ut,25.93,crma
Salt Lake City Central City,certified-residential-medication-aide-per-diem-prn-salt-lake-city-central-city-ut,25.50,crma
Salt Lake City Sugar House,certified-residential-medication-aide-per-diem-prn-salt-lake-city-sugar-house-ut,25.38,crma
Salt Lake City The Avenues,certified-residential-medication-aide-per-diem-prn-salt-lake-city-the-avenues-ut,25.03,crma
Saluda,certified-residential-medication-aide-per-diem-prn-saluda-nc,25.30,crma
Sammamish,certified-residential-medication-aide-per-diem-prn-sammamish-wa,25.95,crma
San Angelo,certified-residential-medication-aide-per-diem-prn-san-angelo-tx,25.20,crma
San Antonio,certified-residential-medication-aide-per-diem-prn-san-antonio-tx,25.38,crma
San Antonio Far West Side,certified-residential-medication-aide-per-diem-prn-san-antonio-far-west-side-tx,25.43,crma
San Antonio Main/Military Plaza,certified-residential-medication-aide-per-diem-prn-san-antonio-main-military-plaza-tx,25.20,crma
San Antonio Northeast Side,certified-residential-medication-aide-per-diem-prn-san-antonio-northeast-side-tx,25.36,crma
San Antonio Northwest Side,certified-residential-medication-aide-per-diem-prn-san-antonio-northwest-side-tx,25.43,crma
San Augustine,certified-residential-medication-aide-per-diem-prn-san-augustine-tx,25.35,crma
San Benito,certified-residential-medication-aide-per-diem-prn-san-benito-tx,25.40,crma
San Bernadino CA,certified-residential-medication-aide-per-diem-prn-san-bernadino-ca,25.66,crma
San Bernardino,certified-residential-medication-aide-per-diem-prn-san-bernardino-ca,25.23,crma
San Clemente,certified-residential-medication-aide-per-diem-prn-san-clemente-ca,25.85,crma
San Diego CA,certified-residential-medication-aide-per-diem-prn-san-diego-ca,26.00,crma
San Diego Scripps Ranch,certified-residential-medication-aide-per-diem-prn-san-diego-scripps-ranch-ca,25.30,crma
San Diego TX,certified-residential-medication-aide-per-diem-prn-san-diego-tx,25.45,crma
San Elizario,certified-residential-medication-aide-per-diem-prn-san-elizario-tx,25.57,crma
San Francisco,certified-residential-medication-aide-per-diem-prn-san-francisco-ca,25.83,crma
San Francisco Excelsior,certified-residential-medication-aide-per-diem-prn-san-francisco-excelsior-ca,25.38,crma
San Francisco Japantown,certified-residential-medication-aide-per-diem-prn-san-francisco-japantown-ca,25.23,crma
San Francisco Lone Mountain,certified-residential-medication-aide-per-diem-prn-san-francisco-lone-mountain-ca,25.95,crma
San Francisco Lower Nob Hill,certified-residential-medication-aide-per-diem-prn-san-francisco-lower-nob-hill-ca,25.23,crma
San Francisco North Beach,certified-residential-medication-aide-per-diem-prn-san-francisco-north-beach-ca,26.10,crma
San Jose,certified-residential-medication-aide-per-diem-prn-san-jose-ca,25.68,crma
San Juan,certified-residential-medication-aide-per-diem-prn-san-juan-tx,25.67,crma
San Juan Capistrano,certified-residential-medication-aide-per-diem-prn-san-juan-capistrano-ca,25.22,crma
San Luis,certified-residential-medication-aide-per-diem-prn-san-luis-az,25.48,crma
San Manuel,certified-residential-medication-aide-per-diem-prn-san-manuel-az,25.53,crma
San Marcos TX,certified-residential-medication-aide-per-diem-prn-san-marcos-tx,25.77,crma
San Pablo,certified-residential-medication-aide-per-diem-prn-san-pablo-ca,25.93,crma
San Rafael,certified-residential-medication-aide-per-diem-prn-san-rafael-ca,25.38,crma
San Ramon,certified-residential-medication-aide-per-diem-prn-san-ramon-ca,26.13,crma
San Saba,certified-residential-medication-aide-per-diem-prn-san-saba-tx,25.87,crma
San Tan Valley,certified-residential-medication-aide-per-diem-prn-san-tan-valley-az,25.96,crma
Sanderson,certified-residential-medication-aide-per-diem-prn-sanderson-tx,25.41,crma
Sandpoint,certified-residential-medication-aide-per-diem-prn-sandpoint-id,25.47,crma
Sandusky,certified-residential-medication-aide-per-diem-prn-sandusky-oh,25.59,crma
Sandy OR,certified-residential-medication-aide-per-diem-prn-sandy-or,25.32,crma
Sandy Spring,certified-residential-medication-aide-per-diem-prn-sandy-spring-md,25.61,crma
Sandy Springs,certified-residential-medication-aide-per-diem-prn-sandy-springs-ga,25.14,crma
Sandy UT,certified-residential-medication-aide-per-diem-prn-sandy-ut,26.11,crma
Sanford,certified-residential-medication-aide-per-diem-prn-sanford-me,33.01,crma
Sanford CO,certified-residential-medication-aide-per-diem-prn-sanford-co,25.43,crma
Sanford FL,certified-residential-medication-aide-per-diem-prn-sanford-fl,25.64,crma
Sanger,certified-residential-medication-aide-per-diem-prn-sanger-tx,25.78,crma
Sanibel,certified-residential-medication-aide-per-diem-prn-sanibel-fl,25.37,crma
Santa Ana,certified-residential-medication-aide-per-diem-prn-santa-ana-ca,25.25,crma
Santa Barbara,certified-residential-medication-aide-per-diem-prn-santa-barbara-ca,26.18,crma
Santa Clara,certified-residential-medication-aide-per-diem-prn-santa-clara-ca,25.50,crma
Santa Clarita,certified-residential-medication-aide-per-diem-prn-santa-clarita-ca,25.99,crma
Santa Cruz,certified-residential-medication-aide-per-diem-prn-santa-cruz-ca,25.75,crma
Santa Fe,certified-residential-medication-aide-per-diem-prn-santa-fe-nm,25.20,crma
Santa Maria,certified-residential-medication-aide-per-diem-prn-santa-maria-ca,26.10,crma
Santa Rosa CA,certified-residential-medication-aide-per-diem-prn-santa-rosa-ca,25.35,crma
Santa Rosa TX,certified-residential-medication-aide-per-diem-prn-santa-rosa-tx,25.40,crma
Santaquin,certified-residential-medication-aide-per-diem-prn-santaquin-ut,25.66,crma
Santo,certified-residential-medication-aide-per-diem-prn-santo-tx,25.85,crma
Sapulpa,certified-residential-medication-aide-per-diem-prn-sapulpa-ok,25.65,crma
Sarasota FL,certified-residential-medication-aide-per-diem-prn-sarasota-fl,26.00,crma
Saratoga,certified-residential-medication-aide-per-diem-prn-saratoga-ca,25.30,crma
Saratoga Springs,certified-residential-medication-aide-per-diem-prn-saratoga-springs-ny,25.45,crma
Saratoga Springs,certified-residential-medication-aide-per-diem-prn-saratoga-springs-ut,25.25,crma
Sarcoxie,certified-residential-medication-aide-per-diem-prn-sarcoxie-mo,25.61,crma
Satellite Beach,certified-residential-medication-aide-per-diem-prn-satellite-beach-fl,25.57,crma
Sauk City,certified-residential-medication-aide-per-diem-prn-sauk-city-wi,25.68,crma
Savannah GA,certified-residential-medication-aide-per-diem-prn-savannah-ga,25.22,crma
Savoy,certified-residential-medication-aide-per-diem-prn-savoy-tx,25.67,crma
Scappoose,certified-residential-medication-aide-per-diem-prn-scappoose-or,25.48,crma
Scarborough,certified-residential-medication-aide-per-diem-prn-scarborough-me,33.01,crma
Schaumburg IL,certified-residential-medication-aide-per-diem-prn-schaumburg-il-85c6c,25.77,crma
Schenectady,certified-residential-medication-aide-per-diem-prn-schenectady-ny,25.93,crma
Schertz,certified-residential-medication-aide-per-diem-prn-schertz-tx,25.38,crma
Schulenburg,certified-residential-medication-aide-per-diem-prn-schulenburg-tx,26.13,crma
Schurz,certified-residential-medication-aide-per-diem-prn-schurz-nv,25.87,crma
Scobey,certified-residential-medication-aide-per-diem-prn-scobey-mt,25.96,crma
Scotts Valley,certified-residential-medication-aide-per-diem-prn-scotts-valley-ca,25.03,crma
Scottsbluff,certified-residential-medication-aide-per-diem-prn-scottsbluff-ne,25.41,crma
Scottsdale,certified-residential-medication-aide-per-diem-prn-scottsdale-az,25.47,crma
Scottsdale Central Scottsdale,certified-residential-medication-aide-per-diem-prn-scottsdale-central-scottsdale-az,25.68,crma
Scottsdale Heatherwood,certified-residential-medication-aide-per-diem-prn-scottsdale-heatherwood-az,25.25,crma
Scottsdale North Scottsdale,certified-residential-medication-aide-per-diem-prn-scottsdale-north-scottsdale-az,25.68,crma
Scottsdale The Center At McDowell Mountain,certified-residential-medication-aide-per-diem-prn-scottsdale-the-center-at-mcdowell-mountain-az,25.68,crma
Scottsdale The Park At Flw,certified-residential-medication-aide-per-diem-prn-scottsdale-the-park-at-flw-az,26.11,crma
Scranton,certified-residential-medication-aide-per-diem-prn-scranton-pa,25.54,crma
Seabrook,certified-residential-medication-aide-per-diem-prn-seabrook-tx,25.32,crma
Seagoville,certified-residential-medication-aide-per-diem-prn-seagoville-tx,25.61,crma
Sealy,certified-residential-medication-aide-per-diem-prn-sealy-tx,26.11,crma
Searcy,certified-residential-medication-aide-per-diem-prn-searcy-ar,25.14,crma
Seaside,certified-residential-medication-aide-per-diem-prn-seaside-or,25.43,crma
Seattle Fremont,certified-residential-medication-aide-per-diem-prn-seattle-fremont-wa,25.57,crma
Seattle WA,certified-residential-medication-aide-per-diem-prn-seattle-wa,25.64,crma
Sebastian,certified-residential-medication-aide-per-diem-prn-sebastian-fl,25.78,crma
Sebastopol,certified-residential-medication-aide-per-diem-prn-sebastopol-ca,25.37,crma
Sebring,certified-residential-medication-aide-per-diem-prn-sebring-fl,26.18,crma
Secaucus,certified-residential-medication-aide-per-diem-prn-secaucus-nj,25.25,crma
Security-Widefield,certified-residential-medication-aide-per-diem-prn-security-widefield-co,25.03,crma
Sedalia,certified-residential-medication-aide-per-diem-prn-sedalia-mo,25.57,crma
Sedona,certified-residential-medication-aide-per-diem-prn-sedona-az,26.18,crma
Sedro-Wooley,certified-residential-medication-aide-per-diem-prn-sedro-wooley-wa,25.50,crma
Seguin,certified-residential-medication-aide-per-diem-prn-seguin-tx,25.75,crma
Seligman,certified-residential-medication-aide-per-diem-prn-seligman-az,25.20,crma
Sells,certified-residential-medication-aide-per-diem-prn-sells-az,26.10,crma
Selma,certified-residential-medication-aide-per-diem-prn-selma-tx,25.35,crma
Seminole FL,certified-residential-medication-aide-per-diem-prn-seminole-fl,25.40,crma
Seminole TX,certified-residential-medication-aide-per-diem-prn-seminole-tx,25.66,crma
Seneca,certified-residential-medication-aide-per-diem-prn-seneca-sc,25.85,crma
Severn,certified-residential-medication-aide-per-diem-prn-severn-md,25.93,crma
Severna Park,certified-residential-medication-aide-per-diem-prn-severna-park-md,26.11,crma
Sewell,certified-residential-medication-aide-per-diem-prn-sewell-nj,26.00,crma
Seymour,certified-residential-medication-aide-per-diem-prn-seymour-in,25.30,crma
Seymour,certified-residential-medication-aide-per-diem-prn-seymour-tx,25.45,crma
Shady Cove,certified-residential-medication-aide-per-diem-prn-shady-cove-or,25.57,crma
Shaker Heights,certified-residential-medication-aide-per-diem-prn-shaker-heights-oh,26.31,crma
Shakopee,certified-residential-medication-aide-per-diem-prn-shakopee-mn,25.45,crma
Shaler,certified-residential-medication-aide-per-diem-prn-shaler-pa,26.18,crma
Shalimar,certified-residential-medication-aide-per-diem-prn-shalimar-fl,25.68,crma
Shamrock,certified-residential-medication-aide-per-diem-prn-shamrock-tx,25.22,crma
Sharon Springs,certified-residential-medication-aide-per-diem-prn-sharon-springs-ks,25.67,crma
Shawnee,certified-residential-medication-aide-per-diem-prn-shawnee-ks,25.54,crma
Shawnee,certified-residential-medication-aide-per-diem-prn-shawnee-ok,25.43,crma
Sheboygan,certified-residential-medication-aide-per-diem-prn-sheboygan-wi,25.47,crma
Sheffield,certified-residential-medication-aide-per-diem-prn-sheffield-ia,25.65,crma
Shelburne,certified-residential-medication-aide-per-diem-prn-shelburne-vt,25.30,crma
Shelby,certified-residential-medication-aide-per-diem-prn-shelby-nc,25.48,crma
Shelbyville,certified-residential-medication-aide-per-diem-prn-shelbyville-tn,25.03,crma
Shelley,certified-residential-medication-aide-per-diem-prn-shelley-id,25.53,crma
Shelton,certified-residential-medication-aide-per-diem-prn-shelton-ct,25.61,crma
Shelton WA,certified-residential-medication-aide-per-diem-prn-shelton-wa,25.77,crma
Shenandoah IA,certified-residential-medication-aide-per-diem-prn-shenandoah-ia,25.93,crma
Shenandoah TX,certified-residential-medication-aide-per-diem-prn-shenandoah-tx,25.38,crma
Shepherd,certified-residential-medication-aide-per-diem-prn-shepherd-tx,26.13,crma
Sheppard Afb,certified-residential-medication-aide-per-diem-prn-sheppard-afb-tx,25.87,crma
Sheridan OR,certified-residential-medication-aide-per-diem-prn-sheridan-or,25.96,crma
Sheridan WY,certified-residential-medication-aide-per-diem-prn-sheridan-wy,25.41,crma
Sherman,certified-residential-medication-aide-per-diem-prn-sherman-tx,25.47,crma
Sherwood,certified-residential-medication-aide-per-diem-prn-sherwood-ar,25.74,crma
Sherwood,certified-residential-medication-aide-per-diem-prn-sherwood-or,25.32,crma
Shiner,certified-residential-medication-aide-per-diem-prn-shiner-tx,25.61,crma
Shoreline,certified-residential-medication-aide-per-diem-prn-shoreline-wa,26.11,crma
Shoshone,certified-residential-medication-aide-per-diem-prn-shoshone-3-id,25.43,crma
Shoshone,certified-residential-medication-aide-per-diem-prn-shoshone-id,25.64,crma
Show Low,certified-residential-medication-aide-per-diem-prn-show-low-az,25.78,crma
Shreveport,certified-residential-medication-aide-per-diem-prn-shreveport-la-4da2f,25.37,crma
"Shreveport Caddo Heights, South Highlands",certified-residential-medication-aide-per-diem-prn-shreveport-caddo-heights-south-highlands-la,25.85,crma
Shrewsbury,certified-residential-medication-aide-per-diem-prn-shrewsbury-nj,25.25,crma
Sibley,certified-residential-medication-aide-per-diem-prn-sibley-la,26.18,crma
Sidney OH,certified-residential-medication-aide-per-diem-prn-sidney-oh,25.36,crma
Sierra Blanca,certified-residential-medication-aide-per-diem-prn-sierra-blanca-tx,25.50,crma
Sierra Vista,certified-residential-medication-aide-per-diem-prn-sierra-vista-az,25.75,crma
Silsbee,certified-residential-medication-aide-per-diem-prn-silsbee-tx,25.20,crma
Silver Spring,certified-residential-medication-aide-per-diem-prn-silver-spring-md-ff4a1,25.85,crma
Silver Spring MD,certified-residential-medication-aide-per-diem-prn-silver-spring-md,26.10,crma
Silver Springs FL,certified-residential-medication-aide-per-diem-prn-silver-springs-fl,25.35,crma
Silver Springs NV,certified-residential-medication-aide-per-diem-prn-silver-springs-nv,25.40,crma
Silverthorne,certified-residential-medication-aide-per-diem-prn-silverthorne-co,25.66,crma
Silverton ID,certified-residential-medication-aide-per-diem-prn-silverton-id,25.85,crma
Silverton OR,certified-residential-medication-aide-per-diem-prn-silverton-or,26.00,crma
Silverton TX,certified-residential-medication-aide-per-diem-prn-silverton-tx,25.30,crma
Simi Valley,certified-residential-medication-aide-per-diem-prn-simi-valley-ca,25.45,crma
Simla,certified-residential-medication-aide-per-diem-prn-simla-co,25.57,crma
Simpsonville,certified-residential-medication-aide-per-diem-prn-simpsonville-sc,25.65,crma
Sinton,certified-residential-medication-aide-per-diem-prn-sinton-tx,25.68,crma
Sioux City,certified-residential-medication-aide-per-diem-prn-sioux-city-ia,25.22,crma
Sioux Falls,certified-residential-medication-aide-per-diem-prn-sioux-falls-sd,25.67,crma
Sisseton,certified-residential-medication-aide-per-diem-prn-sisseton-sd,25.48,crma
Sister Bay,certified-residential-medication-aide-per-diem-prn-sister-bay-wi,25.53,crma
Sitka,certified-residential-medication-aide-per-diem-prn-sitka-ak,25.77,crma
Skiatook,certified-residential-medication-aide-per-diem-prn-skiatook-ok,25.93,crma
Skillman,certified-residential-medication-aide-per-diem-prn-skillman-nj,25.38,crma
Skokie,certified-residential-medication-aide-per-diem-prn-skokie-il-b12e8,26.13,crma
Slater-Marietta Marietta,certified-residential-medication-aide-per-diem-prn-slater-marietta-marietta-sc,25.61,crma
Slaton,certified-residential-medication-aide-per-diem-prn-slaton-tx,25.87,crma
Sleepy Hollow,certified-residential-medication-aide-per-diem-prn-sleepy-hollow-ny,25.96,crma
Slidell,certified-residential-medication-aide-per-diem-prn-slidell-la,25.85,crma
Smiley,certified-residential-medication-aide-per-diem-prn-smiley-tx,25.41,crma
Smithfield,certified-residential-medication-aide-per-diem-prn-smithfield-ri,25.47,crma
Smithfield,certified-residential-medication-aide-per-diem-prn-smithfield-ut,25.32,crma
Smithtown,certified-residential-medication-aide-per-diem-prn-smithtown-ny,25.92,crma
Smithville,certified-residential-medication-aide-per-diem-prn-smithville-tx,25.61,crma
Smyrna,certified-residential-medication-aide-per-diem-prn-smyrna-tn,26.11,crma
Smyrna GA,certified-residential-medication-aide-per-diem-prn-smyrna-ga,25.25,crma
Snohomish WA,certified-residential-medication-aide-per-diem-prn-snohomish-wa,25.43,crma
Snoqualmie,certified-residential-medication-aide-per-diem-prn-snoqualmie-wa,25.64,crma
Snow Hill,certified-residential-medication-aide-per-diem-prn-snow-hill-md,25.66,crma
Snyder,certified-residential-medication-aide-per-diem-prn-snyder-tx,25.78,crma
Socastee,certified-residential-medication-aide-per-diem-prn-socastee-sc,25.23,crma
Socorro NM,certified-residential-medication-aide-per-diem-prn-socorro-nm,25.37,crma
Socorro TX,certified-residential-medication-aide-per-diem-prn-socorro-tx,25.25,crma
Soda Springs,certified-residential-medication-aide-per-diem-prn-soda-springs-id,26.18,crma
Solon,certified-residential-medication-aide-per-diem-prn-solon-oh,26.10,crma
Somerset,certified-residential-medication-aide-per-diem-prn-somerset-tx,25.50,crma
Somerton,certified-residential-medication-aide-per-diem-prn-somerton-az,25.75,crma
Somerville,certified-residential-medication-aide-per-diem-prn-somerville-ma,25.85,crma
Somerville,certified-residential-medication-aide-per-diem-prn-somerville-tx,25.20,crma
Sonora CA,certified-residential-medication-aide-per-diem-prn-sonora-ca,26.10,crma
Sonora TX,certified-residential-medication-aide-per-diem-prn-sonora-tx,25.35,crma
Sophia,certified-residential-medication-aide-per-diem-prn-sophia-nc,25.40,crma
Sour Lake,certified-residential-medication-aide-per-diem-prn-sour-lake-tx,25.66,crma
South Bend,certified-residential-medication-aide-per-diem-prn-south-bend-in,25.03,crma
South Bend,certified-residential-medication-aide-per-diem-prn-south-bend-wa,25.85,crma
South Burlington,certified-residential-medication-aide-per-diem-prn-south-burlington-vt,25.43,crma
South Charleston,certified-residential-medication-aide-per-diem-prn-south-charleston-wv,25.47,crma
South Daytona,certified-residential-medication-aide-per-diem-prn-south-daytona-fl,26.00,crma
South Euclid,certified-residential-medication-aide-per-diem-prn-south-euclid-oh,25.85,crma
South Fulton,certified-residential-medication-aide-per-diem-prn-south-fulton-ga,25.45,crma
South Hill,certified-residential-medication-aide-per-diem-prn-south-hill-wa,25.14,crma
South Jordan,certified-residential-medication-aide-per-diem-prn-south-jordan-ut,25.30,crma
South Kingstown,certified-residential-medication-aide-per-diem-prn-south-kingstown-ri,25.74,crma
South Miami,certified-residential-medication-aide-per-diem-prn-south-miami-fl,25.45,crma
South Miami Heights,certified-residential-medication-aide-per-diem-prn-south-miami-heights-fl,25.32,crma
South Milwaukee,certified-residential-medication-aide-per-diem-prn-south-milwaukee-wi,25.57,crma
South Ogden,certified-residential-medication-aide-per-diem-prn-south-ogden-ut,25.68,crma
South Paris,certified-residential-medication-aide-per-diem-prn-south-paris-me,25.92,crma
South Pasadena,certified-residential-medication-aide-per-diem-prn-south-pasadena-fl,25.22,crma
South Portland,certified-residential-medication-aide-per-diem-prn-south-portland-me,33.01,crma
South Portland Cash Corner,certified-residential-medication-aide-per-diem-prn-south-portland-cash-corner-me,25.68,crma
South Portland Knightville,certified-residential-medication-aide-per-diem-prn-south-portland-knightville-me,33.01,crma
South Salt Lake,certified-residential-medication-aide-per-diem-prn-south-salt-lake-ut,25.53,crma
South Valley,certified-residential-medication-aide-per-diem-prn-south-valley-nm,25.44,crma
South Weber,certified-residential-medication-aide-per-diem-prn-south-weber-ut,25.77,crma
Southampton town,certified-residential-medication-aide-per-diem-prn-southampton-town-ny,25.61,crma
Southaven,certified-residential-medication-aide-per-diem-prn-southaven-ms,26.13,crma
Southbury,certified-residential-medication-aide-per-diem-prn-southbury-ct,26.10,crma
Southfield city,certified-residential-medication-aide-per-diem-prn-southfield-city-mi,25.03,crma
Southington,certified-residential-medication-aide-per-diem-prn-southington-ct,25.74,crma
Southlake,certified-residential-medication-aide-per-diem-prn-southlake-tx,25.93,crma
Spanish Fork,certified-residential-medication-aide-per-diem-prn-spanish-fork-ut,25.38,crma
Spanish Springs,certified-residential-medication-aide-per-diem-prn-spanish-springs-nv,26.13,crma
Sparks,certified-residential-medication-aide-per-diem-prn-sparks-nv,25.87,crma
Spartanburg,certified-residential-medication-aide-per-diem-prn-spartanburg-sc,25.96,crma
Spearfish,certified-residential-medication-aide-per-diem-prn-spearfish-sd,25.41,crma
Spearman,certified-residential-medication-aide-per-diem-prn-spearman-tx,25.47,crma
Spencer IA,certified-residential-medication-aide-per-diem-prn-spencer-ia,25.32,crma
Spencer IN,certified-residential-medication-aide-per-diem-prn-spencer-in,25.61,crma
Spokane,certified-residential-medication-aide-per-diem-prn-spokane-wa,25.87,crma
Spokane Valley,certified-residential-medication-aide-per-diem-prn-spokane-valley-wa,26.11,crma
Spooner,certified-residential-medication-aide-per-diem-prn-spooner-wi,25.64,crma
Spray,certified-residential-medication-aide-per-diem-prn-spray-or,25.78,crma
Spring,certified-residential-medication-aide-per-diem-prn-spring-tx,25.25,crma
Spring Branch,certified-residential-medication-aide-per-diem-prn-spring-branch-tx,25.37,crma
Spring Hill,certified-residential-medication-aide-per-diem-prn-spring-hill-fl,26.18,crma
Spring Hill,certified-residential-medication-aide-per-diem-prn-spring-hill-tn,25.59,crma
Spring Valley,certified-residential-medication-aide-per-diem-prn-spring-valley-nv,25.00,crma
Spring Valley,certified-residential-medication-aide-per-diem-prn-spring-valley-wi,26.18,crma
Springdale,certified-residential-medication-aide-per-diem-prn-springdale-ar,25.49,crma
Springer,certified-residential-medication-aide-per-diem-prn-springer-nm,25.50,crma
Springerville,certified-residential-medication-aide-per-diem-prn-springerville-az,25.75,crma
Springettsbury,certified-residential-medication-aide-per-diem-prn-springettsbury-pa,25.66,crma
Springfield,certified-residential-medication-aide-per-diem-prn-springfield-il,25.47,crma
Springfield,certified-residential-medication-aide-per-diem-prn-springfield-ma,25.57,crma
Springfield,certified-residential-medication-aide-per-diem-prn-springfield-mo,25.68,crma
Springfield,certified-residential-medication-aide-per-diem-prn-springfield-oh,25.96,crma
Springfield,certified-residential-medication-aide-per-diem-prn-springfield-va,25.40,crma
Springfield CO,certified-residential-medication-aide-per-diem-prn-springfield-co,25.20,crma
Springfield OR,certified-residential-medication-aide-per-diem-prn-springfield-or,26.10,crma
Springfield TN,certified-residential-medication-aide-per-diem-prn-springfield-tn,25.35,crma
Springfield VT,certified-residential-medication-aide-per-diem-prn-springfield-vt,25.66,crma
Springville,certified-residential-medication-aide-per-diem-prn-springville-ut,25.85,crma
Spur,certified-residential-medication-aide-per-diem-prn-spur-tx,26.00,crma
St Augustine,certified-residential-medication-aide-per-diem-prn-st-augustine-fl,25.30,crma
St George,certified-residential-medication-aide-per-diem-prn-st-george-ut,25.45,crma
St Maries,certified-residential-medication-aide-per-diem-prn-st-maries-id,25.22,crma
St Pete Beach,certified-residential-medication-aide-per-diem-prn-st-pete-beach-fl,25.48,crma
St Petersburg,certified-residential-medication-aide-per-diem-prn-st-petersburg-fl,25.53,crma
St. Albans,certified-residential-medication-aide-per-diem-prn-st-albans-wv,25.44,crma
St. Albans city,certified-residential-medication-aide-per-diem-prn-st-albans-city-vt,25.67,crma
St. Albans town,certified-residential-medication-aide-per-diem-prn-st-albans-town-vt,25.45,crma
St. Andrews,certified-residential-medication-aide-per-diem-prn-st-andrews-sc,25.68,crma
St. Charles,certified-residential-medication-aide-per-diem-prn-st-charles-mo,25.43,crma
St. Clair Shores,certified-residential-medication-aide-per-diem-prn-st-clair-shores-mi,25.54,crma
St. Cloud,certified-residential-medication-aide-per-diem-prn-st-cloud-fl,25.78,crma
St. Cloud,certified-residential-medication-aide-per-diem-prn-st-cloud-mn,25.85,crma
St. George,certified-residential-medication-aide-per-diem-prn-st-george-ut-31732,25.57,crma
St. Johnsbury,certified-residential-medication-aide-per-diem-prn-st-johnsbury-vt,26.00,crma
St. Joseph,certified-residential-medication-aide-per-diem-prn-st-joseph-mo,25.36,crma
St. Louis,certified-residential-medication-aide-per-diem-prn-st-louis-mo-82ff1,25.68,crma
St. Louis Park,certified-residential-medication-aide-per-diem-prn-st-louis-park-mn,25.30,crma
St. Paul,certified-residential-medication-aide-per-diem-prn-st-paul-in,25.67,crma
St. Paul,certified-residential-medication-aide-per-diem-prn-st-paul-mn,25.61,crma
St. Peters,certified-residential-medication-aide-per-diem-prn-st-peters-mo,25.83,crma
St. Petersburg Historic Uptown,certified-residential-medication-aide-per-diem-prn-st-petersburg-historic-uptown-fl,25.39,crma
Stacyville,certified-residential-medication-aide-per-diem-prn-stacyville-ia,25.65,crma
Stafford,certified-residential-medication-aide-per-diem-prn-stafford-tx,25.77,crma
Stamford,certified-residential-medication-aide-per-diem-prn-stamford-tx,25.38,crma
Stamford CT,certified-residential-medication-aide-per-diem-prn-stamford-ct,25.93,crma
Stanley,certified-residential-medication-aide-per-diem-prn-stanley-id,26.13,crma
Stanton,certified-residential-medication-aide-per-diem-prn-stanton-tx,25.87,crma
Starke,certified-residential-medication-aide-per-diem-prn-starke-fl,25.96,crma
Starkville,certified-residential-medication-aide-per-diem-prn-starkville-ms,25.49,crma
State Center,certified-residential-medication-aide-per-diem-prn-state-center-ia,25.41,crma
State College,certified-residential-medication-aide-per-diem-prn-state-college-pa,25.47,crma
Staten Island,certified-residential-medication-aide-per-diem-prn-staten-island-ny,25.32,crma
Statesboro,certified-residential-medication-aide-per-diem-prn-statesboro-ga,25.99,crma
Stayton,certified-residential-medication-aide-per-diem-prn-stayton-or,25.61,crma
Steamboat Springs,certified-residential-medication-aide-per-diem-prn-steamboat-springs-co,26.11,crma
Steinhatchee,certified-residential-medication-aide-per-diem-prn-steinhatchee-fl,25.43,crma
Stephenville,certified-residential-medication-aide-per-diem-prn-stephenville-tx,25.64,crma
Sterling,certified-residential-medication-aide-per-diem-prn-sterling-va,25.50,crma
Sterling City,certified-residential-medication-aide-per-diem-prn-sterling-city-tx,25.78,crma
Sterling CO,certified-residential-medication-aide-per-diem-prn-sterling-co,25.37,crma
Sterling Heights,certified-residential-medication-aide-per-diem-prn-sterling-heights-mi,25.25,crma
Sterling IL,certified-residential-medication-aide-per-diem-prn-sterling-il,26.18,crma
Stevens,certified-residential-medication-aide-per-diem-prn-stevens-pa,25.75,crma
Stevenson,certified-residential-medication-aide-per-diem-prn-stevenson-wa,25.20,crma
Stillwater,certified-residential-medication-aide-per-diem-prn-stillwater-ok,26.10,crma
Stinnett,certified-residential-medication-aide-per-diem-prn-stinnett-tx,25.35,crma
Stockdale,certified-residential-medication-aide-per-diem-prn-stockdale-tx,25.40,crma
Stockton,certified-residential-medication-aide-per-diem-prn-stockton-ca,25.66,crma
Stonecrest,certified-residential-medication-aide-per-diem-prn-stonecrest-ga,25.14,crma
Stoughton,certified-residential-medication-aide-per-diem-prn-stoughton-ma,25.85,crma
Stoughton,certified-residential-medication-aide-per-diem-prn-stoughton-wi,26.00,crma
Stow,certified-residential-medication-aide-per-diem-prn-stow-oh,25.74,crma
Stowe,certified-residential-medication-aide-per-diem-prn-stowe-vt,25.41,crma
Strasburg,certified-residential-medication-aide-per-diem-prn-strasburg-co,25.30,crma
Stratford,certified-residential-medication-aide-per-diem-prn-stratford-ct,26.31,crma
Stratford,certified-residential-medication-aide-per-diem-prn-stratford-tx,25.45,crma
Stratton,certified-residential-medication-aide-per-diem-prn-stratton-co,25.57,crma
Strongsville,certified-residential-medication-aide-per-diem-prn-strongsville-oh,25.68,crma
Stuart FL,certified-residential-medication-aide-per-diem-prn-stuart-fl,25.68,crma
Stuart NE,certified-residential-medication-aide-per-diem-prn-stuart-ne,25.22,crma
Sublimity,certified-residential-medication-aide-per-diem-prn-sublimity-or,25.67,crma
Suffolk,certified-residential-medication-aide-per-diem-prn-suffolk-va,26.18,crma
Sugar Land,certified-residential-medication-aide-per-diem-prn-sugar-land-tx,25.48,crma
Sullivan City,certified-residential-medication-aide-per-diem-prn-sullivan-city-tx,25.53,crma
Sulphur,certified-residential-medication-aide-per-diem-prn-sulphur-la,25.38,crma
Sulphur,certified-residential-medication-aide-per-diem-prn-sulphur-ok,25.77,crma
Sulphur Springs,certified-residential-medication-aide-per-diem-prn-sulphur-springs-tx,25.93,crma
Summerfield,certified-residential-medication-aide-per-diem-prn-summerfield-fl,25.38,crma
Summerlin South,certified-residential-medication-aide-per-diem-prn-summerlin-south-nv,25.83,crma
Summersville,certified-residential-medication-aide-per-diem-prn-summersville-wv,26.13,crma
Summerville,certified-residential-medication-aide-per-diem-prn-summerville-sc,25.87,crma
Summit,certified-residential-medication-aide-per-diem-prn-summit-nj,25.78,crma
Sumter,certified-residential-medication-aide-per-diem-prn-sumter-sc,25.96,crma
Sumterville,certified-residential-medication-aide-per-diem-prn-sumterville-fl,25.41,crma
Sun City,certified-residential-medication-aide-per-diem-prn-sun-city-az,25.47,crma
Sun City Center,certified-residential-medication-aide-per-diem-prn-sun-city-center-fl,25.32,crma
Sun City West,certified-residential-medication-aide-per-diem-prn-sun-city-west-az,25.61,crma
Sun Lakes,certified-residential-medication-aide-per-diem-prn-sun-lakes-az,26.11,crma
Sun Prairie,certified-residential-medication-aide-per-diem-prn-sun-prairie-wi,25.94,crma
Sun Valley,certified-residential-medication-aide-per-diem-prn-sun-valley-nv,25.43,crma
Sun West City,certified-residential-medication-aide-per-diem-prn-sun-west-city-az,25.64,crma
Sundown,certified-residential-medication-aide-per-diem-prn-sundown-tx,25.78,crma
Sunny Isles Beach,certified-residential-medication-aide-per-diem-prn-sunny-isles-beach-fl,25.37,crma
Sunnyside UT,certified-residential-medication-aide-per-diem-prn-sunnyside-ut,25.25,crma
Sunnyvale,certified-residential-medication-aide-per-diem-prn-sunnyvale-0-tx,26.18,crma
Sunnyvale,certified-residential-medication-aide-per-diem-prn-sunnyvale-ca,25.50,crma
Sunrise,certified-residential-medication-aide-per-diem-prn-sunrise-fl,25.75,crma
Sunrise Manor,certified-residential-medication-aide-per-diem-prn-sunrise-manor-nv,25.94,crma
Sunriver,certified-residential-medication-aide-per-diem-prn-sunriver-or,25.20,crma
Superior AZ,certified-residential-medication-aide-per-diem-prn-superior-az,26.10,crma
Superior WI,certified-residential-medication-aide-per-diem-prn-superior-wi,25.35,crma
Surprise,certified-residential-medication-aide-per-diem-prn-surprise-az,25.40,crma
Surprise Bell And Dysart Commerce Center,certified-residential-medication-aide-per-diem-prn-surprise-bell-and-dysart-commerce-center-az,26.13,crma
Susanville,certified-residential-medication-aide-per-diem-prn-susanville-ca,25.66,crma
Sutherlin,certified-residential-medication-aide-per-diem-prn-sutherlin-or,25.85,crma
Swanton town,certified-residential-medication-aide-per-diem-prn-swanton-town-vt,25.93,crma
Sweeny,certified-residential-medication-aide-per-diem-prn-sweeny-tx,26.00,crma
Sweet Home,certified-residential-medication-aide-per-diem-prn-sweet-home-or,25.30,crma
Sweetwater FL,certified-residential-medication-aide-per-diem-prn-sweetwater-fl,25.45,crma
Sweetwater TX,certified-residential-medication-aide-per-diem-prn-sweetwater-tx,25.57,crma
Sykesville,certified-residential-medication-aide-per-diem-prn-sykesville-md,25.68,crma
Syracuse IN,certified-residential-medication-aide-per-diem-prn-syracuse-in,25.22,crma
Syracuse NY,certified-residential-medication-aide-per-diem-prn-syracuse-ny,25.67,crma
Syracuse UT,certified-residential-medication-aide-per-diem-prn-syracuse-ut,25.48,crma
Tacoma WA,certified-residential-medication-aide-per-diem-prn-tacoma-wa,25.96,crma
Taft,certified-residential-medication-aide-per-diem-prn-taft-tx,25.77,crma
Tahoka,certified-residential-medication-aide-per-diem-prn-tahoka-tx,25.93,crma
Talent OR,certified-residential-medication-aide-per-diem-prn-talent-or,25.38,crma
Tallahassee Capitol Hill,certified-residential-medication-aide-per-diem-prn-tallahassee-capitol-hill-fl,25.89,crma
Tallahassee FL,certified-residential-medication-aide-per-diem-prn-tallahassee-fl,26.13,crma
Tamarac,certified-residential-medication-aide-per-diem-prn-tamarac-fl,25.87,crma
Tamiami,certified-residential-medication-aide-per-diem-prn-tamiami-fl,25.49,crma
Tampa Bay FL,certified-residential-medication-aide-per-diem-prn-tampa-bay-fl,25.96,crma
Tampa FL,certified-residential-medication-aide-per-diem-prn-tampa-fl,25.41,crma
Tanaina,certified-residential-medication-aide-per-diem-prn-tanaina-ak,26.13,crma
Tarboro,certified-residential-medication-aide-per-diem-prn-tarboro-nc,25.47,crma
Tarpon Springs,certified-residential-medication-aide-per-diem-prn-tarpon-springs-fl,25.32,crma
Taunton,certified-residential-medication-aide-per-diem-prn-taunton-ma,25.61,crma
Tavares FL,certified-residential-medication-aide-per-diem-prn-tavares-fl,26.11,crma
Tavernier,certified-residential-medication-aide-per-diem-prn-tavernier-fl,25.43,crma
Taylor,certified-residential-medication-aide-per-diem-prn-taylor-mi,25.47,crma
Taylor,certified-residential-medication-aide-per-diem-prn-taylor-tx,25.64,crma
Taylors,certified-residential-medication-aide-per-diem-prn-taylors-sc,25.03,crma
Taylorsville,certified-residential-medication-aide-per-diem-prn-taylorsville-ut,25.78,crma
Teague,certified-residential-medication-aide-per-diem-prn-teague-tx,25.37,crma
Teaneck,certified-residential-medication-aide-per-diem-prn-teaneck-nj,26.18,crma
Teays Valley,certified-residential-medication-aide-per-diem-prn-teays-valley-wv,25.74,crma
Telluride,certified-residential-medication-aide-per-diem-prn-telluride-co,25.25,crma
Temecula,certified-residential-medication-aide-per-diem-prn-temecula-ca-01c7e,26.18,crma
Tempe AZ,certified-residential-medication-aide-per-diem-prn-tempe-az,25.78,crma
Tempe Kiwanis Park,certified-residential-medication-aide-per-diem-prn-tempe-kiwanis-park-az,25.93,crma
Temple Terrace,certified-residential-medication-aide-per-diem-prn-temple-terrace-fl,25.75,crma
Temple TX,certified-residential-medication-aide-per-diem-prn-temple-tx,25.20,crma
Tenafly,certified-residential-medication-aide-per-diem-prn-tenafly-nj,26.10,crma
Tenaha,certified-residential-medication-aide-per-diem-prn-tenaha-tx,25.35,crma
Tequesta,certified-residential-medication-aide-per-diem-prn-tequesta-fl,25.40,crma
Terre Haute,certified-residential-medication-aide-per-diem-prn-terre-haute-in,25.66,crma
Terrell,certified-residential-medication-aide-per-diem-prn-terrell-tx,25.85,crma
Terrytown,certified-residential-medication-aide-per-diem-prn-terrytown-la,25.03,crma
Texarkana,certified-residential-medication-aide-per-diem-prn-texarkana-ar,25.65,crma
Texarkana,certified-residential-medication-aide-per-diem-prn-texarkana-tx,26.00,crma
Texas City,certified-residential-medication-aide-per-diem-prn-texas-city-tx,25.30,crma
The Acreage,certified-residential-medication-aide-per-diem-prn-the-acreage-fl,26.18,crma
The Colony,certified-residential-medication-aide-per-diem-prn-the-colony-tx,25.45,crma
The Dalles,certified-residential-medication-aide-per-diem-prn-the-dalles-or,25.57,crma
The Hammocks,certified-residential-medication-aide-per-diem-prn-the-hammocks-fl,25.57,crma
The Villages,certified-residential-medication-aide-per-diem-prn-the-villages-fl,25.68,crma
The Woodlands,certified-residential-medication-aide-per-diem-prn-the-woodlands-tx,25.22,crma
Thermopolis,certified-residential-medication-aide-per-diem-prn-thermopolis-wy,25.67,crma
Thonotosassa,certified-residential-medication-aide-per-diem-prn-thonotosassa-fl,25.48,crma
Thornton,certified-residential-medication-aide-per-diem-prn-thornton-co,25.53,crma
Thorp,certified-residential-medication-aide-per-diem-prn-thorp-wi,25.77,crma
Thousand Oaks,certified-residential-medication-aide-per-diem-prn-thousand-oaks-ca,25.93,crma
Three Rivers,certified-residential-medication-aide-per-diem-prn-three-rivers-tx,25.38,crma
Throckmorton,certified-residential-medication-aide-per-diem-prn-throckmorton-tx,26.13,crma
Tigard,certified-residential-medication-aide-per-diem-prn-tigard-or,25.87,crma
Tilden,certified-residential-medication-aide-per-diem-prn-tilden-tx,25.96,crma
Tillamook,certified-residential-medication-aide-per-diem-prn-tillamook-or,25.41,crma
Tinley Park,certified-residential-medication-aide-per-diem-prn-tinley-park-il,26.18,crma
Titusville,certified-residential-medication-aide-per-diem-prn-titusville-fl,25.47,crma
Tivoli,certified-residential-medication-aide-per-diem-prn-tivoli-tx,25.32,crma
Tolar,certified-residential-medication-aide-per-diem-prn-tolar-tx,25.61,crma
Toledo,certified-residential-medication-aide-per-diem-prn-toledo-oh,25.64,crma
Toledo IA,certified-residential-medication-aide-per-diem-prn-toledo-io,26.11,crma
Toledo OR,certified-residential-medication-aide-per-diem-prn-toledo-or,25.43,crma
Toledo Southwyck,certified-residential-medication-aide-per-diem-prn-toledo-southwyck-oh,25.44,crma
Tolleson,certified-residential-medication-aide-per-diem-prn-tolleson-az,25.64,crma
Tomahawk,certified-residential-medication-aide-per-diem-prn-tomahawk-wi,25.78,crma
Tomball,certified-residential-medication-aide-per-diem-prn-tomball-tx,25.37,crma
Toms River,certified-residential-medication-aide-per-diem-prn-toms-river-nj,25.37,crma
Tonawanda,certified-residential-medication-aide-per-diem-prn-tonawanda-town-ny,25.25,crma
Tooele,certified-residential-medication-aide-per-diem-prn-tooele-ut,26.18,crma
Topeka,certified-residential-medication-aide-per-diem-prn-topeka-ks,25.25,crma
Topeka Southwest Topeka,certified-residential-medication-aide-per-diem-prn-topeka-southwest-topeka-ks,25.27,crma
Toppenish,certified-residential-medication-aide-per-diem-prn-toppenish-wa,26.00,crma
Toquerville,certified-residential-medication-aide-per-diem-prn-toquerville-ut,25.61,crma
Torrington,certified-residential-medication-aide-per-diem-prn-torrington-ct,25.50,crma
Torrington,certified-residential-medication-aide-per-diem-prn-torrington-wy,25.68,crma
Town 'n' Country,certified-residential-medication-aide-per-diem-prn-town-n-country-fl,25.32,crma
Townshend,certified-residential-medication-aide-per-diem-prn-townshend-vt,25.75,crma
Towson,certified-residential-medication-aide-per-diem-prn-towson-md,25.45,crma
Traverse City,certified-residential-medication-aide-per-diem-prn-traverse-city-mi,25.20,crma
Tredyffrin,certified-residential-medication-aide-per-diem-prn-tredyffrin-pa,25.30,crma
Tremonton,certified-residential-medication-aide-per-diem-prn-tremonton-ut,26.10,crma
Trenton,certified-residential-medication-aide-per-diem-prn-trenton-fl,25.35,crma
Trenton Downtown,certified-residential-medication-aide-per-diem-prn-trenton-downtown-nj,25.03,crma
Trexlertown,certified-residential-medication-aide-per-diem-prn-trexlertown-pa,26.00,crma
Trinidad,certified-residential-medication-aide-per-diem-prn-trinidad-co,25.40,crma
Trinity FL,certified-residential-medication-aide-per-diem-prn-trinity-fl,25.66,crma
Trinity TX,certified-residential-medication-aide-per-diem-prn-trinity-tx,25.85,crma
Tripoli,certified-residential-medication-aide-per-diem-prn-tripoli-ia,25.50,crma
Trophy Club,certified-residential-medication-aide-per-diem-prn-trophy-club-tx,26.00,crma
Trotwood,certified-residential-medication-aide-per-diem-prn-trotwood-oh,25.65,crma
Troy,certified-residential-medication-aide-per-diem-prn-troy-oh,25.45,crma
Troy,certified-residential-medication-aide-per-diem-prn-troy-pa,25.30,crma
Troy city,certified-residential-medication-aide-per-diem-prn-troy-city-mi,25.99,crma
Trumbull,certified-residential-medication-aide-per-diem-prn-trumbull-ct,25.38,crma
Trussville,certified-residential-medication-aide-per-diem-prn-trussville-al,25.68,crma
Truth Or Consequences,certified-residential-medication-aide-per-diem-prn-truth-or-consequences-nm,25.45,crma
Tualatin,certified-residential-medication-aide-per-diem-prn-tualatin-or,25.57,crma
Tualatin Sherwood - Tualatin South,certified-residential-medication-aide-per-diem-prn-tualatin-sherwood-tualatin-south-or,25.45,crma
Tuba City,certified-residential-medication-aide-per-diem-prn-tuba-city-az,25.68,crma
Tubac,certified-residential-medication-aide-per-diem-prn-tubac-az,25.22,crma
Tuckahoe,certified-residential-medication-aide-per-diem-prn-tuckahoe-va,25.03,crma
Tucker,certified-residential-medication-aide-per-diem-prn-tucker-ga,26.00,crma
Tucson,certified-residential-medication-aide-per-diem-prn-tucson-az,25.41,crma
Tucson Coronado Foothills Estates,certified-residential-medication-aide-per-diem-prn-tucson-coronado-foothills-estates-az,25.00,crma
Tucson Ventana Canyon Office Park,certified-residential-medication-aide-per-diem-prn-tucson-ventana-canyon-office-park-az,25.32,crma
Tulia,certified-residential-medication-aide-per-diem-prn-tulia-tx,25.48,crma
Tulsa,certified-residential-medication-aide-per-diem-prn-tulsa-ok,25.53,crma
Tumwater,certified-residential-medication-aide-per-diem-prn-tumwater-wa,25.77,crma
Tupelo,certified-residential-medication-aide-per-diem-prn-tupelo-ms,25.93,crma
Turlock,certified-residential-medication-aide-per-diem-prn-turlock-ca,25.38,crma
Turtle Lake,certified-residential-medication-aide-per-diem-prn-turtle-lake-nd,26.13,crma
Tuscaloosa,certified-residential-medication-aide-per-diem-prn-tuscaloosa-al,26.11,crma
Tuttle,certified-residential-medication-aide-per-diem-prn-tuttle-ok,25.87,crma
Twin Falls ID,certified-residential-medication-aide-per-diem-prn-twin-falls-id,25.96,crma
Two Rivers,certified-residential-medication-aide-per-diem-prn-two-rivers-wi,25.41,crma
Tyler,certified-residential-medication-aide-per-diem-prn-tyler-tx,25.47,crma
Umatilla,certified-residential-medication-aide-per-diem-prn-umatilla-fl,25.32,crma
Uncasville,certified-residential-medication-aide-per-diem-prn-uncasville-ct,25.61,crma
Union,certified-residential-medication-aide-per-diem-prn-union-nj,26.11,crma
Union,certified-residential-medication-aide-per-diem-prn-union-or,25.43,crma
Union City,certified-residential-medication-aide-per-diem-prn-union-city-nj,25.66,crma
Union Gap,certified-residential-medication-aide-per-diem-prn-union-gap-wa,25.30,crma
Uniontown,certified-residential-medication-aide-per-diem-prn-uniontown-pa,25.64,crma
Universal City,certified-residential-medication-aide-per-diem-prn-universal-city-tx,25.78,crma
University CDP,certified-residential-medication-aide-per-diem-prn-university-cdp-fl,25.65,crma
University City,certified-residential-medication-aide-per-diem-prn-university-city-mo,25.74,crma
University Park,certified-residential-medication-aide-per-diem-prn-university-park-fl,25.37,crma
Upland,certified-residential-medication-aide-per-diem-prn-upland-ca,25.25,crma
Upper Arlington,certified-residential-medication-aide-per-diem-prn-upper-arlington-oh,25.20,crma
Upper Darby,certified-residential-medication-aide-per-diem-prn-upper-darby-pa,25.95,crma
Upper Dublin,certified-residential-medication-aide-per-diem-prn-upper-dublin-pa,25.37,crma
Upper Macungie,certified-residential-medication-aide-per-diem-prn-upper-macungie-pa,25.50,crma
Upper Merion,certified-residential-medication-aide-per-diem-prn-upper-merion-pa,25.41,crma
Upper Moreland,certified-residential-medication-aide-per-diem-prn-upper-moreland-pa,26.11,crma
Urban Honolulu,certified-residential-medication-aide-per-diem-prn-urban-honolulu-hi,25.37,crma
Urbandale,certified-residential-medication-aide-per-diem-prn-urbandale-ia,26.13,crma
Utica,certified-residential-medication-aide-per-diem-prn-utica-ny,25.75,crma
Uvalde,certified-residential-medication-aide-per-diem-prn-uvalde-tx,25.20,crma
Vail AZ,certified-residential-medication-aide-per-diem-prn-vail-az,26.10,crma
Vail CO,certified-residential-medication-aide-per-diem-prn-vail-co,25.35,crma
Valdosta,certified-residential-medication-aide-per-diem-prn-valdosta-ga,25.95,crma
Vale,certified-residential-medication-aide-per-diem-prn-vale-or,25.40,crma
Valencia,certified-residential-medication-aide-per-diem-prn-valencia-ca,25.66,crma
Valley City,certified-residential-medication-aide-per-diem-prn-valley-city-nd,25.85,crma
Valley Mills,certified-residential-medication-aide-per-diem-prn-valley-mills-tx,26.00,crma
Valparaiso,certified-residential-medication-aide-per-diem-prn-valparaiso-fl,25.30,crma
Valparaiso,certified-residential-medication-aide-per-diem-prn-valparaiso-in,25.61,crma
Valrico,certified-residential-medication-aide-per-diem-prn-valrico-fl,25.45,crma
Valyemo,certified-residential-medication-aide-per-diem-prn-valyemo-ca,25.57,crma
Valyermo,certified-residential-medication-aide-per-diem-prn-valyermo-ca,25.37,crma
Van,certified-residential-medication-aide-per-diem-prn-van-tx,25.48,crma
Van Alstyne,certified-residential-medication-aide-per-diem-prn-van-alstyne-tx,25.68,crma
Van Buren,certified-residential-medication-aide-per-diem-prn-van-buren-ar,25.22,crma
Van Horn,certified-residential-medication-aide-per-diem-prn-van-horn-tx,25.67,crma
Vancouver Pleasant Valley,certified-residential-medication-aide-per-diem-prn-vancouver-pleasant-valley-wa,25.99,crma
Vancouver WA,certified-residential-medication-aide-per-diem-prn-vancouver-wa,25.53,crma
Venice FL,certified-residential-medication-aide-per-diem-prn-venice-fl,25.77,crma
Vernal,certified-residential-medication-aide-per-diem-prn-vernal-ut,25.93,crma
Vernon FL,certified-residential-medication-aide-per-diem-prn-vernon-fl,25.38,crma
Vernon Hills IL,certified-residential-medication-aide-per-diem-prn-vernon-hills-il,26.13,crma
Vernon TX,certified-residential-medication-aide-per-diem-prn-vernon-tx,25.87,crma
Vernonia,certified-residential-medication-aide-per-diem-prn-vernonia-or,25.96,crma
Vero Beach FL,certified-residential-medication-aide-per-diem-prn-vero-beach-fl,25.41,crma
Vestavia Hills,certified-residential-medication-aide-per-diem-prn-vestavia-hills-al,26.18,crma
Vian,certified-residential-medication-aide-per-diem-prn-vian-ok,25.47,crma
Victor,certified-residential-medication-aide-per-diem-prn-victor-id,25.32,crma
Victoria,certified-residential-medication-aide-per-diem-prn-victoria-tx,25.61,crma
Victorville,certified-residential-medication-aide-per-diem-prn-victorville-ca,26.11,crma
Vidalia,certified-residential-medication-aide-per-diem-prn-vidalia-ga,25.43,crma
Vidor,certified-residential-medication-aide-per-diem-prn-vidor-tx,25.64,crma
Vienna,certified-residential-medication-aide-per-diem-prn-vienna-wv,25.54,crma
Viera,certified-residential-medication-aide-per-diem-prn-viera-fl,25.78,crma
Vineland,certified-residential-medication-aide-per-diem-prn-vineland-nj,25.37,crma
Virginia Beach,certified-residential-medication-aide-per-diem-prn-virginia-beach-va,25.64,crma
Virginia City,certified-residential-medication-aide-per-diem-prn-virginia-city-nv,26.18,crma
Virginia Gardens,certified-residential-medication-aide-per-diem-prn-virginia-gardens-fl,25.25,crma
Viroqua,certified-residential-medication-aide-per-diem-prn-viroqua-wi,26.18,crma
Vivian,certified-residential-medication-aide-per-diem-prn-vivian-la,25.50,crma
Voorhees,certified-residential-medication-aide-per-diem-prn-voorhees-nj,25.75,crma
Waco,certified-residential-medication-aide-per-diem-prn-waco-tx,25.20,crma
Wadsworth,certified-residential-medication-aide-per-diem-prn-wadsworth-oh,25.23,crma
Waelder,certified-residential-medication-aide-per-diem-prn-waelder-tx,26.10,crma
Wahoo,certified-residential-medication-aide-per-diem-prn-wahoo-ne,25.35,crma
Waimea,certified-residential-medication-aide-per-diem-prn-waimea-hi,25.40,crma
Waipahu,certified-residential-medication-aide-per-diem-prn-waipahu-hi,25.66,crma
Wake Forest,certified-residential-medication-aide-per-diem-prn-wake-forest-nc,25.45,crma
Walden,certified-residential-medication-aide-per-diem-prn-walden-co,25.66,crma
Waldorf,certified-residential-medication-aide-per-diem-prn-waldorf-md,25.85,crma
Waldorf,certified-residential-medication-aide-per-diem-prn-waldorf-md-e6a63,25.66,crma
Waldport,certified-residential-medication-aide-per-diem-prn-waldport-or,26.00,crma
Walhalla,certified-residential-medication-aide-per-diem-prn-walhalla-nd,25.30,crma
Wall Township,certified-residential-medication-aide-per-diem-prn-wall-township-nj,25.53,crma
Walla Walla,certified-residential-medication-aide-per-diem-prn-walla-walla-wa,25.45,crma
Wallace,certified-residential-medication-aide-per-diem-prn-wallace-id,25.57,crma
Waller,certified-residential-medication-aide-per-diem-prn-waller-tx,25.68,crma
Wallingford,certified-residential-medication-aide-per-diem-prn-wallingford-ct,25.22,crma
Walnut Creek,certified-residential-medication-aide-per-diem-prn-walnut-creek-ca,25.67,crma
Walsenburg,certified-residential-medication-aide-per-diem-prn-walsenburg-co,25.48,crma
Walsh,certified-residential-medication-aide-per-diem-prn-walsh-co,25.53,crma
Walterboro,certified-residential-medication-aide-per-diem-prn-walterboro-sc,25.77,crma
Waltham,certified-residential-medication-aide-per-diem-prn-waltham-ma,25.47,crma
Warm Springs,certified-residential-medication-aide-per-diem-prn-warm-springs-mt,25.93,crma
Warminster,certified-residential-medication-aide-per-diem-prn-warminster-pa,25.53,crma
Warner Robins,certified-residential-medication-aide-per-diem-prn-warner-robins-ga,25.95,crma
Warranton,certified-residential-medication-aide-per-diem-prn-warranton-va,25.38,crma
Warren,certified-residential-medication-aide-per-diem-prn-warren-in,26.13,crma
Warren,certified-residential-medication-aide-per-diem-prn-warren-oh,25.85,crma
Warren,certified-residential-medication-aide-per-diem-prn-warren-pa,25.87,crma
Warren,certified-residential-medication-aide-per-diem-prn-warren-ri,25.96,crma
Warren city,certified-residential-medication-aide-per-diem-prn-warren-city-mi,25.84,crma
Warrenton,certified-residential-medication-aide-per-diem-prn-warrenton-or,25.41,crma
Warsaw,certified-residential-medication-aide-per-diem-prn-warsaw-ky,25.47,crma
Warwick,certified-residential-medication-aide-per-diem-prn-warwick-ri,25.32,crma
Washington,certified-residential-medication-aide-per-diem-prn-washington-dc-08039,25.43,crma
Washington,certified-residential-medication-aide-per-diem-prn-washington-ut,25.78,crma
Washington Court House,certified-residential-medication-aide-per-diem-prn-washington-court-house-nd,25.61,crma
Washington DC,certified-residential-medication-aide-per-diem-prn-washington-dc,26.11,crma
Washington Terrace,certified-residential-medication-aide-per-diem-prn-washington-terrace-ut,25.64,crma
Washougal WA,certified-residential-medication-aide-per-diem-prn-washougal-wa,25.37,crma
Wasilla,certified-residential-medication-aide-per-diem-prn-wasilla-ak,25.77,crma
Waskom,certified-residential-medication-aide-per-diem-prn-waskom-tx,25.25,crma
Watauga,certified-residential-medication-aide-per-diem-prn-watauga-tx,26.18,crma
Waterbury,certified-residential-medication-aide-per-diem-prn-waterbury-ct,25.95,crma
Waterbury,certified-residential-medication-aide-per-diem-prn-waterbury-vt,25.53,crma
Waterford,certified-residential-medication-aide-per-diem-prn-waterford-ct,25.40,crma
Waterloo,certified-residential-medication-aide-per-diem-prn-waterloo-ia,25.50,crma
Watertown,certified-residential-medication-aide-per-diem-prn-watertown-ny,25.75,crma
Watertown,certified-residential-medication-aide-per-diem-prn-watertown-sd,25.47,crma
Waterville ME,certified-residential-medication-aide-per-diem-prn-waterville-me,33.01,crma
Watkins CO,certified-residential-medication-aide-per-diem-prn-watkins-co,26.10,crma
Wauchula,certified-residential-medication-aide-per-diem-prn-wauchula-fl,25.35,crma
Wauconda IL,certified-residential-medication-aide-per-diem-prn-wauconda-il-89350,25.40,crma
Waukee,certified-residential-medication-aide-per-diem-prn-waukee-ia,25.87,crma
Waukegan,certified-residential-medication-aide-per-diem-prn-waukegan-il,25.53,crma
Waukesha,certified-residential-medication-aide-per-diem-prn-waukesha-wi-7e11b,25.66,crma
Waukesha city,certified-residential-medication-aide-per-diem-prn-waukesha-city-wi,25.99,crma
Waukon,certified-residential-medication-aide-per-diem-prn-waukon-ia,25.85,crma
Waupun,certified-residential-medication-aide-per-diem-prn-waupun-wi,26.00,crma
Wausau,certified-residential-medication-aide-per-diem-prn-wausau-wi,25.30,crma
Wauwatosa,certified-residential-medication-aide-per-diem-prn-wauwatosa-wi,25.45,crma
Waverly IA,certified-residential-medication-aide-per-diem-prn-waverly-ia,25.57,crma
Waverly OH,certified-residential-medication-aide-per-diem-prn-waverly-oh,25.68,crma
Waxahachie,certified-residential-medication-aide-per-diem-prn-waxahachie-tx,25.22,crma
Waycross,certified-residential-medication-aide-per-diem-prn-waycross-ga,25.67,crma
Wayne,certified-residential-medication-aide-per-diem-prn-wayne-nj,25.48,crma
Weatherford,certified-residential-medication-aide-per-diem-prn-weatherford-tx,25.53,crma
Weatherly,certified-residential-medication-aide-per-diem-prn-weatherly-pa,25.77,crma
Weaverville,certified-residential-medication-aide-per-diem-prn-weaverville-ca,25.93,crma
Weaverville,certified-residential-medication-aide-per-diem-prn-weaverville-nc,25.38,crma
Webster,certified-residential-medication-aide-per-diem-prn-webster-tx,26.13,crma
Webster Groves,certified-residential-medication-aide-per-diem-prn-webster-groves-mo,25.49,crma
Weeki Wachee,certified-residential-medication-aide-per-diem-prn-weeki-wachee-fl,25.87,crma
Weimar,certified-residential-medication-aide-per-diem-prn-weimar-tx,25.96,crma
Weirsdale,certified-residential-medication-aide-per-diem-prn-weirsdale-fl,25.41,crma
Weirton,certified-residential-medication-aide-per-diem-prn-weirton-wv,25.47,crma
Weiser,certified-residential-medication-aide-per-diem-prn-weiser-id,25.32,crma
Welaka,certified-residential-medication-aide-per-diem-prn-welaka-fl,25.61,crma
Welches,certified-residential-medication-aide-per-diem-prn-welches-or,26.11,crma
Wellington,certified-residential-medication-aide-per-diem-prn-wellington-tx,25.78,crma
Wellington FL,certified-residential-medication-aide-per-diem-prn-wellington-fl,25.43,crma
Wellington NV,certified-residential-medication-aide-per-diem-prn-wellington-nv,25.64,crma
Wells,certified-residential-medication-aide-per-diem-prn-wells-tx,25.37,crma
Wellsboro,certified-residential-medication-aide-per-diem-prn-wellsboro-pa,25.25,crma
Wellsville,certified-residential-medication-aide-per-diem-prn-wellsville-mo,25.68,crma
Wellton,certified-residential-medication-aide-per-diem-prn-wellton-az,26.18,crma
Wenatchee,certified-residential-medication-aide-per-diem-prn-wenatchee-wa,25.50,crma
Wendell,certified-residential-medication-aide-per-diem-prn-wendell-id,25.75,crma
Wentzville,certified-residential-medication-aide-per-diem-prn-wentzville-mo,25.00,crma
Weslaco,certified-residential-medication-aide-per-diem-prn-weslaco-tx,25.20,crma
Wesley Chapel,certified-residential-medication-aide-per-diem-prn-wesley-chapel-fl,26.10,crma
West,certified-residential-medication-aide-per-diem-prn-west-tx,25.61,crma
West Allis,certified-residential-medication-aide-per-diem-prn-west-allis-wi,25.03,crma
West Bend,certified-residential-medication-aide-per-diem-prn-west-bend-wi,25.68,crma
West Bountiful,certified-residential-medication-aide-per-diem-prn-west-bountiful-ut,25.35,crma
West Branch,certified-residential-medication-aide-per-diem-prn-west-branch-mi,25.40,crma
West Burlington,certified-residential-medication-aide-per-diem-prn-west-burlington-ia,25.66,crma
West Caldwell,certified-residential-medication-aide-per-diem-prn-west-caldwell-nj,25.85,crma
West Columbia TX,certified-residential-medication-aide-per-diem-prn-west-columbia-tx,26.00,crma
West Des Moines,certified-residential-medication-aide-per-diem-prn-west-des-moines-ia,25.30,crma
West Hartford,certified-residential-medication-aide-per-diem-prn-west-hartford-ct,26.00,crma
West Haven,certified-residential-medication-aide-per-diem-prn-west-haven-ct,25.54,crma
West Haven,certified-residential-medication-aide-per-diem-prn-west-haven-ut,25.45,crma
West Hills,certified-residential-medication-aide-per-diem-prn-west-hills-ca,25.57,crma
West Jordan,certified-residential-medication-aide-per-diem-prn-west-jordan-ut,25.68,crma
West Lafayette,certified-residential-medication-aide-per-diem-prn-west-lafayette-in,25.43,crma
West Lake Hills,certified-residential-medication-aide-per-diem-prn-west-lake-hills-tx,25.22,crma
West Liberty,certified-residential-medication-aide-per-diem-prn-west-liberty-ky,25.67,crma
West Linn OR,certified-residential-medication-aide-per-diem-prn-west-linn-or,25.48,crma
West Little River,certified-residential-medication-aide-per-diem-prn-west-little-river-fl,25.64,crma
West Melbourne,certified-residential-medication-aide-per-diem-prn-west-melbourne-fl,25.53,crma
West Memphis,certified-residential-medication-aide-per-diem-prn-west-memphis-ar,25.68,crma
West Miami,certified-residential-medication-aide-per-diem-prn-west-miami-fl,25.77,crma
West Monroe,certified-residential-medication-aide-per-diem-prn-west-monroe-la,25.93,crma
West Palm Beach,certified-residential-medication-aide-per-diem-prn-west-palm-beach-fl,26.13,crma
WEST PALM BEACH,certified-residential-medication-aide-per-diem-prn-west-palm-beach-1-fl,25.38,crma
West Park,certified-residential-medication-aide-per-diem-prn-west-park-fl,25.87,crma
West Point TX,certified-residential-medication-aide-per-diem-prn-west-point-tx,25.96,crma
West Point UT,certified-residential-medication-aide-per-diem-prn-west-point-ut,25.41,crma
West Sacramento,certified-residential-medication-aide-per-diem-prn-west-sacramento-ca,25.74,crma
West Salem,certified-residential-medication-aide-per-diem-prn-west-salem-wi,25.32,crma
West Union,certified-residential-medication-aide-per-diem-prn-west-union-ia,26.11,crma
West Valley,certified-residential-medication-aide-per-diem-prn-west-valley-ut,25.64,crma
West Valley City,certified-residential-medication-aide-per-diem-prn-west-valley-city-ut,25.43,crma
West Warwick,certified-residential-medication-aide-per-diem-prn-west-warwick-ri,25.61,crma
West Wendover,certified-residential-medication-aide-per-diem-prn-west-wendover-nv,25.78,crma
Westbrook,certified-residential-medication-aide-per-diem-prn-westbrook-me,25.78,crma
Westchester,certified-residential-medication-aide-per-diem-prn-westchester-fl,25.43,crma
Westcliffe,certified-residential-medication-aide-per-diem-prn-westcliffe-co,25.37,crma
Westerly,certified-residential-medication-aide-per-diem-prn-westerly-ri,26.18,crma
Westerville,certified-residential-medication-aide-per-diem-prn-westerville-oh,26.18,crma
Westfield,certified-residential-medication-aide-per-diem-prn-westfield-in,25.84,crma
Westfield NJ,certified-residential-medication-aide-per-diem-prn-westfield-nj,25.79,crma
Westhampton,certified-residential-medication-aide-per-diem-prn-westhampton-ny,25.25,crma
Westlake,certified-residential-medication-aide-per-diem-prn-westlake-oh,26.11,crma
Westland,certified-residential-medication-aide-per-diem-prn-westland-mi,25.23,crma
Westminster CO,certified-residential-medication-aide-per-diem-prn-westminster-co,25.32,crma
Westmont,certified-residential-medication-aide-per-diem-prn-westmont-il,25.50,crma
Weston,certified-residential-medication-aide-per-diem-prn-weston-fl,25.75,crma
Wetumpka,certified-residential-medication-aide-per-diem-prn-wetumpka-al,25.20,crma
Wewahitchka,certified-residential-medication-aide-per-diem-prn-wewahitchka-fl,26.10,crma
Weymouth Town,certified-residential-medication-aide-per-diem-prn-weymouth-town-ma,25.65,crma
Wharton,certified-residential-medication-aide-per-diem-prn-wharton-tx,25.35,crma
Wheat Ridge Bel Aire,certified-residential-medication-aide-per-diem-prn-wheat-ridge-bel-aire-co,25.40,crma
Wheat Ridge CO,certified-residential-medication-aide-per-diem-prn-wheat-ridge-co,25.66,crma
Wheaton,certified-residential-medication-aide-per-diem-prn-wheaton-il,25.85,crma
Wheaton,certified-residential-medication-aide-per-diem-prn-wheaton-md,25.47,crma
Wheeler OR,certified-residential-medication-aide-per-diem-prn-wheeler-or,26.00,crma
Wheeler TX,certified-residential-medication-aide-per-diem-prn-wheeler-tx,25.30,crma
Wheeling,certified-residential-medication-aide-per-diem-prn-wheeling-wv,25.45,crma
White City,certified-residential-medication-aide-per-diem-prn-white-city-or,25.57,crma
White Plains,certified-residential-medication-aide-per-diem-prn-white-plains-ny,25.78,crma
White River Junction,certified-residential-medication-aide-per-diem-prn-white-river-junction-vt,25.68,crma
White Settlement,certified-residential-medication-aide-per-diem-prn-white-settlement-tx,25.22,crma
White Sulphur Springs,certified-residential-medication-aide-per-diem-prn-white-sulphur-springs-mt,25.67,crma
Whitefish,certified-residential-medication-aide-per-diem-prn-whitefish-mt,26.10,crma
Whitehall,certified-residential-medication-aide-per-diem-prn-whitehall-oh,25.84,crma
Whitehouse,certified-residential-medication-aide-per-diem-prn-whitehouse-tx,25.48,crma
Whiteriver,certified-residential-medication-aide-per-diem-prn-whiteriver-az,25.53,crma
Whitesboro,certified-residential-medication-aide-per-diem-prn-whitesboro-tx,25.77,crma
Whiting,certified-residential-medication-aide-per-diem-prn-whiting-nj,25.93,crma
Whitney,certified-residential-medication-aide-per-diem-prn-whitney-nv,25.14,crma
Whitney,certified-residential-medication-aide-per-diem-prn-whitney-tx,25.38,crma
Wichita Falls,certified-residential-medication-aide-per-diem-prn-wichita-falls-tx,26.13,crma
Wichita KS,certified-residential-medication-aide-per-diem-prn-wichita-ks,25.87,crma
Wichita Riverside,certified-residential-medication-aide-per-diem-prn-wichita-riverside-ks,25.49,crma
Wickenburg,certified-residential-medication-aide-per-diem-prn-wickenburg-az,25.96,crma
Wiggins,certified-residential-medication-aide-per-diem-prn-wiggins-co,25.41,crma
Wildwood,certified-residential-medication-aide-per-diem-prn-wildwood-fl,25.47,crma
Wildwood,certified-residential-medication-aide-per-diem-prn-wildwood-mo,25.23,crma
Wiley,certified-residential-medication-aide-per-diem-prn-wiley-co,25.32,crma
Wilkes Barre,certified-residential-medication-aide-per-diem-prn-wilkes-barre-pa,25.61,crma
Wilkes-Barre City,certified-residential-medication-aide-per-diem-prn-wilkes-barre-city-pa,26.11,crma
Wilkesboro,certified-residential-medication-aide-per-diem-prn-wilkesboro-nc,26.11,crma
Willamina,certified-residential-medication-aide-per-diem-prn-willamina-or,25.43,crma
Willcox,certified-residential-medication-aide-per-diem-prn-willcox-az,25.64,crma
Williams,certified-residential-medication-aide-per-diem-prn-williams-az,25.78,crma
Williamsport,certified-residential-medication-aide-per-diem-prn-williamsport-md,25.37,crma
Williamsport,certified-residential-medication-aide-per-diem-prn-williamsport-pa,25.40,crma
Williamstown,certified-residential-medication-aide-per-diem-prn-williamstown-nj,25.25,crma
Willimantic,certified-residential-medication-aide-per-diem-prn-willimantic-ct,25.44,crma
Willis,certified-residential-medication-aide-per-diem-prn-willis-tx,26.18,crma
Williston,certified-residential-medication-aide-per-diem-prn-williston-vt,25.40,crma
Williston FL,certified-residential-medication-aide-per-diem-prn-williston-fl,25.50,crma
Williston ND,certified-residential-medication-aide-per-diem-prn-williston-nd,25.75,crma
Willoughby,certified-residential-medication-aide-per-diem-prn-willoughby-oh,25.92,crma
Willow Park,certified-residential-medication-aide-per-diem-prn-willow-park-tx,25.20,crma
Wills Point,certified-residential-medication-aide-per-diem-prn-wills-point-tx,26.10,crma
Wilmington,certified-residential-medication-aide-per-diem-prn-wilmington-nc,26.10,crma
Wilmington DE,certified-residential-medication-aide-per-diem-prn-wilmington-de,25.35,crma
Wilmington Historic District,certified-residential-medication-aide-per-diem-prn-wilmington-historic-district-nc,25.12,crma
Wilson,certified-residential-medication-aide-per-diem-prn-wilson-nc,25.67,crma
Wilsonville,certified-residential-medication-aide-per-diem-prn-wilsonville-or,25.40,crma
Wilton Manors,certified-residential-medication-aide-per-diem-prn-wilton-manors-fl,25.66,crma
Wimauma,certified-residential-medication-aide-per-diem-prn-wimauma-fl,25.85,crma
Wimberley TX,certified-residential-medication-aide-per-diem-prn-wimberley-tx,26.00,crma
Winchester,certified-residential-medication-aide-per-diem-prn-winchester-ky,26.00,crma
Winchester,certified-residential-medication-aide-per-diem-prn-winchester-nv,25.95,crma
Windcrest,certified-residential-medication-aide-per-diem-prn-windcrest-tx,25.30,crma
Windham,certified-residential-medication-aide-per-diem-prn-windham-me,25.43,crma
Windsor CO,certified-residential-medication-aide-per-diem-prn-windsor-co,25.45,crma
Windsor VT,certified-residential-medication-aide-per-diem-prn-windsor-vt,25.57,crma
Winnemucca,certified-residential-medication-aide-per-diem-prn-winnemucca-nv,25.68,crma
Winnie,certified-residential-medication-aide-per-diem-prn-winnie-tx,25.22,crma
Winnsboro,certified-residential-medication-aide-per-diem-prn-winnsboro-tx,25.67,crma
Winooski,certified-residential-medication-aide-per-diem-prn-winooski-vt,25.48,crma
Winslow,certified-residential-medication-aide-per-diem-prn-winslow-az,25.48,crma
Winston,certified-residential-medication-aide-per-diem-prn-winston-or,25.53,crma
Winston-Salem,certified-residential-medication-aide-per-diem-prn-winston-salem-nc,25.43,crma
Winter Garden,certified-residential-medication-aide-per-diem-prn-winter-garden-fl,25.77,crma
Winter Haven,certified-residential-medication-aide-per-diem-prn-winter-haven-fl,25.93,crma
Winter Park CO,certified-residential-medication-aide-per-diem-prn-winter-park-co,25.38,crma
Winter Park FL,certified-residential-medication-aide-per-diem-prn-winter-park-fl,26.13,crma
Winter Springs,certified-residential-medication-aide-per-diem-prn-winter-springs-fl,25.87,crma
Winters,certified-residential-medication-aide-per-diem-prn-winters-tx,25.96,crma
Winthrop,certified-residential-medication-aide-per-diem-prn-winthrop-me,33.01,crma
Wisconsin Rapids,certified-residential-medication-aide-per-diem-prn-wisconsin-rapids-wi,25.47,crma
Wittmann,certified-residential-medication-aide-per-diem-prn-wittmann-az,25.32,crma
Wolcottville,certified-residential-medication-aide-per-diem-prn-wolcottville-in,25.61,crma
Wolf Point,certified-residential-medication-aide-per-diem-prn-wolf-point-mt,26.11,crma
Wolfforth,certified-residential-medication-aide-per-diem-prn-wolfforth-tx,25.43,crma
Wood Village,certified-residential-medication-aide-per-diem-prn-wood-village-or,25.64,crma
Woodbridge,certified-residential-medication-aide-per-diem-prn-woodbridge-va,25.78,crma
Woodburn,certified-residential-medication-aide-per-diem-prn-woodburn-or,25.37,crma
Woodbury,certified-residential-medication-aide-per-diem-prn-woodbury-mn,26.18,crma
Woodbury,certified-residential-medication-aide-per-diem-prn-woodbury-nj,25.25,crma
Woodcliff Lake,certified-residential-medication-aide-per-diem-prn-woodcliff-lake-nj,26.18,crma
Woodland Park,certified-residential-medication-aide-per-diem-prn-woodland-park-co,25.50,crma
Woodlawn CDP,certified-residential-medication-aide-per-diem-prn-woodlawn-cdp-md,25.77,crma
Woods Cross,certified-residential-medication-aide-per-diem-prn-woods-cross-ut,25.75,crma
Woodsboro,certified-residential-medication-aide-per-diem-prn-woodsboro-tx,25.20,crma
Woodstock,certified-residential-medication-aide-per-diem-prn-woodstock-ga,25.59,crma
Woodsville,certified-residential-medication-aide-per-diem-prn-woodsville-nh,26.10,crma
Woodville TX,certified-residential-medication-aide-per-diem-prn-woodville-tx,25.35,crma
Woodville WI,certified-residential-medication-aide-per-diem-prn-woodville-wi,25.40,crma
Woodway,certified-residential-medication-aide-per-diem-prn-woodway-tx,25.66,crma
Woonsocket,certified-residential-medication-aide-per-diem-prn-woonsocket-ri,25.66,crma
Wooster,certified-residential-medication-aide-per-diem-prn-wooster-oh,25.14,crma
Worcester,certified-residential-medication-aide-per-diem-prn-worcester-ma,25.85,crma
Wrangell,certified-residential-medication-aide-per-diem-prn-wrangell-ak,26.00,crma
Wray,certified-residential-medication-aide-per-diem-prn-wray-co,25.30,crma
Wyckoff,certified-residential-medication-aide-per-diem-prn-wyckoff-nj,25.68,crma
Wylie,certified-residential-medication-aide-per-diem-prn-wylie-tx,25.45,crma
Wyoming,certified-residential-medication-aide-per-diem-prn-wyoming-mi,25.03,crma
Xenia,certified-residential-medication-aide-per-diem-prn-xenia-oh,26.00,crma
Yakima WA,certified-residential-medication-aide-per-diem-prn-yakima-wa,25.57,crma
Yankton,certified-residential-medication-aide-per-diem-prn-yankton-sd,25.68,crma
Yarmouth,certified-residential-medication-aide-per-diem-prn-yarmouth-me,25.59,crma
Yazoo City,certified-residential-medication-aide-per-diem-prn-yazoo-city-ms,25.22,crma
Ybor City,certified-residential-medication-aide-per-diem-prn-ybor-city-fl,25.67,crma
Yelm,certified-residential-medication-aide-per-diem-prn-yelm-wa,25.68,crma
Yerington,certified-residential-medication-aide-per-diem-prn-yerington-nv,25.48,crma
Yoakum,certified-residential-medication-aide-per-diem-prn-yoakum-tx,25.53,crma
Yonkers,certified-residential-medication-aide-per-diem-prn-yonkers-ny,25.14,crma
York City,certified-residential-medication-aide-per-diem-prn-york-city-pa,25.43,crma
York PA,certified-residential-medication-aide-per-diem-prn-york-pa,25.77,crma
Yorktown IN,certified-residential-medication-aide-per-diem-prn-yorktown-in,25.93,crma
Yorktown TX,certified-residential-medication-aide-per-diem-prn-yorktown-tx,25.38,crma
Youngstown,certified-residential-medication-aide-per-diem-prn-youngstown-oh,25.53,crma
Youngtown,certified-residential-medication-aide-per-diem-prn-youngtown-az,26.13,crma
Yuba City,certified-residential-medication-aide-per-diem-prn-yuba-city-ca,25.87,crma
Yucca Valley,certified-residential-medication-aide-per-diem-prn-yucca-valley-ca,25.79,crma
Yukon,certified-residential-medication-aide-per-diem-prn-yukon-ok,25.49,crma
Yulee,certified-residential-medication-aide-per-diem-prn-yulee-fl,25.96,crma
Yuma AZ,certified-residential-medication-aide-per-diem-prn-yuma-az,25.41,crma
Yuma CO,certified-residential-medication-aide-per-diem-prn-yuma-co,25.47,crma
Zachary,certified-residential-medication-aide-per-diem-prn-zachary-la,25.32,crma
Zanesville,certified-residential-medication-aide-per-diem-prn-zanesville-nd,25.61,crma
Zapata,certified-residential-medication-aide-per-diem-prn-zapata-tx,26.11,crma
Zephyr Cove,certified-residential-medication-aide-per-diem-prn-zephyr-cove-nv,25.43,crma
Zephyrhills,certified-residential-medication-aide-per-diem-prn-zephyrhills-fl,25.64,crma
Zion,certified-residential-medication-aide-per-diem-prn-zion-il,25.25,crma
