name,slug,pay,license
700 Smith St,geriatric-nursing-assistant-per-diem-prn-700-smith-st-ri,25.25,gna
Aberdeen ID,geriatric-nursing-assistant-per-diem-prn-aberdeen-id,26.18,gna
Aberdeen SD,geriatric-nursing-assistant-per-diem-prn-aberdeen-sd,25.50,gna
Aberdeen WA,geriatric-nursing-assistant-per-diem-prn-aberdeen-wa,25.75,gna
Abernathy,geriatric-nursing-assistant-per-diem-prn-abernathy-tx,25.20,gna
Abilene,geriatric-nursing-assistant-per-diem-prn-abilene-tx,26.10,gna
Abingdon,geriatric-nursing-assistant-per-diem-prn-abingdon-va,25.35,gna
Abington,geriatric-nursing-assistant-per-diem-prn-abington-pa,25.32,gna
Absecon,geriatric-nursing-assistant-per-diem-prn-absecon-nj,25.45,gna
Addison,geriatric-nursing-assistant-per-diem-prn-addison-tx,25.40,gna
Affton,geriatric-nursing-assistant-per-diem-prn-affton-mo,25.61,gna
Aiken,geriatric-nursing-assistant-per-diem-prn-aiken-sc,25.66,gna
Ajo,geriatric-nursing-assistant-per-diem-prn-ajo-az,25.85,gna
Akron,geriatric-nursing-assistant-per-diem-prn-akron-co,26.00,gna
Akron,geriatric-nursing-assistant-per-diem-prn-akron-oh,25.30,gna
Alabaster,geriatric-nursing-assistant-per-diem-prn-alabaster-al,25.20,gna
Alachua,geriatric-nursing-assistant-per-diem-prn-alachua-fl,25.45,gna
Alafaya,geriatric-nursing-assistant-per-diem-prn-alafaya-fl,25.65,gna
Alamo,geriatric-nursing-assistant-per-diem-prn-alamo-tx,25.57,gna
Alamogordo,geriatric-nursing-assistant-per-diem-prn-alamogordo-nm,25.25,gna
Alamosa,geriatric-nursing-assistant-per-diem-prn-alamosa-co,25.68,gna
Albany,geriatric-nursing-assistant-per-diem-prn-albany-ny,25.61,gna
Albany GA,geriatric-nursing-assistant-per-diem-prn-albany-ga,26.00,gna
Albany OR,geriatric-nursing-assistant-per-diem-prn-albany-or,25.22,gna
Albany TX,geriatric-nursing-assistant-per-diem-prn-albany-tx,25.67,gna
Albertville,geriatric-nursing-assistant-per-diem-prn-albertville-al,25.45,gna
Albia,geriatric-nursing-assistant-per-diem-prn-albia-ia,25.48,gna
Albion,geriatric-nursing-assistant-per-diem-prn-albion-mi,25.53,gna
Albuquerque,geriatric-nursing-assistant-per-diem-prn-albuquerque-nm,25.77,gna
Aledo IL,geriatric-nursing-assistant-per-diem-prn-aledo-il,25.93,gna
Aledo TX,geriatric-nursing-assistant-per-diem-prn-aledo-tx,25.38,gna
Alexander City,geriatric-nursing-assistant-per-diem-prn-alexander-city-al,26.13,gna
Alexandria LA,geriatric-nursing-assistant-per-diem-prn-alexandria-la,25.87,gna
Alexandria VA,geriatric-nursing-assistant-per-diem-prn-alexandria-va,25.96,gna
Alhambra,geriatric-nursing-assistant-per-diem-prn-alhambra-ca,25.41,gna
Alice,geriatric-nursing-assistant-per-diem-prn-alice-tx,25.47,gna
Allen,geriatric-nursing-assistant-per-diem-prn-allen-tx,25.32,gna
Allentown,geriatric-nursing-assistant-per-diem-prn-allentown-pa,25.32,gna
Alliance,geriatric-nursing-assistant-per-diem-prn-alliance-ne,25.61,gna
Alliance,geriatric-nursing-assistant-per-diem-prn-alliance-oh,25.03,gna
Alma,geriatric-nursing-assistant-per-diem-prn-alma-mi,26.11,gna
Aloha,geriatric-nursing-assistant-per-diem-prn-aloha-or,25.61,gna
Alpena,geriatric-nursing-assistant-per-diem-prn-alpena-mi,25.43,gna
Alpharetta,geriatric-nursing-assistant-per-diem-prn-alpharetta-ga,25.45,gna
Alpine,geriatric-nursing-assistant-per-diem-prn-alpine-tx,25.64,gna
Alpine,geriatric-nursing-assistant-per-diem-prn-alpine-ut,25.78,gna
Alsea,geriatric-nursing-assistant-per-diem-prn-alsea-or,25.37,gna
Altamonte Springs,geriatric-nursing-assistant-per-diem-prn-altamonte-springs-fl,25.25,gna
Alto,geriatric-nursing-assistant-per-diem-prn-alto-tx,26.18,gna
Alton,geriatric-nursing-assistant-per-diem-prn-alton-tx,25.50,gna
Altoona,geriatric-nursing-assistant-per-diem-prn-altoona-0-wi,25.75,gna
Altoona,geriatric-nursing-assistant-per-diem-prn-altoona-fl,25.20,gna
Altoona,geriatric-nursing-assistant-per-diem-prn-altoona-pa,25.64,gna
Altoona IA,geriatric-nursing-assistant-per-diem-prn-altoona-ia,25.67,gna
Alturas,geriatric-nursing-assistant-per-diem-prn-alturas-ca,26.10,gna
Alvarado,geriatric-nursing-assistant-per-diem-prn-alvarado-tx,25.35,gna
Alvin,geriatric-nursing-assistant-per-diem-prn-alvin-tx,25.40,gna
Alvord,geriatric-nursing-assistant-per-diem-prn-alvord-tx,25.66,gna
Amado,geriatric-nursing-assistant-per-diem-prn-amado-az,25.85,gna
Amargosa Valley,geriatric-nursing-assistant-per-diem-prn-amargosa-valley-nv,26.00,gna
Amarillo,geriatric-nursing-assistant-per-diem-prn-amarillo-tx,25.30,gna
American Falls,geriatric-nursing-assistant-per-diem-prn-american-falls-id,25.45,gna
American Fork,geriatric-nursing-assistant-per-diem-prn-american-fork-ut,25.57,gna
Ames,geriatric-nursing-assistant-per-diem-prn-ames-ia,25.68,gna
Amherst,geriatric-nursing-assistant-per-diem-prn-amherst-8-va,25.22,gna
Amherst,geriatric-nursing-assistant-per-diem-prn-amherst-ny,25.03,gna
Amherst,geriatric-nursing-assistant-per-diem-prn-amherst-tx,25.67,gna
Ammon ID,geriatric-nursing-assistant-per-diem-prn-ammon-id,25.48,gna
Amsterdam,geriatric-nursing-assistant-per-diem-prn-amsterdam-ny,25.53,gna
Anaconda,geriatric-nursing-assistant-per-diem-prn-anaconda-mt,25.77,gna
Anacortes,geriatric-nursing-assistant-per-diem-prn-anacortes-wa,25.93,gna
Anaheim,geriatric-nursing-assistant-per-diem-prn-anaheim-ca,25.38,gna
Anahuac,geriatric-nursing-assistant-per-diem-prn-anahuac-tx,26.13,gna
Anchorage,geriatric-nursing-assistant-per-diem-prn-anchorage-ak,25.87,gna
Anderson,geriatric-nursing-assistant-per-diem-prn-anderson-in,25.00,gna
Anderson,geriatric-nursing-assistant-per-diem-prn-anderson-sc,25.61,gna
Andover,geriatric-nursing-assistant-per-diem-prn-andover-mn,26.11,gna
Andrews,geriatric-nursing-assistant-per-diem-prn-andrews-tx,25.96,gna
Aneta,geriatric-nursing-assistant-per-diem-prn-aneta-nd,25.41,gna
Angelus Oaks,geriatric-nursing-assistant-per-diem-prn-angelus-oaks-ca,25.47,gna
Angleton,geriatric-nursing-assistant-per-diem-prn-angleton-tx,25.32,gna
Anita,geriatric-nursing-assistant-per-diem-prn-anita-ia,25.66,gna
Ankeny,geriatric-nursing-assistant-per-diem-prn-ankeny-ia,26.11,gna
Ann Arbor,geriatric-nursing-assistant-per-diem-prn-ann-arbor-mi,25.43,gna
Annandale,geriatric-nursing-assistant-per-diem-prn-annandale-va,25.61,gna
Annapolis,geriatric-nursing-assistant-per-diem-prn-annapolis-md-1c923,25.61,gna
Annapolis MD,geriatric-nursing-assistant-per-diem-prn-annapolis-md,26.11,gna
Anniston,geriatric-nursing-assistant-per-diem-prn-anniston-al,25.38,gna
Anson,geriatric-nursing-assistant-per-diem-prn-anson-tx,25.43,gna
Anthem,geriatric-nursing-assistant-per-diem-prn-anthem-az,25.64,gna
Antigo,geriatric-nursing-assistant-per-diem-prn-antigo-wi,25.78,gna
Antonito,geriatric-nursing-assistant-per-diem-prn-antonito-co,25.37,gna
Any City,geriatric-nursing-assistant-per-diem-prn-any-city-or,25.25,gna
Apache Junction AZ,geriatric-nursing-assistant-per-diem-prn-apache-junction-az,26.18,gna
Apalachicola,geriatric-nursing-assistant-per-diem-prn-apalachicola-fl,25.50,gna
Apex,geriatric-nursing-assistant-per-diem-prn-apex-nc,26.00,gna
Apollo Beach,geriatric-nursing-assistant-per-diem-prn-apollo-beach-fl,25.75,gna
Apopka,geriatric-nursing-assistant-per-diem-prn-apopka-fl,25.20,gna
Apple Valley,geriatric-nursing-assistant-per-diem-prn-apple-valley-mn,25.67,gna
Appleton,geriatric-nursing-assistant-per-diem-prn-appleton-wi,25.50,gna
Aransas Pass,geriatric-nursing-assistant-per-diem-prn-aransas-pass-tx,26.10,gna
Arcadia,geriatric-nursing-assistant-per-diem-prn-arcadia-fl,25.35,gna
Arcata,geriatric-nursing-assistant-per-diem-prn-arcata-ca,25.40,gna
Archer,geriatric-nursing-assistant-per-diem-prn-archer-fl,25.85,gna
Archer City,geriatric-nursing-assistant-per-diem-prn-archer-city-tx,25.66,gna
Arco,geriatric-nursing-assistant-per-diem-prn-arco-id,26.00,gna
Ardmore,geriatric-nursing-assistant-per-diem-prn-ardmore-ok,25.85,gna
Arivaca,geriatric-nursing-assistant-per-diem-prn-arivaca-az,25.30,gna
Arizona City,geriatric-nursing-assistant-per-diem-prn-arizona-city-az,25.45,gna
Arlington,geriatric-nursing-assistant-per-diem-prn-arlington-ma,25.83,gna
Arlington Heights,geriatric-nursing-assistant-per-diem-prn-arlington-heights-il,25.64,gna
Arlington TX,geriatric-nursing-assistant-per-diem-prn-arlington-tx,26.18,gna
Arlington VA,geriatric-nursing-assistant-per-diem-prn-arlington-va,25.57,gna
Arlington WA,geriatric-nursing-assistant-per-diem-prn-arlington-wa,25.68,gna
Arnold,geriatric-nursing-assistant-per-diem-prn-arnold-mo,25.43,gna
Artesia,geriatric-nursing-assistant-per-diem-prn-artesia-nm,25.22,gna
Arvada,geriatric-nursing-assistant-per-diem-prn-arvada-co,25.67,gna
Ash Fork,geriatric-nursing-assistant-per-diem-prn-ash-fork-az,25.48,gna
Ashburn,geriatric-nursing-assistant-per-diem-prn-ashburn-va,25.53,gna
Asheville Charlotte Street,geriatric-nursing-assistant-per-diem-prn-asheville-charlotte-street-nc,25.38,gna
Asheville NC,geriatric-nursing-assistant-per-diem-prn-asheville-nc,25.77,gna
Ashland,geriatric-nursing-assistant-per-diem-prn-ashland-ky,25.59,gna
Ashland City,geriatric-nursing-assistant-per-diem-prn-ashland-city-tn,25.48,gna
Ashland OR,geriatric-nursing-assistant-per-diem-prn-ashland-or,25.93,gna
Ashland WI,geriatric-nursing-assistant-per-diem-prn-ashland-wi,25.38,gna
Ashley,geriatric-nursing-assistant-per-diem-prn-ashley-nd,26.13,gna
Ashley,geriatric-nursing-assistant-per-diem-prn-ashley-oh,25.87,gna
Ashton,geriatric-nursing-assistant-per-diem-prn-ashton-id,25.96,gna
Aspen CO,geriatric-nursing-assistant-per-diem-prn-aspen-co,25.41,gna
Aspen Hill,geriatric-nursing-assistant-per-diem-prn-aspen-hill-md,25.38,gna
Aspermont,geriatric-nursing-assistant-per-diem-prn-aspermont-tx,25.47,gna
Astoria OR,geriatric-nursing-assistant-per-diem-prn-astoria-or,25.32,gna
Athens,geriatric-nursing-assistant-per-diem-prn-athens-al,25.48,gna
Athens,geriatric-nursing-assistant-per-diem-prn-athens-ga,25.22,gna
Athens,geriatric-nursing-assistant-per-diem-prn-athens-oh,25.74,gna
Athens,geriatric-nursing-assistant-per-diem-prn-athens-tx,25.61,gna
Atlanta,geriatric-nursing-assistant-per-diem-prn-atlanta-tx,26.11,gna
Atlanta Buckhead,geriatric-nursing-assistant-per-diem-prn-atlanta-buckhead-ga,25.54,gna
Atlanta GA,geriatric-nursing-assistant-per-diem-prn-atlanta-ga,25.68,gna
Atlanta South Downtown,geriatric-nursing-assistant-per-diem-prn-atlanta-south-downtown-ga,25.26,gna
Atlantic,geriatric-nursing-assistant-per-diem-prn-atlantic-ia,25.64,gna
Atlantic Beach,geriatric-nursing-assistant-per-diem-prn-atlantic-beach-fl,25.43,gna
Atlantic City,geriatric-nursing-assistant-per-diem-prn-atlantic-city-nj,25.99,gna
Atlantis,geriatric-nursing-assistant-per-diem-prn-atlantis-fl,25.78,gna
Attalla,geriatric-nursing-assistant-per-diem-prn-attalla-al,25.37,gna
Attleboro,geriatric-nursing-assistant-per-diem-prn-attleboro-ma,25.95,gna
Atwood,geriatric-nursing-assistant-per-diem-prn-atwood-ks,26.18,gna
Aubrey,geriatric-nursing-assistant-per-diem-prn-aubrey-tx,25.25,gna
Auburn,geriatric-nursing-assistant-per-diem-prn-auburn-al,25.75,gna
Auburn,geriatric-nursing-assistant-per-diem-prn-auburn-me,25.61,gna
Auburn IN,geriatric-nursing-assistant-per-diem-prn-auburn-in,26.18,gna
Auburn NY,geriatric-nursing-assistant-per-diem-prn-auburn-ny,25.50,gna
Auburn WA,geriatric-nursing-assistant-per-diem-prn-auburn-wa,25.75,gna
Auburndale,geriatric-nursing-assistant-per-diem-prn-auburndale-fl,25.20,gna
Augusta,geriatric-nursing-assistant-per-diem-prn-augusta-ga,25.30,gna
Augusta,geriatric-nursing-assistant-per-diem-prn-augusta-me,25.50,gna
Aumsville,geriatric-nursing-assistant-per-diem-prn-aumsville-or,26.10,gna
Aurora,geriatric-nursing-assistant-per-diem-prn-aurora-co,25.35,gna
Aurora,geriatric-nursing-assistant-per-diem-prn-aurora-il,25.67,gna
Aurora East Ridge - Ptarmigan Park,geriatric-nursing-assistant-per-diem-prn-aurora-east-ridge-ptarmigan-park-co,25.19,gna
Aurora Heather Gardens,geriatric-nursing-assistant-per-diem-prn-aurora-heather-gardens-co,25.48,gna
Austin NV,geriatric-nursing-assistant-per-diem-prn-austin-nv,25.40,gna
Austin TX,geriatric-nursing-assistant-per-diem-prn-austin-tx,25.66,gna
Austintown,geriatric-nursing-assistant-per-diem-prn-austintown-oh,25.03,gna
Avalon,geriatric-nursing-assistant-per-diem-prn-avalon-ca,25.85,gna
Ave Maria,geriatric-nursing-assistant-per-diem-prn-ave-maria-fl,26.00,gna
Aventura,geriatric-nursing-assistant-per-diem-prn-aventura-fl,25.30,gna
Avinger,geriatric-nursing-assistant-per-diem-prn-avinger-tx,25.45,gna
Avon,geriatric-nursing-assistant-per-diem-prn-avon-oh,25.03,gna
Avon CO,geriatric-nursing-assistant-per-diem-prn-avon-co,25.57,gna
Avon CT,geriatric-nursing-assistant-per-diem-prn-avon-ct,25.68,gna
Avon Lake,geriatric-nursing-assistant-per-diem-prn-avon-lake-oh,25.95,gna
Avon Park,geriatric-nursing-assistant-per-diem-prn-avon-park-fl,25.22,gna
Avondale AZ,geriatric-nursing-assistant-per-diem-prn-avondale-az,25.67,gna
Avondale CO,geriatric-nursing-assistant-per-diem-prn-avondale-co,25.48,gna
Axtell,geriatric-nursing-assistant-per-diem-prn-axtell-ne,25.53,gna
Azle,geriatric-nursing-assistant-per-diem-prn-azle-tx,25.77,gna
Babylon town,geriatric-nursing-assistant-per-diem-prn-babylon-town-ny,25.92,gna
Bacliff,geriatric-nursing-assistant-per-diem-prn-bacliff-tx,25.93,gna
Bad Axe,geriatric-nursing-assistant-per-diem-prn-bad-axe-mi,25.38,gna
Badger,geriatric-nursing-assistant-per-diem-prn-badger-ak,25.96,gna
Bagdad,geriatric-nursing-assistant-per-diem-prn-bagdad-az,26.13,gna
Bailey,geriatric-nursing-assistant-per-diem-prn-bailey-co,25.87,gna
BAINBRIDGE ISLAND,geriatric-nursing-assistant-per-diem-prn-bainbridge-island-wa,25.96,gna
Baird,geriatric-nursing-assistant-per-diem-prn-baird-tx,25.41,gna
Baker,geriatric-nursing-assistant-per-diem-prn-baker-wv,25.32,gna
Baker City,geriatric-nursing-assistant-per-diem-prn-baker-city-or,25.47,gna
Bakersfield,geriatric-nursing-assistant-per-diem-prn-bakersfield-ca,25.43,gna
Balch Springs,geriatric-nursing-assistant-per-diem-prn-balch-springs-tx,25.61,gna
Ballinger,geriatric-nursing-assistant-per-diem-prn-ballinger-tx,26.11,gna
Ballwin,geriatric-nursing-assistant-per-diem-prn-ballwin-mo,25.43,gna
Baltimore,geriatric-nursing-assistant-per-diem-prn-baltimore-md-503f7,25.37,gna
Baltimore MD,geriatric-nursing-assistant-per-diem-prn-baltimore-md,25.64,gna
Bandera,geriatric-nursing-assistant-per-diem-prn-bandera-tx,25.78,gna
Bandon,geriatric-nursing-assistant-per-diem-prn-bandon-or,25.37,gna
Bangor,geriatric-nursing-assistant-per-diem-prn-bangor-me,25.25,gna
Bangs,geriatric-nursing-assistant-per-diem-prn-bangs-tx,26.18,gna
Bar Harbor,geriatric-nursing-assistant-per-diem-prn-bar-harbor-me,25.50,gna
Barberton,geriatric-nursing-assistant-per-diem-prn-barberton-oh,25.95,gna
Bardstown,geriatric-nursing-assistant-per-diem-prn-bardstown-ky,25.75,gna
Barnsdall,geriatric-nursing-assistant-per-diem-prn-barnsdall-ok,25.20,gna
Barnstable Town,geriatric-nursing-assistant-per-diem-prn-barnstable-town-ma,25.68,gna
Barre,geriatric-nursing-assistant-per-diem-prn-barre-vt,26.10,gna
Barre city,geriatric-nursing-assistant-per-diem-prn-barre-city-vt,25.45,gna
Barre town,geriatric-nursing-assistant-per-diem-prn-barre-town-vt,25.38,gna
Bartlesville,geriatric-nursing-assistant-per-diem-prn-bartlesville-ok,26.18,gna
Bartlett,geriatric-nursing-assistant-per-diem-prn-bartlett-tn,25.99,gna
Bartlett,geriatric-nursing-assistant-per-diem-prn-bartlett-tx,25.35,gna
Barton,geriatric-nursing-assistant-per-diem-prn-barton-vt,25.40,gna
Bartow,geriatric-nursing-assistant-per-diem-prn-bartow-fl,25.66,gna
Basalt,geriatric-nursing-assistant-per-diem-prn-basalt-co,25.85,gna
Basking Ridge,geriatric-nursing-assistant-per-diem-prn-basking-ridge-nj,26.00,gna
Bastrop,geriatric-nursing-assistant-per-diem-prn-bastrop-tx,25.30,gna
Batavia,geriatric-nursing-assistant-per-diem-prn-batavia-ny,25.45,gna
Batesville,geriatric-nursing-assistant-per-diem-prn-batesville-ar,25.57,gna
Baton Rouge,geriatric-nursing-assistant-per-diem-prn-baton-rouge-la,25.68,gna
Battle Creek,geriatric-nursing-assistant-per-diem-prn-battle-creek-mi,25.22,gna
Battle Ground WA,geriatric-nursing-assistant-per-diem-prn-battle-ground-wa,25.67,gna
Battle Mountain,geriatric-nursing-assistant-per-diem-prn-battle-mountain-nv,25.48,gna
Bay City MI,geriatric-nursing-assistant-per-diem-prn-bay-city-mi,25.53,gna
Bay City TX,geriatric-nursing-assistant-per-diem-prn-bay-city-tx,25.77,gna
Bay Harbor Islands,geriatric-nursing-assistant-per-diem-prn-bay-harbor-islands-fl,25.93,gna
Bayou Cane,geriatric-nursing-assistant-per-diem-prn-bayou-cane-la,25.25,gna
Baytown,geriatric-nursing-assistant-per-diem-prn-baytown-tx,25.38,gna
Bayville,geriatric-nursing-assistant-per-diem-prn-bayville-nj,25.37,gna
Bear,geriatric-nursing-assistant-per-diem-prn-bear-de,25.43,gna
Beatrice,geriatric-nursing-assistant-per-diem-prn-beatrice-ne,26.13,gna
Beatty,geriatric-nursing-assistant-per-diem-prn-beatty-nv,25.87,gna
Beaumont,geriatric-nursing-assistant-per-diem-prn-beaumont-tx,25.96,gna
Beaver,geriatric-nursing-assistant-per-diem-prn-beaver-ut,25.41,gna
Beavercreek,geriatric-nursing-assistant-per-diem-prn-beavercreek-oh,25.30,gna
Beaverton,geriatric-nursing-assistant-per-diem-prn-beaverton-or,25.47,gna
Becket,geriatric-nursing-assistant-per-diem-prn-becket-ma,25.32,gna
Beckley,geriatric-nursing-assistant-per-diem-prn-beckley-wv,25.43,gna
Bedford NH,geriatric-nursing-assistant-per-diem-prn-bedford-nh,25.61,gna
Bedford TX,geriatric-nursing-assistant-per-diem-prn-bedford-tx,26.11,gna
Bedias,geriatric-nursing-assistant-per-diem-prn-bedias-tx,25.43,gna
Bee Cave,geriatric-nursing-assistant-per-diem-prn-bee-cave-tx,25.64,gna
Beecher,geriatric-nursing-assistant-per-diem-prn-beecher-il,25.78,gna
Beeville,geriatric-nursing-assistant-per-diem-prn-beeville-tx,25.37,gna
Bel Air South,geriatric-nursing-assistant-per-diem-prn-bel-air-south-md,25.67,gna
Belfast,geriatric-nursing-assistant-per-diem-prn-belfast-me,25.25,gna
Belgrade,geriatric-nursing-assistant-per-diem-prn-belgrade-mt,25.65,gna
Bell,geriatric-nursing-assistant-per-diem-prn-bell-ca,25.04,gna
Bell,geriatric-nursing-assistant-per-diem-prn-bell-fl,26.18,gna
Bella Vista,geriatric-nursing-assistant-per-diem-prn-bella-vista-ar,25.61,gna
Bellaire,geriatric-nursing-assistant-per-diem-prn-bellaire-tx,25.50,gna
Belle Fourche,geriatric-nursing-assistant-per-diem-prn-belle-fourche-sd,25.75,gna
Belle Glade,geriatric-nursing-assistant-per-diem-prn-belle-glade-fl,25.20,gna
Belle Plaine,geriatric-nursing-assistant-per-diem-prn-belle-plaine-ia,26.10,gna
Belleair,geriatric-nursing-assistant-per-diem-prn-belleair-fl,25.35,gna
Belleview,geriatric-nursing-assistant-per-diem-prn-belleview-fl,25.40,gna
Belleville,geriatric-nursing-assistant-per-diem-prn-belleville-il-4ef76,25.66,gna
Belleville,geriatric-nursing-assistant-per-diem-prn-belleville-ks,25.85,gna
Bellevue,geriatric-nursing-assistant-per-diem-prn-bellevue-ne,25.92,gna
Bellevue IA,geriatric-nursing-assistant-per-diem-prn-bellevue-ia,26.00,gna
Bellevue ID,geriatric-nursing-assistant-per-diem-prn-bellevue-id,25.30,gna
Bellevue WA,geriatric-nursing-assistant-per-diem-prn-bellevue-wa,25.45,gna
Bellflower,geriatric-nursing-assistant-per-diem-prn-bellflower-ca,25.57,gna
Bellingham,geriatric-nursing-assistant-per-diem-prn-bellingham-wa,25.84,gna
Bellmead,geriatric-nursing-assistant-per-diem-prn-bellmead-tx,25.68,gna
Bellville,geriatric-nursing-assistant-per-diem-prn-bellville-tx,25.22,gna
Bellvue,geriatric-nursing-assistant-per-diem-prn-bellvue-id,25.67,gna
Beloit,geriatric-nursing-assistant-per-diem-prn-beloit-wi,25.48,gna
Belton MO,geriatric-nursing-assistant-per-diem-prn-belton-mo,25.53,gna
Belton TX,geriatric-nursing-assistant-per-diem-prn-belton-tx,25.77,gna
Benavides,geriatric-nursing-assistant-per-diem-prn-benavides-tx,25.93,gna
Benbrook,geriatric-nursing-assistant-per-diem-prn-benbrook-tx,25.38,gna
Bend,geriatric-nursing-assistant-per-diem-prn-bend-or,26.13,gna
Bennington,geriatric-nursing-assistant-per-diem-prn-bennington-vt,25.35,gna
Bensalem,geriatric-nursing-assistant-per-diem-prn-bensalem-pa,25.99,gna
Benson,geriatric-nursing-assistant-per-diem-prn-benson-az,25.87,gna
Benton,geriatric-nursing-assistant-per-diem-prn-benton-ar,25.54,gna
Bentonville,geriatric-nursing-assistant-per-diem-prn-bentonville-ar,25.03,gna
Bergenfield,geriatric-nursing-assistant-per-diem-prn-bergenfield-nj,25.96,gna
Berlin,geriatric-nursing-assistant-per-diem-prn-berlin-nh,25.41,gna
Berryville,geriatric-nursing-assistant-per-diem-prn-berryville-va,25.47,gna
Berthoud,geriatric-nursing-assistant-per-diem-prn-berthoud-co,25.32,gna
Bertram,geriatric-nursing-assistant-per-diem-prn-bertram-tx,25.61,gna
Berwyn,geriatric-nursing-assistant-per-diem-prn-berwyn-il,25.32,gna
Bessemer,geriatric-nursing-assistant-per-diem-prn-bessemer-al,25.22,gna
Bethany,geriatric-nursing-assistant-per-diem-prn-bethany-ok,26.11,gna
Bethany,geriatric-nursing-assistant-per-diem-prn-bethany-or,25.23,gna
Bethel,geriatric-nursing-assistant-per-diem-prn-bethel-ak,25.43,gna
Bethel Park,geriatric-nursing-assistant-per-diem-prn-bethel-park-pa,25.96,gna
Bethesda,geriatric-nursing-assistant-per-diem-prn-bethesda-md-4de92,25.30,gna
Bethesda MD,geriatric-nursing-assistant-per-diem-prn-bethesda-md,25.64,gna
Bethlehem,geriatric-nursing-assistant-per-diem-prn-bethlehem-pa,25.78,gna
Bethlehem City,geriatric-nursing-assistant-per-diem-prn-bethlehem-city-pa,26.18,gna
Bethlehem West Side,geriatric-nursing-assistant-per-diem-prn-bethlehem-west-side-pa,25.32,gna
Bettendorf IA,geriatric-nursing-assistant-per-diem-prn-bettendorf-ia,25.37,gna
Beverly,geriatric-nursing-assistant-per-diem-prn-beverly-ma,25.25,gna
Beverly Hills,geriatric-nursing-assistant-per-diem-prn-beverly-hills-fl,26.18,gna
Bicknell,geriatric-nursing-assistant-per-diem-prn-bicknell-in-4ec7e,26.18,gna
Bicknell,geriatric-nursing-assistant-per-diem-prn-bicknell-ut,25.50,gna
Biddeford,geriatric-nursing-assistant-per-diem-prn-biddeford-me,25.75,gna
Big Bear,geriatric-nursing-assistant-per-diem-prn-big-bear-ca,25.40,gna
Big Lake,geriatric-nursing-assistant-per-diem-prn-big-lake-tx,25.66,gna
Big Spring,geriatric-nursing-assistant-per-diem-prn-big-spring-tx,25.85,gna
Big Wells,geriatric-nursing-assistant-per-diem-prn-big-wells-tx,26.00,gna
Billings MT,geriatric-nursing-assistant-per-diem-prn-billings-mt,25.30,gna
Biloxi,geriatric-nursing-assistant-per-diem-prn-biloxi-ms,25.32,gna
Birmingham,geriatric-nursing-assistant-per-diem-prn-birmingham-al,25.45,gna
Bisbee,geriatric-nursing-assistant-per-diem-prn-bisbee-az,25.57,gna
Biscoe,geriatric-nursing-assistant-per-diem-prn-biscoe-nc,25.74,gna
Bishopville,geriatric-nursing-assistant-per-diem-prn-bishopville-sc,25.68,gna
Bismarck,geriatric-nursing-assistant-per-diem-prn-bismarck-nd,25.22,gna
Bixby,geriatric-nursing-assistant-per-diem-prn-bixby-ok,25.65,gna
Black Hawk,geriatric-nursing-assistant-per-diem-prn-black-hawk-co,25.67,gna
Blackfoot ID,geriatric-nursing-assistant-per-diem-prn-blackfoot-id,25.48,gna
Blacksburg,geriatric-nursing-assistant-per-diem-prn-blacksburg-va,25.53,gna
Blaine,geriatric-nursing-assistant-per-diem-prn-blaine-mn,25.48,gna
Blanding,geriatric-nursing-assistant-per-diem-prn-blanding-ut,25.77,gna
Bloomfield,geriatric-nursing-assistant-per-diem-prn-bloomfield-ct,25.93,gna
Bloomington,geriatric-nursing-assistant-per-diem-prn-bloomington-il,26.13,gna
Bloomington,geriatric-nursing-assistant-per-diem-prn-bloomington-in,25.47,gna
Bloomington,geriatric-nursing-assistant-per-diem-prn-bloomington-mn,26.10,gna
Bloomsburg,geriatric-nursing-assistant-per-diem-prn-bloomsburg-pa,25.38,gna
Blountstown,geriatric-nursing-assistant-per-diem-prn-blountstown-fl,26.13,gna
Blowing Rock,geriatric-nursing-assistant-per-diem-prn-blowing-rock-nc,25.17,gna
Blue River,geriatric-nursing-assistant-per-diem-prn-blue-river-or,25.87,gna
Blue Springs,geriatric-nursing-assistant-per-diem-prn-blue-springs-mo,25.84,gna
Bluffton,geriatric-nursing-assistant-per-diem-prn-bluffton-sc,25.23,gna
Bly,geriatric-nursing-assistant-per-diem-prn-bly-or,25.96,gna
Boardman,geriatric-nursing-assistant-per-diem-prn-boardman-or,25.41,gna
Boca Raton,geriatric-nursing-assistant-per-diem-prn-boca-raton-fl,25.47,gna
Boerne,geriatric-nursing-assistant-per-diem-prn-boerne-tx,25.32,gna
Bogata,geriatric-nursing-assistant-per-diem-prn-bogata-tx,25.61,gna
Boise City,geriatric-nursing-assistant-per-diem-prn-boise-city-id,25.45,gna
Boise ID,geriatric-nursing-assistant-per-diem-prn-boise-id,26.11,gna
Bolingbrook IL,geriatric-nursing-assistant-per-diem-prn-bolingbrook-il,25.43,gna
Bonham,geriatric-nursing-assistant-per-diem-prn-bonham-tx,25.64,gna
Bonifay,geriatric-nursing-assistant-per-diem-prn-bonifay-fl,25.78,gna
Bonita Springs,geriatric-nursing-assistant-per-diem-prn-bonita-springs-fl,25.37,gna
Bonners Ferry,geriatric-nursing-assistant-per-diem-prn-bonners-ferry-id,25.25,gna
Booker,geriatric-nursing-assistant-per-diem-prn-booker-tx,26.18,gna
Boone NC,geriatric-nursing-assistant-per-diem-prn-boone-nc,25.50,gna
Borger,geriatric-nursing-assistant-per-diem-prn-borger-tx,25.75,gna
Bossier City,geriatric-nursing-assistant-per-diem-prn-bossier-city-la,25.20,gna
Boston,geriatric-nursing-assistant-per-diem-prn-boston-ma,26.10,gna
Bothell,geriatric-nursing-assistant-per-diem-prn-bothell-wa,25.65,gna
Boulder,geriatric-nursing-assistant-per-diem-prn-boulder-co,25.40,gna
Boulder City,geriatric-nursing-assistant-per-diem-prn-boulder-city-nv,25.35,gna
Bountiful,geriatric-nursing-assistant-per-diem-prn-bountiful-ut,25.66,gna
Bourbon,geriatric-nursing-assistant-per-diem-prn-bourbon-mo,25.85,gna
Bouse,geriatric-nursing-assistant-per-diem-prn-bouse-az,26.00,gna
Bowie,geriatric-nursing-assistant-per-diem-prn-bowie-md,26.00,gna
Bowie,geriatric-nursing-assistant-per-diem-prn-bowie-tx,25.30,gna
Bowling Green,geriatric-nursing-assistant-per-diem-prn-bowling-green-ky,25.45,gna
Bowling Green,geriatric-nursing-assistant-per-diem-prn-bowling-green-oh,25.85,gna
Boynton Beach,geriatric-nursing-assistant-per-diem-prn-boynton-beach-fl,25.57,gna
Bozeman MT,geriatric-nursing-assistant-per-diem-prn-bozeman-mt,25.68,gna
Bozrah,geriatric-nursing-assistant-per-diem-prn-bozrah-ct,25.22,gna
Brackenridge,geriatric-nursing-assistant-per-diem-prn-brackenridge-pa,25.47,gna
Brackettville,geriatric-nursing-assistant-per-diem-prn-brackettville-tx,25.67,gna
Braden River,geriatric-nursing-assistant-per-diem-prn-braden-river-fl,25.48,gna
Bradenton FL,geriatric-nursing-assistant-per-diem-prn-bradenton-fl,25.53,gna
Brady,geriatric-nursing-assistant-per-diem-prn-brady-tx,25.77,gna
Brandon,geriatric-nursing-assistant-per-diem-prn-brandon-fl,25.93,gna
Brandon,geriatric-nursing-assistant-per-diem-prn-brandon-ms,25.85,gna
Branford,geriatric-nursing-assistant-per-diem-prn-branford-ct,25.38,gna
Branford,geriatric-nursing-assistant-per-diem-prn-branford-fl,26.13,gna
Brattleboro,geriatric-nursing-assistant-per-diem-prn-brattleboro-vt,25.87,gna
Breckenridge CO,geriatric-nursing-assistant-per-diem-prn-breckenridge-co,25.96,gna
Breckenridge TX,geriatric-nursing-assistant-per-diem-prn-breckenridge-tx,25.41,gna
Bremerton,geriatric-nursing-assistant-per-diem-prn-bremerton-wa,25.03,gna
Bremond,geriatric-nursing-assistant-per-diem-prn-bremond-tx,25.47,gna
Brenham,geriatric-nursing-assistant-per-diem-prn-brenham-tx,25.32,gna
Brentwood,geriatric-nursing-assistant-per-diem-prn-brentwood-nh,25.61,gna
Brentwood,geriatric-nursing-assistant-per-diem-prn-brentwood-tn,26.31,gna
Brevard,geriatric-nursing-assistant-per-diem-prn-brevard-nc,26.11,gna
Brick,geriatric-nursing-assistant-per-diem-prn-brick-nj,25.43,gna
Brick Township,geriatric-nursing-assistant-per-diem-prn-brick-township-nj,25.64,gna
Bridge City,geriatric-nursing-assistant-per-diem-prn-bridge-city-tx,25.78,gna
Bridgeport,geriatric-nursing-assistant-per-diem-prn-bridgeport-ct,25.95,gna
Bridgeport TX,geriatric-nursing-assistant-per-diem-prn-bridgeport-tx,25.37,gna
Bridgeport WV,geriatric-nursing-assistant-per-diem-prn-bridgeport-wv,25.25,gna
Bridgeton,geriatric-nursing-assistant-per-diem-prn-bridgeton-nj,25.32,gna
Bridgewater NJ,geriatric-nursing-assistant-per-diem-prn-bridgewater-nj,26.18,gna
Brigham City,geriatric-nursing-assistant-per-diem-prn-brigham-city-ut,25.50,gna
Brighton CO,geriatric-nursing-assistant-per-diem-prn-brighton-co,25.75,gna
Bristol,geriatric-nursing-assistant-per-diem-prn-bristol-ct,25.14,gna
Bristol,geriatric-nursing-assistant-per-diem-prn-bristol-ri,25.95,gna
Bristol FL,geriatric-nursing-assistant-per-diem-prn-bristol-fl,25.20,gna
Bristol TN,geriatric-nursing-assistant-per-diem-prn-bristol-tn,26.10,gna
Brockton,geriatric-nursing-assistant-per-diem-prn-brockton-ma,25.35,gna
Broken Arrow,geriatric-nursing-assistant-per-diem-prn-broken-arrow-ok,25.40,gna
Bronte,geriatric-nursing-assistant-per-diem-prn-bronte-tx,25.66,gna
Brookeland,geriatric-nursing-assistant-per-diem-prn-brookeland-tx,25.85,gna
Brooker,geriatric-nursing-assistant-per-diem-prn-brooker-fl,26.00,gna
Brookfield,geriatric-nursing-assistant-per-diem-prn-brookfield-wi,25.66,gna
Brookhaven,geriatric-nursing-assistant-per-diem-prn-brookhaven-ga,25.48,gna
Brookhaven,geriatric-nursing-assistant-per-diem-prn-brookhaven-ny,26.00,gna
Brookings OR,geriatric-nursing-assistant-per-diem-prn-brookings-or,25.30,gna
Brookings SD,geriatric-nursing-assistant-per-diem-prn-brookings-sd,25.45,gna
Brookline,geriatric-nursing-assistant-per-diem-prn-brookline-ma,25.54,gna
Brooklyn,geriatric-nursing-assistant-per-diem-prn-brooklyn-ct,25.93,gna
Brooklyn,geriatric-nursing-assistant-per-diem-prn-brooklyn-ny,25.57,gna
Brooklyn Center,geriatric-nursing-assistant-per-diem-prn-brooklyn-center-mn,25.61,gna
Brooklyn Park,geriatric-nursing-assistant-per-diem-prn-brooklyn-park-mn,25.85,gna
Brookshire,geriatric-nursing-assistant-per-diem-prn-brookshire-tx,25.68,gna
Brooksville,geriatric-nursing-assistant-per-diem-prn-brooksville-fl,25.22,gna
Broomfield CO,geriatric-nursing-assistant-per-diem-prn-broomfield-co,25.67,gna
Brownfield,geriatric-nursing-assistant-per-diem-prn-brownfield-tx,25.48,gna
Brownsville,geriatric-nursing-assistant-per-diem-prn-brownsville-5-or,25.53,gna
Brownsville,geriatric-nursing-assistant-per-diem-prn-brownsville-tx,25.77,gna
Brownwood,geriatric-nursing-assistant-per-diem-prn-brownwood-tx,25.93,gna
Bruce,geriatric-nursing-assistant-per-diem-prn-bruce-fl,25.38,gna
Brunswick,geriatric-nursing-assistant-per-diem-prn-brunswick-me,26.11,gna
Brunswick,geriatric-nursing-assistant-per-diem-prn-brunswick-mo,25.67,gna
Brunswick,geriatric-nursing-assistant-per-diem-prn-brunswick-oh,25.38,gna
Brush,geriatric-nursing-assistant-per-diem-prn-brush-co,26.13,gna
Bryan,geriatric-nursing-assistant-per-diem-prn-bryan-tx,25.87,gna
Bryant,geriatric-nursing-assistant-per-diem-prn-bryant-ar,25.95,gna
Bryn Athyn Huntingdon Valley,geriatric-nursing-assistant-per-diem-prn-bryn-athyn-huntingdon-valley-pa,25.30,gna
Buckeye,geriatric-nursing-assistant-per-diem-prn-buckeye-az,25.96,gna
Buda,geriatric-nursing-assistant-per-diem-prn-buda-tx,25.41,gna
Buena Ventura Lakes,geriatric-nursing-assistant-per-diem-prn-buena-ventura-lakes-fl,25.47,gna
Buena Vista,geriatric-nursing-assistant-per-diem-prn-buena-vista-co,25.32,gna
Buenaventura Lakes,geriatric-nursing-assistant-per-diem-prn-buenaventura-lakes-fl,25.36,gna
Buffalo,geriatric-nursing-assistant-per-diem-prn-buffalo-ny,25.45,gna
Buhl,geriatric-nursing-assistant-per-diem-prn-buhl-id,25.61,gna
Bullhead City,geriatric-nursing-assistant-per-diem-prn-bullhead-city-az,26.11,gna
Bulverde,geriatric-nursing-assistant-per-diem-prn-bulverde-tx,25.43,gna
Buna,geriatric-nursing-assistant-per-diem-prn-buna-tx,25.64,gna
Bunnell,geriatric-nursing-assistant-per-diem-prn-bunnell-fl,25.78,gna
Burbank CA,geriatric-nursing-assistant-per-diem-prn-burbank-ca,25.37,gna
Burbank IL,geriatric-nursing-assistant-per-diem-prn-burbank-il,26.18,gna
Burien,geriatric-nursing-assistant-per-diem-prn-burien-wa,25.61,gna
Burkburnett,geriatric-nursing-assistant-per-diem-prn-burkburnett-tx,25.25,gna
Burke,geriatric-nursing-assistant-per-diem-prn-burke-va,25.00,gna
Burleson,geriatric-nursing-assistant-per-diem-prn-burleson-tx,26.18,gna
Burley ID,geriatric-nursing-assistant-per-diem-prn-burley-id,25.50,gna
Burlingame,geriatric-nursing-assistant-per-diem-prn-burlingame-ca-5cbac,25.75,gna
Burlington,geriatric-nursing-assistant-per-diem-prn-burlington-co,25.20,gna
Burlington,geriatric-nursing-assistant-per-diem-prn-burlington-nc,25.93,gna
Burlington,geriatric-nursing-assistant-per-diem-prn-burlington-vt,25.20,gna
Burlington IA,geriatric-nursing-assistant-per-diem-prn-burlington-ia,25.47,gna
Burnet,geriatric-nursing-assistant-per-diem-prn-burnet-tx,26.10,gna
Burns,geriatric-nursing-assistant-per-diem-prn-burns-or,25.35,gna
Burnsville,geriatric-nursing-assistant-per-diem-prn-burnsville-mn,25.30,gna
Bushnell,geriatric-nursing-assistant-per-diem-prn-bushnell-fl,25.40,gna
Butte Falls,geriatric-nursing-assistant-per-diem-prn-butte-falls-or,25.66,gna
Butte MT,geriatric-nursing-assistant-per-diem-prn-butte-mt,25.85,gna
Butte-Silver Bow,geriatric-nursing-assistant-per-diem-prn-butte-silver-bow-mt,25.61,gna
Buzzards Bay,geriatric-nursing-assistant-per-diem-prn-buzzards-bay-ma,26.00,gna
Cabot,geriatric-nursing-assistant-per-diem-prn-cabot-ar,25.94,gna
Calais,geriatric-nursing-assistant-per-diem-prn-calais-me,25.30,gna
Caldwell ID,geriatric-nursing-assistant-per-diem-prn-caldwell-id,25.45,gna
Caldwell TX,geriatric-nursing-assistant-per-diem-prn-caldwell-tx,25.57,gna
Calhan,geriatric-nursing-assistant-per-diem-prn-calhan-co,25.68,gna
Caliente,geriatric-nursing-assistant-per-diem-prn-caliente-nv,25.22,gna
Callaway,geriatric-nursing-assistant-per-diem-prn-callaway-fl,25.67,gna
Camas WA,geriatric-nursing-assistant-per-diem-prn-camas-wa,25.48,gna
Cambridge,geriatric-nursing-assistant-per-diem-prn-cambridge-ma,26.18,gna
Cambridge,geriatric-nursing-assistant-per-diem-prn-cambridge-md,25.53,gna
Cameron,geriatric-nursing-assistant-per-diem-prn-cameron-tx,25.77,gna
Camp Hill PA,geriatric-nursing-assistant-per-diem-prn-camp-hill-pa,25.93,gna
Camp Verde,geriatric-nursing-assistant-per-diem-prn-camp-verde-az,25.38,gna
Camp Wood,geriatric-nursing-assistant-per-diem-prn-camp-wood-tx,26.13,gna
Campbell,geriatric-nursing-assistant-per-diem-prn-campbell-ca,25.87,gna
Canadian,geriatric-nursing-assistant-per-diem-prn-canadian-tx,25.96,gna
Canby,geriatric-nursing-assistant-per-diem-prn-canby-or,25.41,gna
Cando,geriatric-nursing-assistant-per-diem-prn-cando-nd,25.47,gna
Canistota,geriatric-nursing-assistant-per-diem-prn-canistota-sd,25.32,gna
Cannonville,geriatric-nursing-assistant-per-diem-prn-cannonville-ut,25.61,gna
Canon City,geriatric-nursing-assistant-per-diem-prn-canon-city-co,26.11,gna
Canton,geriatric-nursing-assistant-per-diem-prn-canton-oh,26.13,gna
Canton GA,geriatric-nursing-assistant-per-diem-prn-canton-ga,25.35,gna
Canton IL,geriatric-nursing-assistant-per-diem-prn-canton-il,25.43,gna
Canton TX,geriatric-nursing-assistant-per-diem-prn-canton-tx,25.64,gna
Cantonment,geriatric-nursing-assistant-per-diem-prn-cantonment-fl,25.78,gna
Canutillo,geriatric-nursing-assistant-per-diem-prn-canutillo-tx,25.37,gna
Canyon,geriatric-nursing-assistant-per-diem-prn-canyon-tx,25.25,gna
Canyonville,geriatric-nursing-assistant-per-diem-prn-canyonville-or,26.18,gna
Cape Coral FL,geriatric-nursing-assistant-per-diem-prn-cape-coral-fl,25.50,gna
Cape Girardeau,geriatric-nursing-assistant-per-diem-prn-cape-girardeau-mo,25.65,gna
Cape May,geriatric-nursing-assistant-per-diem-prn-cape-may-nj,25.87,gna
Carbondale,geriatric-nursing-assistant-per-diem-prn-carbondale-co,25.75,gna
Carefree,geriatric-nursing-assistant-per-diem-prn-carefree-az,25.20,gna
Caribou,geriatric-nursing-assistant-per-diem-prn-caribou-me,25.67,gna
Carlin,geriatric-nursing-assistant-per-diem-prn-carlin-nv,26.10,gna
Carlinville,geriatric-nursing-assistant-per-diem-prn-carlinville-il,25.35,gna
Carlsbad,geriatric-nursing-assistant-per-diem-prn-carlsbad-nm,25.03,gna
Carlsbad,geriatric-nursing-assistant-per-diem-prn-carlsbad-tx,25.40,gna
Carmel,geriatric-nursing-assistant-per-diem-prn-carmel-in,25.66,gna
Carnegie,geriatric-nursing-assistant-per-diem-prn-carnegie-ok,25.85,gna
Caro,geriatric-nursing-assistant-per-diem-prn-caro-mi,26.00,gna
Carolina Forest,geriatric-nursing-assistant-per-diem-prn-carolina-forest-sc,25.85,gna
Carrabelle,geriatric-nursing-assistant-per-diem-prn-carrabelle-fl,25.30,gna
Carrizo Springs,geriatric-nursing-assistant-per-diem-prn-carrizo-springs-tx,25.45,gna
Carroll,geriatric-nursing-assistant-per-diem-prn-carroll-ia,25.57,gna
Carrollton,geriatric-nursing-assistant-per-diem-prn-carrollton-tx,25.68,gna
Carrollwood,geriatric-nursing-assistant-per-diem-prn-carrollwood-fl,25.22,gna
Carson City,geriatric-nursing-assistant-per-diem-prn-carson-city-nv,25.67,gna
Carthage,geriatric-nursing-assistant-per-diem-prn-carthage-3-tx,25.48,gna
Carthage,geriatric-nursing-assistant-per-diem-prn-carthage-ny,25.53,gna
Cary,geriatric-nursing-assistant-per-diem-prn-cary-nc,25.57,gna
Casa Blanca,geriatric-nursing-assistant-per-diem-prn-casa-blanca-nm,25.77,gna
Casa Grande,geriatric-nursing-assistant-per-diem-prn-casa-grande-az,25.93,gna
Casas Adobes,geriatric-nursing-assistant-per-diem-prn-casas-adobes-az,25.43,gna
Cascade,geriatric-nursing-assistant-per-diem-prn-cascade-id,25.38,gna
Casper,geriatric-nursing-assistant-per-diem-prn-casper-wy,26.13,gna
Casselberry,geriatric-nursing-assistant-per-diem-prn-casselberry-fl,25.87,gna
Castle Dale,geriatric-nursing-assistant-per-diem-prn-castle-dale-ut,25.96,gna
Castle Pines,geriatric-nursing-assistant-per-diem-prn-castle-pines-co,25.41,gna
Castle Rock,geriatric-nursing-assistant-per-diem-prn-castle-rock-co,25.47,gna
Castroville,geriatric-nursing-assistant-per-diem-prn-castroville-tx,25.32,gna
Catalina Foothills,geriatric-nursing-assistant-per-diem-prn-catalina-foothills-az,25.64,gna
Catonsville,geriatric-nursing-assistant-per-diem-prn-catonsville-md,25.61,gna
Catonsville,geriatric-nursing-assistant-per-diem-prn-catonsville-md-f7167,26.13,gna
Cave Junction,geriatric-nursing-assistant-per-diem-prn-cave-junction-or,26.11,gna
Cedar City,geriatric-nursing-assistant-per-diem-prn-cedar-city-ut,25.43,gna
Cedar Crest,geriatric-nursing-assistant-per-diem-prn-cedar-crest-nm,25.64,gna
Cedar Falls,geriatric-nursing-assistant-per-diem-prn-cedar-falls-ia,25.78,gna
Cedar Grove,geriatric-nursing-assistant-per-diem-prn-cedar-grove-nj,25.37,gna
Cedar Hill,geriatric-nursing-assistant-per-diem-prn-cedar-hill-tx,25.25,gna
Cedar Hills,geriatric-nursing-assistant-per-diem-prn-cedar-hills-ut,25.37,gna
Cedar Park,geriatric-nursing-assistant-per-diem-prn-cedar-park-tx,26.18,gna
Cedar Rapids,geriatric-nursing-assistant-per-diem-prn-cedar-rapids-ia,25.50,gna
Cedar Rapids Oakhill Jackson,geriatric-nursing-assistant-per-diem-prn-cedar-rapids-oakhill-jackson-ia,25.99,gna
Cedaredge,geriatric-nursing-assistant-per-diem-prn-cedaredge-co,25.75,gna
Celebration,geriatric-nursing-assistant-per-diem-prn-celebration-fl,25.20,gna
Celina,geriatric-nursing-assistant-per-diem-prn-celina-tx,26.10,gna
Centennial,geriatric-nursing-assistant-per-diem-prn-centennial-co-4850a,25.40,gna
Centennial CO,geriatric-nursing-assistant-per-diem-prn-centennial-co,25.35,gna
Center CO,geriatric-nursing-assistant-per-diem-prn-center-co,25.66,gna
Center Tuftonboro,geriatric-nursing-assistant-per-diem-prn-center-tuftonboro-nh,25.85,gna
Center TX,geriatric-nursing-assistant-per-diem-prn-center-tx,26.00,gna
Centerfield,geriatric-nursing-assistant-per-diem-prn-centerfield-ut,25.30,gna
Centerville,geriatric-nursing-assistant-per-diem-prn-centerville-b-ia,25.45,gna
Centerville OH,geriatric-nursing-assistant-per-diem-prn-centerville-oh,25.61,gna
Centerville TX,geriatric-nursing-assistant-per-diem-prn-centerville-tx,25.57,gna
Centerville UT,geriatric-nursing-assistant-per-diem-prn-centerville-ut,25.68,gna
Central,geriatric-nursing-assistant-per-diem-prn-central-la,25.54,gna
Central Falls,geriatric-nursing-assistant-per-diem-prn-central-falls-ri,25.22,gna
Central Point,geriatric-nursing-assistant-per-diem-prn-central-point-or,25.67,gna
Centreville,geriatric-nursing-assistant-per-diem-prn-centreville-va,25.54,gna
Century,geriatric-nursing-assistant-per-diem-prn-century-fl,25.48,gna
Cetreville,geriatric-nursing-assistant-per-diem-prn-cetreville-md,25.53,gna
Challis,geriatric-nursing-assistant-per-diem-prn-challis-id,25.77,gna
Chalmette,geriatric-nursing-assistant-per-diem-prn-chalmette-la,25.74,gna
Chamberlain,geriatric-nursing-assistant-per-diem-prn-chamberlain-sd,25.93,gna
Champaign,geriatric-nursing-assistant-per-diem-prn-champaign-il,25.41,gna
Chandler,geriatric-nursing-assistant-per-diem-prn-chandler-az,25.38,gna
Channelview,geriatric-nursing-assistant-per-diem-prn-channelview-tx,26.13,gna
Chantilly,geriatric-nursing-assistant-per-diem-prn-chantily-va,25.87,gna
Chapel Hill,geriatric-nursing-assistant-per-diem-prn-chapel-hill-nc,25.67,gna
Charleston,geriatric-nursing-assistant-per-diem-prn-charleston-sc,25.96,gna
Charleston,geriatric-nursing-assistant-per-diem-prn-charleston-wv,25.68,gna
Charlotte Elizabeth,geriatric-nursing-assistant-per-diem-prn-charlotte-elizabeth-nc,26.31,gna
Charlotte Myers Park,geriatric-nursing-assistant-per-diem-prn-charlotte-myers-park-nc,25.74,gna
Charlotte NC,geriatric-nursing-assistant-per-diem-prn-charlotte-nc,25.41,gna
Charlotte Plaza-Shamrock,geriatric-nursing-assistant-per-diem-prn-charlotte-plaza-shamrock-nc,25.85,gna
Charlotte Sherwood Forest,geriatric-nursing-assistant-per-diem-prn-charlotte-sherwood-forest-nc,25.23,gna
Charlottesville,geriatric-nursing-assistant-per-diem-prn-charlottesville-va,25.65,gna
Chatsworth,geriatric-nursing-assistant-per-diem-prn-chatsworth-ga,25.47,gna
Chattahoochee,geriatric-nursing-assistant-per-diem-prn-chattahoochee-fl,25.32,gna
Chattanooga,geriatric-nursing-assistant-per-diem-prn-chattanooga-tn,25.61,gna
Cheektowaga,geriatric-nursing-assistant-per-diem-prn-cheektowaga-ny,25.61,gna
Cheltenham,geriatric-nursing-assistant-per-diem-prn-cheltenham-pa,25.77,gna
Cheney,geriatric-nursing-assistant-per-diem-prn-cheney-ks,25.35,gna
Cherokee,geriatric-nursing-assistant-per-diem-prn-cherokee-ia,26.11,gna
Cherry Hill,geriatric-nursing-assistant-per-diem-prn-cherry-hill-nj,25.43,gna
Cherry Hills Village,geriatric-nursing-assistant-per-diem-prn-cherry-hills-village-co,25.64,gna
Chesapeake,geriatric-nursing-assistant-per-diem-prn-chesapeake-va,26.18,gna
Chester,geriatric-nursing-assistant-per-diem-prn-chester-tx,25.78,gna
Chester City,geriatric-nursing-assistant-per-diem-prn-chester-city-pa,25.93,gna
Chesterfield,geriatric-nursing-assistant-per-diem-prn-chesterfield-mo,25.94,gna
Chesterville,geriatric-nursing-assistant-per-diem-prn-chesterville-oh,25.20,gna
Chestnut Ridge,geriatric-nursing-assistant-per-diem-prn-chestnut-ridge-nj,25.37,gna
Cheyenne,geriatric-nursing-assistant-per-diem-prn-cheyenne-wy,25.25,gna
Cheyenne Wells,geriatric-nursing-assistant-per-diem-prn-cheyenne-wells-co,26.18,gna
Chicago Heights IL,geriatric-nursing-assistant-per-diem-prn-chicago-heights-il,26.18,gna
Chicago IL,geriatric-nursing-assistant-per-diem-prn-chicago-il,25.50,gna
Chicago Portage Park,geriatric-nursing-assistant-per-diem-prn-chicago-portage-park-il,25.74,gna
Chicago Ridge,geriatric-nursing-assistant-per-diem-prn-chicago-ridge-il,25.85,gna
Chicago Rogers Park,geriatric-nursing-assistant-per-diem-prn-chicago-rogers-park-il,25.96,gna
Chico,geriatric-nursing-assistant-per-diem-prn-chico-ca,25.75,gna
Chicopee,geriatric-nursing-assistant-per-diem-prn-chicopee-ma,25.92,gna
Chiefland,geriatric-nursing-assistant-per-diem-prn-chiefland-fl,25.20,gna
Chilchinbito,geriatric-nursing-assistant-per-diem-prn-chilchinbito-az,26.10,gna
Childress,geriatric-nursing-assistant-per-diem-prn-childress-tx,25.35,gna
Chillicothe OH,geriatric-nursing-assistant-per-diem-prn-chillicothe-oh,25.40,gna
Chillicothe TX,geriatric-nursing-assistant-per-diem-prn-chillicothe-tx,25.66,gna
Chillum,geriatric-nursing-assistant-per-diem-prn-chillum-md,25.32,gna
Chiloquin,geriatric-nursing-assistant-per-diem-prn-chiloquin-or,25.85,gna
Chinle,geriatric-nursing-assistant-per-diem-prn-chinle-az,26.00,gna
Chino,geriatric-nursing-assistant-per-diem-prn-chino-ca,25.30,gna
Chipley,geriatric-nursing-assistant-per-diem-prn-chipley-fl,25.45,gna
Chippewa Falls,geriatric-nursing-assistant-per-diem-prn-chippewa-falls-wi,25.57,gna
Christmas Valley,geriatric-nursing-assistant-per-diem-prn-christmas-valley-or,25.68,gna
Chubbuck,geriatric-nursing-assistant-per-diem-prn-chubbuck-id,25.22,gna
Chula Vista,geriatric-nursing-assistant-per-diem-prn-chula-vista-ca,25.10,gna
Cicero,geriatric-nursing-assistant-per-diem-prn-cicero-il,25.87,gna
Cincinnati,geriatric-nursing-assistant-per-diem-prn-cincinnati-nd,25.67,gna
Circleville,geriatric-nursing-assistant-per-diem-prn-circleville-ut,25.48,gna
Cisco,geriatric-nursing-assistant-per-diem-prn-cisco-tx,25.53,gna
Citra,geriatric-nursing-assistant-per-diem-prn-citra-fl,25.77,gna
Citrus Springs,geriatric-nursing-assistant-per-diem-prn-citrus-springs-fl,25.93,gna
Clackamas,geriatric-nursing-assistant-per-diem-prn-clackamas-or,25.38,gna
Clancy,geriatric-nursing-assistant-per-diem-prn-clancy-mt,25.74,gna
Clare,geriatric-nursing-assistant-per-diem-prn-clare-mi,26.13,gna
Claremont,geriatric-nursing-assistant-per-diem-prn-claremont-nh,25.87,gna
Claremore,geriatric-nursing-assistant-per-diem-prn-claremore-ok,25.96,gna
Clarendon,geriatric-nursing-assistant-per-diem-prn-clarendon-tx,25.41,gna
Clarinda,geriatric-nursing-assistant-per-diem-prn-clarinda-ia,25.47,gna
Clark,geriatric-nursing-assistant-per-diem-prn-clark-nj,25.44,gna
Clarksburg,geriatric-nursing-assistant-per-diem-prn-clarksburg-wv,25.03,gna
Clarkston,geriatric-nursing-assistant-per-diem-prn-clarkston-wa,25.32,gna
Clarkstown,geriatric-nursing-assistant-per-diem-prn-clarkstown-ny,26.11,gna
Clarksville,geriatric-nursing-assistant-per-diem-prn-clarksville-tn,25.95,gna
Clarksville,geriatric-nursing-assistant-per-diem-prn-clarksville-tx,25.61,gna
Clatskanie,geriatric-nursing-assistant-per-diem-prn-clatskanie-or,26.11,gna
Claude,geriatric-nursing-assistant-per-diem-prn-claude-tx,25.43,gna
Clay,geriatric-nursing-assistant-per-diem-prn-clay-ny,25.37,gna
Cle Elum WA,geriatric-nursing-assistant-per-diem-prn-cle-elum-wa,25.64,gna
Clearfield,geriatric-nursing-assistant-per-diem-prn-clearfield-ut,25.78,gna
Clearlake,geriatric-nursing-assistant-per-diem-prn-clearlake-ca,25.37,gna
Clearwater,geriatric-nursing-assistant-per-diem-prn-clearwater-fl,25.25,gna
Cleburne,geriatric-nursing-assistant-per-diem-prn-cleburne-tx,26.18,gna
Clermont FL,geriatric-nursing-assistant-per-diem-prn-clermont-fl,25.50,gna
Cleveland,geriatric-nursing-assistant-per-diem-prn-cleveland-tn,25.92,gna
Cleveland Heights,geriatric-nursing-assistant-per-diem-prn-cleveland-heights-oh,25.22,gna
Cleveland OH,geriatric-nursing-assistant-per-diem-prn-cleveland-oh,25.75,gna
Cleveland TX,geriatric-nursing-assistant-per-diem-prn-cleveland-tx,25.20,gna
Clewiston,geriatric-nursing-assistant-per-diem-prn-clewiston-fl,26.10,gna
Clifton AZ,geriatric-nursing-assistant-per-diem-prn-clifton-az,25.35,gna
Clifton Forge,geriatric-nursing-assistant-per-diem-prn-clifton-forge-va,25.40,gna
Clifton NJ,geriatric-nursing-assistant-per-diem-prn-clifton-nj,25.66,gna
Clifton TX,geriatric-nursing-assistant-per-diem-prn-clifton-tx,25.85,gna
Climax,geriatric-nursing-assistant-per-diem-prn-climax-co,26.00,gna
Clint,geriatric-nursing-assistant-per-diem-prn-clint-tx,25.30,gna
Clinton,geriatric-nursing-assistant-per-diem-prn-clinton-md-a2807,25.43,gna
Clinton,geriatric-nursing-assistant-per-diem-prn-clinton-ms,25.49,gna
Clinton IA,geriatric-nursing-assistant-per-diem-prn-clinton-ia,25.41,gna
Clinton MD,geriatric-nursing-assistant-per-diem-prn-clinton-md,25.57,gna
Clinton OH,geriatric-nursing-assistant-per-diem-prn-clinton-oh,25.68,gna
Clinton UT,geriatric-nursing-assistant-per-diem-prn-clinton-c-ut,25.45,gna
Clinton UT,geriatric-nursing-assistant-per-diem-prn-clinton-ut,25.22,gna
Clovis NM,geriatric-nursing-assistant-per-diem-prn-clovis-nm,25.67,gna
Clute,geriatric-nursing-assistant-per-diem-prn-clute-tx,25.48,gna
Clyde,geriatric-nursing-assistant-per-diem-prn-clyde-tx,25.53,gna
Coalville,geriatric-nursing-assistant-per-diem-prn-coalville-ut,25.77,gna
Cobleskill,geriatric-nursing-assistant-per-diem-prn-cobleskill-ny,25.93,gna
Cockeysville,geriatric-nursing-assistant-per-diem-prn-cockeysville-md,25.38,gna
Cocoa,geriatric-nursing-assistant-per-diem-prn-cocoa-fl,25.87,gna
Cocoa Beach,geriatric-nursing-assistant-per-diem-prn-cocoa-beach-fl,26.13,gna
Coconut Creek,geriatric-nursing-assistant-per-diem-prn-coconut-creek-fl,25.96,gna
Coconut Grove,geriatric-nursing-assistant-per-diem-prn-coconut-grove-fl,25.41,gna
Cody,geriatric-nursing-assistant-per-diem-prn-cody-wy,25.41,gna
Coeur D Alene,geriatric-nursing-assistant-per-diem-prn-coeur-d-alene-id,25.47,gna
Coeur D'Alene,geriatric-nursing-assistant-per-diem-prn-coeur-dalene-id,25.32,gna
Colchester,geriatric-nursing-assistant-per-diem-prn-colchester-ct,25.61,gna
Colchester,geriatric-nursing-assistant-per-diem-prn-colchester-vt,25.40,gna
Coldspring,geriatric-nursing-assistant-per-diem-prn-coldspring-tx,26.11,gna
Coleman,geriatric-nursing-assistant-per-diem-prn-coleman-tx,25.43,gna
Coleridge,geriatric-nursing-assistant-per-diem-prn-coleridge-ne,25.64,gna
Colfax,geriatric-nursing-assistant-per-diem-prn-colfax-wa,25.78,gna
College,geriatric-nursing-assistant-per-diem-prn-college-ak,25.41,gna
College Station,geriatric-nursing-assistant-per-diem-prn-college-station-tx,25.37,gna
Colleyville,geriatric-nursing-assistant-per-diem-prn-colleyville-tx,25.25,gna
Collierville,geriatric-nursing-assistant-per-diem-prn-collierville-tn,25.14,gna
Collinsville,geriatric-nursing-assistant-per-diem-prn-collinsville-tx,26.18,gna
Colonial Beach,geriatric-nursing-assistant-per-diem-prn-colonial-beach-va,25.50,gna
Colonie town,geriatric-nursing-assistant-per-diem-prn-colonie-town-ny,25.75,gna
Colorado City,geriatric-nursing-assistant-per-diem-prn-colorado-city-tx,25.75,gna
Colorado Springs,geriatric-nursing-assistant-per-diem-prn-colorado-springs-co,25.20,gna
Colton,geriatric-nursing-assistant-per-diem-prn-colton-ca,26.10,gna
Columbia,geriatric-nursing-assistant-per-diem-prn-columbia-md,26.10,gna
Columbia,geriatric-nursing-assistant-per-diem-prn-columbia-sc,25.83,gna
Columbia Falls,geriatric-nursing-assistant-per-diem-prn-columbia-falls-mt,25.95,gna
Columbia Midtown - Downtown,geriatric-nursing-assistant-per-diem-prn-columbia-midtown-downtown-sc,25.85,gna
Columbia MO,geriatric-nursing-assistant-per-diem-prn-columbia-mo,25.35,gna
Columbia TN,geriatric-nursing-assistant-per-diem-prn-columbia-tn,25.40,gna
Columbus,geriatric-nursing-assistant-per-diem-prn-columbus-in,25.14,gna
Columbus,geriatric-nursing-assistant-per-diem-prn-columbus-ms,25.47,gna
Columbus,geriatric-nursing-assistant-per-diem-prn-columbus-ne,25.68,gna
Columbus GA,geriatric-nursing-assistant-per-diem-prn-columbus-ga,25.40,gna
Columbus OH,geriatric-nursing-assistant-per-diem-prn-columbus-oh,25.66,gna
Columbus TX,geriatric-nursing-assistant-per-diem-prn-columbus-tx,25.85,gna
Comanche,geriatric-nursing-assistant-per-diem-prn-comanche-tx,26.00,gna
Comfort,geriatric-nursing-assistant-per-diem-prn-comfort-tx,25.30,gna
Commerce,geriatric-nursing-assistant-per-diem-prn-commerce-tx,25.57,gna
Commerce City,geriatric-nursing-assistant-per-diem-prn-commerce-city-co,25.45,gna
Concord,geriatric-nursing-assistant-per-diem-prn-concord-nc,25.22,gna
Concord MA,geriatric-nursing-assistant-per-diem-prn-concord-ma,25.68,gna
Concord NH,geriatric-nursing-assistant-per-diem-prn-concord-nh,25.22,gna
Condon,geriatric-nursing-assistant-per-diem-prn-condon-or,25.67,gna
Congress,geriatric-nursing-assistant-per-diem-prn-congress-az,25.48,gna
Conifer,geriatric-nursing-assistant-per-diem-prn-conifer-co,25.53,gna
Conneaut,geriatric-nursing-assistant-per-diem-prn-conneaut-oh,25.77,gna
Conrad,geriatric-nursing-assistant-per-diem-prn-conrad-mt,25.93,gna
Conroe,geriatric-nursing-assistant-per-diem-prn-conroe-tx,25.38,gna
Converse,geriatric-nursing-assistant-per-diem-prn-converse-tx,26.13,gna
Conway,geriatric-nursing-assistant-per-diem-prn-conway-ar,25.99,gna
Conway,geriatric-nursing-assistant-per-diem-prn-conway-sc,25.03,gna
Cookeville,geriatric-nursing-assistant-per-diem-prn-cookeville-tn,25.61,gna
Coolidge,geriatric-nursing-assistant-per-diem-prn-coolidge-az,25.87,gna
Coon Rapids,geriatric-nursing-assistant-per-diem-prn-coon-rapids-mn,25.45,gna
Cooper,geriatric-nursing-assistant-per-diem-prn-cooper-tx,25.41,gna
Cooper City,geriatric-nursing-assistant-per-diem-prn-cooper-city-fl,25.96,gna
Cooperstown,geriatric-nursing-assistant-per-diem-prn-cooperstown-ny,25.47,gna
Coos Bay,geriatric-nursing-assistant-per-diem-prn-coos-bay-or,25.32,gna
Coppell,geriatric-nursing-assistant-per-diem-prn-coppell-tx,25.61,gna
Copperas Cove,geriatric-nursing-assistant-per-diem-prn-copperas-cove-tx,26.11,gna
Coquille,geriatric-nursing-assistant-per-diem-prn-coquille-or,25.43,gna
Coral Gables,geriatric-nursing-assistant-per-diem-prn-coral-gables-fl,25.64,gna
Coral Springs,geriatric-nursing-assistant-per-diem-prn-coral-springs-fl,25.78,gna
Coralville,geriatric-nursing-assistant-per-diem-prn-coralville-ia,25.38,gna
Corinth,geriatric-nursing-assistant-per-diem-prn-corinth-tx,25.37,gna
Cornelius,geriatric-nursing-assistant-per-diem-prn-cornelius-nc,25.41,gna
Corona,geriatric-nursing-assistant-per-diem-prn-corona-ca,25.92,gna
Corona NY,geriatric-nursing-assistant-per-diem-prn-corona-ny,26.18,gna
Corpus Christi,geriatric-nursing-assistant-per-diem-prn-corpus-christi-tx,25.25,gna
Corpus Christi Central City,geriatric-nursing-assistant-per-diem-prn-corpus-christi-central-city-tx,25.95,gna
Corrigan,geriatric-nursing-assistant-per-diem-prn-corrigan-tx,26.18,gna
Corsicana,geriatric-nursing-assistant-per-diem-prn-corsicana-tx,25.50,gna
Cortez,geriatric-nursing-assistant-per-diem-prn-cortez-co,25.75,gna
Corvallis,geriatric-nursing-assistant-per-diem-prn-corvallis-or,25.20,gna
Corydon,geriatric-nursing-assistant-per-diem-prn-corydon-ia,26.10,gna
Coshocton,geriatric-nursing-assistant-per-diem-prn-coshocton-nd,25.35,gna
Cottage Grove,geriatric-nursing-assistant-per-diem-prn-cottage-grove-mn,25.87,gna
Cottage Grove OR,geriatric-nursing-assistant-per-diem-prn-cottage-grove-or,25.40,gna
Cottonwood AZ,geriatric-nursing-assistant-per-diem-prn-cottonwood-az,25.66,gna
Cottonwood Heights,geriatric-nursing-assistant-per-diem-prn-cottonwood-heights-ut,25.85,gna
Cottonwood ID,geriatric-nursing-assistant-per-diem-prn-cottonwood-id,26.00,gna
Cotulla,geriatric-nursing-assistant-per-diem-prn-cotulla-tx,25.30,gna
Council,geriatric-nursing-assistant-per-diem-prn-council-id,25.57,gna
Council Bluffs,geriatric-nursing-assistant-per-diem-prn-council-bluffs-ia,25.45,gna
Country Club,geriatric-nursing-assistant-per-diem-prn-country-club-fl,25.23,gna
Coventry,geriatric-nursing-assistant-per-diem-prn-coventry-ri,25.68,gna
Covina,geriatric-nursing-assistant-per-diem-prn-covina-ca-1213a,25.22,gna
Covington,geriatric-nursing-assistant-per-diem-prn-covington-ky,25.68,gna
Covington,geriatric-nursing-assistant-per-diem-prn-covington-la,25.67,gna
Craig,geriatric-nursing-assistant-per-diem-prn-craig-co,25.48,gna
Crane,geriatric-nursing-assistant-per-diem-prn-crane-tx,25.53,gna
Cranston,geriatric-nursing-assistant-per-diem-prn-cranston-ri,25.77,gna
Crawfordville,geriatric-nursing-assistant-per-diem-prn-crawfordville-fl,25.93,gna
Creede,geriatric-nursing-assistant-per-diem-prn-creede-co,25.38,gna
Crescent City,geriatric-nursing-assistant-per-diem-prn-crescent-city-fl,26.13,gna
Cresco,geriatric-nursing-assistant-per-diem-prn-cresco-ia,25.87,gna
Cresskill,geriatric-nursing-assistant-per-diem-prn-cresskill-nj,25.96,gna
Crestview,geriatric-nursing-assistant-per-diem-prn-crestview-fl,25.41,gna
Creswell,geriatric-nursing-assistant-per-diem-prn-creswell-or,25.47,gna
Crete,geriatric-nursing-assistant-per-diem-prn-crete-il,25.32,gna
Creve Coeur,geriatric-nursing-assistant-per-diem-prn-creve-coeur-mo,25.61,gna
Cripple Creek,geriatric-nursing-assistant-per-diem-prn-cripple-creek-co,26.11,gna
Crockett,geriatric-nursing-assistant-per-diem-prn-crockett-tx,25.43,gna
Cromwell,geriatric-nursing-assistant-per-diem-prn-cromwell-ct,25.64,gna
Crosby,geriatric-nursing-assistant-per-diem-prn-crosby-tx,25.78,gna
Crosbyton,geriatric-nursing-assistant-per-diem-prn-crosbyton-tx,25.37,gna
Cross City,geriatric-nursing-assistant-per-diem-prn-cross-city-fl,25.25,gna
Cross Plains,geriatric-nursing-assistant-per-diem-prn-cross-plains-tx,26.18,gna
Crossville TN,geriatric-nursing-assistant-per-diem-prn-crossville-tn,25.50,gna
Croton On Hudson,geriatric-nursing-assistant-per-diem-prn-croton-on-hudson-ny,25.75,gna
Crowell,geriatric-nursing-assistant-per-diem-prn-crowell-tx,25.20,gna
Crowley,geriatric-nursing-assistant-per-diem-prn-crowley-tx,26.10,gna
Crown Point,geriatric-nursing-assistant-per-diem-prn-crown-point-in,25.35,gna
Crownsville,geriatric-nursing-assistant-per-diem-prn-crownsville-md,25.40,gna
Crystal City,geriatric-nursing-assistant-per-diem-prn-crystal-city-tx,25.66,gna
Crystal River,geriatric-nursing-assistant-per-diem-prn-crystal-river-fl,25.85,gna
Cuba City,geriatric-nursing-assistant-per-diem-prn-cuba-city-wi,26.00,gna
Cuero,geriatric-nursing-assistant-per-diem-prn-cuero-tx,25.30,gna
Culbertson,geriatric-nursing-assistant-per-diem-prn-culbertson-mt,25.45,gna
Cullman,geriatric-nursing-assistant-per-diem-prn-cullman-al,25.57,gna
Cumberland,geriatric-nursing-assistant-per-diem-prn-cumberland-ri,25.68,gna
Cupertino,geriatric-nursing-assistant-per-diem-prn-cupertino-ca,25.22,gna
Cutler Bay,geriatric-nursing-assistant-per-diem-prn-cutler-bay-fl,25.67,gna
Cuyahoga Falls,geriatric-nursing-assistant-per-diem-prn-cuyahoga-falls-oh,25.14,gna
Cypress,geriatric-nursing-assistant-per-diem-prn-cypress-tx,25.48,gna
Dade City,geriatric-nursing-assistant-per-diem-prn-dade-city-fl,25.53,gna
Dadeville,geriatric-nursing-assistant-per-diem-prn-dadeville-al,25.77,gna
Dahlonega,geriatric-nursing-assistant-per-diem-prn-dahlonega-ga,25.93,gna
Daingerfield,geriatric-nursing-assistant-per-diem-prn-daingerfield-tx,25.38,gna
Dakota Ridge,geriatric-nursing-assistant-per-diem-prn-dakota-ridge-co,25.25,gna
Dale City,geriatric-nursing-assistant-per-diem-prn-dale-city-va,25.47,gna
Dalhart,geriatric-nursing-assistant-per-diem-prn-dalhart-tx,26.13,gna
Dallas Lake Highlands,geriatric-nursing-assistant-per-diem-prn-dallas-lake-highlands-tx,25.87,gna
Dallas Oak Cliff,geriatric-nursing-assistant-per-diem-prn-dallas-oak-cliff-tx,25.43,gna
Dallas OR,geriatric-nursing-assistant-per-diem-prn-dallas-or,25.96,gna
Dallas TX,geriatric-nursing-assistant-per-diem-prn-dallas-tx,25.41,gna
Dallastown,geriatric-nursing-assistant-per-diem-prn-dallastown-pa,25.47,gna
Dalton,geriatric-nursing-assistant-per-diem-prn-dalton-ga,25.57,gna
Dalworthington Gardens,geriatric-nursing-assistant-per-diem-prn-dalworthington-gardens-tx,25.32,gna
Daly City,geriatric-nursing-assistant-per-diem-prn-daly-city-ca,25.61,gna
Danbury,geriatric-nursing-assistant-per-diem-prn-danbury-ct,26.11,gna
Dania,geriatric-nursing-assistant-per-diem-prn-dania-fl,25.64,gna
Dania Beach,geriatric-nursing-assistant-per-diem-prn-dania-beach-fl,25.43,gna
Danielson,geriatric-nursing-assistant-per-diem-prn-danielson-ct,25.54,gna
Danville,geriatric-nursing-assistant-per-diem-prn-danville-va,25.68,gna
Daphne,geriatric-nursing-assistant-per-diem-prn-daphne-al,25.57,gna
Darlington,geriatric-nursing-assistant-per-diem-prn-darlington-wi,25.78,gna
Davenport FL,geriatric-nursing-assistant-per-diem-prn-davenport-fl,25.37,gna
Davenport IA,geriatric-nursing-assistant-per-diem-prn-davenport-ia,25.61,gna
Davidson NC,geriatric-nursing-assistant-per-diem-prn-davidson-nc,25.25,gna
Davie,geriatric-nursing-assistant-per-diem-prn-davie-fl,26.18,gna
Dayton OH,geriatric-nursing-assistant-per-diem-prn-dayton-oh,25.50,gna
Dayton TX,geriatric-nursing-assistant-per-diem-prn-dayton-tx,25.75,gna
Daytona Beach FL,geriatric-nursing-assistant-per-diem-prn-daytona-beach-fl,25.20,gna
De Kalb,geriatric-nursing-assistant-per-diem-prn-de-kalb-tx,26.10,gna
De Leon,geriatric-nursing-assistant-per-diem-prn-de-leon-tx,25.35,gna
De Smet,geriatric-nursing-assistant-per-diem-prn-de-smet-sd,25.40,gna
Dearborn,geriatric-nursing-assistant-per-diem-prn-dearborn-mi,25.36,gna
Dearborn Heights,geriatric-nursing-assistant-per-diem-prn-dearborn-heights-mi,25.25,gna
Debary,geriatric-nursing-assistant-per-diem-prn-debary-fl,25.66,gna
Decatur,geriatric-nursing-assistant-per-diem-prn-decatur-al,25.78,gna
Decatur IL,geriatric-nursing-assistant-per-diem-prn-decatur-il,25.85,gna
Decatur TX,geriatric-nursing-assistant-per-diem-prn-decatur-tx,26.00,gna
Deer Park,geriatric-nursing-assistant-per-diem-prn-deer-park-tx,25.30,gna
Deerfield Beach,geriatric-nursing-assistant-per-diem-prn-deerfield-beach-fl,25.45,gna
Deerfield IL,geriatric-nursing-assistant-per-diem-prn-deerfield-il,25.57,gna
Defuniak Springs,geriatric-nursing-assistant-per-diem-prn-defuniak-springs-fl,25.68,gna
Del City,geriatric-nursing-assistant-per-diem-prn-del-city-ok,25.74,gna
Del Norte,geriatric-nursing-assistant-per-diem-prn-del-norte-co,25.22,gna
Del Rio,geriatric-nursing-assistant-per-diem-prn-del-rio-tx,25.67,gna
Del Valle,geriatric-nursing-assistant-per-diem-prn-del-valle-tx,25.48,gna
Deland,geriatric-nursing-assistant-per-diem-prn-deland-fl,25.53,gna
Delaware,geriatric-nursing-assistant-per-diem-prn-delaware-oh,25.40,gna
Delray Beach,geriatric-nursing-assistant-per-diem-prn-delray-beach-fl,25.77,gna
Delta CO,geriatric-nursing-assistant-per-diem-prn-delta-co,25.93,gna
Delta UT,geriatric-nursing-assistant-per-diem-prn-delta-ut,25.38,gna
Deltona,geriatric-nursing-assistant-per-diem-prn-deltona-fl,26.13,gna
Denison,geriatric-nursing-assistant-per-diem-prn-denison-tx,25.87,gna
Denton,geriatric-nursing-assistant-per-diem-prn-denton-tx,25.96,gna
Denver City,geriatric-nursing-assistant-per-diem-prn-denver-city-tx,25.41,gna
Denver City Park West,geriatric-nursing-assistant-per-diem-prn-denver-city-park-west-co,25.26,gna
Denver CO,geriatric-nursing-assistant-per-diem-prn-denver-co,25.47,gna
Denver West,geriatric-nursing-assistant-per-diem-prn-denver-west-co,25.51,gna
Denville,geriatric-nursing-assistant-per-diem-prn-denville-nj,25.32,gna
Depoe Bay,geriatric-nursing-assistant-per-diem-prn-depoe-bay-or,25.61,gna
Derby,geriatric-nursing-assistant-per-diem-prn-derby-ks,25.68,gna
Deridder,geriatric-nursing-assistant-per-diem-prn-deridder-la,26.11,gna
Derry NH,geriatric-nursing-assistant-per-diem-prn-derry-nh,25.43,gna
Des Moines Downtown Des Moines,geriatric-nursing-assistant-per-diem-prn-des-moines-downtown-des-moines-ia,25.32,gna
Des Moines IA,geriatric-nursing-assistant-per-diem-prn-des-moines-ia,25.64,gna
Des Plaines,geriatric-nursing-assistant-per-diem-prn-des-plaines-il,26.11,gna
Desoto,geriatric-nursing-assistant-per-diem-prn-desoto-tx,25.78,gna
Destin,geriatric-nursing-assistant-per-diem-prn-destin-fl,25.37,gna
Detroit,geriatric-nursing-assistant-per-diem-prn-detroit-mi,26.18,gna
Devils Lake,geriatric-nursing-assistant-per-diem-prn-devils-lake-nd,25.25,gna
Devine,geriatric-nursing-assistant-per-diem-prn-devine-tx,26.18,gna
Dewey,geriatric-nursing-assistant-per-diem-prn-dewey-az,25.50,gna
Dexter,geriatric-nursing-assistant-per-diem-prn-dexter-mo,25.75,gna
Dexter,geriatric-nursing-assistant-per-diem-prn-dexter-or,25.20,gna
Diboll,geriatric-nursing-assistant-per-diem-prn-diboll-tx,26.10,gna
Dickinson,geriatric-nursing-assistant-per-diem-prn-dickinson-tx,25.35,gna
Dickson,geriatric-nursing-assistant-per-diem-prn-dickson-tn,25.40,gna
Dilley,geriatric-nursing-assistant-per-diem-prn-dilley-tx,25.66,gna
Dillon CO,geriatric-nursing-assistant-per-diem-prn-dillon-co,25.85,gna
Dillon MT,geriatric-nursing-assistant-per-diem-prn-dillon-mt,26.00,gna
Dimmitt,geriatric-nursing-assistant-per-diem-prn-dimmitt-tx,25.30,gna
Divide,geriatric-nursing-assistant-per-diem-prn-divide-co,25.45,gna
Dodge City,geriatric-nursing-assistant-per-diem-prn-dodge-city-ks,25.74,gna
Donna,geriatric-nursing-assistant-per-diem-prn-donna-tx,25.57,gna
Doral,geriatric-nursing-assistant-per-diem-prn-doral-fl,25.68,gna
Dothan,geriatric-nursing-assistant-per-diem-prn-dothan-al,25.22,gna
Double Oak,geriatric-nursing-assistant-per-diem-prn-double-oak-tx,25.67,gna
Douglas,geriatric-nursing-assistant-per-diem-prn-douglas-az,25.48,gna
Douglas,geriatric-nursing-assistant-per-diem-prn-douglas-wy,25.64,gna
Douglasville,geriatric-nursing-assistant-per-diem-prn-douglasville-ga,25.66,gna
Dousman,geriatric-nursing-assistant-per-diem-prn-dousman-wi,25.53,gna
Dove Creek CO,geriatric-nursing-assistant-per-diem-prn-dove-creek-co,25.77,gna
Dover,geriatric-nursing-assistant-per-diem-prn-dover-de,25.78,gna
Dover,geriatric-nursing-assistant-per-diem-prn-dover-nj,26.13,gna
Dover FL,geriatric-nursing-assistant-per-diem-prn-dover-fl,25.93,gna
Dover NH,geriatric-nursing-assistant-per-diem-prn-dover-nh,25.38,gna
Downers Grove,geriatric-nursing-assistant-per-diem-prn-downers-grove-il,25.99,gna
Downey,geriatric-nursing-assistant-per-diem-prn-downey-id,25.87,gna
Downington,geriatric-nursing-assistant-per-diem-prn-downington-pa,25.03,gna
Draper,geriatric-nursing-assistant-per-diem-prn-draper-ut,25.96,gna
Drasco,geriatric-nursing-assistant-per-diem-prn-drasco-ar,25.41,gna
Drew,geriatric-nursing-assistant-per-diem-prn-drew-ms,25.47,gna
Driggs,geriatric-nursing-assistant-per-diem-prn-driggs-id,25.32,gna
Dripping Springs,geriatric-nursing-assistant-per-diem-prn-dripping-springs-tx,25.61,gna
Dublin,geriatric-nursing-assistant-per-diem-prn-dublin-nh,25.43,gna
Dublin,geriatric-nursing-assistant-per-diem-prn-dublin-oh,25.64,gna
Dublin GA,geriatric-nursing-assistant-per-diem-prn-dublin-ga,26.11,gna
Dublin TX,geriatric-nursing-assistant-per-diem-prn-dublin-tx,25.78,gna
Dubuque,geriatric-nursing-assistant-per-diem-prn-dubuque-ia,25.37,gna
Duchesne,geriatric-nursing-assistant-per-diem-prn-duchesne-ut,25.25,gna
Dugway,geriatric-nursing-assistant-per-diem-prn-dugway-ut,26.18,gna
Dulles,geriatric-nursing-assistant-per-diem-prn-dulles-va,25.50,gna
Duluth,geriatric-nursing-assistant-per-diem-prn-duluth-ga,25.85,gna
Duluth,geriatric-nursing-assistant-per-diem-prn-duluth-mn,25.20,gna
Dumas,geriatric-nursing-assistant-per-diem-prn-dumas-tx,25.75,gna
Duncan,geriatric-nursing-assistant-per-diem-prn-duncan-az,25.20,gna
Duncan,geriatric-nursing-assistant-per-diem-prn-duncan-ok,25.47,gna
Duncanville,geriatric-nursing-assistant-per-diem-prn-duncanville-tx,26.10,gna
Dundalk,geriatric-nursing-assistant-per-diem-prn-dundalk-md,25.68,gna
Dundee,geriatric-nursing-assistant-per-diem-prn-dundee-fl,25.35,gna
Dunedin,geriatric-nursing-assistant-per-diem-prn-dunedin-fl,25.40,gna
Dunlap,geriatric-nursing-assistant-per-diem-prn-dunlap-ia,25.66,gna
Dunnellon,geriatric-nursing-assistant-per-diem-prn-dunnellon-fl,25.85,gna
Dunwoody,geriatric-nursing-assistant-per-diem-prn-dunwoody-ga,25.20,gna
Durand,geriatric-nursing-assistant-per-diem-prn-durand-wi,26.00,gna
Durango,geriatric-nursing-assistant-per-diem-prn-durango-co,25.30,gna
Durham CT,geriatric-nursing-assistant-per-diem-prn-durham-ct,25.45,gna
Durham NC,geriatric-nursing-assistant-per-diem-prn-durham-nc,25.57,gna
Dyess Afb,geriatric-nursing-assistant-per-diem-prn-dyess-afb-tx,25.68,gna
Eads,geriatric-nursing-assistant-per-diem-prn-eads-co,25.22,gna
Eagan,geriatric-nursing-assistant-per-diem-prn-eagan-mn,25.68,gna
Eagle Butte,geriatric-nursing-assistant-per-diem-prn-eagle-butte-sd,25.67,gna
Eagle CO,geriatric-nursing-assistant-per-diem-prn-eagle-co,25.48,gna
Eagle Grove,geriatric-nursing-assistant-per-diem-prn-eagle-grove-ia,25.53,gna
Eagle ID,geriatric-nursing-assistant-per-diem-prn-eagle-id,25.77,gna
Eagle Lake,geriatric-nursing-assistant-per-diem-prn-eagle-lake-tx,25.93,gna
Eagle Mountain,geriatric-nursing-assistant-per-diem-prn-eagle-mountain-ut,25.50,gna
Eagle Pass,geriatric-nursing-assistant-per-diem-prn-eagle-pass-tx,25.38,gna
Eagle Point,geriatric-nursing-assistant-per-diem-prn-eagle-point-or,26.13,gna
Early,geriatric-nursing-assistant-per-diem-prn-early-tx,25.87,gna
Easley,geriatric-nursing-assistant-per-diem-prn-easley-sc,25.44,gna
East Bernard,geriatric-nursing-assistant-per-diem-prn-east-bernard-tx,25.96,gna
East Brunswick,geriatric-nursing-assistant-per-diem-prn-east-brunswick-nj,25.41,gna
east greenwich,geriatric-nursing-assistant-per-diem-prn-east-greenwich-ri,25.47,gna
East Hartford,geriatric-nursing-assistant-per-diem-prn-east-hartford-ct,25.23,gna
East Hempfield,geriatric-nursing-assistant-per-diem-prn-east-hempfield-pa,25.78,gna
East Honolulu,geriatric-nursing-assistant-per-diem-prn-east-honolulu-hi,26.10,gna
East Lake,geriatric-nursing-assistant-per-diem-prn-east-lake-fl,25.10,gna
East Orange,geriatric-nursing-assistant-per-diem-prn-east-orange-nj,25.32,gna
East Peoria,geriatric-nursing-assistant-per-diem-prn-east-peoria-il,25.61,gna
East Point,geriatric-nursing-assistant-per-diem-prn-east-point-ga,26.10,gna
East Providence,geriatric-nursing-assistant-per-diem-prn-east-providence-ri,26.11,gna
East Providence Riverside,geriatric-nursing-assistant-per-diem-prn-east-providence-riverside-ri,25.19,gna
East Wenatchee,geriatric-nursing-assistant-per-diem-prn-east-wenatchee-or,25.43,gna
Eastland,geriatric-nursing-assistant-per-diem-prn-eastland-tx,25.64,gna
Easton,geriatric-nursing-assistant-per-diem-prn-easton-ks,25.04,gna
Easton,geriatric-nursing-assistant-per-diem-prn-easton-md,25.78,gna
Easton,geriatric-nursing-assistant-per-diem-prn-easton-pa,25.35,gna
Eastpoint,geriatric-nursing-assistant-per-diem-prn-eastpoint-fl,25.37,gna
Eau Claire,geriatric-nursing-assistant-per-diem-prn-eau-claire-wi,26.18,gna
Eckert,geriatric-nursing-assistant-per-diem-prn-eckert-co,25.25,gna
Edcouch,geriatric-nursing-assistant-per-diem-prn-edcouch-tx,26.18,gna
Eden,geriatric-nursing-assistant-per-diem-prn-eden-tx,25.50,gna
Eden Prairie,geriatric-nursing-assistant-per-diem-prn-eden-prairie-mn,26.00,gna
Edina,geriatric-nursing-assistant-per-diem-prn-edina-mn,25.38,gna
Edinburg,geriatric-nursing-assistant-per-diem-prn-edinburg-tx,25.75,gna
Edison,geriatric-nursing-assistant-per-diem-prn-edison-nj,25.20,gna
Edmond,geriatric-nursing-assistant-per-diem-prn-edmond-ok,26.10,gna
Edmonds,geriatric-nursing-assistant-per-diem-prn-edmonds-wa,25.35,gna
Edna,geriatric-nursing-assistant-per-diem-prn-edna-tx,25.40,gna
Edwards,geriatric-nursing-assistant-per-diem-prn-edwards-co,25.66,gna
Edwardsville,geriatric-nursing-assistant-per-diem-prn-edwardsville-il,25.85,gna
Effingham,geriatric-nursing-assistant-per-diem-prn-effingham-il,26.00,gna
Egg Harbor Township,geriatric-nursing-assistant-per-diem-prn-egg-harbor-township-nj,25.45,gna
Egypt Lake-Leto,geriatric-nursing-assistant-per-diem-prn-egypt-lake-leto-fl,25.61,gna
El Cajon,geriatric-nursing-assistant-per-diem-prn-el-cajon-ca,25.30,gna
El Campo,geriatric-nursing-assistant-per-diem-prn-el-campo-tx,25.45,gna
El Cenizo,geriatric-nursing-assistant-per-diem-prn-el-cenizo-tx,25.57,gna
El Cerrito,geriatric-nursing-assistant-per-diem-prn-el-cerrito-ca,25.95,gna
El Paso,geriatric-nursing-assistant-per-diem-prn-el-paso-tx,25.68,gna
El Paso West Central El Paso,geriatric-nursing-assistant-per-diem-prn-el-paso-west-central-el-paso-tx,25.83,gna
Elbert,geriatric-nursing-assistant-per-diem-prn-elbert-co,25.94,gna
Eldorado,geriatric-nursing-assistant-per-diem-prn-eldorado-tx,25.22,gna
Electra,geriatric-nursing-assistant-per-diem-prn-electra-tx,25.67,gna
Elfrida,geriatric-nursing-assistant-per-diem-prn-elfrida-az,25.48,gna
Elgin,geriatric-nursing-assistant-per-diem-prn-elgin-il,25.96,gna
Elgin OR,geriatric-nursing-assistant-per-diem-prn-elgin-or,25.77,gna
Elgin TX,geriatric-nursing-assistant-per-diem-prn-elgin-5-tx,25.53,gna
Elizabethton,geriatric-nursing-assistant-per-diem-prn-elizabethton-tn,25.93,gna
Elizabethtown,geriatric-nursing-assistant-per-diem-prn-elizabethtown-ky,25.54,gna
Elizaville,geriatric-nursing-assistant-per-diem-prn-elizaville-ny,25.38,gna
Elk Grove,geriatric-nursing-assistant-per-diem-prn-elk-grove-ca,25.85,gna
Elk Horn,geriatric-nursing-assistant-per-diem-prn-elk-horn-ia,26.13,gna
Elkhart,geriatric-nursing-assistant-per-diem-prn-elkhart-in,25.94,gna
Elkhart,geriatric-nursing-assistant-per-diem-prn-elkhart-tx,25.87,gna
Elko,geriatric-nursing-assistant-per-diem-prn-elko-nv,25.96,gna
Ellenton,geriatric-nursing-assistant-per-diem-prn-ellenton-fl,25.41,gna
Ellicott City,geriatric-nursing-assistant-per-diem-prn-ellicott-city-md,25.47,gna
Ellicott City,geriatric-nursing-assistant-per-diem-prn-ellicott-city-md-5c2fb,25.57,gna
Ellsworth,geriatric-nursing-assistant-per-diem-prn-ellsworth-me,25.32,gna
Elmhurst IL,geriatric-nursing-assistant-per-diem-prn-elmhurst-il,25.61,gna
Elmwood Park,geriatric-nursing-assistant-per-diem-prn-elmwood-park-il,26.11,gna
Eloy,geriatric-nursing-assistant-per-diem-prn-eloy-az,25.43,gna
Elsa,geriatric-nursing-assistant-per-diem-prn-elsa-tx,25.64,gna
Ely,geriatric-nursing-assistant-per-diem-prn-ely-nv,25.78,gna
Elyria,geriatric-nursing-assistant-per-diem-prn-elyria-nd,25.37,gna
Emerson,geriatric-nursing-assistant-per-diem-prn-emerson-nj,26.18,gna
Emlenton,geriatric-nursing-assistant-per-diem-prn-emlenton-pa,25.25,gna
Emmett ID,geriatric-nursing-assistant-per-diem-prn-emmett-id,26.18,gna
Emory,geriatric-nursing-assistant-per-diem-prn-emory-tx,25.50,gna
Emporia,geriatric-nursing-assistant-per-diem-prn-emporia-ks,25.03,gna
Encinal,geriatric-nursing-assistant-per-diem-prn-encinal-tx,25.75,gna
Encinitas,geriatric-nursing-assistant-per-diem-prn-encinitas-ca,25.20,gna
Enfield,geriatric-nursing-assistant-per-diem-prn-enfield-ct,25.17,gna
englewood,geriatric-nursing-assistant-per-diem-prn-englewood-nj,25.40,gna
Englewood CO,geriatric-nursing-assistant-per-diem-prn-englewood-co,26.10,gna
Englewood FL,geriatric-nursing-assistant-per-diem-prn-englewood-fl,25.35,gna
Englishtown,geriatric-nursing-assistant-per-diem-prn-englishtown-nj,25.03,gna
Enid,geriatric-nursing-assistant-per-diem-prn-enid-ok,25.32,gna
Ennis,geriatric-nursing-assistant-per-diem-prn-ennis-tx,25.66,gna
Enterprise,geriatric-nursing-assistant-per-diem-prn-enterprise-al,25.40,gna
Enterprise,geriatric-nursing-assistant-per-diem-prn-enterprise-nv,25.83,gna
Enterprise OR,geriatric-nursing-assistant-per-diem-prn-enterprise-or,25.85,gna
Enterprise UT,geriatric-nursing-assistant-per-diem-prn-enterprise-ut,26.00,gna
Erie,geriatric-nursing-assistant-per-diem-prn-erie-pa,25.85,gna
Erlanger,geriatric-nursing-assistant-per-diem-prn-erlanger-ky,25.95,gna
Escalante,geriatric-nursing-assistant-per-diem-prn-escalante-ut,25.30,gna
Escondido CA,geriatric-nursing-assistant-per-diem-prn-escondido-ca,25.45,gna
Espanola,geriatric-nursing-assistant-per-diem-prn-espanola-nm,25.57,gna
Essex,geriatric-nursing-assistant-per-diem-prn-essex-md,25.64,gna
Essex,geriatric-nursing-assistant-per-diem-prn-essex-vt,25.85,gna
Essex Junction,geriatric-nursing-assistant-per-diem-prn-essex-junction-vt,25.68,gna
Estacada,geriatric-nursing-assistant-per-diem-prn-estacada-or,25.68,gna
Estero,geriatric-nursing-assistant-per-diem-prn-estero-fl,25.22,gna
Estes Park,geriatric-nursing-assistant-per-diem-prn-estes-park-co,25.67,gna
Euclid,geriatric-nursing-assistant-per-diem-prn-euclid-oh,25.67,gna
Eugene OR,geriatric-nursing-assistant-per-diem-prn-eugene-or,25.48,gna
Euless,geriatric-nursing-assistant-per-diem-prn-euless-tx,25.53,gna
Eureka,geriatric-nursing-assistant-per-diem-prn-eureka-mo,25.77,gna
Eureka,geriatric-nursing-assistant-per-diem-prn-eureka-nv,25.93,gna
Eustis,geriatric-nursing-assistant-per-diem-prn-eustis-fl,25.38,gna
Evans,geriatric-nursing-assistant-per-diem-prn-evans-co,26.13,gna
Evans GA,geriatric-nursing-assistant-per-diem-prn-evans-ga,25.37,gna
Evanston,geriatric-nursing-assistant-per-diem-prn-evanston-il,25.77,gna
Evanston,geriatric-nursing-assistant-per-diem-prn-evanston-wy,25.87,gna
Evansville,geriatric-nursing-assistant-per-diem-prn-evansville-in,25.85,gna
Everett,geriatric-nursing-assistant-per-diem-prn-everett-ma,25.14,gna
Everett WA,geriatric-nursing-assistant-per-diem-prn-everett-wa,25.96,gna
Evergreen,geriatric-nursing-assistant-per-diem-prn-evergreen-co,25.41,gna
Everman,geriatric-nursing-assistant-per-diem-prn-everman-tx,25.47,gna
Ewa Gentry,geriatric-nursing-assistant-per-diem-prn-ewa-gentry-hi,25.48,gna
Fabens,geriatric-nursing-assistant-per-diem-prn-fabens-tx,25.32,gna
Fair Lawn,geriatric-nursing-assistant-per-diem-prn-fair-lawn-nj,25.61,gna
Fairbanks,geriatric-nursing-assistant-per-diem-prn-fairbanks-ak,25.47,gna
Fairborn,geriatric-nursing-assistant-per-diem-prn-fairborn-oh,25.75,gna
Fairfax,geriatric-nursing-assistant-per-diem-prn-fairfax-vt,25.64,gna
Fairfax OK,geriatric-nursing-assistant-per-diem-prn-fairfax-ok,26.11,gna
Fairfax VA,geriatric-nursing-assistant-per-diem-prn-fairfax-va,25.43,gna
Fairfield,geriatric-nursing-assistant-per-diem-prn-fairfield-ct,25.99,gna
Fairfield,geriatric-nursing-assistant-per-diem-prn-fairfield-oh,25.48,gna
Fairfield ID,geriatric-nursing-assistant-per-diem-prn-fairfield-id,25.64,gna
Fairfield ME,geriatric-nursing-assistant-per-diem-prn-fairfield-me,25.78,gna
Fairfield TX,geriatric-nursing-assistant-per-diem-prn-fairfield-tx,25.37,gna
Fairhope,geriatric-nursing-assistant-per-diem-prn-fairhope-al,26.00,gna
Fairmont,geriatric-nursing-assistant-per-diem-prn-fairmont-wv,25.25,gna
Fairplay,geriatric-nursing-assistant-per-diem-prn-fairplay-co,26.18,gna
Falfurrias,geriatric-nursing-assistant-per-diem-prn-falfurrias-tx,25.50,gna
Fall Creek,geriatric-nursing-assistant-per-diem-prn-fall-creek-or,25.75,gna
Fall River,geriatric-nursing-assistant-per-diem-prn-fall-river-ma,25.20,gna
Fall River Mills,geriatric-nursing-assistant-per-diem-prn-fall-river-mills-ca,26.10,gna
Fallon,geriatric-nursing-assistant-per-diem-prn-fallon-nv,25.35,gna
Falls Church VA,geriatric-nursing-assistant-per-diem-prn-falls-church-va,25.40,gna
Falmouth,geriatric-nursing-assistant-per-diem-prn-falmouth-ma,25.66,gna
Fargo,geriatric-nursing-assistant-per-diem-prn-fargo-nd,25.85,gna
Fargo Woodhaven,geriatric-nursing-assistant-per-diem-prn-fargo-woodhaven-nd,25.77,gna
Farmers Branch,geriatric-nursing-assistant-per-diem-prn-farmers-branch-tx,26.00,gna
Farmersville,geriatric-nursing-assistant-per-diem-prn-farmersville-tx,25.30,gna
Farmington,geriatric-nursing-assistant-per-diem-prn-farmington-nm,25.23,gna
Farmington Hills,geriatric-nursing-assistant-per-diem-prn-farmington-hills-mi,25.03,gna
Farmington ME,geriatric-nursing-assistant-per-diem-prn-farmington-me,25.45,gna
Farmington UT,geriatric-nursing-assistant-per-diem-prn-farmington-ut,25.57,gna
Farr West,geriatric-nursing-assistant-per-diem-prn-farr-west-ut,25.68,gna
Farragut,geriatric-nursing-assistant-per-diem-prn-farragut-tn,25.61,gna
Farwell,geriatric-nursing-assistant-per-diem-prn-farwell-tx,25.22,gna
Fayetteville,geriatric-nursing-assistant-per-diem-prn-fayetteville-ar,26.18,gna
Fayetteville,geriatric-nursing-assistant-per-diem-prn-fayetteville-nc,25.40,gna
Federal Way,geriatric-nursing-assistant-per-diem-prn-federal-way-wa,25.67,gna
Fellsmere,geriatric-nursing-assistant-per-diem-prn-fellsmere-fl,25.48,gna
Fenton,geriatric-nursing-assistant-per-diem-prn-fenton-mi,25.53,gna
Fern Park,geriatric-nursing-assistant-per-diem-prn-fern-park-fl,25.77,gna
Fernandina Beach,geriatric-nursing-assistant-per-diem-prn-fernandina-beach-fl,25.93,gna
Ferndale,geriatric-nursing-assistant-per-diem-prn-ferndale-wa,25.96,gna
Fernley,geriatric-nursing-assistant-per-diem-prn-fernley-nv,25.38,gna
Ferron,geriatric-nursing-assistant-per-diem-prn-ferron-ut,26.13,gna
Ferry Pass,geriatric-nursing-assistant-per-diem-prn-ferry-pass-fl,25.99,gna
Fillmore,geriatric-nursing-assistant-per-diem-prn-fillmore-ut,25.87,gna
Findlay,geriatric-nursing-assistant-per-diem-prn-findlay-oh,25.68,gna
Firestone,geriatric-nursing-assistant-per-diem-prn-firestone-co,25.96,gna
Fishers,geriatric-nursing-assistant-per-diem-prn-fishers-in,25.95,gna
Fitchburg,geriatric-nursing-assistant-per-diem-prn-fitchburg-wi,26.00,gna
Flagler,geriatric-nursing-assistant-per-diem-prn-flagler-co,25.41,gna
Flagstaff,geriatric-nursing-assistant-per-diem-prn-flagstaff-az,25.47,gna
Flatonia,geriatric-nursing-assistant-per-diem-prn-flatonia-tx,25.32,gna
Fleming Island,geriatric-nursing-assistant-per-diem-prn-fleming-island-fl,25.61,gna
Flint,geriatric-nursing-assistant-per-diem-prn-flint-mi,25.03,gna
Florence,geriatric-nursing-assistant-per-diem-prn-florence-al,25.43,gna
Florence,geriatric-nursing-assistant-per-diem-prn-florence-ky,25.44,gna
Florence AZ,geriatric-nursing-assistant-per-diem-prn-florence-az,26.11,gna
Florence CO,geriatric-nursing-assistant-per-diem-prn-florence-co,25.43,gna
Florence OR,geriatric-nursing-assistant-per-diem-prn-florence-or,25.64,gna
Florence SC,geriatric-nursing-assistant-per-diem-prn-florence-sc,25.78,gna
Floresville,geriatric-nursing-assistant-per-diem-prn-floresville-tx,25.37,gna
Florham Park,geriatric-nursing-assistant-per-diem-prn-florham-park-nj,25.25,gna
Florida City,geriatric-nursing-assistant-per-diem-prn-florida-city-fl,26.18,gna
Florissant,geriatric-nursing-assistant-per-diem-prn-florissant-co,25.50,gna
Florissant,geriatric-nursing-assistant-per-diem-prn-florissant-mo,25.95,gna
Flower Mound,geriatric-nursing-assistant-per-diem-prn-flower-mound-tx,25.75,gna
Flowery Branch,geriatric-nursing-assistant-per-diem-prn-flowery-branch-ga,25.20,gna
Fond du Lac,geriatric-nursing-assistant-per-diem-prn-fond-du-lac-wi,25.85,gna
Fontana,geriatric-nursing-assistant-per-diem-prn-fontana-ca,25.65,gna
Fontanelle,geriatric-nursing-assistant-per-diem-prn-fontanelle-ia,26.10,gna
Forest Grove,geriatric-nursing-assistant-per-diem-prn-forest-grove-or,25.35,gna
Forest Hill MD,geriatric-nursing-assistant-per-diem-prn-forest-hill-md-43963,25.40,gna
Forest Hill TX,geriatric-nursing-assistant-per-diem-prn-forest-hill-tx,25.66,gna
Forest Park,geriatric-nursing-assistant-per-diem-prn-forest-park-oh,25.83,gna
Foresthill,geriatric-nursing-assistant-per-diem-prn-foresthill-ca,25.85,gna
Forks,geriatric-nursing-assistant-per-diem-prn-forks-wa,26.00,gna
Forney,geriatric-nursing-assistant-per-diem-prn-forney-tx,25.30,gna
Fort Carson,geriatric-nursing-assistant-per-diem-prn-fort-carson-co,25.45,gna
Fort Collins,geriatric-nursing-assistant-per-diem-prn-fort-collins-co,25.57,gna
Fort Defiance,geriatric-nursing-assistant-per-diem-prn-fort-defiance-az,25.68,gna
Fort Dodge,geriatric-nursing-assistant-per-diem-prn-fort-dodge-ia,25.22,gna
Fort Hancock,geriatric-nursing-assistant-per-diem-prn-fort-hancock-tx,25.67,gna
Fort Hood,geriatric-nursing-assistant-per-diem-prn-fort-hood-tx,25.48,gna
Fort Huachuca,geriatric-nursing-assistant-per-diem-prn-fort-huachuca-az,25.53,gna
Fort Lauderdale,geriatric-nursing-assistant-per-diem-prn-fort-lauderdale-fl,25.77,gna
Fort Lupton,geriatric-nursing-assistant-per-diem-prn-fort-lupton-co,25.93,gna
Fort Lyon,geriatric-nursing-assistant-per-diem-prn-fort-lyon-co,25.38,gna
Fort Madison,geriatric-nursing-assistant-per-diem-prn-fort-madison-ia,26.13,gna
Fort Mc Coy,geriatric-nursing-assistant-per-diem-prn-fort-mc-coy-fl,25.87,gna
Fort Mill,geriatric-nursing-assistant-per-diem-prn-fort-mill-sc,25.65,gna
Fort Mohave,geriatric-nursing-assistant-per-diem-prn-fort-mohave-az,25.96,gna
Fort Morgan,geriatric-nursing-assistant-per-diem-prn-fort-morgan-co,25.41,gna
Fort Myers FL,geriatric-nursing-assistant-per-diem-prn-fort-myers-fl,25.47,gna
Fort Myers The Forum,geriatric-nursing-assistant-per-diem-prn-fort-myers-the-forum-fl,25.77,gna
Fort Pierce FL,geriatric-nursing-assistant-per-diem-prn-fort-pierce-fl,25.32,gna
Fort Smith,geriatric-nursing-assistant-per-diem-prn-fort-smith-ar,25.61,gna
Fort Stockton,geriatric-nursing-assistant-per-diem-prn-fort-stockton-tx,26.11,gna
Fort Thomas,geriatric-nursing-assistant-per-diem-prn-fort-thomas-ky,25.43,gna
Fort Walton Beach,geriatric-nursing-assistant-per-diem-prn-fort-walton-beach-fl,25.64,gna
Fort Washakie,geriatric-nursing-assistant-per-diem-prn-fort-washakie-wy,25.78,gna
Fort Wayne,geriatric-nursing-assistant-per-diem-prn-fort-wayne-in,25.37,gna
Fort Worth,geriatric-nursing-assistant-per-diem-prn-fort-worth-tx,26.18,gna
Fort Worth Shaw Clarke,geriatric-nursing-assistant-per-diem-prn-fort-worth-shaw-clarke-tx,25.78,gna
Fossil,geriatric-nursing-assistant-per-diem-prn-fossil-or,25.25,gna
Fountain,geriatric-nursing-assistant-per-diem-prn-fountain-co,26.18,gna
Fountain Hills,geriatric-nursing-assistant-per-diem-prn-fountain-hills-az,25.50,gna
Fountain Inn,geriatric-nursing-assistant-per-diem-prn-fountain-inn-sc,26.11,gna
Fountain Valley,geriatric-nursing-assistant-per-diem-prn-fountain-valley-ca,25.75,gna
Fountainebleau,geriatric-nursing-assistant-per-diem-prn-fountainebleau-fl,25.43,gna
Four Corners,geriatric-nursing-assistant-per-diem-prn-four-corners-fl,25.92,gna
Fowler,geriatric-nursing-assistant-per-diem-prn-fowler-co,25.20,gna
Framingham,geriatric-nursing-assistant-per-diem-prn-framingham-ma,25.03,gna
Frankfort,geriatric-nursing-assistant-per-diem-prn-frankfort-in,26.10,gna
Frankfort KS,geriatric-nursing-assistant-per-diem-prn-frankfort-ks,25.35,gna
Frankfort KY,geriatric-nursing-assistant-per-diem-prn-frankfort-ky,25.40,gna
Franklin,geriatric-nursing-assistant-per-diem-prn-franklin-tn,25.14,gna
Franklin,geriatric-nursing-assistant-per-diem-prn-franklin-wi,25.48,gna
Franklin TX,geriatric-nursing-assistant-per-diem-prn-franklin-tx,25.66,gna
Franklin WV,geriatric-nursing-assistant-per-diem-prn-franklin-wv,25.85,gna
Frankston,geriatric-nursing-assistant-per-diem-prn-frankston-tx,26.00,gna
Fred,geriatric-nursing-assistant-per-diem-prn-fred-tx,25.30,gna
Frederick,geriatric-nursing-assistant-per-diem-prn-frederick-md-2483c,25.40,gna
Frederick CO,geriatric-nursing-assistant-per-diem-prn-frederick-co,25.45,gna
Frederick MD,geriatric-nursing-assistant-per-diem-prn-frederick-md,25.57,gna
Fredericksburg TX,geriatric-nursing-assistant-per-diem-prn-fredericksburg-tx,25.68,gna
Fredericksburg VA,geriatric-nursing-assistant-per-diem-prn-fredericksburg-va,25.22,gna
Fredonia,geriatric-nursing-assistant-per-diem-prn-fredonia-wi,25.67,gna
Freehold,geriatric-nursing-assistant-per-diem-prn-freehold-nj,25.48,gna
Freeport FL,geriatric-nursing-assistant-per-diem-prn-freeport-fl,25.53,gna
Freeport IL,geriatric-nursing-assistant-per-diem-prn-freeport-il,25.77,gna
Freeport TX,geriatric-nursing-assistant-per-diem-prn-freeport-tx,25.93,gna
Freer,geriatric-nursing-assistant-per-diem-prn-freer-tx,25.38,gna
Fremont,geriatric-nursing-assistant-per-diem-prn-fremont-ca,26.13,gna
Fremont,geriatric-nursing-assistant-per-diem-prn-fremont-ne,25.87,gna
Fresno CA,geriatric-nursing-assistant-per-diem-prn-fresno-ca,25.96,gna
Fresno TX,geriatric-nursing-assistant-per-diem-prn-fresno-tx,25.41,gna
Friendswood,geriatric-nursing-assistant-per-diem-prn-friendswood-tx,25.47,gna
Fries,geriatric-nursing-assistant-per-diem-prn-fries-va,25.32,gna
Friona,geriatric-nursing-assistant-per-diem-prn-friona-tx,25.61,gna
Frisco CO,geriatric-nursing-assistant-per-diem-prn-frisco-co,26.11,gna
Frisco TX,geriatric-nursing-assistant-per-diem-prn-frisco-tx,25.43,gna
Fritch,geriatric-nursing-assistant-per-diem-prn-fritch-tx,25.64,gna
Frostproof,geriatric-nursing-assistant-per-diem-prn-frostproof-fl,25.78,gna
Fruit Cove,geriatric-nursing-assistant-per-diem-prn-fruit-cove-fl,25.83,gna
Fruita,geriatric-nursing-assistant-per-diem-prn-fruita-co,25.37,gna
Fruitland,geriatric-nursing-assistant-per-diem-prn-fruitland-fl,25.25,gna
Fruitland,geriatric-nursing-assistant-per-diem-prn-fruitland-id,26.18,gna
Fruitland Park,geriatric-nursing-assistant-per-diem-prn-fruitland-park-fl,25.50,gna
Ft. Worth,geriatric-nursing-assistant-per-diem-prn-ft-worth-tx,25.75,gna
Fulshear,geriatric-nursing-assistant-per-diem-prn-fulshear-tx,25.20,gna
Fuquay-Varina,geriatric-nursing-assistant-per-diem-prn-fuquay-varina-nc,25.61,gna
Gadsden,geriatric-nursing-assistant-per-diem-prn-gadsden-al,26.10,gna
Gahanna,geriatric-nursing-assistant-per-diem-prn-gahanna-oh,26.10,gna
Gainesville FL,geriatric-nursing-assistant-per-diem-prn-gainesville-fl,25.35,gna
Gainesville GA,geriatric-nursing-assistant-per-diem-prn-gainesville-ga,25.43,gna
Gainesville TX,geriatric-nursing-assistant-per-diem-prn-gainesville-tx,25.40,gna
Gaithersburg,geriatric-nursing-assistant-per-diem-prn-gaithersburg-md,25.48,gna
Gallatin,geriatric-nursing-assistant-per-diem-prn-gallatin-tn,25.54,gna
Gallup,geriatric-nursing-assistant-per-diem-prn-gallup-nm,25.59,gna
Galveston,geriatric-nursing-assistant-per-diem-prn-galveston-tx,25.66,gna
Ganado AZ,geriatric-nursing-assistant-per-diem-prn-ganado-az,25.85,gna
Ganado TX,geriatric-nursing-assistant-per-diem-prn-ganado-tx,26.00,gna
Garden City,geriatric-nursing-assistant-per-diem-prn-garden-city-ks,25.44,gna
Garden City ID,geriatric-nursing-assistant-per-diem-prn-garden-city-id,25.30,gna
Garden City UT,geriatric-nursing-assistant-per-diem-prn-garden-city-ut,25.45,gna
Garden Grove,geriatric-nursing-assistant-per-diem-prn-garden-grove-ca,25.74,gna
Gardner,geriatric-nursing-assistant-per-diem-prn-gardner-ks,25.85,gna
Gardner,geriatric-nursing-assistant-per-diem-prn-gardner-ma,25.57,gna
Gardnerville,geriatric-nursing-assistant-per-diem-prn-gardnerville-nv,25.68,gna
Garfield Heights,geriatric-nursing-assistant-per-diem-prn-garfield-heights-oh,25.23,gna
Garland,geriatric-nursing-assistant-per-diem-prn-garland-tx,25.22,gna
Garrison,geriatric-nursing-assistant-per-diem-prn-garrison-tx,25.67,gna
Gary,geriatric-nursing-assistant-per-diem-prn-gary-in,25.23,gna
Gastonia NC,geriatric-nursing-assistant-per-diem-prn-gastonia-nc,25.48,gna
Gatesville,geriatric-nursing-assistant-per-diem-prn-gatesville-tx,25.53,gna
Gaylord,geriatric-nursing-assistant-per-diem-prn-gaylord-mi,25.77,gna
Geneva,geriatric-nursing-assistant-per-diem-prn-geneva-il-1cca8,25.93,gna
Geneva,geriatric-nursing-assistant-per-diem-prn-geneva-ne,25.38,gna
George,geriatric-nursing-assistant-per-diem-prn-george-ia,26.13,gna
George West,geriatric-nursing-assistant-per-diem-prn-george-west-tx,25.87,gna
Georgetown,geriatric-nursing-assistant-per-diem-prn-georgetown-de,25.74,gna
Georgetown,geriatric-nursing-assistant-per-diem-prn-georgetown-ky,25.74,gna
Georgetown,geriatric-nursing-assistant-per-diem-prn-georgetown-tx,25.96,gna
Gerlach,geriatric-nursing-assistant-per-diem-prn-gerlach-nv,25.41,gna
Germantown,geriatric-nursing-assistant-per-diem-prn-germantown-md,25.20,gna
Germantown,geriatric-nursing-assistant-per-diem-prn-germantown-tn,25.85,gna
Germantown,geriatric-nursing-assistant-per-diem-prn-germantown-wi,25.47,gna
Giddings,geriatric-nursing-assistant-per-diem-prn-giddings-tx,25.32,gna
Gifford,geriatric-nursing-assistant-per-diem-prn-gifford-il,25.61,gna
Gig Harbor,geriatric-nursing-assistant-per-diem-prn-gig-harbor-wa,26.11,gna
Gila Bend,geriatric-nursing-assistant-per-diem-prn-gila-bend-az,25.43,gna
Gilber,geriatric-nursing-assistant-per-diem-prn-gilber-az,25.64,gna
Gilbert AZ,geriatric-nursing-assistant-per-diem-prn-gilbert-az,25.78,gna
Gilbert Gilbert Medical Center,geriatric-nursing-assistant-per-diem-prn-gilbert-gilbert-medical-center-az,26.10,gna
Gilchrist,geriatric-nursing-assistant-per-diem-prn-gilchrist-or,25.37,gna
Gillette,geriatric-nursing-assistant-per-diem-prn-gillette-wy,25.93,gna
Gilmer,geriatric-nursing-assistant-per-diem-prn-gilmer-tx,25.25,gna
Gladewater,geriatric-nursing-assistant-per-diem-prn-gladewater-tx,26.18,gna
Gladstone,geriatric-nursing-assistant-per-diem-prn-gladstone-mo,25.85,gna
Gladstone OR,geriatric-nursing-assistant-per-diem-prn-gladstone-or,25.50,gna
Glasgow,geriatric-nursing-assistant-per-diem-prn-glasgow-de,26.18,gna
Glastonbury,geriatric-nursing-assistant-per-diem-prn-glastonbury-ct,25.25,gna
Glen Burnie,geriatric-nursing-assistant-per-diem-prn-glen-burnie-md,25.75,gna
Glen Burnie,geriatric-nursing-assistant-per-diem-prn-glen-burnie-md-90a41,25.35,gna
Glen Cove,geriatric-nursing-assistant-per-diem-prn-glen-cove-ny,25.20,gna
Glen Rose,geriatric-nursing-assistant-per-diem-prn-glen-rose-tx,26.10,gna
Glen Saint Mary,geriatric-nursing-assistant-per-diem-prn-glen-saint-mary-fl,25.35,gna
Glencoe IL,geriatric-nursing-assistant-per-diem-prn-glencoe-il,25.40,gna
Glendale AZ,geriatric-nursing-assistant-per-diem-prn-glendale-az,25.66,gna
Glendale CA,geriatric-nursing-assistant-per-diem-prn-glendale-ca,25.85,gna
Glendale CO,geriatric-nursing-assistant-per-diem-prn-glendale-co,26.00,gna
Glendale Rovey Farm Estates,geriatric-nursing-assistant-per-diem-prn-glendale-rovey-farm-estates-az,25.85,gna
Glendive,geriatric-nursing-assistant-per-diem-prn-glendive-mt,25.30,gna
Glenns Ferry,geriatric-nursing-assistant-per-diem-prn-glenns-ferry-id,25.45,gna
Glenpool,geriatric-nursing-assistant-per-diem-prn-glenpool-ok,25.57,gna
Glens Falls,geriatric-nursing-assistant-per-diem-prn-glens-falls-ny,25.68,gna
Glenwood,geriatric-nursing-assistant-per-diem-prn-glenwood-ia,25.22,gna
Glenwood Springs,geriatric-nursing-assistant-per-diem-prn-glenwood-springs-co,25.67,gna
Glide,geriatric-nursing-assistant-per-diem-prn-glide-or,25.48,gna
Globe,geriatric-nursing-assistant-per-diem-prn-globe-az,25.53,gna
Godley,geriatric-nursing-assistant-per-diem-prn-godley-tx,25.77,gna
Goffstown,geriatric-nursing-assistant-per-diem-prn-goffstown-nh,25.74,gna
Gold Beach,geriatric-nursing-assistant-per-diem-prn-gold-beach-or,25.93,gna
Gold Canyon,geriatric-nursing-assistant-per-diem-prn-gold-canyon-az,25.38,gna
Golden,geriatric-nursing-assistant-per-diem-prn-golden-co,26.13,gna
Golden Glades,geriatric-nursing-assistant-per-diem-prn-golden-glades-fl,25.84,gna
Golden Valley,geriatric-nursing-assistant-per-diem-prn-golden-valley-az,25.87,gna
Goldendale,geriatric-nursing-assistant-per-diem-prn-goldendale-wa,25.96,gna
Goldsboro,geriatric-nursing-assistant-per-diem-prn-goldsboro-nc,25.43,gna
Goldthwaite,geriatric-nursing-assistant-per-diem-prn-goldthwaite-tx,25.41,gna
Goliad,geriatric-nursing-assistant-per-diem-prn-goliad-tx,25.47,gna
Gonzales,geriatric-nursing-assistant-per-diem-prn-gonzales-tx,25.32,gna
Goochland,geriatric-nursing-assistant-per-diem-prn-goochland-va,25.61,gna
Gooding,geriatric-nursing-assistant-per-diem-prn-gooding-id,26.11,gna
Goodyear,geriatric-nursing-assistant-per-diem-prn-goodyear-az,25.43,gna
Goose Creek,geriatric-nursing-assistant-per-diem-prn-goose-creek-sc,25.36,gna
Gordon,geriatric-nursing-assistant-per-diem-prn-gordon-tx,25.64,gna
Gorham,geriatric-nursing-assistant-per-diem-prn-gorham-me,26.18,gna
Goshen,geriatric-nursing-assistant-per-diem-prn-goshen-in,25.78,gna
Gothenburg,geriatric-nursing-assistant-per-diem-prn-gothenburg-ne,25.37,gna
Graceville,geriatric-nursing-assistant-per-diem-prn-graceville-fl,26.18,gna
Grafton,geriatric-nursing-assistant-per-diem-prn-grafton-nd,25.25,gna
Graham,geriatric-nursing-assistant-per-diem-prn-graham-tx,26.18,gna
Granbury,geriatric-nursing-assistant-per-diem-prn-granbury-tx,25.50,gna
Granby,geriatric-nursing-assistant-per-diem-prn-granby-co,25.75,gna
Grand Canyon,geriatric-nursing-assistant-per-diem-prn-grand-canyon-az,25.20,gna
Grand Forks,geriatric-nursing-assistant-per-diem-prn-grand-forks-nd,26.10,gna
Grand Island,geriatric-nursing-assistant-per-diem-prn-grand-island-ne,25.00,gna
Grand Junction,geriatric-nursing-assistant-per-diem-prn-grand-junction-co,25.35,gna
Grand Prairie,geriatric-nursing-assistant-per-diem-prn-grand-prairie-tx,25.40,gna
Grand Rapids MI,geriatric-nursing-assistant-per-diem-prn-grand-rapids-mi,25.66,gna
Grand Saline,geriatric-nursing-assistant-per-diem-prn-grand-saline-tx,25.85,gna
Grand View,geriatric-nursing-assistant-per-diem-prn-grand-view-id,26.00,gna
Grandview,geriatric-nursing-assistant-per-diem-prn-grandview-mo,25.32,gna
Grandview,geriatric-nursing-assistant-per-diem-prn-grandview-tx,25.30,gna
Granger IN,geriatric-nursing-assistant-per-diem-prn-granger-in,25.45,gna
Granger TX,geriatric-nursing-assistant-per-diem-prn-granger-tx,25.57,gna
Grangeville,geriatric-nursing-assistant-per-diem-prn-grangeville-id,25.68,gna
Grants Pass,geriatric-nursing-assistant-per-diem-prn-grants-pass-or,25.22,gna
Grapevine,geriatric-nursing-assistant-per-diem-prn-grapevine-tx,25.67,gna
Great Barrington,geriatric-nursing-assistant-per-diem-prn-great-barrington-ma,25.48,gna
Great Falls,geriatric-nursing-assistant-per-diem-prn-great-falls-mt,25.53,gna
Great Falls,geriatric-nursing-assistant-per-diem-prn-great-falls-va,25.77,gna
Greece,geriatric-nursing-assistant-per-diem-prn-greece-ny,25.38,gna
Greeley,geriatric-nursing-assistant-per-diem-prn-greeley-co,25.93,gna
Green,geriatric-nursing-assistant-per-diem-prn-green-oh,25.92,gna
Green Bay,geriatric-nursing-assistant-per-diem-prn-green-bay-wi,25.38,gna
Green Cove Springs,geriatric-nursing-assistant-per-diem-prn-green-cove-springs-fl,26.13,gna
Green River,geriatric-nursing-assistant-per-diem-prn-green-river-ut,25.87,gna
Green River,geriatric-nursing-assistant-per-diem-prn-green-river-wy,25.47,gna
Green Valley,geriatric-nursing-assistant-per-diem-prn-green-valley-az,25.96,gna
Greenacres,geriatric-nursing-assistant-per-diem-prn-greenacres-fl,25.41,gna
Greenacres WA,geriatric-nursing-assistant-per-diem-prn-greenacres-wa,25.47,gna
Greenbrae,geriatric-nursing-assistant-per-diem-prn-greenbrae-ca,25.32,gna
Greenburgh,geriatric-nursing-assistant-per-diem-prn-greenburgh-ny,25.25,gna
Greenehaven,geriatric-nursing-assistant-per-diem-prn-greenehaven-az,25.61,gna
Greeneville,geriatric-nursing-assistant-per-diem-prn-greeneville-tn,26.11,gna
Greenfield,geriatric-nursing-assistant-per-diem-prn-greenfield-wi,25.35,gna
Greenport,geriatric-nursing-assistant-per-diem-prn-greenport-ny,25.43,gna
Greensboro,geriatric-nursing-assistant-per-diem-prn-greensboro-vt,25.78,gna
Greensboro NC,geriatric-nursing-assistant-per-diem-prn-greensboro-nc-643ff,25.64,gna
Greensboro Warnersville,geriatric-nursing-assistant-per-diem-prn-greensboro-warnersville-nc,25.44,gna
Greenville,geriatric-nursing-assistant-per-diem-prn-greenville-ms,26.18,gna
Greenville,geriatric-nursing-assistant-per-diem-prn-greenville-nc,25.68,gna
Greenville FL,geriatric-nursing-assistant-per-diem-prn-greenville-fl,25.37,gna
Greenville SC,geriatric-nursing-assistant-per-diem-prn-greenville-sc,25.25,gna
Greenville TX,geriatric-nursing-assistant-per-diem-prn-greenville-tx,26.18,gna
Greenwich,geriatric-nursing-assistant-per-diem-prn-greenwich-ct,25.14,gna
Greenwood,geriatric-nursing-assistant-per-diem-prn-greenwood-in,25.50,gna
Greenwood,geriatric-nursing-assistant-per-diem-prn-greenwood-sc,25.92,gna
Greenwood Village CO,geriatric-nursing-assistant-per-diem-prn-greenwood-village-co,25.75,gna
Greer,geriatric-nursing-assistant-per-diem-prn-greer-sc,25.99,gna
Gresham OR,geriatric-nursing-assistant-per-diem-prn-gresham-or,25.20,gna
Griswold,geriatric-nursing-assistant-per-diem-prn-griswold-ia,26.10,gna
Grizzly Flats,geriatric-nursing-assistant-per-diem-prn-grizzly-flats-ca,25.35,gna
Groesbeck,geriatric-nursing-assistant-per-diem-prn-groesbeck-tx,25.40,gna
Groton,geriatric-nursing-assistant-per-diem-prn-groton-ct,25.66,gna
Grove,geriatric-nursing-assistant-per-diem-prn-grove-ok,25.85,gna
Grove City,geriatric-nursing-assistant-per-diem-prn-grove-city-oh,26.10,gna
Groveland,geriatric-nursing-assistant-per-diem-prn-groveland-fl,26.00,gna
Groves,geriatric-nursing-assistant-per-diem-prn-groves-tx,25.30,gna
Groveton,geriatric-nursing-assistant-per-diem-prn-groveton-tx,25.45,gna
Grulla,geriatric-nursing-assistant-per-diem-prn-grulla-tx,25.57,gna
Guilford,geriatric-nursing-assistant-per-diem-prn-guilford-ct,25.68,gna
Gulf Breeze,geriatric-nursing-assistant-per-diem-prn-gulf-breeze-fl,25.22,gna
Gulfport,geriatric-nursing-assistant-per-diem-prn-gulfport-fl,25.67,gna
Gulfport,geriatric-nursing-assistant-per-diem-prn-gulfport-ms,25.43,gna
Gun Barrel City,geriatric-nursing-assistant-per-diem-prn-gun-barrel-city-tx,25.48,gna
Gunnison CO,geriatric-nursing-assistant-per-diem-prn-gunnison-co,25.53,gna
Gunnison UT,geriatric-nursing-assistant-per-diem-prn-gunnison-ut,25.77,gna
Gunter,geriatric-nursing-assistant-per-diem-prn-gunter-tx,25.93,gna
Guttenberg,geriatric-nursing-assistant-per-diem-prn-guttenberg-ia,25.38,gna
Hackensack,geriatric-nursing-assistant-per-diem-prn-hackensack-nj,26.13,gna
Hackettstown,geriatric-nursing-assistant-per-diem-prn-hackettstown-nj,25.87,gna
Hagerman,geriatric-nursing-assistant-per-diem-prn-hagerman-id,25.96,gna
Hagerstown,geriatric-nursing-assistant-per-diem-prn-hagerstown-md,25.41,gna
Hagerstown,geriatric-nursing-assistant-per-diem-prn-hagerstown-md-fe2ee,25.87,gna
Hailey,geriatric-nursing-assistant-per-diem-prn-hailey-id,25.47,gna
Haines City,geriatric-nursing-assistant-per-diem-prn-haines-city-fl,25.32,gna
Hale Center,geriatric-nursing-assistant-per-diem-prn-hale-center-tx,25.61,gna
Halfway,geriatric-nursing-assistant-per-diem-prn-halfway-or,26.11,gna
Hallandale,geriatric-nursing-assistant-per-diem-prn-hallandale-fl,25.64,gna
Hallandale Beach,geriatric-nursing-assistant-per-diem-prn-hallandale-beach-fl,25.43,gna
Hallettsville,geriatric-nursing-assistant-per-diem-prn-hallettsville-tx,25.78,gna
Hallowell,geriatric-nursing-assistant-per-diem-prn-hallowell-me,25.37,gna
Hamburg town,geriatric-nursing-assistant-per-diem-prn-hamburg-town-ny,26.10,gna
Hamden,geriatric-nursing-assistant-per-diem-prn-hamden-ct,25.45,gna
Hamilton,geriatric-nursing-assistant-per-diem-prn-hamilton-oh,25.41,gna
Hamilton MT,geriatric-nursing-assistant-per-diem-prn-hamilton-mt,25.25,gna
Hamilton Square,geriatric-nursing-assistant-per-diem-prn-hamilton-square-nj,26.18,gna
Hamilton TX,geriatric-nursing-assistant-per-diem-prn-hamilton-tx,25.50,gna
Hamlin,geriatric-nursing-assistant-per-diem-prn-hamlin-tx,25.75,gna
Hammond,geriatric-nursing-assistant-per-diem-prn-hammond-in,25.54,gna
Hammond,geriatric-nursing-assistant-per-diem-prn-hammond-la,25.20,gna
Hampden,geriatric-nursing-assistant-per-diem-prn-hampden-pa,25.67,gna
Hampton,geriatric-nursing-assistant-per-diem-prn-hampton-va,25.65,gna
Hanceville,geriatric-nursing-assistant-per-diem-prn-hanceville-al,26.10,gna
Hanford,geriatric-nursing-assistant-per-diem-prn-hanford-ca,25.35,gna
Hanksville,geriatric-nursing-assistant-per-diem-prn-hanksville-ut,25.40,gna
Hannibal,geriatric-nursing-assistant-per-diem-prn-hannibal-mo,25.66,gna
Hanover,geriatric-nursing-assistant-per-diem-prn-hanover-md,25.85,gna
Happy Valley,geriatric-nursing-assistant-per-diem-prn-happy-valley-or,26.00,gna
Hardin,geriatric-nursing-assistant-per-diem-prn-hardin-mt,25.30,gna
Harker Heights,geriatric-nursing-assistant-per-diem-prn-harker-heights-tx,25.45,gna
Harlan,geriatric-nursing-assistant-per-diem-prn-harlan-ky,25.57,gna
Harlingen,geriatric-nursing-assistant-per-diem-prn-harlingen-tx,25.68,gna
Harrah,geriatric-nursing-assistant-per-diem-prn-harrah-ok,25.22,gna
Harrington Park,geriatric-nursing-assistant-per-diem-prn-harrington-park-nj,25.67,gna
Harrisburg,geriatric-nursing-assistant-per-diem-prn-harrisburg-pa,25.64,gna
Harrisonburg,geriatric-nursing-assistant-per-diem-prn-harrisonburg-va,25.74,gna
Hartfield,geriatric-nursing-assistant-per-diem-prn-hartfield-va,25.48,gna
Hartford,geriatric-nursing-assistant-per-diem-prn-hartford-ct,25.53,gna
Hartford,geriatric-nursing-assistant-per-diem-prn-hartford-vt,25.22,gna
Hartland,geriatric-nursing-assistant-per-diem-prn-hartland-me,25.25,gna
Harvey,geriatric-nursing-assistant-per-diem-prn-harvey-il,25.77,gna
Harvey,geriatric-nursing-assistant-per-diem-prn-harvey-la,25.61,gna
Harwich,geriatric-nursing-assistant-per-diem-prn-harwich-ma,25.93,gna
Haskell,geriatric-nursing-assistant-per-diem-prn-haskell-tx,25.38,gna
Hastings FL,geriatric-nursing-assistant-per-diem-prn-hastings-fl,26.13,gna
Hastings NE,geriatric-nursing-assistant-per-diem-prn-hastings-ne,25.87,gna
Hattiesburg,geriatric-nursing-assistant-per-diem-prn-hattiesburg-ms,25.96,gna
Havana,geriatric-nursing-assistant-per-diem-prn-havana-fl,25.41,gna
Haverford,geriatric-nursing-assistant-per-diem-prn-haverford-pa,25.57,gna
Haverhill FL,geriatric-nursing-assistant-per-diem-prn-haverhill-fl,25.47,gna
Haverhill MA,geriatric-nursing-assistant-per-diem-prn-haverhill-ma,25.32,gna
Havre,geriatric-nursing-assistant-per-diem-prn-havre-mt,26.11,gna
Havre De Grace MD,geriatric-nursing-assistant-per-diem-prn-havre-de-grace-md,25.61,gna
Hawkins,geriatric-nursing-assistant-per-diem-prn-hawkins-tx,25.43,gna
Hawthorne,geriatric-nursing-assistant-per-diem-prn-hawthorne-ca,25.64,gna
Hawthorne,geriatric-nursing-assistant-per-diem-prn-hawthorne-f-nv,25.78,gna
Hawthorne,geriatric-nursing-assistant-per-diem-prn-hawthorne-nv,26.18,gna
Hawthorne FL,geriatric-nursing-assistant-per-diem-prn-hawthorne-fl,25.37,gna
Haxtun,geriatric-nursing-assistant-per-diem-prn-haxtun-co,25.25,gna
Hayden,geriatric-nursing-assistant-per-diem-prn-hayden-id,26.18,gna
Hayesville,geriatric-nursing-assistant-per-diem-prn-hayesville-or,25.65,gna
Haymarket,geriatric-nursing-assistant-per-diem-prn-haymarket-va,25.50,gna
Hays,geriatric-nursing-assistant-per-diem-prn-hays-ks,25.75,gna
Hayward CA,geriatric-nursing-assistant-per-diem-prn-hayward-ca,25.20,gna
Hayward WI,geriatric-nursing-assistant-per-diem-prn-hayward-wi,26.10,gna
Hazard,geriatric-nursing-assistant-per-diem-prn-hazard-ky,25.35,gna
Hazel Crest,geriatric-nursing-assistant-per-diem-prn-hazel-crest-il,25.40,gna
Hazelwood,geriatric-nursing-assistant-per-diem-prn-hazelwood-mo,25.65,gna
Hazleton,geriatric-nursing-assistant-per-diem-prn-hazleton-pa,25.22,gna
Hearne,geriatric-nursing-assistant-per-diem-prn-hearne-tx,25.66,gna
Heartland,geriatric-nursing-assistant-per-diem-prn-heartland-tx,25.85,gna
Heath,geriatric-nursing-assistant-per-diem-prn-heath-tx,26.00,gna
Hebbronville,geriatric-nursing-assistant-per-diem-prn-hebbronville-tx,25.30,gna
Heber City,geriatric-nursing-assistant-per-diem-prn-heber-city-ut,25.45,gna
Hebron,geriatric-nursing-assistant-per-diem-prn-hebron-ne,25.57,gna
Helena MT,geriatric-nursing-assistant-per-diem-prn-helena-mt,25.68,gna
Helena OR,geriatric-nursing-assistant-per-diem-prn-helena-or,25.22,gna
Helper,geriatric-nursing-assistant-per-diem-prn-helper-ut,25.67,gna
Hemet CA,geriatric-nursing-assistant-per-diem-prn-hemet-ca,25.48,gna
Hemphill,geriatric-nursing-assistant-per-diem-prn-hemphill-tx,25.53,gna
Hempstead,geriatric-nursing-assistant-per-diem-prn-hempstead-tx,25.77,gna
Hempstead town,geriatric-nursing-assistant-per-diem-prn-hempstead-town-ny,25.95,gna
Henderson,geriatric-nursing-assistant-per-diem-prn-henderson-ky,25.74,gna
Henderson Green Valley Ranch,geriatric-nursing-assistant-per-diem-prn-henderson-green-valley-ranch-nv,25.93,gna
Henderson Midway,geriatric-nursing-assistant-per-diem-prn-henderson-midway-nv,26.10,gna
Henderson NV,geriatric-nursing-assistant-per-diem-prn-henderson-nv,25.38,gna
Henderson Pittmann,geriatric-nursing-assistant-per-diem-prn-henderson-pittman-nv,25.22,gna
Henderson Silverado Ranch,geriatric-nursing-assistant-per-diem-prn-henderson-silverado-ranch-nv,25.48,gna
Henderson TX,geriatric-nursing-assistant-per-diem-prn-henderson-tx,26.13,gna
Hendersonville,geriatric-nursing-assistant-per-diem-prn-hendersonville-nc,25.87,gna
Hendersonville,geriatric-nursing-assistant-per-diem-prn-hendersonville-tn,25.96,gna
Henrietta,geriatric-nursing-assistant-per-diem-prn-henrietta-tx,25.41,gna
Heppner,geriatric-nursing-assistant-per-diem-prn-heppner-or,25.47,gna
Hereford AZ,geriatric-nursing-assistant-per-diem-prn-hereford-az,25.32,gna
Hereford TX,geriatric-nursing-assistant-per-diem-prn-hereford-tx,25.61,gna
Hermiston,geriatric-nursing-assistant-per-diem-prn-hermiston-or,26.11,gna
Hermitage,geriatric-nursing-assistant-per-diem-prn-hermitage-tn,25.43,gna
Hernando,geriatric-nursing-assistant-per-diem-prn-hernando-fl,25.64,gna
Herriman,geriatric-nursing-assistant-per-diem-prn-herriman-ut,25.78,gna
Hersey,geriatric-nursing-assistant-per-diem-prn-hersey-mi,25.50,gna
Hettinger,geriatric-nursing-assistant-per-diem-prn-hettinger-nd,25.37,gna
Hewitt,geriatric-nursing-assistant-per-diem-prn-hewitt-tx,25.25,gna
Hialeah,geriatric-nursing-assistant-per-diem-prn-hialeah-fl,26.18,gna
Hialeah Gardens,geriatric-nursing-assistant-per-diem-prn-hialeah-gardens-fl,25.50,gna
Hickory,geriatric-nursing-assistant-per-diem-prn-hickory-nc,25.87,gna
Hico,geriatric-nursing-assistant-per-diem-prn-hico-tx,25.75,gna
High Point,geriatric-nursing-assistant-per-diem-prn-high-point-nc,25.48,gna
High Springs,geriatric-nursing-assistant-per-diem-prn-high-springs-fl,25.20,gna
Highland,geriatric-nursing-assistant-per-diem-prn-highland-ut,26.10,gna
Highland Village,geriatric-nursing-assistant-per-diem-prn-highland-village-tx,25.35,gna
Highlands Ranch CO,geriatric-nursing-assistant-per-diem-prn-highlands-ranch-co,25.40,gna
Hill AFB,geriatric-nursing-assistant-per-diem-prn-hill-afb-ut,25.66,gna
Hilliard,geriatric-nursing-assistant-per-diem-prn-hilliard-fl,25.85,gna
Hilliard,geriatric-nursing-assistant-per-diem-prn-hilliard-oh,25.37,gna
Hillsboro OR,geriatric-nursing-assistant-per-diem-prn-hillsboro-or,26.00,gna
Hillsboro TX,geriatric-nursing-assistant-per-diem-prn-hillsboro-tx,25.30,gna
Hillsborough NJ,geriatric-nursing-assistant-per-diem-prn-hillsborough-nj,25.45,gna
Hillsdale,geriatric-nursing-assistant-per-diem-prn-hillsdale-mi,25.57,gna
Hillside IL,geriatric-nursing-assistant-per-diem-prn-hillside-il,25.68,gna
Hilo,geriatric-nursing-assistant-per-diem-prn-hilo-hi,25.22,gna
Hilton Head Island,geriatric-nursing-assistant-per-diem-prn-hilton-head-island-sc,25.10,gna
Hinesville,geriatric-nursing-assistant-per-diem-prn-hinesville-ga,26.18,gna
Hitchcock,geriatric-nursing-assistant-per-diem-prn-hitchcock-tx,25.67,gna
Hixson,geriatric-nursing-assistant-per-diem-prn-hixson-tn,25.48,gna
Hobart,geriatric-nursing-assistant-per-diem-prn-hobart-in,25.53,gna
Hobbs,geriatric-nursing-assistant-per-diem-prn-hobbs-nm,25.61,gna
Hobe Sound,geriatric-nursing-assistant-per-diem-prn-hobe-sound-fl,25.77,gna
Hoffman Estates,geriatric-nursing-assistant-per-diem-prn-hoffman-estates-il,25.65,gna
Holbrook,geriatric-nursing-assistant-per-diem-prn-holbrook-az,25.93,gna
Holdrege,geriatric-nursing-assistant-per-diem-prn-holdrege-ne,25.38,gna
Holiday,geriatric-nursing-assistant-per-diem-prn-holiday-fl,26.13,gna
Holladay,geriatric-nursing-assistant-per-diem-prn-holladay-ut,25.87,gna
Holland,geriatric-nursing-assistant-per-diem-prn-holland-oh,25.68,gna
Holly,geriatric-nursing-assistant-per-diem-prn-holly-co,25.96,gna
Holly Hill,geriatric-nursing-assistant-per-diem-prn-holly-hill-fl,25.41,gna
Holly Springs,geriatric-nursing-assistant-per-diem-prn-holly-springs-nc,26.13,gna
Hollywood,geriatric-nursing-assistant-per-diem-prn-hollywood-fl,25.47,gna
Holmdel,geriatric-nursing-assistant-per-diem-prn-holmdel-nj,25.32,gna
Holstein,geriatric-nursing-assistant-per-diem-prn-holstein-ia,25.61,gna
Holyoke CO,geriatric-nursing-assistant-per-diem-prn-holyoke-co,26.11,gna
Holyoke MA,geriatric-nursing-assistant-per-diem-prn-holyoke-ma,25.43,gna
Homedale,geriatric-nursing-assistant-per-diem-prn-homedale-id,25.64,gna
Homestead,geriatric-nursing-assistant-per-diem-prn-homestead-fl,25.78,gna
Homewood,geriatric-nursing-assistant-per-diem-prn-homewood-al,25.35,gna
Homosassa,geriatric-nursing-assistant-per-diem-prn-homosassa-fl,25.37,gna
Hondo,geriatric-nursing-assistant-per-diem-prn-hondo-tx,25.25,gna
Honey Grove,geriatric-nursing-assistant-per-diem-prn-honey-grove-tx,26.18,gna
Honokaa,geriatric-nursing-assistant-per-diem-prn-honokaa-hi,25.50,gna
Honolulu,geriatric-nursing-assistant-per-diem-prn-honolulu-hi,25.75,gna
Hood River OR,geriatric-nursing-assistant-per-diem-prn-hood-river-or,25.20,gna
Hoover,geriatric-nursing-assistant-per-diem-prn-hoover-al-b1c00,26.10,gna
Hope,geriatric-nursing-assistant-per-diem-prn-hope-nj,25.43,gna
Hopedale,geriatric-nursing-assistant-per-diem-prn-hopedale-ma,25.35,gna
Hopewell,geriatric-nursing-assistant-per-diem-prn-hopewell-va,25.40,gna
Hopkinsville,geriatric-nursing-assistant-per-diem-prn-hopkinsville-ky,26.10,gna
Horizon City,geriatric-nursing-assistant-per-diem-prn-horizon-city-tx,25.66,gna
Horizon West,geriatric-nursing-assistant-per-diem-prn-horizon-west-fl,25.95,gna
Horn Lake,geriatric-nursing-assistant-per-diem-prn-horn-lake-ms,25.99,gna
Horseshoe Bay,geriatric-nursing-assistant-per-diem-prn-horseshoe-bay-tx,25.85,gna
Horsham,geriatric-nursing-assistant-per-diem-prn-horsham-pa,25.43,gna
Hosford,geriatric-nursing-assistant-per-diem-prn-hosford-fl,26.00,gna
Hot Springs,geriatric-nursing-assistant-per-diem-prn-hot-springs-ar,25.47,gna
Hot Springs,geriatric-nursing-assistant-per-diem-prn-hot-springs-mt,25.20,gna
Hot Springs,geriatric-nursing-assistant-per-diem-prn-hot-springs-sd,25.30,gna
Houma,geriatric-nursing-assistant-per-diem-prn-houma-la,25.92,gna
Houston,geriatric-nursing-assistant-per-diem-prn-houston-tx,25.45,gna
Houston Kingwood,geriatric-nursing-assistant-per-diem-prn-houston-kingwood-tx,25.61,gna
Houston Northside,geriatric-nursing-assistant-per-diem-prn-houston-northside-tx,25.84,gna
Houston Southeast Houston,geriatric-nursing-assistant-per-diem-prn-houston-southeast-houston-tx,25.14,gna
Houston Westside,geriatric-nursing-assistant-per-diem-prn-houston-westside-tx,25.57,gna
Howey In The Hills,geriatric-nursing-assistant-per-diem-prn-howey-in-the-hills-fl,25.68,gna
Huber Heights,geriatric-nursing-assistant-per-diem-prn-huber-heights-oh,25.57,gna
Hudson,geriatric-nursing-assistant-per-diem-prn-hudson-nh,25.85,gna
Hudson FL,geriatric-nursing-assistant-per-diem-prn-hudson-fl,25.22,gna
Hudson NY,geriatric-nursing-assistant-per-diem-prn-hudson-ny,25.67,gna
Hudson OH,geriatric-nursing-assistant-per-diem-prn-hudson-oh,25.47,gna
Huffman,geriatric-nursing-assistant-per-diem-prn-huffman-tx,25.48,gna
Hughes Springs,geriatric-nursing-assistant-per-diem-prn-hughes-springs-tx,25.53,gna
Hugo,geriatric-nursing-assistant-per-diem-prn-hugo-co,25.77,gna
Hull,geriatric-nursing-assistant-per-diem-prn-hull-tx,25.93,gna
Humble,geriatric-nursing-assistant-per-diem-prn-humble-tx,25.38,gna
Humble Iah / Airport Area,geriatric-nursing-assistant-per-diem-prn-humble-iah-airport-area-tx,25.68,gna
Humboldt,geriatric-nursing-assistant-per-diem-prn-humboldt-tn,26.13,gna
Huntersville,geriatric-nursing-assistant-per-diem-prn-huntersville-nc,25.45,gna
Huntington,geriatric-nursing-assistant-per-diem-prn-huntington-ny,25.85,gna
Huntington,geriatric-nursing-assistant-per-diem-prn-huntington-tx,25.87,gna
Huntington,geriatric-nursing-assistant-per-diem-prn-huntington-wv,25.74,gna
Huntington Beach,geriatric-nursing-assistant-per-diem-prn-huntington-beach-ca,25.03,gna
Huntsville,geriatric-nursing-assistant-per-diem-prn-huntsville-al,25.38,gna
Huntsville TX,geriatric-nursing-assistant-per-diem-prn-huntsville-tx,25.96,gna
Huntsville UT,geriatric-nursing-assistant-per-diem-prn-huntsville-ut,25.41,gna
Huron,geriatric-nursing-assistant-per-diem-prn-huron-sd,25.47,gna
Hurricane,geriatric-nursing-assistant-per-diem-prn-hurricane-ut,25.32,gna
Hurst,geriatric-nursing-assistant-per-diem-prn-hurst-tx,25.61,gna
Hutchinson,geriatric-nursing-assistant-per-diem-prn-hutchinson-ks,26.10,gna
Hutto,geriatric-nursing-assistant-per-diem-prn-hutto-tx,26.11,gna
Hyannis,geriatric-nursing-assistant-per-diem-prn-hyannis-ma,25.43,gna
Hyattsville,geriatric-nursing-assistant-per-diem-prn-hyattsville-md,25.64,gna
Hyrum,geriatric-nursing-assistant-per-diem-prn-hyrum-ut,25.78,gna
Idaho Falls,geriatric-nursing-assistant-per-diem-prn-idaho-falls-id,25.37,gna
Idaho Springs,geriatric-nursing-assistant-per-diem-prn-idaho-springs-co,26.18,gna
Idalou,geriatric-nursing-assistant-per-diem-prn-idalou-tx,25.25,gna
Idleyld Park,geriatric-nursing-assistant-per-diem-prn-idleyld-park-or,26.18,gna
Ignacio,geriatric-nursing-assistant-per-diem-prn-ignacio-co,25.50,gna
Immokalee,geriatric-nursing-assistant-per-diem-prn-immokalee-fl,25.75,gna
Incline Village,geriatric-nursing-assistant-per-diem-prn-incline-village-nv,25.20,gna
Independence,geriatric-nursing-assistant-per-diem-prn-independence-ky,25.61,gna
Independence MO,geriatric-nursing-assistant-per-diem-prn-independence-mo,26.10,gna
Independence OR,geriatric-nursing-assistant-per-diem-prn-independence-or,25.35,gna
Indian Harbour Beach,geriatric-nursing-assistant-per-diem-prn-indian-harbour-beach-fl,25.40,gna
Indian Trail,geriatric-nursing-assistant-per-diem-prn-indian-trail-nc,25.77,gna
Indianapolis,geriatric-nursing-assistant-per-diem-prn-indianapolis-in,25.66,gna
Indianapolis Downtown,geriatric-nursing-assistant-per-diem-prn-indianapolis-downtown-in,25.23,gna
Indianola,geriatric-nursing-assistant-per-diem-prn-indianola-ia,25.85,gna
Indiantown,geriatric-nursing-assistant-per-diem-prn-indiantown-fl,26.00,gna
Inglewood,geriatric-nursing-assistant-per-diem-prn-inglewood-ca-38c5b,25.30,gna
Inglis,geriatric-nursing-assistant-per-diem-prn-inglis-fl,25.45,gna
Inland Empire,geriatric-nursing-assistant-per-diem-prn-inland-empire-ca,25.57,gna
Interlachen,geriatric-nursing-assistant-per-diem-prn-interlachen-fl,25.68,gna
Inver Grove Heights,geriatric-nursing-assistant-per-diem-prn-inver-grove-heights-mn,25.64,gna
Inverness,geriatric-nursing-assistant-per-diem-prn-inverness-fl,25.22,gna
Inwood,geriatric-nursing-assistant-per-diem-prn-inwood-ia,25.67,gna
Ione,geriatric-nursing-assistant-per-diem-prn-ione-or,25.48,gna
Iowa City IA,geriatric-nursing-assistant-per-diem-prn-iowa-city-ia,25.53,gna
Iowa Park,geriatric-nursing-assistant-per-diem-prn-iowa-park-tx,25.77,gna
Iraan,geriatric-nursing-assistant-per-diem-prn-iraan-tx,25.93,gna
Irene,geriatric-nursing-assistant-per-diem-prn-irene-sd,25.38,gna
Irrigon,geriatric-nursing-assistant-per-diem-prn-irrigon-or,26.13,gna
Irvine,geriatric-nursing-assistant-per-diem-prn-irvine-ca,25.36,gna
Irving,geriatric-nursing-assistant-per-diem-prn-irving-tx,25.87,gna
Island City,geriatric-nursing-assistant-per-diem-prn-island-city-or,25.96,gna
Islip,geriatric-nursing-assistant-per-diem-prn-islip-ny,25.14,gna
Issaquah,geriatric-nursing-assistant-per-diem-prn-issaquah-wa,25.41,gna
Italy,geriatric-nursing-assistant-per-diem-prn-italy-tx,25.47,gna
Itasca,geriatric-nursing-assistant-per-diem-prn-itasca-tx,25.32,gna
Iva,geriatric-nursing-assistant-per-diem-prn-iva-sc,25.65,gna
Ivins,geriatric-nursing-assistant-per-diem-prn-ivins-ut,25.61,gna
Jacinto City,geriatric-nursing-assistant-per-diem-prn-jacinto-city-tx,26.11,gna
Jackpot,geriatric-nursing-assistant-per-diem-prn-jackpot-nv,25.43,gna
Jacksboro,geriatric-nursing-assistant-per-diem-prn-jacksboro-tx,25.64,gna
Jackson,geriatric-nursing-assistant-per-diem-prn-jackson-ms,25.78,gna
Jackson,geriatric-nursing-assistant-per-diem-prn-jackson-tn,25.37,gna
Jackson,geriatric-nursing-assistant-per-diem-prn-jackson-wy,25.96,gna
Jacksonville,geriatric-nursing-assistant-per-diem-prn-jacksonville-ar,25.92,gna
Jacksonville,geriatric-nursing-assistant-per-diem-prn-jacksonville-nc,25.30,gna
Jacksonville Beach,geriatric-nursing-assistant-per-diem-prn-jacksonville-beach-fl,25.25,gna
Jacksonville Englewood,geriatric-nursing-assistant-per-diem-prn-jacksonville-englewood-fl,25.61,gna
Jacksonville FL,geriatric-nursing-assistant-per-diem-prn-jacksonville-fl,26.18,gna
Jacksonville TX,geriatric-nursing-assistant-per-diem-prn-jacksonville-tx,25.50,gna
Janesville,geriatric-nursing-assistant-per-diem-prn-janesville-wi,25.75,gna
Jarrell,geriatric-nursing-assistant-per-diem-prn-jarrell-tx,25.20,gna
Jasper FL,geriatric-nursing-assistant-per-diem-prn-jasper-fl,26.10,gna
Jasper TX,geriatric-nursing-assistant-per-diem-prn-jasper-tx,25.35,gna
Jay,geriatric-nursing-assistant-per-diem-prn-jay-fl,25.40,gna
Jay,geriatric-nursing-assistant-per-diem-prn-jay-ok,25.66,gna
Jayton,geriatric-nursing-assistant-per-diem-prn-jayton-tx,25.85,gna
Jbsa Ft Sam Houston,geriatric-nursing-assistant-per-diem-prn-jbsa-ft-sam-houston-tx,26.00,gna
Jbsa Lackland,geriatric-nursing-assistant-per-diem-prn-jbsa-lackland-tx,25.30,gna
Jbsa Randolph,geriatric-nursing-assistant-per-diem-prn-jbsa-randolph-tx,25.45,gna
Jefferson,geriatric-nursing-assistant-per-diem-prn-jefferson-tx,25.57,gna
Jefferson City,geriatric-nursing-assistant-per-diem-prn-jefferson-city-mo,25.92,gna
Jeffersontown,geriatric-nursing-assistant-per-diem-prn-jeffersontown-ky,25.23,gna
Jeffersonville,geriatric-nursing-assistant-per-diem-prn-jeffersonville-in,25.95,gna
Jena,geriatric-nursing-assistant-per-diem-prn-jena-la,25.68,gna
Jenks,geriatric-nursing-assistant-per-diem-prn-jenks-ok,25.99,gna
Jensen Beach,geriatric-nursing-assistant-per-diem-prn-jensen-beach-fl,25.22,gna
Jericho,geriatric-nursing-assistant-per-diem-prn-jericho-vt,25.43,gna
Jerome,geriatric-nursing-assistant-per-diem-prn-jerome-id,25.67,gna
Jersey City,geriatric-nursing-assistant-per-diem-prn-jersey-city-nj,25.48,gna
Jersey Village,geriatric-nursing-assistant-per-diem-prn-jersey-village-tx,25.53,gna
Jetmore,geriatric-nursing-assistant-per-diem-prn-jetmore-ks,25.77,gna
John Day,geriatric-nursing-assistant-per-diem-prn-john-day-or,25.93,gna
Johns Creek,geriatric-nursing-assistant-per-diem-prn-johns-creek-ga,25.50,gna
Johnson City TN,geriatric-nursing-assistant-per-diem-prn-johnson-city-tn,25.38,gna
Johnson City TX,geriatric-nursing-assistant-per-diem-prn-johnson-city-tx,26.13,gna
Johnston,geriatric-nursing-assistant-per-diem-prn-johnston-ri,25.87,gna
Johnston IA,geriatric-nursing-assistant-per-diem-prn-johnston-ia,25.53,gna
Johnstown,geriatric-nursing-assistant-per-diem-prn-johnstown-co,25.96,gna
Joliet,geriatric-nursing-assistant-per-diem-prn-joliet-il,25.93,gna
Jones,geriatric-nursing-assistant-per-diem-prn-jones-ok,25.41,gna
Jonesboro,geriatric-nursing-assistant-per-diem-prn-jonesboro-ar,25.32,gna
Jonestown,geriatric-nursing-assistant-per-diem-prn-jonestown-tx,25.47,gna
Joplin,geriatric-nursing-assistant-per-diem-prn-joplin-mo,25.14,gna
Joseph,geriatric-nursing-assistant-per-diem-prn-joseph-or,25.32,gna
Joshua,geriatric-nursing-assistant-per-diem-prn-joshua-tx,25.61,gna
Jourdanton,geriatric-nursing-assistant-per-diem-prn-jourdanton-tx,26.11,gna
Julesburg,geriatric-nursing-assistant-per-diem-prn-julesburg-co,25.43,gna
Junction,geriatric-nursing-assistant-per-diem-prn-junction-tx,25.78,gna
Junction City,geriatric-nursing-assistant-per-diem-prn-junction-city-ks,25.61,gna
Junction City,geriatric-nursing-assistant-per-diem-prn-junction-city-or,25.64,gna
Juneau,geriatric-nursing-assistant-per-diem-prn-juneau-ak,25.37,gna
Juno Beach,geriatric-nursing-assistant-per-diem-prn-juno-beach-fl,25.25,gna
Jupiter,geriatric-nursing-assistant-per-diem-prn-jupiter-fl,26.18,gna
Jupiter Abacoa,geriatric-nursing-assistant-per-diem-prn-jupiter-abacoa-fl,25.03,gna
Justin,geriatric-nursing-assistant-per-diem-prn-justin-tx,25.50,gna
Kahului,geriatric-nursing-assistant-per-diem-prn-kahului-hi,25.35,gna
Kailua CDP,geriatric-nursing-assistant-per-diem-prn-kailua-cdp-hi,25.85,gna
Kalamazoo,geriatric-nursing-assistant-per-diem-prn-kalamazoo-mi,25.44,gna
Kalifornsky,geriatric-nursing-assistant-per-diem-prn-kalifornsky-ak,25.61,gna
Kalispell,geriatric-nursing-assistant-per-diem-prn-kalispell-mt,25.23,gna
Kamas,geriatric-nursing-assistant-per-diem-prn-kamas-ut,25.75,gna
Kamuela,geriatric-nursing-assistant-per-diem-prn-kamuela-hi,25.20,gna
Kanab,geriatric-nursing-assistant-per-diem-prn-kanab-ut,26.10,gna
Kane,geriatric-nursing-assistant-per-diem-prn-kane-pa,25.35,gna
Kaneohe,geriatric-nursing-assistant-per-diem-prn-kaneohe-hi,25.40,gna
Kannapolis,geriatric-nursing-assistant-per-diem-prn-kannapolis-nc,25.47,gna
Kanosh,geriatric-nursing-assistant-per-diem-prn-kanosh-ut,25.40,gna
Kansas City KS,geriatric-nursing-assistant-per-diem-prn-kansas-city-ks,25.66,gna
Kansas City MO,geriatric-nursing-assistant-per-diem-prn-kansas-city-mo,25.85,gna
Kapolei,geriatric-nursing-assistant-per-diem-prn-kapolei-hi,25.22,gna
Karnes City,geriatric-nursing-assistant-per-diem-prn-karnes-city-tx,26.00,gna
Katy,geriatric-nursing-assistant-per-diem-prn-katy-tx,25.30,gna
Kaufman,geriatric-nursing-assistant-per-diem-prn-kaufman-tx,25.45,gna
Kayenta,geriatric-nursing-assistant-per-diem-prn-kayenta-az,25.57,gna
Kaysville,geriatric-nursing-assistant-per-diem-prn-kaysville-ut,25.68,gna
Kealakekua,geriatric-nursing-assistant-per-diem-prn-kealakekua-hi,25.22,gna
Kearney,geriatric-nursing-assistant-per-diem-prn-kearney-ne,25.94,gna
Kearns,geriatric-nursing-assistant-per-diem-prn-kearns-ut,25.67,gna
Kearny,geriatric-nursing-assistant-per-diem-prn-kearny-az,25.48,gna
Kearny,geriatric-nursing-assistant-per-diem-prn-kearny-nj,25.53,gna
Keene,geriatric-nursing-assistant-per-diem-prn-keene-nh,25.68,gna
Keene,geriatric-nursing-assistant-per-diem-prn-keene-tx,25.77,gna
Keizer,geriatric-nursing-assistant-per-diem-prn-keizer-or,25.93,gna
Keller,geriatric-nursing-assistant-per-diem-prn-keller-tx,25.38,gna
Kellogg,geriatric-nursing-assistant-per-diem-prn-kellogg-id,26.13,gna
Kelso WA,geriatric-nursing-assistant-per-diem-prn-kelso-wa,25.87,gna
Kemp,geriatric-nursing-assistant-per-diem-prn-kemp-tx,25.96,gna
Ken Caryl,geriatric-nursing-assistant-per-diem-prn-ken-caryl-co,25.59,gna
Kenansville,geriatric-nursing-assistant-per-diem-prn-kenansville-nc,25.41,gna
Kendale Lakes,geriatric-nursing-assistant-per-diem-prn-kendale-lakes-fl,25.14,gna
Kendall,geriatric-nursing-assistant-per-diem-prn-kendall-fl,25.68,gna
Kendall West,geriatric-nursing-assistant-per-diem-prn-kendall-west-fl,25.94,gna
Kendrick,geriatric-nursing-assistant-per-diem-prn-kendrick-id,25.47,gna
Kenedy,geriatric-nursing-assistant-per-diem-prn-kenedy-tx,25.32,gna
Kennard,geriatric-nursing-assistant-per-diem-prn-kennard-tx,25.61,gna
Kennedale,geriatric-nursing-assistant-per-diem-prn-kennedale-tx,26.11,gna
Kenner,geriatric-nursing-assistant-per-diem-prn-kenner-la,25.45,gna
Kennesaw,geriatric-nursing-assistant-per-diem-prn-kennesaw-ga,25.75,gna
Kenneth City,geriatric-nursing-assistant-per-diem-prn-kenneth-city-fl,25.43,gna
Kennewick,geriatric-nursing-assistant-per-diem-prn-kennewick-wa,25.43,gna
Kenosha,geriatric-nursing-assistant-per-diem-prn-kenosha-wi,25.75,gna
Kent,geriatric-nursing-assistant-per-diem-prn-kent-oh,25.54,gna
Kent,geriatric-nursing-assistant-per-diem-prn-kent-wa,25.95,gna
Kentwood,geriatric-nursing-assistant-per-diem-prn-kentwood-mi,25.78,gna
Keosauqua,geriatric-nursing-assistant-per-diem-prn-keosauqua-ia,25.64,gna
Kerens,geriatric-nursing-assistant-per-diem-prn-kerens-tx,25.78,gna
Kermit,geriatric-nursing-assistant-per-diem-prn-kermit-tx,25.37,gna
Kerrville,geriatric-nursing-assistant-per-diem-prn-kerrville-tx,26.18,gna
Ketchikan,geriatric-nursing-assistant-per-diem-prn-ketchikan-ak,26.11,gna
Ketchum,geriatric-nursing-assistant-per-diem-prn-ketchum-id,25.25,gna
Kettering,geriatric-nursing-assistant-per-diem-prn-kettering-oh,25.38,gna
Kewaunee,geriatric-nursing-assistant-per-diem-prn-kewaunee-wi,26.18,gna
Key Biscayne,geriatric-nursing-assistant-per-diem-prn-key-biscayne-fl,25.50,gna
Key Largo,geriatric-nursing-assistant-per-diem-prn-key-largo-fl,25.75,gna
Key West,geriatric-nursing-assistant-per-diem-prn-key-west-fl,25.20,gna
Keystone Heights,geriatric-nursing-assistant-per-diem-prn-keystone-heights-fl,26.10,gna
Kihei,geriatric-nursing-assistant-per-diem-prn-kihei-hi,25.68,gna
Kilgore,geriatric-nursing-assistant-per-diem-prn-kilgore-tx,25.35,gna
Killeen,geriatric-nursing-assistant-per-diem-prn-killeen-tx,25.40,gna
Kimberly,geriatric-nursing-assistant-per-diem-prn-kimberly-id,25.66,gna
Kinder,geriatric-nursing-assistant-per-diem-prn-kinder-la,25.85,gna
King City,geriatric-nursing-assistant-per-diem-prn-king-city-ca,26.00,gna
Kingman,geriatric-nursing-assistant-per-diem-prn-kingman-az,25.30,gna
Kingsland,geriatric-nursing-assistant-per-diem-prn-kingsland-tx,25.45,gna
Kingsport,geriatric-nursing-assistant-per-diem-prn-kingsport-tn,25.57,gna
Kingsville,geriatric-nursing-assistant-per-diem-prn-kingsville-tx,25.68,gna
Kingwood,geriatric-nursing-assistant-per-diem-prn-kingwood-tx,25.22,gna
Kiowa,geriatric-nursing-assistant-per-diem-prn-kiowa-co,25.67,gna
Kirby,geriatric-nursing-assistant-per-diem-prn-kirby-tx,25.48,gna
Kirbyville,geriatric-nursing-assistant-per-diem-prn-kirbyville-tx,25.53,gna
Kirkland,geriatric-nursing-assistant-per-diem-prn-kirkland-wa,25.83,gna
Kirkwood,geriatric-nursing-assistant-per-diem-prn-kirkwood-mo,25.47,gna
Kissimmee,geriatric-nursing-assistant-per-diem-prn-kissimmee-fl,25.77,gna
Kit Carson,geriatric-nursing-assistant-per-diem-prn-kit-carson-co,25.93,gna
Kittery,geriatric-nursing-assistant-per-diem-prn-kittery-me,25.38,gna
Klamath Falls OR,geriatric-nursing-assistant-per-diem-prn-klamath-falls-or,26.13,gna
Knik-Fairview,geriatric-nursing-assistant-per-diem-prn-knik-fairview-ak,25.53,gna
Knox City,geriatric-nursing-assistant-per-diem-prn-knox-city-tx,25.87,gna
Knoxville,geriatric-nursing-assistant-per-diem-prn-knoxville-tn,25.95,gna
Knoxville IA,geriatric-nursing-assistant-per-diem-prn-knoxville-ia,25.96,gna
Knoxville IL,geriatric-nursing-assistant-per-diem-prn-knoxville-il,25.41,gna
Kokomo,geriatric-nursing-assistant-per-diem-prn-kokomo-in,25.92,gna
Kooskia,geriatric-nursing-assistant-per-diem-prn-kooskia-id,25.47,gna
Kountze,geriatric-nursing-assistant-per-diem-prn-kountze-tx,25.32,gna
Kremmling,geriatric-nursing-assistant-per-diem-prn-kremmling-co,25.61,gna
Krum,geriatric-nursing-assistant-per-diem-prn-krum-tx,26.11,gna
Kuna,geriatric-nursing-assistant-per-diem-prn-kuna-id,25.43,gna
Kyle,geriatric-nursing-assistant-per-diem-prn-kyle-tx,25.64,gna
La Crosse,geriatric-nursing-assistant-per-diem-prn-la-crosse-wi,26.10,gna
La Feria,geriatric-nursing-assistant-per-diem-prn-la-feria-tx,25.78,gna
La Grande,geriatric-nursing-assistant-per-diem-prn-la-grande-or,25.37,gna
La Grange,geriatric-nursing-assistant-per-diem-prn-la-grange-il,25.25,gna
La Grange,geriatric-nursing-assistant-per-diem-prn-la-grange-tx,26.18,gna
La Grange Park,geriatric-nursing-assistant-per-diem-prn-la-grange-park-il,25.48,gna
La Honda,geriatric-nursing-assistant-per-diem-prn-la-honda-ca,25.50,gna
La Jara,geriatric-nursing-assistant-per-diem-prn-la-jara-co,25.75,gna
La Joya,geriatric-nursing-assistant-per-diem-prn-la-joya-tx,25.20,gna
La Junta,geriatric-nursing-assistant-per-diem-prn-la-junta-co,26.10,gna
La Marque,geriatric-nursing-assistant-per-diem-prn-la-marque-tx,25.35,gna
La Mesa,geriatric-nursing-assistant-per-diem-prn-la-mesa-ca,25.40,gna
La Pine,geriatric-nursing-assistant-per-diem-prn-la-pine-or,25.66,gna
La Place,geriatric-nursing-assistant-per-diem-prn-la-place-la,25.85,gna
La Porte,geriatric-nursing-assistant-per-diem-prn-la-porte-tx,26.00,gna
La Pryor,geriatric-nursing-assistant-per-diem-prn-la-pryor-tx,25.30,gna
La Tuna,geriatric-nursing-assistant-per-diem-prn-la-tuna-tx,25.45,gna
La Vergne,geriatric-nursing-assistant-per-diem-prn-la-vergne-tn,25.74,gna
La Vernia,geriatric-nursing-assistant-per-diem-prn-la-vernia-tx,25.57,gna
La Vista,geriatric-nursing-assistant-per-diem-prn-la-vista-ne,25.95,gna
Labelle,geriatric-nursing-assistant-per-diem-prn-labelle-fl,25.68,gna
Lacey,geriatric-nursing-assistant-per-diem-prn-lacey-wa,25.22,gna
Lady Lake,geriatric-nursing-assistant-per-diem-prn-lady-lake-fl,25.67,gna
Lafayette,geriatric-nursing-assistant-per-diem-prn-lafayette-in,25.74,gna
Lafayette CO,geriatric-nursing-assistant-per-diem-prn-lafayette-co,25.48,gna
Lafayette LA,geriatric-nursing-assistant-per-diem-prn-lafayette-la,25.53,gna
LaGrange,geriatric-nursing-assistant-per-diem-prn-lagrange-ga,25.61,gna
Lake Butler,geriatric-nursing-assistant-per-diem-prn-lake-butler-fl,25.77,gna
Lake Charles,geriatric-nursing-assistant-per-diem-prn-lake-charles-la,25.99,gna
Lake City CO,geriatric-nursing-assistant-per-diem-prn-lake-city-co,25.93,gna
Lake City FL,geriatric-nursing-assistant-per-diem-prn-lake-city-fl,25.38,gna
Lake Clarke Shores,geriatric-nursing-assistant-per-diem-prn-lake-clarke-shores-fl,26.13,gna
Lake Forest IL,geriatric-nursing-assistant-per-diem-prn-lake-forest-il,25.87,gna
Lake Havasu,geriatric-nursing-assistant-per-diem-prn-lake-havasu-az,25.96,gna
Lake Havasu City,geriatric-nursing-assistant-per-diem-prn-lake-havasu-city-az,25.41,gna
Lake Isabella,geriatric-nursing-assistant-per-diem-prn-lake-isabella-ca,25.47,gna
Lake Jackson,geriatric-nursing-assistant-per-diem-prn-lake-jackson-tx,25.32,gna
Lake Magdalene,geriatric-nursing-assistant-per-diem-prn-lake-magdalene-fl,25.00,gna
Lake Mary,geriatric-nursing-assistant-per-diem-prn-lake-mary-fl,25.61,gna
Lake Oswego,geriatric-nursing-assistant-per-diem-prn-lake-oswego-or,26.11,gna
Lake Park,geriatric-nursing-assistant-per-diem-prn-lake-park-fl,25.43,gna
Lake Placid,geriatric-nursing-assistant-per-diem-prn-lake-placid-fl,25.64,gna
Lake Ridge,geriatric-nursing-assistant-per-diem-prn-lake-ridge-va,25.92,gna
Lake Wales,geriatric-nursing-assistant-per-diem-prn-lake-wales-fl,25.78,gna
Lake Worth Beach,geriatric-nursing-assistant-per-diem-prn-lake-worth-beach-fl,25.65,gna
Lake Worth FL,geriatric-nursing-assistant-per-diem-prn-lake-worth-fl,25.37,gna
Lake Worth TX,geriatric-nursing-assistant-per-diem-prn-lake-worth-tx,25.25,gna
Lakeland,geriatric-nursing-assistant-per-diem-prn-lakeland-fl,26.18,gna
Lakeport,geriatric-nursing-assistant-per-diem-prn-lakeport-ca,25.50,gna
Lakeside AZ,geriatric-nursing-assistant-per-diem-prn-lakeside-az,25.75,gna
Lakeside FL,geriatric-nursing-assistant-per-diem-prn-lakeside-fl,25.61,gna
Lakeside TX,geriatric-nursing-assistant-per-diem-prn-lakeside-tx,25.20,gna
Lakeview,geriatric-nursing-assistant-per-diem-prn-lakeview-or,26.10,gna
Lakeville,geriatric-nursing-assistant-per-diem-prn-lakeville-mn,25.57,gna
Lakeway,geriatric-nursing-assistant-per-diem-prn-lakeway-tx,25.35,gna
Lakewood,geriatric-nursing-assistant-per-diem-prn-lakewood-ca,25.40,gna
Lakewood,geriatric-nursing-assistant-per-diem-prn-lakewood-nj,25.85,gna
Lakewood,geriatric-nursing-assistant-per-diem-prn-lakewood-oh,25.47,gna
Lakewood,geriatric-nursing-assistant-per-diem-prn-lakewood-wa,25.23,gna
Lakewood CO,geriatric-nursing-assistant-per-diem-prn-lakewood-co,25.66,gna
Lakewood Lasley,geriatric-nursing-assistant-per-diem-prn-lakewood-lasley-co,26.11,gna
Lakewood Marston Slopes,geriatric-nursing-assistant-per-diem-prn-lakewood-marston-slopes-co,25.75,gna
Lakewood Molholm/Two Creeks,geriatric-nursing-assistant-per-diem-prn-lakewood-molholm-two-creeks-co,25.78,gna
Lakewood Ranch,geriatric-nursing-assistant-per-diem-prn-lakewood-ranch-fl,26.00,gna
Lakota,geriatric-nursing-assistant-per-diem-prn-lakota-nd,25.30,gna
Lamar,geriatric-nursing-assistant-per-diem-prn-lamar-co,25.45,gna
Lamesa,geriatric-nursing-assistant-per-diem-prn-lamesa-tx,25.57,gna
Lampasas,geriatric-nursing-assistant-per-diem-prn-lampasas-tx,25.68,gna
Lancaster,geriatric-nursing-assistant-per-diem-prn-lancaster-ca,25.47,gna
Lancaster City,geriatric-nursing-assistant-per-diem-prn-lancaster-city-pa,25.65,gna
Lancaster NH,geriatric-nursing-assistant-per-diem-prn-lancaster-nh,25.22,gna
Lancaster OH,geriatric-nursing-assistant-per-diem-prn-lancaster-oh,25.67,gna
Lancaster TX,geriatric-nursing-assistant-per-diem-prn-lancaster-tx,25.48,gna
Lancaster WI,geriatric-nursing-assistant-per-diem-prn-lancaster-wi,25.53,gna
Land O Lakes,geriatric-nursing-assistant-per-diem-prn-land-o-lakes-fl,25.77,gna
Lander,geriatric-nursing-assistant-per-diem-prn-lander-wy,26.13,gna
Lansdale,geriatric-nursing-assistant-per-diem-prn-lansdale-pa,25.43,gna
Lansing MI,geriatric-nursing-assistant-per-diem-prn-lansing-mi,25.93,gna
Lantana,geriatric-nursing-assistant-per-diem-prn-lantana-fl,25.38,gna
Lapeer,geriatric-nursing-assistant-per-diem-prn-lapeer-mi,26.13,gna
Laplace,geriatric-nursing-assistant-per-diem-prn-laplace-la,26.31,gna
Laramie,geriatric-nursing-assistant-per-diem-prn-laramie-wy,25.87,gna
Laredo,geriatric-nursing-assistant-per-diem-prn-laredo-tx,25.96,gna
Largo,geriatric-nursing-assistant-per-diem-prn-largo-fl,25.41,gna
Las Animas,geriatric-nursing-assistant-per-diem-prn-las-animas-co,25.47,gna
Las Cruces,geriatric-nursing-assistant-per-diem-prn-las-cruces-nm,25.92,gna
Las Vegas,geriatric-nursing-assistant-per-diem-prn-las-vegas-nv,25.32,gna
Las Vegas Angel Park,geriatric-nursing-assistant-per-diem-prn-las-vegas-angel-park-nv,25.50,gna
Las Vegas Centennial Hills,geriatric-nursing-assistant-per-diem-prn-las-vegas-centennial-hills-nv,25.61,gna
Las Vegas Rancho Oakey,geriatric-nursing-assistant-per-diem-prn-las-vegas-rancho-oakey-nv,25.44,gna
Las Vegas Twin Lakes,geriatric-nursing-assistant-per-diem-prn-las-vegas-twin-lakes-nv,25.00,gna
Lauderdale Lakes,geriatric-nursing-assistant-per-diem-prn-lauderdale-lakes-fl,25.61,gna
Lauderhill,geriatric-nursing-assistant-per-diem-prn-lauderhill-fl,26.11,gna
Laughlin Afb,geriatric-nursing-assistant-per-diem-prn-laughlin-afb-tx,25.43,gna
Laurel,geriatric-nursing-assistant-per-diem-prn-laurel-md,25.64,gna
Lava Hot Springs,geriatric-nursing-assistant-per-diem-prn-lava-hot-springs-id,25.78,gna
Laveen,geriatric-nursing-assistant-per-diem-prn-laveen-az,25.37,gna
Lawrence,geriatric-nursing-assistant-per-diem-prn-lawrence-in,25.83,gna
Lawrence,geriatric-nursing-assistant-per-diem-prn-lawrence-ks,25.61,gna
Lawrence,geriatric-nursing-assistant-per-diem-prn-lawrence-ma,26.18,gna
Lawrenceburg,geriatric-nursing-assistant-per-diem-prn-lawrenceburg-in,25.25,gna
Lawrenceville,geriatric-nursing-assistant-per-diem-prn-lawrenceville-ga,26.11,gna
Lawton,geriatric-nursing-assistant-per-diem-prn-lawton-ok,26.18,gna
Layton,geriatric-nursing-assistant-per-diem-prn-layton-ut,25.50,gna
Le Mars,geriatric-nursing-assistant-per-diem-prn-le-mars-ia,25.75,gna
Leadville,geriatric-nursing-assistant-per-diem-prn-leadville-co,25.20,gna
League City,geriatric-nursing-assistant-per-diem-prn-league-city-tx,26.10,gna
Leakey,geriatric-nursing-assistant-per-diem-prn-leakey-tx,25.35,gna
Leander,geriatric-nursing-assistant-per-diem-prn-leander-tx,25.40,gna
Leavenworth,geriatric-nursing-assistant-per-diem-prn-leavenworth-ks,25.92,gna
Leavenworth,geriatric-nursing-assistant-per-diem-prn-leavenworth-wa,25.03,gna
Leawood,geriatric-nursing-assistant-per-diem-prn-leawood-ks,25.47,gna
Lebanon,geriatric-nursing-assistant-per-diem-prn-lebanon-7-nh,25.66,gna
Lebanon,geriatric-nursing-assistant-per-diem-prn-lebanon-oh,25.61,gna
Lebanon,geriatric-nursing-assistant-per-diem-prn-lebanon-or,25.85,gna
Lebanon,geriatric-nursing-assistant-per-diem-prn-lebanon-tn,25.23,gna
Lebanon City,geriatric-nursing-assistant-per-diem-prn-lebanon-city-pa,26.10,gna
Lecanto,geriatric-nursing-assistant-per-diem-prn-lecanto-fl,26.00,gna
Lee's Summit,geriatric-nursing-assistant-per-diem-prn-lee-s-summit-mo,25.03,gna
Lees Summit,geriatric-nursing-assistant-per-diem-prn-lees-summit-mo,25.30,gna
Leesburg FL,geriatric-nursing-assistant-per-diem-prn-leesburg-fl,25.45,gna
Leesburg VA,geriatric-nursing-assistant-per-diem-prn-leesburg-va,25.57,gna
Lehi,geriatric-nursing-assistant-per-diem-prn-lehi-ut,25.68,gna
Lehigh Acres,geriatric-nursing-assistant-per-diem-prn-lehigh-acres-fl,25.22,gna
Leland,geriatric-nursing-assistant-per-diem-prn-leland-nc,25.67,gna
Lenexa,geriatric-nursing-assistant-per-diem-prn-lenexa-ks,25.23,gna
Lenox,geriatric-nursing-assistant-per-diem-prn-lenox-ia,25.45,gna
Lenox,geriatric-nursing-assistant-per-diem-prn-lenox-ma,25.48,gna
Leonard,geriatric-nursing-assistant-per-diem-prn-leonard-tx,25.53,gna
Levelland,geriatric-nursing-assistant-per-diem-prn-levelland-tx,25.77,gna
Lewiston ID,geriatric-nursing-assistant-per-diem-prn-lewiston-id,25.93,gna
Lewiston ME,geriatric-nursing-assistant-per-diem-prn-lewiston-me,25.38,gna
Lewistown,geriatric-nursing-assistant-per-diem-prn-lewistown-mt,26.13,gna
Lewisville,geriatric-nursing-assistant-per-diem-prn-lewisville-tx,25.87,gna
Lexington OK,geriatric-nursing-assistant-per-diem-prn-lexington-ok,25.96,gna
Lexington SC,geriatric-nursing-assistant-per-diem-prn-lexington-sc,25.41,gna
Lexington-Fayette,geriatric-nursing-assistant-per-diem-prn-lexington-fayette-ky,25.03,gna
Libby,geriatric-nursing-assistant-per-diem-prn-libby-mt,25.47,gna
Liberty,geriatric-nursing-assistant-per-diem-prn-liberty-mo,25.61,gna
Liberty,geriatric-nursing-assistant-per-diem-prn-liberty-tx,25.32,gna
Lighthouse Point,geriatric-nursing-assistant-per-diem-prn-lighthouse-point-fl,25.61,gna
Lima,geriatric-nursing-assistant-per-diem-prn-lima-oh,25.43,gna
Limon,geriatric-nursing-assistant-per-diem-prn-limon-co,26.11,gna
Lincoln,geriatric-nursing-assistant-per-diem-prn-lincoln-ri,25.25,gna
Lincoln City,geriatric-nursing-assistant-per-diem-prn-lincoln-city-or,25.43,gna
Lincoln ME,geriatric-nursing-assistant-per-diem-prn-lincoln-me,25.64,gna
Lincoln NE,geriatric-nursing-assistant-per-diem-prn-lincoln-ne,25.78,gna
Lincoln Park,geriatric-nursing-assistant-per-diem-prn-lincoln-park-nj,25.37,gna
Lincolnshire IL,geriatric-nursing-assistant-per-diem-prn-lincolnshire-il,26.18,gna
Lindale,geriatric-nursing-assistant-per-diem-prn-lindale-tx,25.50,gna
Linden,geriatric-nursing-assistant-per-diem-prn-linden-tx,25.75,gna
Lindon,geriatric-nursing-assistant-per-diem-prn-lindon-ut,25.20,gna
Linthicum,geriatric-nursing-assistant-per-diem-prn-linthicum-md,26.10,gna
Linton Hall,geriatric-nursing-assistant-per-diem-prn-linton-hall-va,25.94,gna
Linwood,geriatric-nursing-assistant-per-diem-prn-linwood-nj,25.47,gna
Lisbon,geriatric-nursing-assistant-per-diem-prn-lisbon-nd,25.40,gna
Litchfield Park,geriatric-nursing-assistant-per-diem-prn-litchfield-park-az,25.66,gna
Little Elm,geriatric-nursing-assistant-per-diem-prn-little-elm-tx,25.85,gna
Little Falls,geriatric-nursing-assistant-per-diem-prn-little-falls-ny,26.00,gna
Little Rock,geriatric-nursing-assistant-per-diem-prn-little-rock-ar,25.57,gna
Littlefield,geriatric-nursing-assistant-per-diem-prn-littlefield-tx,25.30,gna
Littleton CO,geriatric-nursing-assistant-per-diem-prn-littleton-co,25.45,gna
Littleton NH,geriatric-nursing-assistant-per-diem-prn-littleton-nh,25.57,gna
Live Oak FL,geriatric-nursing-assistant-per-diem-prn-live-oak-fl,25.68,gna
Live Oak TX,geriatric-nursing-assistant-per-diem-prn-live-oak-tx,25.22,gna
Livingston,geriatric-nursing-assistant-per-diem-prn-livingston-nj,25.48,gna
Livingston,geriatric-nursing-assistant-per-diem-prn-livingston-tx,25.53,gna
Livingston MT,geriatric-nursing-assistant-per-diem-prn-livingston-mt,25.67,gna
Livonia,geriatric-nursing-assistant-per-diem-prn-livonia-mi,25.77,gna
Llano,geriatric-nursing-assistant-per-diem-prn-llano-tx,25.93,gna
Lockhart,geriatric-nursing-assistant-per-diem-prn-lockhart-tx,25.38,gna
Lockney,geriatric-nursing-assistant-per-diem-prn-lockney-tx,26.13,gna
Logan,geriatric-nursing-assistant-per-diem-prn-logan-ut,25.87,gna
Lomita,geriatric-nursing-assistant-per-diem-prn-lomita-ca,25.96,gna
Londonderry,geriatric-nursing-assistant-per-diem-prn-londonderry-nh,25.03,gna
Lone Tree CO,geriatric-nursing-assistant-per-diem-prn-lone-tree-co,25.41,gna
Long Beach,geriatric-nursing-assistant-per-diem-prn-long-beach-ca,25.47,gna
Long Branch,geriatric-nursing-assistant-per-diem-prn-long-branch-nj,25.47,gna
Longmont,geriatric-nursing-assistant-per-diem-prn-longmont-co,25.32,gna
Longview Third Avenue,geriatric-nursing-assistant-per-diem-prn-longview-third-avenue-wa,25.14,gna
Longview TX,geriatric-nursing-assistant-per-diem-prn-longview-tx,25.61,gna
Longwood,geriatric-nursing-assistant-per-diem-prn-longwood-fl,26.11,gna
Lorain,geriatric-nursing-assistant-per-diem-prn-lorain-oh,25.87,gna
Lorton,geriatric-nursing-assistant-per-diem-prn-lorton-va,25.43,gna
Los Altos,geriatric-nursing-assistant-per-diem-prn-los-altos-ca,25.64,gna
Los Angeles CA,geriatric-nursing-assistant-per-diem-prn-los-angeles-ca,25.78,gna
Los Fresnos,geriatric-nursing-assistant-per-diem-prn-los-fresnos-tx,25.37,gna
Los Gatos,geriatric-nursing-assistant-per-diem-prn-los-gatos-ca,25.25,gna
Los Lunas,geriatric-nursing-assistant-per-diem-prn-los-lunas-nm,25.95,gna
Loudoun County,geriatric-nursing-assistant-per-diem-prn-loudoun-county-va,26.18,gna
Louisville CO,geriatric-nursing-assistant-per-diem-prn-louisville-co,25.50,gna
Louisville KY,geriatric-nursing-assistant-per-diem-prn-louisville-ky,25.75,gna
Louisville University,geriatric-nursing-assistant-per-diem-prn-louisville-university-ky,25.85,gna
Loup City,geriatric-nursing-assistant-per-diem-prn-loup-city-ne,25.20,gna
Loveland CO,geriatric-nursing-assistant-per-diem-prn-loveland-co,26.10,gna
Lovelock,geriatric-nursing-assistant-per-diem-prn-lovelock-nv,25.35,gna
Lowell,geriatric-nursing-assistant-per-diem-prn-lowell-ma,25.40,gna
Lower Macungie,geriatric-nursing-assistant-per-diem-prn-lower-macungie-pa,25.45,gna
Lower Makefield,geriatric-nursing-assistant-per-diem-prn-lower-makefield-pa,25.61,gna
Lower Merion,geriatric-nursing-assistant-per-diem-prn-lower-merion-pa,25.03,gna
Lower Paxton,geriatric-nursing-assistant-per-diem-prn-lower-paxton-pa,25.49,gna
Lower Providence,geriatric-nursing-assistant-per-diem-prn-lower-providence-pa,25.75,gna
Lower Towamensing Township,geriatric-nursing-assistant-per-diem-prn-lower-towamensing-township-pa,25.66,gna
Lowesville,geriatric-nursing-assistant-per-diem-prn-lowesville-va,25.66,gna
Lowville,geriatric-nursing-assistant-per-diem-prn-lowville-ny,25.85,gna
Loxahatchee,geriatric-nursing-assistant-per-diem-prn-loxahatchee-fl,26.00,gna
Lubbock,geriatric-nursing-assistant-per-diem-prn-lubbock-tx,25.30,gna
Luck,geriatric-nursing-assistant-per-diem-prn-luck-wi,25.45,gna
Lufkin,geriatric-nursing-assistant-per-diem-prn-lufkin-tx,25.57,gna
Luling,geriatric-nursing-assistant-per-diem-prn-luling-tx,25.68,gna
Lumberton,geriatric-nursing-assistant-per-diem-prn-lumberton-tx,25.22,gna
Lutherville,geriatric-nursing-assistant-per-diem-prn-lutherville-md,25.67,gna
Lutz,geriatric-nursing-assistant-per-diem-prn-lutz-fl,25.48,gna
Lynchburg,geriatric-nursing-assistant-per-diem-prn-lynchburg-va,25.95,gna
Lyndon,geriatric-nursing-assistant-per-diem-prn-lyndon-vt,25.77,gna
Lyndonville,geriatric-nursing-assistant-per-diem-prn-lyndonville-vt,25.53,gna
Lynn,geriatric-nursing-assistant-per-diem-prn-lynn-ma,25.32,gna
Lynn Haven,geriatric-nursing-assistant-per-diem-prn-lynn-haven-fl,25.77,gna
Lyons,geriatric-nursing-assistant-per-diem-prn-lyons-il,25.54,gna
Lytle,geriatric-nursing-assistant-per-diem-prn-lytle-tx,25.93,gna
Mabank,geriatric-nursing-assistant-per-diem-prn-mabank-tx,25.38,gna
Mableton,geriatric-nursing-assistant-per-diem-prn-mableton-ga,25.74,gna
Macclenny,geriatric-nursing-assistant-per-diem-prn-macclenny-fl,26.13,gna
Machias,geriatric-nursing-assistant-per-diem-prn-machias-me,25.87,gna
Mackay,geriatric-nursing-assistant-per-diem-prn-mackay-id,25.96,gna
Macomb,geriatric-nursing-assistant-per-diem-prn-macomb-il,25.41,gna
Macomb,geriatric-nursing-assistant-per-diem-prn-macomb-mi,25.23,gna
Macon,geriatric-nursing-assistant-per-diem-prn-macon-ga,25.25,gna
Madera,geriatric-nursing-assistant-per-diem-prn-madera-ca,25.47,gna
Madison,geriatric-nursing-assistant-per-diem-prn-madison-al,25.50,gna
Madison,geriatric-nursing-assistant-per-diem-prn-madison-me,25.89,gna
Madison,geriatric-nursing-assistant-per-diem-prn-madison-ms,25.32,gna
Madison FL,geriatric-nursing-assistant-per-diem-prn-madison-fl,25.32,gna
Madison WI,geriatric-nursing-assistant-per-diem-prn-madison-wi,25.61,gna
Madisonville,geriatric-nursing-assistant-per-diem-prn-madisonville-ky,25.95,gna
Madisonville,geriatric-nursing-assistant-per-diem-prn-madisonville-tx,26.11,gna
Madras,geriatric-nursing-assistant-per-diem-prn-madras-or,25.43,gna
Magna,geriatric-nursing-assistant-per-diem-prn-magna-ut,25.64,gna
Magnolia,geriatric-nursing-assistant-per-diem-prn-magnolia-tx,25.78,gna
Maitland,geriatric-nursing-assistant-per-diem-prn-maitland-fl,25.37,gna
Makakilo,geriatric-nursing-assistant-per-diem-prn-makakilo-hi,26.00,gna
Malad City,geriatric-nursing-assistant-per-diem-prn-malad-city-id,26.18,gna
Malakoff,geriatric-nursing-assistant-per-diem-prn-malakoff-tx,25.25,gna
Malden,geriatric-nursing-assistant-per-diem-prn-malden-ma,25.95,gna
Mammoth Lakes,geriatric-nursing-assistant-per-diem-prn-mammoth-lakes-ca,26.18,gna
Manalapan Township,geriatric-nursing-assistant-per-diem-prn-manalapan-township-nj,25.92,gna
Manassas,geriatric-nursing-assistant-per-diem-prn-manassas-va,25.50,gna
Manchaca,geriatric-nursing-assistant-per-diem-prn-manchaca-tx,25.75,gna
Manchester,geriatric-nursing-assistant-per-diem-prn-manchester-ct,25.92,gna
Manchester NH,geriatric-nursing-assistant-per-diem-prn-manchester-nh,25.20,gna
Manchester Township Whiting,geriatric-nursing-assistant-per-diem-prn-manchester-township-whiting-nj,25.41,gna
Mancos,geriatric-nursing-assistant-per-diem-prn-mancos-co,26.10,gna
Mandan,geriatric-nursing-assistant-per-diem-prn-mandan-nd,25.35,gna
Mandeville,geriatric-nursing-assistant-per-diem-prn-mandeville-la-2a319,25.40,gna
Mangonia Park,geriatric-nursing-assistant-per-diem-prn-mangonia-park-fl,25.66,gna
Manhattan,geriatric-nursing-assistant-per-diem-prn-manhattan-ks,25.99,gna
Manitowoc,geriatric-nursing-assistant-per-diem-prn-manitowoc-wi,25.85,gna
Mankato,geriatric-nursing-assistant-per-diem-prn-mankato-mn,26.00,gna
Manor,geriatric-nursing-assistant-per-diem-prn-manor-tx,25.30,gna
Mansfield,geriatric-nursing-assistant-per-diem-prn-mansfield-oh,26.00,gna
Mansfield,geriatric-nursing-assistant-per-diem-prn-mansfield-tx,25.45,gna
Manville,geriatric-nursing-assistant-per-diem-prn-manville-ri,25.57,gna
Maple Grove,geriatric-nursing-assistant-per-diem-prn-maple-grove-mn,25.35,gna
Maple Heights,geriatric-nursing-assistant-per-diem-prn-maple-heights-oh,25.44,gna
Mapleton,geriatric-nursing-assistant-per-diem-prn-mapleton-ut,25.68,gna
Maplewood,geriatric-nursing-assistant-per-diem-prn-maplewood-mn,25.41,gna
Maquoketa,geriatric-nursing-assistant-per-diem-prn-maquoketa-ia,25.22,gna
Marana,geriatric-nursing-assistant-per-diem-prn-marana-az,25.67,gna
Marathon FL,geriatric-nursing-assistant-per-diem-prn-marathon-fl,25.48,gna
Marathon TX,geriatric-nursing-assistant-per-diem-prn-marathon-tx,25.53,gna
Marble Falls,geriatric-nursing-assistant-per-diem-prn-marble-falls-tx,25.77,gna
Marcus,geriatric-nursing-assistant-per-diem-prn-marcus-ia,25.93,gna
Marengo,geriatric-nursing-assistant-per-diem-prn-marengo-ia,25.38,gna
Marfa,geriatric-nursing-assistant-per-diem-prn-marfa-tx,26.13,gna
Margate,geriatric-nursing-assistant-per-diem-prn-margate-fl,25.87,gna
Marianna,geriatric-nursing-assistant-per-diem-prn-marianna-fl,25.96,gna
Maricopa,geriatric-nursing-assistant-per-diem-prn-maricopa-az,25.41,gna
Marietta,geriatric-nursing-assistant-per-diem-prn-marietta-ga,25.47,gna
Marion,geriatric-nursing-assistant-per-diem-prn-marion-nc,25.77,gna
Marion,geriatric-nursing-assistant-per-diem-prn-marion-oh,25.25,gna
Marion,geriatric-nursing-assistant-per-diem-prn-marion-va,25.32,gna
Marion IA,geriatric-nursing-assistant-per-diem-prn-marion-ia,25.64,gna
Mariposa,geriatric-nursing-assistant-per-diem-prn-mariposa-ca,25.61,gna
Marlin,geriatric-nursing-assistant-per-diem-prn-marlin-tx,26.11,gna
Marrero,geriatric-nursing-assistant-per-diem-prn-marrero-la,25.43,gna
Marshall MI,geriatric-nursing-assistant-per-diem-prn-marshall-mi,25.64,gna
Marshall TX,geriatric-nursing-assistant-per-diem-prn-marshall-tx,25.78,gna
Marshalltown,geriatric-nursing-assistant-per-diem-prn-marshalltown-ia,25.37,gna
Marshville,geriatric-nursing-assistant-per-diem-prn-marshville-nc,25.26,gna
Marsing,geriatric-nursing-assistant-per-diem-prn-marsing-id,25.25,gna
Martinez,geriatric-nursing-assistant-per-diem-prn-martinez-ca,25.54,gna
Martinez GA,geriatric-nursing-assistant-per-diem-prn-martinez-ga,25.38,gna
Martinsburg,geriatric-nursing-assistant-per-diem-prn-martinsburg-wv,25.54,gna
Maryland Heights,geriatric-nursing-assistant-per-diem-prn-maryland-heights-mo,25.99,gna
Marylhurst,geriatric-nursing-assistant-per-diem-prn-marylhurst-or,26.18,gna
Marysville,geriatric-nursing-assistant-per-diem-prn-marysville-ca,25.50,gna
Marysville,geriatric-nursing-assistant-per-diem-prn-marysville-oh,25.14,gna
Marysville,geriatric-nursing-assistant-per-diem-prn-marysville-wa,25.75,gna
Maryville,geriatric-nursing-assistant-per-diem-prn-maryville-tn,25.38,gna
Mascotte,geriatric-nursing-assistant-per-diem-prn-mascotte-fl,25.20,gna
Mashpee,geriatric-nursing-assistant-per-diem-prn-mashpee-ma,26.10,gna
Mason,geriatric-nursing-assistant-per-diem-prn-mason-oh,25.50,gna
Mason,geriatric-nursing-assistant-per-diem-prn-mason-tx,25.40,gna
Mason City,geriatric-nursing-assistant-per-diem-prn-mason-city-ia,25.35,gna
Massillon,geriatric-nursing-assistant-per-diem-prn-massillon-oh,25.61,gna
Matador,geriatric-nursing-assistant-per-diem-prn-matador-tx,25.66,gna
Matawan,geriatric-nursing-assistant-per-diem-prn-matawan-nj,25.96,gna
Mathis,geriatric-nursing-assistant-per-diem-prn-mathis-tx,25.85,gna
Mauldin,geriatric-nursing-assistant-per-diem-prn-mauldin-sc,25.03,gna
Maumee,geriatric-nursing-assistant-per-diem-prn-maumee-nd,26.00,gna
Mauston,geriatric-nursing-assistant-per-diem-prn-mauston-wi,25.30,gna
Mayfield Heights,geriatric-nursing-assistant-per-diem-prn-mayfield-heights-oh,25.43,gna
Mayo,geriatric-nursing-assistant-per-diem-prn-mayo-fl,25.45,gna
Mc Camey,geriatric-nursing-assistant-per-diem-prn-mc-camey-tx,25.57,gna
Mc Gregor IA,geriatric-nursing-assistant-per-diem-prn-mc-gregor-ia,25.68,gna
Mc Gregor TX,geriatric-nursing-assistant-per-diem-prn-mc-gregor-tx,25.22,gna
McAllen,geriatric-nursing-assistant-per-diem-prn-mcallen-tx,25.48,gna
McCall,geriatric-nursing-assistant-per-diem-prn-mccall-id,25.53,gna
McCammon,geriatric-nursing-assistant-per-diem-prn-mccammon-id,25.77,gna
McCandless,geriatric-nursing-assistant-per-diem-prn-mccandless-pa,25.48,gna
McCormick,geriatric-nursing-assistant-per-diem-prn-mccormick-sc,25.23,gna
Mckinney,geriatric-nursing-assistant-per-diem-prn-mckinney-tx,25.93,gna
McKinney,geriatric-nursing-assistant-per-diem-prn-mc-kinney-tx,25.67,gna
McLean,geriatric-nursing-assistant-per-diem-prn-mclean-va,25.61,gna
Mclean TX,geriatric-nursing-assistant-per-diem-prn-mclean-tx,25.38,gna
McLeod,geriatric-nursing-assistant-per-diem-prn-mcleod-mt,26.13,gna
McMinnville,geriatric-nursing-assistant-per-diem-prn-mcminnville-or,25.87,gna
Mead,geriatric-nursing-assistant-per-diem-prn-mead-co,25.96,gna
Meadow Lakes,geriatric-nursing-assistant-per-diem-prn-meadow-lakes-ak,25.64,gna
Meadow Woods,geriatric-nursing-assistant-per-diem-prn-meadow-woods-fl,25.23,gna
Meadows Place,geriatric-nursing-assistant-per-diem-prn-meadows-place-tx,25.41,gna
Mechanicsville,geriatric-nursing-assistant-per-diem-prn-mechanicsville-va,25.14,gna
Medford,geriatric-nursing-assistant-per-diem-prn-medford-ma,25.74,gna
Medford,geriatric-nursing-assistant-per-diem-prn-medford-or,25.47,gna
Medina,geriatric-nursing-assistant-per-diem-prn-medina-oh,25.99,gna
Medley,geriatric-nursing-assistant-per-diem-prn-medley-fl,25.32,gna
Meeker,geriatric-nursing-assistant-per-diem-prn-meeker-co,25.61,gna
Mehlville,geriatric-nursing-assistant-per-diem-prn-mehlville-mo,25.03,gna
Melba,geriatric-nursing-assistant-per-diem-prn-melba-id,26.11,gna
Melbourne,geriatric-nursing-assistant-per-diem-prn-melbourne-fl,25.43,gna
Melrose FL,geriatric-nursing-assistant-per-diem-prn-melrose-fl,25.64,gna
Melrose MA,geriatric-nursing-assistant-per-diem-prn-melrose-ma,25.78,gna
Memphis,geriatric-nursing-assistant-per-diem-prn-memphis-tn,25.59,gna
Memphis,geriatric-nursing-assistant-per-diem-prn-memphis-tx,25.37,gna
Menard,geriatric-nursing-assistant-per-diem-prn-menard-tx,25.25,gna
Menomonee Falls,geriatric-nursing-assistant-per-diem-prn-menomonee-falls-wi,25.57,gna
Mentone,geriatric-nursing-assistant-per-diem-prn-mentone-ca,25.85,gna
Mentor,geriatric-nursing-assistant-per-diem-prn-mentor-oh,25.35,gna
Merced,geriatric-nursing-assistant-per-diem-prn-merced-ca,26.18,gna
Mercedes,geriatric-nursing-assistant-per-diem-prn-mercedes-tx,25.50,gna
Meriden,geriatric-nursing-assistant-per-diem-prn-meriden-ct,26.11,gna
Meridian,geriatric-nursing-assistant-per-diem-prn-meridian-id,25.75,gna
Meridian,geriatric-nursing-assistant-per-diem-prn-meridian-ms,25.20,gna
Merkel,geriatric-nursing-assistant-per-diem-prn-merkel-tx,26.10,gna
Merrillville,geriatric-nursing-assistant-per-diem-prn-merrillville-in,25.35,gna
Merrimack,geriatric-nursing-assistant-per-diem-prn-merrimack-nh,25.03,gna
Merritt Island,geriatric-nursing-assistant-per-diem-prn-merritt-island-fl,25.40,gna
Mesa,geriatric-nursing-assistant-per-diem-prn-mesa-az,25.66,gna
Mesa Villa Royale III,geriatric-nursing-assistant-per-diem-prn-mesa-villa-royale-iii-az,25.92,gna
Mesquite,geriatric-nursing-assistant-per-diem-prn-mesquite-9-nv,25.85,gna
Mesquite city,geriatric-nursing-assistant-per-diem-prn-mesquite-city-tx,25.75,gna
Mesquite TX,geriatric-nursing-assistant-per-diem-prn-mesquite-tx,26.00,gna
Metairie,geriatric-nursing-assistant-per-diem-prn-metairie-la,25.14,gna
Methuen Town,geriatric-nursing-assistant-per-diem-prn-methuen-town-ma,25.94,gna
Metropolis,geriatric-nursing-assistant-per-diem-prn-metropolis-il,25.30,gna
Mexia,geriatric-nursing-assistant-per-diem-prn-mexia-tx,25.45,gna
Miami,geriatric-nursing-assistant-per-diem-prn-miami-fl,25.68,gna
Miami Beach,geriatric-nursing-assistant-per-diem-prn-miami-beach-fl,25.57,gna
Miami Gardens,geriatric-nursing-assistant-per-diem-prn-miami-gardens-fl,25.22,gna
Miami Lakes,geriatric-nursing-assistant-per-diem-prn-miami-lakes-fl,25.67,gna
Miami Shores,geriatric-nursing-assistant-per-diem-prn-miami-shores-fl,25.48,gna
Miami Springs,geriatric-nursing-assistant-per-diem-prn-miami-springs-fl,25.53,gna
Miamisburg,geriatric-nursing-assistant-per-diem-prn-miamisburg-oh,25.54,gna
Middle Township Cape May Court House,geriatric-nursing-assistant-per-diem-prn-middle-township-cape-may-court-house-nj,25.74,gna
Middleburg,geriatric-nursing-assistant-per-diem-prn-middleburg-fl,25.77,gna
Middlebury,geriatric-nursing-assistant-per-diem-prn-middlebury-vt,26.00,gna
Middleton,geriatric-nursing-assistant-per-diem-prn-middleton-id,25.93,gna
Middletown,geriatric-nursing-assistant-per-diem-prn-middletown-ct,25.03,gna
Middletown,geriatric-nursing-assistant-per-diem-prn-middletown-de,25.50,gna
Middletown,geriatric-nursing-assistant-per-diem-prn-middletown-oh,25.93,gna
Middletown,geriatric-nursing-assistant-per-diem-prn-middletown-ri,25.38,gna
Midland,geriatric-nursing-assistant-per-diem-prn-midland-tx,26.13,gna
Midlothian,geriatric-nursing-assistant-per-diem-prn-midlothian-tx,25.87,gna
Midvale,geriatric-nursing-assistant-per-diem-prn-midvale-ut,25.96,gna
Midwest City,geriatric-nursing-assistant-per-diem-prn-midwest-city-ok,25.41,gna
Milan,geriatric-nursing-assistant-per-diem-prn-milan-mo,25.47,gna
Milbank,geriatric-nursing-assistant-per-diem-prn-milbank-sd,25.32,gna
Miles City MT,geriatric-nursing-assistant-per-diem-prn-miles-city-mt,25.74,gna
Milford,geriatric-nursing-assistant-per-diem-prn-milford-ct,25.85,gna
Milford MA,geriatric-nursing-assistant-per-diem-prn-milford-ma,25.61,gna
Milford UT,geriatric-nursing-assistant-per-diem-prn-milford-ut,26.11,gna
Mililani Mauka,geriatric-nursing-assistant-per-diem-prn-mililani-mauka-hi,25.30,gna
Mililani Town,geriatric-nursing-assistant-per-diem-prn-mililani-town-hi,25.57,gna
Mill City,geriatric-nursing-assistant-per-diem-prn-mill-city-or,25.43,gna
Millbrae,geriatric-nursing-assistant-per-diem-prn-millbrae-ca,25.64,gna
Millcreek,geriatric-nursing-assistant-per-diem-prn-millcreek-ut,25.78,gna
Miller,geriatric-nursing-assistant-per-diem-prn-miller-sd,25.37,gna
Milpitas CA,geriatric-nursing-assistant-per-diem-prn-milpitas-ca,26.18,gna
Milton,geriatric-nursing-assistant-per-diem-prn-milton-ga,25.61,gna
Milton,geriatric-nursing-assistant-per-diem-prn-milton-vt,25.48,gna
Milton Freewater,geriatric-nursing-assistant-per-diem-prn-milton-fl,25.25,gna
Milton Freewater,geriatric-nursing-assistant-per-diem-prn-milton-freewater-or,26.18,gna
Milwaukee,geriatric-nursing-assistant-per-diem-prn-milwaukee-wi,25.50,gna
Milwaukie Linwood,geriatric-nursing-assistant-per-diem-prn-milwaukie-linwood-or,26.18,gna
Milwaukie OR,geriatric-nursing-assistant-per-diem-prn-milwaukie-or,25.75,gna
Minden,geriatric-nursing-assistant-per-diem-prn-minden-nv,25.20,gna
Mineola,geriatric-nursing-assistant-per-diem-prn-mineola-tx,26.10,gna
Mineral Wells,geriatric-nursing-assistant-per-diem-prn-mineral-wells-tx,25.35,gna
Minneapolis,geriatric-nursing-assistant-per-diem-prn-minneapolis-mn,25.43,gna
Minnetonka,geriatric-nursing-assistant-per-diem-prn-minnetonka-mn,25.93,gna
Minot,geriatric-nursing-assistant-per-diem-prn-minot-nd,25.40,gna
Miramar Beach,geriatric-nursing-assistant-per-diem-prn-miramar-beach-fl,25.66,gna
Miramar Beach,geriatric-nursing-assistant-per-diem-prn-miramar-fl,25.85,gna
Miramonte,geriatric-nursing-assistant-per-diem-prn-miramonte-ca,26.00,gna
Mishawaka,geriatric-nursing-assistant-per-diem-prn-mishawaka-in,25.68,gna
Mission,geriatric-nursing-assistant-per-diem-prn-mission-tx,25.30,gna
Missoula,geriatric-nursing-assistant-per-diem-prn-missoula-mt,25.74,gna
Missouri,geriatric-nursing-assistant-per-diem-prn-missouri-mo,25.57,gna
Missouri City,geriatric-nursing-assistant-per-diem-prn-missouri-city-tx,25.45,gna
Mitchell,geriatric-nursing-assistant-per-diem-prn-mitchell-or,25.68,gna
Mitchell,geriatric-nursing-assistant-per-diem-prn-mitchell-sd,25.74,gna
Moab,geriatric-nursing-assistant-per-diem-prn-moab-ut,25.22,gna
Mobile,geriatric-nursing-assistant-per-diem-prn-mobile-al,25.61,gna
Modesto,geriatric-nursing-assistant-per-diem-prn-modesto-ca,25.67,gna
Moffat,geriatric-nursing-assistant-per-diem-prn-moffat-co,25.48,gna
Molalla,geriatric-nursing-assistant-per-diem-prn-molalla-or,25.53,gna
Moline IL,geriatric-nursing-assistant-per-diem-prn-moline-il,25.77,gna
Monahans,geriatric-nursing-assistant-per-diem-prn-monahans-tx,25.93,gna
Monmouth,geriatric-nursing-assistant-per-diem-prn-monmouth-or,26.13,gna
Monmouth Junction,geriatric-nursing-assistant-per-diem-prn-monmouth-junction-nj,25.38,gna
Monroe,geriatric-nursing-assistant-per-diem-prn-monroe-nc,26.11,gna
Monroe LA,geriatric-nursing-assistant-per-diem-prn-monroe-la,25.87,gna
Monroe OR,geriatric-nursing-assistant-per-diem-prn-monroe-or,25.96,gna
Monroe Township,geriatric-nursing-assistant-per-diem-prn-monroe-township-nj,25.41,gna
Monroe WA,geriatric-nursing-assistant-per-diem-prn-monroe-wa,25.47,gna
Monroeville,geriatric-nursing-assistant-per-diem-prn-monroeville-pa,25.57,gna
Monrovia,geriatric-nursing-assistant-per-diem-prn-monrovia-ca,25.32,gna
Mont Belvieu,geriatric-nursing-assistant-per-diem-prn-mont-belvieu-tx,25.61,gna
Montclair NJ,geriatric-nursing-assistant-per-diem-prn-montclair-nj,26.11,gna
Monte Vista,geriatric-nursing-assistant-per-diem-prn-monte-vista-co,25.43,gna
Montebello,geriatric-nursing-assistant-per-diem-prn-montebello-va,25.64,gna
Monterey,geriatric-nursing-assistant-per-diem-prn-monterey-ca,25.78,gna
Montezuma,geriatric-nursing-assistant-per-diem-prn-montezuma-ia,25.25,gna
Montezuma Creek,geriatric-nursing-assistant-per-diem-prn-montezuma-creek-ut,25.37,gna
Montgomery,geriatric-nursing-assistant-per-diem-prn-montgomery-al,25.25,gna
Montgomery,geriatric-nursing-assistant-per-diem-prn-montgomery-tx,26.18,gna
Monticello FL,geriatric-nursing-assistant-per-diem-prn-monticello-fl,25.50,gna
Monticello UT,geriatric-nursing-assistant-per-diem-prn-monticello-ut,25.75,gna
Montpelier,geriatric-nursing-assistant-per-diem-prn-montpelier-id,25.20,gna
Montpelier,geriatric-nursing-assistant-per-diem-prn-montpelier-vt,25.93,gna
Montrose,geriatric-nursing-assistant-per-diem-prn-montrose-co,26.10,gna
Montvale,geriatric-nursing-assistant-per-diem-prn-montvale-nj,25.35,gna
Monument,geriatric-nursing-assistant-per-diem-prn-monument-co,25.40,gna
Monument Valley,geriatric-nursing-assistant-per-diem-prn-monument-valley-ut,25.66,gna
Moodus,geriatric-nursing-assistant-per-diem-prn-moodus-ct,25.85,gna
Moody,geriatric-nursing-assistant-per-diem-prn-moody-tx,26.00,gna
Moon,geriatric-nursing-assistant-per-diem-prn-moon-pa,25.20,gna
Moore,geriatric-nursing-assistant-per-diem-prn-moore-ok,25.64,gna
Moore Haven,geriatric-nursing-assistant-per-diem-prn-moore-haven-fl,25.30,gna
Mooreland,geriatric-nursing-assistant-per-diem-prn-mooreland-ok,25.45,gna
Mooresville,geriatric-nursing-assistant-per-diem-prn-mooresville-nc,25.96,gna
Moorhead,geriatric-nursing-assistant-per-diem-prn-moorhead-mn,25.96,gna
Morehead,geriatric-nursing-assistant-per-diem-prn-morehead-ky,25.14,gna
Moreno Valley,geriatric-nursing-assistant-per-diem-prn-moreno-valley-ca,25.61,gna
Morgan,geriatric-nursing-assistant-per-diem-prn-morgan-ut,25.57,gna
Morgantown,geriatric-nursing-assistant-per-diem-prn-morgantown-in,25.68,gna
Morgantown,geriatric-nursing-assistant-per-diem-prn-morgantown-wv,25.47,gna
Moro,geriatric-nursing-assistant-per-diem-prn-moro-or,25.22,gna
Morris,geriatric-nursing-assistant-per-diem-prn-morris-il,25.67,gna
Morrison,geriatric-nursing-assistant-per-diem-prn-morrison-co,25.48,gna
Morristown,geriatric-nursing-assistant-per-diem-prn-morristown-tn,25.25,gna
Morristown,geriatric-nursing-assistant-per-diem-prn-morristown-vt,25.64,gna
Morrisville VT,geriatric-nursing-assistant-per-diem-prn-morrisville-vt,25.53,gna
Morton TX,geriatric-nursing-assistant-per-diem-prn-morton-tx,25.77,gna
Morton WA,geriatric-nursing-assistant-per-diem-prn-morton-wa,25.93,gna
Moscow,geriatric-nursing-assistant-per-diem-prn-moscow-id,25.38,gna
Moulton,geriatric-nursing-assistant-per-diem-prn-moulton-tx,26.13,gna
Mount Angel,geriatric-nursing-assistant-per-diem-prn-mount-angel-or,25.87,gna
Mount Clemens,geriatric-nursing-assistant-per-diem-prn-mount-clemens-mi,25.96,gna
Mount Dora,geriatric-nursing-assistant-per-diem-prn-mount-dora-fl,25.41,gna
Mount Enterprise,geriatric-nursing-assistant-per-diem-prn-mount-enterprise-tx,25.47,gna
Mount Juliet,geriatric-nursing-assistant-per-diem-prn-mount-juliet-tn,25.03,gna
Mount Lebanon,geriatric-nursing-assistant-per-diem-prn-mount-lebanon-pa,26.13,gna
Mount Pleasant,geriatric-nursing-assistant-per-diem-prn-mount-pleasant-sc,25.84,gna
Mount Pleasant,geriatric-nursing-assistant-per-diem-prn-mount-pleasant-wi,25.45,gna
Mount Pleasant TX,geriatric-nursing-assistant-per-diem-prn-mount-pleasant-tx,25.61,gna
Mount Pleasant UT,geriatric-nursing-assistant-per-diem-prn-mount-pleasant-ut,26.11,gna
Mount Pleasant-IA,geriatric-nursing-assistant-per-diem-prn-mount-pleasant-ia,25.32,gna
Mount Prospect,geriatric-nursing-assistant-per-diem-prn-mount-prospect-il,25.57,gna
Mount Vernon,geriatric-nursing-assistant-per-diem-prn-mount-vernon-ny,25.50,gna
Mount Vernon,geriatric-nursing-assistant-per-diem-prn-mount-vernon-oh,25.23,gna
Mount Vernon TX,geriatric-nursing-assistant-per-diem-prn-mount-vernon-tx,25.43,gna
Mount Vernon WA,geriatric-nursing-assistant-per-diem-prn-mount-vernon-wa,25.64,gna
Mountain Brook,geriatric-nursing-assistant-per-diem-prn-mountain-brook-al,25.67,gna
Mountain City,geriatric-nursing-assistant-per-diem-prn-mountain-city-tn,25.78,gna
Mountain Home AR,geriatric-nursing-assistant-per-diem-prn-mountain-home-ar,25.37,gna
Mountain Home ID,geriatric-nursing-assistant-per-diem-prn-mountain-home-id,25.25,gna
Mountain Home IDA,geriatric-nursing-assistant-per-diem-prn-mountain-home-ida-id,26.18,gna
Mountain View AR,geriatric-nursing-assistant-per-diem-prn-mountain-view-ar,25.50,gna
Mountain View CA,geriatric-nursing-assistant-per-diem-prn-mountain-view-ca,25.75,gna
Mt Pleasant,geriatric-nursing-assistant-per-diem-prn-mt-pleasant-ut,25.20,gna
Muenster,geriatric-nursing-assistant-per-diem-prn-muenster-tx,26.10,gna
Mulberry,geriatric-nursing-assistant-per-diem-prn-mulberry-fl,25.35,gna
Muleshoe,geriatric-nursing-assistant-per-diem-prn-muleshoe-tx,25.40,gna
Muncie,geriatric-nursing-assistant-per-diem-prn-muncie-in,25.65,gna
Munday,geriatric-nursing-assistant-per-diem-prn-munday-tx,25.66,gna
Munster,geriatric-nursing-assistant-per-diem-prn-munster-in,25.85,gna
Murfreesboro,geriatric-nursing-assistant-per-diem-prn-murfreesboro-tn,26.00,gna
Murphy,geriatric-nursing-assistant-per-diem-prn-murphy-tx,26.00,gna
Murray,geriatric-nursing-assistant-per-diem-prn-murray-ut,25.30,gna
Muscatine,geriatric-nursing-assistant-per-diem-prn-muscatine-ia,25.96,gna
Muskegon,geriatric-nursing-assistant-per-diem-prn-muskegon-mi,25.45,gna
Muskogee,geriatric-nursing-assistant-per-diem-prn-muskogee-ok,25.49,gna
Mustang,geriatric-nursing-assistant-per-diem-prn-mustang-ok,25.57,gna
Myakka City,geriatric-nursing-assistant-per-diem-prn-myakka-city-fl,25.68,gna
Myrtle Beach,geriatric-nursing-assistant-per-diem-prn-myrtle-beach-sc,25.22,gna
Myrtle Creek,geriatric-nursing-assistant-per-diem-prn-myrtle-creek-or,25.67,gna
Myrtle Point,geriatric-nursing-assistant-per-diem-prn-myrtle-point-or,25.48,gna
Mystic,geriatric-nursing-assistant-per-diem-prn-mystic-ct,25.53,gna
N Ft Myers,geriatric-nursing-assistant-per-diem-prn-n-ft-myers-fl,25.77,gna
N Las Vegas,geriatric-nursing-assistant-per-diem-prn-n-las-vegas-nv,25.93,gna
Nacogdoches,geriatric-nursing-assistant-per-diem-prn-nacogdoches-tx,25.38,gna
Nampa,geriatric-nursing-assistant-per-diem-prn-nampa-id,26.13,gna
Napa,geriatric-nursing-assistant-per-diem-prn-napa-ca,25.87,gna
Naperville,geriatric-nursing-assistant-per-diem-prn-naperville-il,25.38,gna
Naples,geriatric-nursing-assistant-per-diem-prn-naples-fl,25.96,gna
Naranja,geriatric-nursing-assistant-per-diem-prn-naranja-fl,25.41,gna
Nash,geriatric-nursing-assistant-per-diem-prn-nash-tx,25.47,gna
Nashua NH,geriatric-nursing-assistant-per-diem-prn-nashua-nh,25.32,gna
Nashville Madison,geriatric-nursing-assistant-per-diem-prn-nashville-madison-tn,25.53,gna
Nashville South Nashville,geriatric-nursing-assistant-per-diem-prn-nashville-south-nashville-tn,25.87,gna
Nashville TN,geriatric-nursing-assistant-per-diem-prn-nashville-tn,25.61,gna
Nashville-Davidson,geriatric-nursing-assistant-per-diem-prn-nashville-davidson-tn,25.25,gna
Natchitoches,geriatric-nursing-assistant-per-diem-prn-natchitoches-la,26.11,gna
National City,geriatric-nursing-assistant-per-diem-prn-national-city-ca,25.43,gna
Naturita,geriatric-nursing-assistant-per-diem-prn-naturita-co,25.64,gna
Naugatuck,geriatric-nursing-assistant-per-diem-prn-naugatuck-ct,25.61,gna
Naval Air Station Jrb,geriatric-nursing-assistant-per-diem-prn-naval-air-station-jrb-tx,25.78,gna
Navarre,geriatric-nursing-assistant-per-diem-prn-navarre-fl,25.37,gna
Navasota,geriatric-nursing-assistant-per-diem-prn-navasota-tx,26.18,gna
Nederland CO,geriatric-nursing-assistant-per-diem-prn-nederland-co,25.25,gna
Nederland TX,geriatric-nursing-assistant-per-diem-prn-nederland-tx,26.18,gna
Needham,geriatric-nursing-assistant-per-diem-prn-needham-ma,25.50,gna
Needville,geriatric-nursing-assistant-per-diem-prn-needville-tx,25.75,gna
Neenah,geriatric-nursing-assistant-per-diem-prn-neenah-wi,25.67,gna
Negaunee,geriatric-nursing-assistant-per-diem-prn-negaunee-mi,25.20,gna
Nehalem,geriatric-nursing-assistant-per-diem-prn-nehalem-or,26.10,gna
Nephi,geriatric-nursing-assistant-per-diem-prn-nephi-ut,25.35,gna
Neptune,geriatric-nursing-assistant-per-diem-prn-neptune-nj,25.66,gna
Neptune Beach,geriatric-nursing-assistant-per-diem-prn-neptune-beach-fl,25.40,gna
Ness City,geriatric-nursing-assistant-per-diem-prn-ness-city-ks,25.85,gna
Nevada City,geriatric-nursing-assistant-per-diem-prn-nevada-city-ca,26.18,gna
Nevada City,geriatric-nursing-assistant-per-diem-prn-nevada-city-nv,26.00,gna
New Albany,geriatric-nursing-assistant-per-diem-prn-new-albany-in,25.10,gna
New Bedford,geriatric-nursing-assistant-per-diem-prn-new-bedford-ma,25.65,gna
New Berlin,geriatric-nursing-assistant-per-diem-prn-new-berlin-wi,25.40,gna
New Boston,geriatric-nursing-assistant-per-diem-prn-new-boston-tx,25.30,gna
New Braunfels,geriatric-nursing-assistant-per-diem-prn-new-braunfels-tx,25.45,gna
New Britain,geriatric-nursing-assistant-per-diem-prn-new-britain-ct,25.57,gna
New Caney,geriatric-nursing-assistant-per-diem-prn-new-caney-tx,25.68,gna
New Castle,geriatric-nursing-assistant-per-diem-prn-new-castle-in,25.22,gna
New Glarus,geriatric-nursing-assistant-per-diem-prn-new-glarus-wi,25.67,gna
New Hampton,geriatric-nursing-assistant-per-diem-prn-new-hampton-ia,25.48,gna
New Haven,geriatric-nursing-assistant-per-diem-prn-new-haven-ct,25.53,gna
New Holland,geriatric-nursing-assistant-per-diem-prn-new-holland-pa,25.92,gna
New Holstein,geriatric-nursing-assistant-per-diem-prn-new-holstein-wi,25.77,gna
New Iberia,geriatric-nursing-assistant-per-diem-prn-new-iberia-la,25.23,gna
New Lenox,geriatric-nursing-assistant-per-diem-prn-new-lenox-il,25.93,gna
New Lisbon,geriatric-nursing-assistant-per-diem-prn-new-lisbon-wi,25.38,gna
New London,geriatric-nursing-assistant-per-diem-prn-new-london-nh,26.13,gna
New Orleans,geriatric-nursing-assistant-per-diem-prn-new-orleans-la,25.87,gna
New Orleans Mid-City,geriatric-nursing-assistant-per-diem-prn-new-orleans-mid-city-la,25.03,gna
New Plymouth,geriatric-nursing-assistant-per-diem-prn-new-plymouth-id,25.96,gna
New Port Richey,geriatric-nursing-assistant-per-diem-prn-new-port-richey-fl,25.41,gna
New Providence,geriatric-nursing-assistant-per-diem-prn-new-providence-nj,25.61,gna
NEW PRT RCHY,geriatric-nursing-assistant-per-diem-prn-new-prt-rchy-fl,25.41,gna
New Richmond,geriatric-nursing-assistant-per-diem-prn-new-richmond-wi,25.47,gna
New Rochelle,geriatric-nursing-assistant-per-diem-prn-new-rochelle-ny,25.78,gna
New Smyrna Beach,geriatric-nursing-assistant-per-diem-prn-new-smyrna-beach-fl,25.32,gna
New Town,geriatric-nursing-assistant-per-diem-prn-new-town-nd,25.61,gna
New york,geriatric-nursing-assistant-per-diem-prn-new-york-ny,25.43,gna
New York City,geriatric-nursing-assistant-per-diem-prn-new-york-city-ny,26.11,gna
Newark,geriatric-nursing-assistant-per-diem-prn-newark-oh,25.45,gna
Newark DE,geriatric-nursing-assistant-per-diem-prn-newark-de,25.64,gna
Newark NJ,geriatric-nursing-assistant-per-diem-prn-newark-nj,25.78,gna
Newberg,geriatric-nursing-assistant-per-diem-prn-newberg-or,25.37,gna
Newberry,geriatric-nursing-assistant-per-diem-prn-newberry-sc,25.25,gna
Newburyport,geriatric-nursing-assistant-per-diem-prn-newburyport-ma,26.18,gna
Newgulf,geriatric-nursing-assistant-per-diem-prn-newgulf-tx,25.50,gna
Newman,geriatric-nursing-assistant-per-diem-prn-newman-ca,25.75,gna
Newnan,geriatric-nursing-assistant-per-diem-prn-newnan-ga,25.03,gna
Newport,geriatric-nursing-assistant-per-diem-prn-newport-ri,26.10,gna
Newport News,geriatric-nursing-assistant-per-diem-prn-newport-news-va,25.32,gna
Newport OR,geriatric-nursing-assistant-per-diem-prn-newport-or,25.20,gna
Newport VT,geriatric-nursing-assistant-per-diem-prn-newport-vt,25.35,gna
Newton,geriatric-nursing-assistant-per-diem-prn-newton-ma,25.99,gna
Newton,geriatric-nursing-assistant-per-diem-prn-newton-tx,25.40,gna
Newville,geriatric-nursing-assistant-per-diem-prn-newville-pa,25.66,gna
Niceville,geriatric-nursing-assistant-per-diem-prn-niceville-fl,25.85,gna
Nicholasville,geriatric-nursing-assistant-per-diem-prn-nicholasville-ky,25.92,gna
Nisswa,geriatric-nursing-assistant-per-diem-prn-nisswa-mn,26.00,gna
Nixa,geriatric-nursing-assistant-per-diem-prn-nixa-mo,26.18,gna
Nixon NV,geriatric-nursing-assistant-per-diem-prn-nixon-nv,25.30,gna
Nixon TX,geriatric-nursing-assistant-per-diem-prn-nixon-tx,25.45,gna
Noblesville,geriatric-nursing-assistant-per-diem-prn-noblesville-in,25.61,gna
Nocona,geriatric-nursing-assistant-per-diem-prn-nocona-tx,25.57,gna
Nogales,geriatric-nursing-assistant-per-diem-prn-nogales-az,25.68,gna
Nokomis,geriatric-nursing-assistant-per-diem-prn-nokomis-fl,25.22,gna
Nome,geriatric-nursing-assistant-per-diem-prn-nome-ak,25.67,gna
Norfolk,geriatric-nursing-assistant-per-diem-prn-norfolk-va,25.49,gna
Norfolk NE,geriatric-nursing-assistant-per-diem-prn-norfolk-ne,25.48,gna
Normal,geriatric-nursing-assistant-per-diem-prn-normal-il,25.32,gna
Norman OK,geriatric-nursing-assistant-per-diem-prn-norman-ok,25.77,gna
Norristown,geriatric-nursing-assistant-per-diem-prn-norristown-pa,25.87,gna
North Augusta,geriatric-nursing-assistant-per-diem-prn-north-augusta-sc,25.74,gna
North Bay Village,geriatric-nursing-assistant-per-diem-prn-north-bay-village-fl,25.93,gna
North Bend,geriatric-nursing-assistant-per-diem-prn-north-bend-or,25.38,gna
North Bend,geriatric-nursing-assistant-per-diem-prn-north-bend-wa,26.13,gna
North Bergen,geriatric-nursing-assistant-per-diem-prn-north-bergen-nj,25.87,gna
North Bethesda,geriatric-nursing-assistant-per-diem-prn-north-bethesda-md,25.96,gna
North Brunswick,geriatric-nursing-assistant-per-diem-prn-north-brunswick-nj,25.96,gna
North Charleston,geriatric-nursing-assistant-per-diem-prn-north-charleston-sc,25.41,gna
North East,geriatric-nursing-assistant-per-diem-prn-north-east-md,25.47,gna
North Fayette Township,geriatric-nursing-assistant-per-diem-prn-north-fayette-township-pa,25.64,gna
North Fort Myers,geriatric-nursing-assistant-per-diem-prn-north-fort-myers-fl,25.74,gna
North Haven,geriatric-nursing-assistant-per-diem-prn-north-haven-ct,25.32,gna
North Hempstead,geriatric-nursing-assistant-per-diem-prn-north-hempstead-ny,25.14,gna
North Hollywood,geriatric-nursing-assistant-per-diem-prn-north-hollywood-ca-7036f,25.61,gna
North Huntingdon,geriatric-nursing-assistant-per-diem-prn-north-huntingdon-pa,26.00,gna
North Kingstown,geriatric-nursing-assistant-per-diem-prn-north-kingstown-ri,25.14,gna
North Lakes,geriatric-nursing-assistant-per-diem-prn-north-lakes-ak,25.87,gna
North Las Vegas,geriatric-nursing-assistant-per-diem-prn-north-las-vegas-nv,26.11,gna
North Lauderdale,geriatric-nursing-assistant-per-diem-prn-north-lauderdale-fl,25.99,gna
North Liberty,geriatric-nursing-assistant-per-diem-prn-north-liberty-ia,25.93,gna
North Little Rock,geriatric-nursing-assistant-per-diem-prn-north-little-rock-ar,25.85,gna
North Logan,geriatric-nursing-assistant-per-diem-prn-north-logan-ut,25.43,gna
North Manchester,geriatric-nursing-assistant-per-diem-prn-north-manchester-in,25.64,gna
North Miami,geriatric-nursing-assistant-per-diem-prn-north-miami-fl,25.37,gna
North Miami Beach,geriatric-nursing-assistant-per-diem-prn-north-miami-beach-fl,25.78,gna
North Olmsted,geriatric-nursing-assistant-per-diem-prn-north-olmsted-oh,25.25,gna
North Palm Beach,geriatric-nursing-assistant-per-diem-prn-north-palm-beach-fl,26.18,gna
North Platte,geriatric-nursing-assistant-per-diem-prn-north-platte-ne,25.50,gna
North Port,geriatric-nursing-assistant-per-diem-prn-north-port-fl,25.75,gna
North Providence,geriatric-nursing-assistant-per-diem-prn-north-providence-ri,25.20,gna
North Richland Hills,geriatric-nursing-assistant-per-diem-prn-north-richland-hills-tx,26.10,gna
North Ridgeville,geriatric-nursing-assistant-per-diem-prn-north-ridgeville-oh,25.78,gna
North Royalton,geriatric-nursing-assistant-per-diem-prn-north-royalton-oh,25.61,gna
Northbrook IL,geriatric-nursing-assistant-per-diem-prn-northbrook-il,25.35,gna
Northfield,geriatric-nursing-assistant-per-diem-prn-northfield-vt,26.13,gna
Northglenn,geriatric-nursing-assistant-per-diem-prn-northglenn-co,25.40,gna
Northport,geriatric-nursing-assistant-per-diem-prn-northport-al,25.66,gna
Northwood,geriatric-nursing-assistant-per-diem-prn-northwood-ia,25.38,gna
Norton,geriatric-nursing-assistant-per-diem-prn-norton-ma,25.66,gna
Norton,geriatric-nursing-assistant-per-diem-prn-norton-va,25.85,gna
Norwalk,geriatric-nursing-assistant-per-diem-prn-norwalk-ct,26.00,gna
Norway Norway,geriatric-nursing-assistant-per-diem-prn-norway-norway-me,26.18,gna
Norwich,geriatric-nursing-assistant-per-diem-prn-norwich-ct,25.67,gna
Norwood,geriatric-nursing-assistant-per-diem-prn-norwood-co,25.30,gna
Norwood,geriatric-nursing-assistant-per-diem-prn-norwood-nj,25.45,gna
Novi city,geriatric-nursing-assistant-per-diem-prn-novi-city-mi,25.43,gna
Nyssa,geriatric-nursing-assistant-per-diem-prn-nyssa-or,25.57,gna
O Fallon,geriatric-nursing-assistant-per-diem-prn-o-fallon-il,25.68,gna
O'Fallon MO,geriatric-nursing-assistant-per-diem-prn-ofallon-mo,25.10,gna
Oak Brook IL,geriatric-nursing-assistant-per-diem-prn-oak-brook-il,25.22,gna
Oak Creek,geriatric-nursing-assistant-per-diem-prn-oak-creek-wi,25.22,gna
Oak Hill,geriatric-nursing-assistant-per-diem-prn-oak-hill-fl,25.67,gna
Oak Lawn,geriatric-nursing-assistant-per-diem-prn-oak-lawn-il,25.64,gna
Oak Park,geriatric-nursing-assistant-per-diem-prn-oak-park-il,25.49,gna
Oak Point,geriatric-nursing-assistant-per-diem-prn-oak-point-tx,25.48,gna
Oak Ridge TN,geriatric-nursing-assistant-per-diem-prn-oak-ridge-tn,25.53,gna
Oakland,geriatric-nursing-assistant-per-diem-prn-oakland-ca,25.77,gna
Oakland Park,geriatric-nursing-assistant-per-diem-prn-oakland-park-fl,25.93,gna
Oakley,geriatric-nursing-assistant-per-diem-prn-oakley-ut,25.38,gna
Oakridge,geriatric-nursing-assistant-per-diem-prn-oakridge-or,26.13,gna
Oakville,geriatric-nursing-assistant-per-diem-prn-oakville-mo,25.95,gna
Oberlin,geriatric-nursing-assistant-per-diem-prn-oberlin-la,25.87,gna
Ocala FL,geriatric-nursing-assistant-per-diem-prn-ocala-fl,25.96,gna
Ocean Grove,geriatric-nursing-assistant-per-diem-prn-ocean-grove-nj,25.41,gna
Ocean Shores,geriatric-nursing-assistant-per-diem-prn-ocean-shores-wa,25.47,gna
Oceanside,geriatric-nursing-assistant-per-diem-prn-oceanside-ca,25.68,gna
Ocoee,geriatric-nursing-assistant-per-diem-prn-ocoee-fl,25.32,gna
Odenton,geriatric-nursing-assistant-per-diem-prn-odenton-md,25.41,gna
Odessa FL,geriatric-nursing-assistant-per-diem-prn-odessa-fl,25.61,gna
Odessa TX,geriatric-nursing-assistant-per-diem-prn-odessa-tx,26.11,gna
Ogden,geriatric-nursing-assistant-per-diem-prn-ogden-ut,25.43,gna
Okeechobee,geriatric-nursing-assistant-per-diem-prn-okeechobee-fl,25.64,gna
Oklahoma City,geriatric-nursing-assistant-per-diem-prn-oklahoma-city-ok,25.78,gna
Oklahoma City Central Oklahoma City,geriatric-nursing-assistant-per-diem-prn-oklahoma-city-central-oklahoma-city-ok,25.64,gna
Oklahoma City Northwest Oklahoma City,geriatric-nursing-assistant-per-diem-prn-oklahoma-city-northwest-oklahoma-city-ok,25.54,gna
Oklahoma City Preston Hills,geriatric-nursing-assistant-per-diem-prn-oklahoma-city-preston-hills-ok,25.52,gna
Oklahoma City Rock Knoll,geriatric-nursing-assistant-per-diem-prn-oklahoma-city-rock-knoll-ok,25.68,gna
"Oklahoma City,",geriatric-nursing-assistant-per-diem-prn-oklahoma-city-ok-edbc1,25.37,gna
Olathe,geriatric-nursing-assistant-per-diem-prn-olathe-co,26.18,gna
Olathe,geriatric-nursing-assistant-per-diem-prn-olathe-ks,25.74,gna
Old Jamestown,geriatric-nursing-assistant-per-diem-prn-old-jamestown-mo,26.11,gna
Oldsmar,geriatric-nursing-assistant-per-diem-prn-oldsmar-fl,25.25,gna
Olive Branch,geriatric-nursing-assistant-per-diem-prn-olive-branch-ms,25.57,gna
Olmito,geriatric-nursing-assistant-per-diem-prn-olmito-tx,26.18,gna
Olney,geriatric-nursing-assistant-per-diem-prn-olney-md,25.50,gna
Olney,geriatric-nursing-assistant-per-diem-prn-olney-tx,25.75,gna
Olton,geriatric-nursing-assistant-per-diem-prn-olton-tx,25.20,gna
Olympia WA,geriatric-nursing-assistant-per-diem-prn-olympia-wa,26.10,gna
Omaha,geriatric-nursing-assistant-per-diem-prn-omaha-ne,25.35,gna
Oneonta,geriatric-nursing-assistant-per-diem-prn-oneonta-ny,25.40,gna
Ontario,geriatric-nursing-assistant-per-diem-prn-ontario-ca,25.66,gna
Ontario OR,geriatric-nursing-assistant-per-diem-prn-ontario-or,25.85,gna
Opa Locka,geriatric-nursing-assistant-per-diem-prn-opa-locka-fl,26.00,gna
Opelika,geriatric-nursing-assistant-per-diem-prn-opelika-al,25.85,gna
Oracle,geriatric-nursing-assistant-per-diem-prn-oracle-az,25.30,gna
Oradell,geriatric-nursing-assistant-per-diem-prn-oradell-nj,25.45,gna
Orange,geriatric-nursing-assistant-per-diem-prn-orange-tx,25.48,gna
Orange City,geriatric-nursing-assistant-per-diem-prn-orange-city-fl,25.57,gna
Orange City Orangedale,geriatric-nursing-assistant-per-diem-prn-orange-city-orangedale-fl,25.74,gna
Orange County CA,geriatric-nursing-assistant-per-diem-prn-orange-county-ca,25.68,gna
Orange NJ,geriatric-nursing-assistant-per-diem-prn-orange-nj,25.22,gna
Orange Park,geriatric-nursing-assistant-per-diem-prn-orange-park-fl,25.67,gna
Orangeburg,geriatric-nursing-assistant-per-diem-prn-orangeburg-nj,25.53,gna
Ordway,geriatric-nursing-assistant-per-diem-prn-ordway-co,25.77,gna
Oregon City,geriatric-nursing-assistant-per-diem-prn-oregon-city-or,25.93,gna
Oregon City Rivercrest,geriatric-nursing-assistant-per-diem-prn-oregon-city-rivercrest-or,25.32,gna
Oregon OH,geriatric-nursing-assistant-per-diem-prn-oregon-oh,25.95,gna
Orem,geriatric-nursing-assistant-per-diem-prn-orem-ut,25.38,gna
Orem Hillcrest,geriatric-nursing-assistant-per-diem-prn-orem-hillcrest-ut,25.40,gna
Orem Orchard South,geriatric-nursing-assistant-per-diem-prn-orem-orchard-south-ut,26.10,gna
Orem Orem Park,geriatric-nursing-assistant-per-diem-prn-orem-orem-park-ut,25.10,gna
Orinda Claremont,geriatric-nursing-assistant-per-diem-prn-orinda-claremont-ca,25.75,gna
Orland Park,geriatric-nursing-assistant-per-diem-prn-orland-park-il,25.43,gna
Orlando FL,geriatric-nursing-assistant-per-diem-prn-orlando-fl,26.13,gna
Orlando Windhover,geriatric-nursing-assistant-per-diem-prn-orlando-windhover-fl,25.44,gna
Ormond Beach,geriatric-nursing-assistant-per-diem-prn-ormond-beach-fl,25.87,gna
Oro Valley AZ,geriatric-nursing-assistant-per-diem-prn-oro-valley-az,25.96,gna
Orofino,geriatric-nursing-assistant-per-diem-prn-orofino-id,25.41,gna
Osage,geriatric-nursing-assistant-per-diem-prn-osage-ia,26.00,gna
Osage Beach,geriatric-nursing-assistant-per-diem-prn-osage-beach-mo,25.47,gna
Oshkosh,geriatric-nursing-assistant-per-diem-prn-oshkosh-wi,25.32,gna
Osprey,geriatric-nursing-assistant-per-diem-prn-osprey-fl,25.61,gna
Osseo,geriatric-nursing-assistant-per-diem-prn-osseo-wi,26.11,gna
Oswego,geriatric-nursing-assistant-per-diem-prn-oswego-ny,25.43,gna
Othello WA,geriatric-nursing-assistant-per-diem-prn-othello-wa,25.64,gna
Otis,geriatric-nursing-assistant-per-diem-prn-otis-or,25.78,gna
Ottumwa,geriatric-nursing-assistant-per-diem-prn-ottumwa-ia,25.77,gna
Overgaard,geriatric-nursing-assistant-per-diem-prn-overgaard-az,25.37,gna
Overland Park,geriatric-nursing-assistant-per-diem-prn-overland-park-ks,25.03,gna
Overton,geriatric-nursing-assistant-per-diem-prn-overton-tx,25.25,gna
Oviedo,geriatric-nursing-assistant-per-diem-prn-oviedo-fl,26.18,gna
Owasso,geriatric-nursing-assistant-per-diem-prn-owasso-ok,25.57,gna
Owensboro,geriatric-nursing-assistant-per-diem-prn-owensboro-ky,25.85,gna
Owyhee,geriatric-nursing-assistant-per-diem-prn-owyhee-nv,25.50,gna
Oxford,geriatric-nursing-assistant-per-diem-prn-oxford-al,25.93,gna
Oxford,geriatric-nursing-assistant-per-diem-prn-oxford-fl,25.75,gna
Oxford,geriatric-nursing-assistant-per-diem-prn-oxford-ms,25.20,gna
Oxford,geriatric-nursing-assistant-per-diem-prn-oxford-pa,26.10,gna
Oxford OH,geriatric-nursing-assistant-per-diem-prn-oxford-oh,25.68,gna
Oxnard,geriatric-nursing-assistant-per-diem-prn-oxnard-ca,25.03,gna
Oyster Bay,geriatric-nursing-assistant-per-diem-prn-oyster-bay-ny,25.99,gna
Ozark,geriatric-nursing-assistant-per-diem-prn-ozark-mo,25.64,gna
Ozona,geriatric-nursing-assistant-per-diem-prn-ozona-tx,25.35,gna
Pace,geriatric-nursing-assistant-per-diem-prn-pace-fl,25.40,gna
Pacific City,geriatric-nursing-assistant-per-diem-prn-pacific-city-or,25.66,gna
Paducah,geriatric-nursing-assistant-per-diem-prn-paducah-ky,25.03,gna
Page,geriatric-nursing-assistant-per-diem-prn-page-az,25.85,gna
Pagosa Springs,geriatric-nursing-assistant-per-diem-prn-pagosa-springs-co,26.00,gna
Pahala,geriatric-nursing-assistant-per-diem-prn-pahala-hi,25.30,gna
Pahokee,geriatric-nursing-assistant-per-diem-prn-pahokee-fl,25.45,gna
Pahrump,geriatric-nursing-assistant-per-diem-prn-pahrump-nv,25.57,gna
Painesville,geriatric-nursing-assistant-per-diem-prn-painesville-oh,25.10,gna
Palacios,geriatric-nursing-assistant-per-diem-prn-palacios-tx,25.68,gna
Palatine,geriatric-nursing-assistant-per-diem-prn-palatine-il,25.61,gna
Palatka,geriatric-nursing-assistant-per-diem-prn-palatka-fl,25.22,gna
Palestine,geriatric-nursing-assistant-per-diem-prn-palestine-tx,25.67,gna
Palisade,geriatric-nursing-assistant-per-diem-prn-palisade-co,25.48,gna
Palm Bay FL,geriatric-nursing-assistant-per-diem-prn-palm-bay-fl,25.53,gna
Palm Beach,geriatric-nursing-assistant-per-diem-prn-palm-beach-fl,25.77,gna
Palm Beach Gardens,geriatric-nursing-assistant-per-diem-prn-palm-beach-gardens-fl,25.93,gna
Palm City,geriatric-nursing-assistant-per-diem-prn-palm-city-fl,25.38,gna
Palm Coast,geriatric-nursing-assistant-per-diem-prn-palm-coast-fl,26.13,gna
Palm Harbor,geriatric-nursing-assistant-per-diem-prn-palm-harbor-fl,25.87,gna
Palm Springs,geriatric-nursing-assistant-per-diem-prn-palm-springs-fl,25.96,gna
Palmdale,geriatric-nursing-assistant-per-diem-prn-palmdale-ca,25.44,gna
Palmer,geriatric-nursing-assistant-per-diem-prn-palmer-tx,25.41,gna
Palmetto,geriatric-nursing-assistant-per-diem-prn-palmetto-fl,25.32,gna
Palmetto Bay,geriatric-nursing-assistant-per-diem-prn-palmetto-bay-fl,25.47,gna
Palmhurst,geriatric-nursing-assistant-per-diem-prn-palmhurst-tx,25.61,gna
Palmview,geriatric-nursing-assistant-per-diem-prn-palmview-tx,26.11,gna
Palo Alto,geriatric-nursing-assistant-per-diem-prn-palo-alto-ca,25.43,gna
Pampa,geriatric-nursing-assistant-per-diem-prn-pampa-tx,25.64,gna
Panacea,geriatric-nursing-assistant-per-diem-prn-panacea-fl,25.78,gna
Panama City,geriatric-nursing-assistant-per-diem-prn-panama-city-fl,25.25,gna
Panama City Beach,geriatric-nursing-assistant-per-diem-prn-panama-city-beach-fl,25.37,gna
Panguitch,geriatric-nursing-assistant-per-diem-prn-panguitch-ut,26.18,gna
Pantego,geriatric-nursing-assistant-per-diem-prn-pantego-tx,25.50,gna
Paonia,geriatric-nursing-assistant-per-diem-prn-paonia-co,25.75,gna
Papillion,geriatric-nursing-assistant-per-diem-prn-papillion-ne,25.14,gna
Parachute,geriatric-nursing-assistant-per-diem-prn-parachute-co,25.20,gna
Paradise,geriatric-nursing-assistant-per-diem-prn-paradise-nv,25.36,gna
Paragould,geriatric-nursing-assistant-per-diem-prn-paragould-ar,25.23,gna
Paramus,geriatric-nursing-assistant-per-diem-prn-paramus-nj,26.10,gna
Paris,geriatric-nursing-assistant-per-diem-prn-paris-tx,25.35,gna
Paris South Paris,geriatric-nursing-assistant-per-diem-prn-paris-south-paris-me,25.54,gna
Park City,geriatric-nursing-assistant-per-diem-prn-park-city-ut,25.40,gna
Park Forest IL,geriatric-nursing-assistant-per-diem-prn-park-forest-il,25.66,gna
Park River,geriatric-nursing-assistant-per-diem-prn-park-river-nd,25.85,gna
Parker AZ,geriatric-nursing-assistant-per-diem-prn-parker-az,26.00,gna
Parker CO,geriatric-nursing-assistant-per-diem-prn-parker-co,25.30,gna
Parkersburg,geriatric-nursing-assistant-per-diem-prn-parkersburg-wv,25.44,gna
Parkland,geriatric-nursing-assistant-per-diem-prn-parkland-fl,25.45,gna
Parkville MD,geriatric-nursing-assistant-per-diem-prn-parkville-md,25.57,gna
Parma,geriatric-nursing-assistant-per-diem-prn-parma-oh,25.77,gna
Parma Heights,geriatric-nursing-assistant-per-diem-prn-parma-heights-oh,25.23,gna
Parowan,geriatric-nursing-assistant-per-diem-prn-parowan-ut,25.68,gna
Parrish,geriatric-nursing-assistant-per-diem-prn-parrish-fl,25.22,gna
Parsons,geriatric-nursing-assistant-per-diem-prn-parsons-tn-3bd68,25.67,gna
Pasadena,geriatric-nursing-assistant-per-diem-prn-pasadena-tx,25.53,gna
Pasadena CA,geriatric-nursing-assistant-per-diem-prn-pasadena-ca,25.48,gna
Pasadenaa TX,geriatric-nursing-assistant-per-diem-prn-pasadenaa-tx,25.77,gna
Pascagoula,geriatric-nursing-assistant-per-diem-prn-pascagoula-ms,25.54,gna
Pasco WA,geriatric-nursing-assistant-per-diem-prn-pasco-wa,25.93,gna
Passaic,geriatric-nursing-assistant-per-diem-prn-passaic-nj,25.38,gna
Patagonia,geriatric-nursing-assistant-per-diem-prn-patagonia-az,26.13,gna
Patchogue,geriatric-nursing-assistant-per-diem-prn-patchogue-ny,25.87,gna
Paterson,geriatric-nursing-assistant-per-diem-prn-paterson-nj,25.96,gna
Pattison,geriatric-nursing-assistant-per-diem-prn-pattison-tx,25.41,gna
Pawtucket,geriatric-nursing-assistant-per-diem-prn-pawtucket-ri,25.54,gna
Payette,geriatric-nursing-assistant-per-diem-prn-payette-id,25.47,gna
Paynesville,geriatric-nursing-assistant-per-diem-prn-paynesville-mn,25.32,gna
Payson AZ,geriatric-nursing-assistant-per-diem-prn-payson-az,25.61,gna
Payson UT,geriatric-nursing-assistant-per-diem-prn-payson-ut,26.11,gna
Peabody,geriatric-nursing-assistant-per-diem-prn-peabody-ma,25.00,gna
Peachtree City,geriatric-nursing-assistant-per-diem-prn-peachtree-city-ga,25.23,gna
Peachtree Corners,geriatric-nursing-assistant-per-diem-prn-peachtree-corners-ga,26.31,gna
Pearblossom,geriatric-nursing-assistant-per-diem-prn-pearblossom-ca,25.43,gna
Pearce,geriatric-nursing-assistant-per-diem-prn-pearce-az,25.64,gna
Pearl,geriatric-nursing-assistant-per-diem-prn-pearl-ms,25.65,gna
Pearl City,geriatric-nursing-assistant-per-diem-prn-pearl-city-hi,25.20,gna
Pearland,geriatric-nursing-assistant-per-diem-prn-pearland-tx,25.78,gna
Pearsall,geriatric-nursing-assistant-per-diem-prn-pearsall-tx,25.37,gna
Pecos,geriatric-nursing-assistant-per-diem-prn-pecos-tx,26.18,gna
Pekin,geriatric-nursing-assistant-per-diem-prn-pekin-il,25.25,gna
Pelham,geriatric-nursing-assistant-per-diem-prn-pelham-al,25.30,gna
Pella,geriatric-nursing-assistant-per-diem-prn-pella-ia,26.18,gna
Pembroke Pines,geriatric-nursing-assistant-per-diem-prn-pembroke-pines-fl,25.50,gna
Pendleton,geriatric-nursing-assistant-per-diem-prn-pendleton-or,25.75,gna
Penitas,geriatric-nursing-assistant-per-diem-prn-penitas-tx,25.20,gna
Penn Hills,geriatric-nursing-assistant-per-diem-prn-penn-hills-pa,25.61,gna
Pennington Gap,geriatric-nursing-assistant-per-diem-prn-pennington-gap-va,26.10,gna
Pensacola FL,geriatric-nursing-assistant-per-diem-prn-pensacola-fl,25.35,gna
Pensacola North Central Pensacola,geriatric-nursing-assistant-per-diem-prn-pensacola-north-central-pensacola-fl,25.65,gna
Peoria AZ,geriatric-nursing-assistant-per-diem-prn-peoria-az,25.40,gna
Peoria IL,geriatric-nursing-assistant-per-diem-prn-peoria-il,25.66,gna
Peridot,geriatric-nursing-assistant-per-diem-prn-peridot-az,25.85,gna
Perrine,geriatric-nursing-assistant-per-diem-prn-perrine-fl,26.00,gna
Perry,geriatric-nursing-assistant-per-diem-prn-perry-fl,25.30,gna
Perrysburg,geriatric-nursing-assistant-per-diem-prn-perrysburg-oh,25.25,gna
Perryton,geriatric-nursing-assistant-per-diem-prn-perryton-tx,25.45,gna
Perryville,geriatric-nursing-assistant-per-diem-prn-perryville-ky,25.57,gna
Petaluma,geriatric-nursing-assistant-per-diem-prn-petaluma-ca,25.68,gna
Peterborough,geriatric-nursing-assistant-per-diem-prn-peterborough-nh,25.22,gna
Petoskey,geriatric-nursing-assistant-per-diem-prn-petoskey-mi,25.67,gna
Peyton,geriatric-nursing-assistant-per-diem-prn-peyton-co,25.48,gna
Pflugerville,geriatric-nursing-assistant-per-diem-prn-pflugerville-tx,25.53,gna
Pharr,geriatric-nursing-assistant-per-diem-prn-pharr-tx,25.77,gna
Phenix City,geriatric-nursing-assistant-per-diem-prn-phenix-city-al-033c0,25.93,gna
Philadelphia North Philadelphia,geriatric-nursing-assistant-per-diem-prn-philadelphia-north-philadelphia-pa,25.00,gna
Philadelphia Northeast Philadelphia,geriatric-nursing-assistant-per-diem-prn-philadelphia-northeast-philadelphia-pa,25.68,gna
Philadelphia PA,geriatric-nursing-assistant-per-diem-prn-philadelphia-pa,25.38,gna
Phillipsburg,geriatric-nursing-assistant-per-diem-prn-phillipsburg-ks,26.13,gna
Phoenix,geriatric-nursing-assistant-per-diem-prn-phoenix-az,25.87,gna
Phoenix Camelback East Village,geriatric-nursing-assistant-per-diem-prn-phoenix-camelback-east-village-az,25.96,gna
Phoenix Deer Valley,geriatric-nursing-assistant-per-diem-prn-phoenix-deer-valley-az,25.92,gna
Phoenix Denali Financial Center,geriatric-nursing-assistant-per-diem-prn-phoenix-denali-financial-center-az,25.61,gna
Phoenix Estrella Village,geriatric-nursing-assistant-per-diem-prn-phoenix-estrella-village-az,25.99,gna
Phoenix Midtown,geriatric-nursing-assistant-per-diem-prn-phoenix-midtown-az,25.38,gna
Phoenix North Mountain Village,geriatric-nursing-assistant-per-diem-prn-phoenix-north-mountain-village-az,25.22,gna
Phoenix Paradise Valley Village,geriatric-nursing-assistant-per-diem-prn-phoenix-paradise-valley-village-az,25.61,gna
Pickerington,geriatric-nursing-assistant-per-diem-prn-pickerington-oh,25.54,gna
Pierce,geriatric-nursing-assistant-per-diem-prn-pierce-id,25.96,gna
Pierceton,geriatric-nursing-assistant-per-diem-prn-pierceton-in,25.41,gna
Pierre,geriatric-nursing-assistant-per-diem-prn-pierre-sd,25.03,gna
Pierson,geriatric-nursing-assistant-per-diem-prn-pierson-fl,25.47,gna
Pigeon,geriatric-nursing-assistant-per-diem-prn-pigeon-mi,25.32,gna
Pikeville,geriatric-nursing-assistant-per-diem-prn-pikeville-ky,25.61,gna
Pilot Point,geriatric-nursing-assistant-per-diem-prn-pilot-point-tx,26.11,gna
Pine Bluff,geriatric-nursing-assistant-per-diem-prn-pine-bluff-ar,25.95,gna
Pine Hills,geriatric-nursing-assistant-per-diem-prn-pine-hills-fl,25.54,gna
Pineland,geriatric-nursing-assistant-per-diem-prn-pineland-tx,25.43,gna
Pinellas Park,geriatric-nursing-assistant-per-diem-prn-pinellas-park-fl,25.64,gna
Pipestone,geriatric-nursing-assistant-per-diem-prn-pipestone-mn,25.78,gna
Piqua,geriatric-nursing-assistant-per-diem-prn-piqua-oh,25.99,gna
Pittsburg,geriatric-nursing-assistant-per-diem-prn-pittsburg-ks,25.23,gna
Pittsburg,geriatric-nursing-assistant-per-diem-prn-pittsburg-tx,25.37,gna
Pittsburgh PA,geriatric-nursing-assistant-per-diem-prn-pittsburgh-pa,25.25,gna
Pittsfield,geriatric-nursing-assistant-per-diem-prn-pittsfield-ma,26.18,gna
Plainfield,geriatric-nursing-assistant-per-diem-prn-plainfield-ct,25.50,gna
Plainfield,geriatric-nursing-assistant-per-diem-prn-plainfield-in,25.23,gna
Plains,geriatric-nursing-assistant-per-diem-prn-plains-tx,25.75,gna
Plainview,geriatric-nursing-assistant-per-diem-prn-plainview-tx,25.20,gna
Plano,geriatric-nursing-assistant-per-diem-prn-plano-tx,26.10,gna
Plant City,geriatric-nursing-assistant-per-diem-prn-plant-city-fl,25.35,gna
Plantation,geriatric-nursing-assistant-per-diem-prn-plantation-fl,25.40,gna
Plantation City,geriatric-nursing-assistant-per-diem-prn-plantation-city-fl,25.47,gna
Platte,geriatric-nursing-assistant-per-diem-prn-platte-sd,25.66,gna
Pleasant Grove,geriatric-nursing-assistant-per-diem-prn-pleasant-grove-ut,25.85,gna
Pleasant View,geriatric-nursing-assistant-per-diem-prn-pleasant-view-ut,26.00,gna
Pleasanton,geriatric-nursing-assistant-per-diem-prn-pleasanton-tx,25.30,gna
Pleasantville,geriatric-nursing-assistant-per-diem-prn-pleasantville-tn,25.57,gna
Pleasantville NJ,geriatric-nursing-assistant-per-diem-prn-pleasantville-nj,25.45,gna
Plentywood,geriatric-nursing-assistant-per-diem-prn-plentywood-mt,25.68,gna
Plum borough,geriatric-nursing-assistant-per-diem-prn-plum-borough-pa,25.85,gna
Plummer,geriatric-nursing-assistant-per-diem-prn-plummer-id,25.22,gna
Plymouth,geriatric-nursing-assistant-per-diem-prn-plymouth-ma,25.61,gna
Plymouth,geriatric-nursing-assistant-per-diem-prn-plymouth-mn,25.66,gna
Plymouth,geriatric-nursing-assistant-per-diem-prn-plymouth-nh,25.67,gna
Pocatello ID,geriatric-nursing-assistant-per-diem-prn-pocatello-id,25.48,gna
Poinciana,geriatric-nursing-assistant-per-diem-prn-poinciana-fl,25.95,gna
Polacca,geriatric-nursing-assistant-per-diem-prn-polacca-az,25.53,gna
Pompano Beach,geriatric-nursing-assistant-per-diem-prn-pompano-beach-fl,25.77,gna
Ponca City,geriatric-nursing-assistant-per-diem-prn-ponca-city-ok,25.03,gna
Ponderay,geriatric-nursing-assistant-per-diem-prn-ponderay-id,25.93,gna
Ponte Vedra,geriatric-nursing-assistant-per-diem-prn-ponte-vedra-fl,26.13,gna
Ponte Vedra Beach,geriatric-nursing-assistant-per-diem-prn-ponte-vedra-beach-fl,25.38,gna
Pontiac IL,geriatric-nursing-assistant-per-diem-prn-pontiac-il,25.87,gna
Pontiac MI,geriatric-nursing-assistant-per-diem-prn-pontiac-mi,25.96,gna
Port Angeles,geriatric-nursing-assistant-per-diem-prn-port-angeles-wa,25.41,gna
Port Arthur,geriatric-nursing-assistant-per-diem-prn-port-arthur-tx,25.47,gna
Port Bolivar,geriatric-nursing-assistant-per-diem-prn-port-bolivar-tx,25.32,gna
Port Charlotte FL,geriatric-nursing-assistant-per-diem-prn-port-charlotte-fl,25.61,gna
Port Huron,geriatric-nursing-assistant-per-diem-prn-port-huron-mi,26.11,gna
Port Isabel,geriatric-nursing-assistant-per-diem-prn-port-isabel-tx,25.43,gna
Port Lavaca,geriatric-nursing-assistant-per-diem-prn-port-lavaca-tx,25.64,gna
Port Murray,geriatric-nursing-assistant-per-diem-prn-port-murray-nj,25.78,gna
Port Orange,geriatric-nursing-assistant-per-diem-prn-port-orange-fl,25.37,gna
Port Orford,geriatric-nursing-assistant-per-diem-prn-port-orford-or,25.25,gna
Port Richey,geriatric-nursing-assistant-per-diem-prn-port-richey-fl,26.18,gna
Port Saint Joe,geriatric-nursing-assistant-per-diem-prn-port-saint-joe-fl,25.50,gna
Port Saint Lucie,geriatric-nursing-assistant-per-diem-prn-port-saint-lucie-fl,25.75,gna
Port St. Lucie,geriatric-nursing-assistant-per-diem-prn-port-st-lucie-fl,25.03,gna
Portage,geriatric-nursing-assistant-per-diem-prn-portage-in,25.36,gna
Porter,geriatric-nursing-assistant-per-diem-prn-porter-tx,25.20,gna
Portland Creston - Kenilworth,geriatric-nursing-assistant-per-diem-prn-portland-creston-kenilworth-or,25.85,gna
Portland Cully,geriatric-nursing-assistant-per-diem-prn-portland-cully-or,25.99,gna
Portland Hazelwood,geriatric-nursing-assistant-per-diem-prn-portland-hazelwood-or,25.03,gna
Portland ME,geriatric-nursing-assistant-per-diem-prn-portland-me,26.10,gna
Portland Northeast Portland,geriatric-nursing-assistant-per-diem-prn-portland-northeast-portland-or,25.65,gna
Portland Northwest Portland,geriatric-nursing-assistant-per-diem-prn-portland-northwest-portland-or,25.99,gna
Portland OR,geriatric-nursing-assistant-per-diem-prn-portland-or,25.35,gna
Portland Powellhurst-Gilbert,geriatric-nursing-assistant-per-diem-prn-portland-powellhurst-gilbert-or,25.57,gna
Portland Wilkes Community Group,geriatric-nursing-assistant-per-diem-prn-portland-wilkes-community-group-or,25.47,gna
Portola Valley,geriatric-nursing-assistant-per-diem-prn-portola-valley-ca,25.40,gna
Portsmouth,geriatric-nursing-assistant-per-diem-prn-portsmouth-va,25.85,gna
Portsmouth NH,geriatric-nursing-assistant-per-diem-prn-portsmouth-nh,25.66,gna
Post,geriatric-nursing-assistant-per-diem-prn-post-tx,26.00,gna
Post Falls,geriatric-nursing-assistant-per-diem-prn-post-falls-id,25.85,gna
Poteet,geriatric-nursing-assistant-per-diem-prn-poteet-tx,25.30,gna
Poth,geriatric-nursing-assistant-per-diem-prn-poth-tx,25.45,gna
Potlatch,geriatric-nursing-assistant-per-diem-prn-potlatch-id,25.57,gna
Potomac,geriatric-nursing-assistant-per-diem-prn-potomac-md,25.53,gna
Powell,geriatric-nursing-assistant-per-diem-prn-powell-wy,25.77,gna
Powers MI,geriatric-nursing-assistant-per-diem-prn-powers-mi,25.68,gna
Powers OR,geriatric-nursing-assistant-per-diem-prn-powers-or,25.22,gna
Prairie City,geriatric-nursing-assistant-per-diem-prn-prairie-city-or,25.67,gna
Prairie Farm,geriatric-nursing-assistant-per-diem-prn-prairie-farm-wi,25.48,gna
Prairie Village,geriatric-nursing-assistant-per-diem-prn-prairie-village-ks,25.03,gna
Prairieville,geriatric-nursing-assistant-per-diem-prn-prairieville-la,25.14,gna
Prattville,geriatric-nursing-assistant-per-diem-prn-prattville-al,25.37,gna
Premont,geriatric-nursing-assistant-per-diem-prn-premont-tx,25.53,gna
Prescott,geriatric-nursing-assistant-per-diem-prn-prescott-az,25.77,gna
Prescott Valley,geriatric-nursing-assistant-per-diem-prn-prescott-valley-az,25.93,gna
Presidio,geriatric-nursing-assistant-per-diem-prn-presidio-tx,25.38,gna
Preston,geriatric-nursing-assistant-per-diem-prn-preston-id,26.13,gna
Price,geriatric-nursing-assistant-per-diem-prn-price-ut,25.87,gna
Priest River,geriatric-nursing-assistant-per-diem-prn-priest-river-id,25.96,gna
Primghar,geriatric-nursing-assistant-per-diem-prn-primghar-ia,25.41,gna
Prince Frederick,geriatric-nursing-assistant-per-diem-prn-prince-frederick-md-b8201,25.47,gna
Princess Anne,geriatric-nursing-assistant-per-diem-prn-princess-anne-md,25.32,gna
Princeton,geriatric-nursing-assistant-per-diem-prn-princeton-in,25.61,gna
Princeton,geriatric-nursing-assistant-per-diem-prn-princeton-nj,26.11,gna
Princeton,geriatric-nursing-assistant-per-diem-prn-princeton-wv,25.43,gna
Princeton FL,geriatric-nursing-assistant-per-diem-prn-princeton-fl,25.85,gna
Prineville,geriatric-nursing-assistant-per-diem-prn-prineville-or,25.64,gna
Prospect,geriatric-nursing-assistant-per-diem-prn-prospect-or,25.78,gna
Prospect Heights,geriatric-nursing-assistant-per-diem-prn-prospect-heights-ny,25.94,gna
Prosser WA,geriatric-nursing-assistant-per-diem-prn-prosser-wa,25.37,gna
Providence RI,geriatric-nursing-assistant-per-diem-prn-providence-ri,26.18,gna
Providence UT,geriatric-nursing-assistant-per-diem-prn-providence-ut,25.25,gna
Provo,geriatric-nursing-assistant-per-diem-prn-provo-ut,26.18,gna
Provo Foot Hills,geriatric-nursing-assistant-per-diem-prn-provo-foot-hills-ut,25.74,gna
Pueblo,geriatric-nursing-assistant-per-diem-prn-pueblo-co,25.50,gna
Pueblo West,geriatric-nursing-assistant-per-diem-prn-pueblo-west-co,25.75,gna
Pulaski,geriatric-nursing-assistant-per-diem-prn-pulaski-va,25.20,gna
Pullman,geriatric-nursing-assistant-per-diem-prn-pullman-wa,26.10,gna
Punta Gorda,geriatric-nursing-assistant-per-diem-prn-punta-gorda-fl,25.35,gna
Puyallup,geriatric-nursing-assistant-per-diem-prn-puyallup-wa,25.40,gna
Quanah,geriatric-nursing-assistant-per-diem-prn-quanah-tx,25.66,gna
Queen Creek,geriatric-nursing-assistant-per-diem-prn-queen-creek-az,25.85,gna
Quincy,geriatric-nursing-assistant-per-diem-prn-quincy-ma,25.49,gna
Quincy CA,geriatric-nursing-assistant-per-diem-prn-quincy-ca,26.00,gna
Quincy FL,geriatric-nursing-assistant-per-diem-prn-quincy-fl,25.30,gna
Quinlan,geriatric-nursing-assistant-per-diem-prn-quinlan-tx,25.45,gna
Quitman,geriatric-nursing-assistant-per-diem-prn-quitman-tx,25.57,gna
Racine,geriatric-nursing-assistant-per-diem-prn-racine-wi,25.78,gna
Radcliff,geriatric-nursing-assistant-per-diem-prn-radcliff-ky,25.25,gna
Radnor,geriatric-nursing-assistant-per-diem-prn-radnor-pa,25.38,gna
Raleigh,geriatric-nursing-assistant-per-diem-prn-raleigh-nc,25.85,gna
Raleigh North Boylan,geriatric-nursing-assistant-per-diem-prn-raleigh-north-boylan-nc,25.30,gna
Raleigh North Hills,geriatric-nursing-assistant-per-diem-prn-raleigh-north-hills-nc,25.38,gna
Ralls,geriatric-nursing-assistant-per-diem-prn-ralls-tx,25.68,gna
Ramapo,geriatric-nursing-assistant-per-diem-prn-ramapo-ny,25.23,gna
Rancho Cucamonga,geriatric-nursing-assistant-per-diem-prn-rancho-cucamonga-ca-e32ed,25.22,gna
Rancho Mission Viejo,geriatric-nursing-assistant-per-diem-prn-rancho-mission-viejo-ca,25.67,gna
Randallstown,geriatric-nursing-assistant-per-diem-prn-randallstown-md,25.64,gna
Randolph,geriatric-nursing-assistant-per-diem-prn-randolph-vt,25.48,gna
Rangely,geriatric-nursing-assistant-per-diem-prn-rangely-co,25.53,gna
Ranger,geriatric-nursing-assistant-per-diem-prn-ranger-tx,25.77,gna
Rank,geriatric-nursing-assistant-per-diem-prn-rank-de,25.75,gna
Rankin,geriatric-nursing-assistant-per-diem-prn-rankin-tx,25.93,gna
Ranshaw,geriatric-nursing-assistant-per-diem-prn-ranshaw-pa,25.38,gna
Ranson,geriatric-nursing-assistant-per-diem-prn-ranson-wv,26.13,gna
Rapid City,geriatric-nursing-assistant-per-diem-prn-rapid-city-sd,25.23,gna
Rathdrum,geriatric-nursing-assistant-per-diem-prn-rathdrum-id,25.87,gna
Rawlins,geriatric-nursing-assistant-per-diem-prn-rawlins-wy,25.87,gna
Raymond,geriatric-nursing-assistant-per-diem-prn-raymond-wa,25.96,gna
Raymondville,geriatric-nursing-assistant-per-diem-prn-raymondville-tx,25.41,gna
Raymore,geriatric-nursing-assistant-per-diem-prn-raymore-mo,25.32,gna
Raytown,geriatric-nursing-assistant-per-diem-prn-raytown-mo,25.54,gna
Reading City,geriatric-nursing-assistant-per-diem-prn-reading-city-pa,25.47,gna
Red Cloud,geriatric-nursing-assistant-per-diem-prn-red-cloud-ne,25.47,gna
Red Oak,geriatric-nursing-assistant-per-diem-prn-red-oak-tx,25.32,gna
Redan,geriatric-nursing-assistant-per-diem-prn-redan-ga,25.85,gna
Reddick,geriatric-nursing-assistant-per-diem-prn-reddick-fl,25.61,gna
Redding,geriatric-nursing-assistant-per-diem-prn-redding-ca,26.11,gna
Redlands South Redlands,geriatric-nursing-assistant-per-diem-prn-redlands-south-redlands-ca,25.61,gna
Redmond,geriatric-nursing-assistant-per-diem-prn-redmond-or,25.43,gna
Redmond,geriatric-nursing-assistant-per-diem-prn-redmond-wa,25.36,gna
Redwood City,geriatric-nursing-assistant-per-diem-prn-redwood-city-ca,25.64,gna
Reedsburg,geriatric-nursing-assistant-per-diem-prn-reedsburg-wi,25.78,gna
Reedsport,geriatric-nursing-assistant-per-diem-prn-reedsport-or,25.37,gna
Refugio,geriatric-nursing-assistant-per-diem-prn-refugio-tx,25.25,gna
Reno,geriatric-nursing-assistant-per-diem-prn-reno-nv,26.18,gna
Renton,geriatric-nursing-assistant-per-diem-prn-renton-wa,25.50,gna
Republic,geriatric-nursing-assistant-per-diem-prn-republic-wa,25.75,gna
Reston VA,geriatric-nursing-assistant-per-diem-prn-reston-va,25.20,gna
Revere,geriatric-nursing-assistant-per-diem-prn-revere-ma,25.23,gna
Rexburg ID,geriatric-nursing-assistant-per-diem-prn-rexburg-id,26.10,gna
Reynoldsburg,geriatric-nursing-assistant-per-diem-prn-reynoldsburg-oh,25.66,gna
Rhinebeck,geriatric-nursing-assistant-per-diem-prn-rhinebeck-ny,25.35,gna
Rib Lake,geriatric-nursing-assistant-per-diem-prn-rib-lake-wi,25.40,gna
Riceville,geriatric-nursing-assistant-per-diem-prn-riceville-ia,25.66,gna
Richardson,geriatric-nursing-assistant-per-diem-prn-richardson-tx,25.85,gna
Richfield,geriatric-nursing-assistant-per-diem-prn-richfield-mn,26.13,gna
Richfield,geriatric-nursing-assistant-per-diem-prn-richfield-ut,26.00,gna
Richland,geriatric-nursing-assistant-per-diem-prn-richland-wa,25.57,gna
Richland Center,geriatric-nursing-assistant-per-diem-prn-richland-center-wi,25.30,gna
Richland Hills,geriatric-nursing-assistant-per-diem-prn-richland-hills-tx,25.45,gna
Richmond,geriatric-nursing-assistant-per-diem-prn-richmond-in,25.99,gna
Richmond,geriatric-nursing-assistant-per-diem-prn-richmond-ky,25.47,gna
RICHMOND,geriatric-nursing-assistant-per-diem-prn-richmond,25.68,gna
Richmond TX,geriatric-nursing-assistant-per-diem-prn-richmond-tx,25.22,gna
Richmond VA,geriatric-nursing-assistant-per-diem-prn-richmond-va,25.67,gna
Richmond West,geriatric-nursing-assistant-per-diem-prn-richmond-west-fl,25.65,gna
Richwood,geriatric-nursing-assistant-per-diem-prn-richwood-tx,25.48,gna
Ridge Manor,geriatric-nursing-assistant-per-diem-prn-ridge-manor-fl,25.53,gna
Ridgeland,geriatric-nursing-assistant-per-diem-prn-ridgeland-ms,25.03,gna
Ridley,geriatric-nursing-assistant-per-diem-prn-ridley-pa,25.68,gna
Rifle,geriatric-nursing-assistant-per-diem-prn-rifle-co,25.77,gna
Rigby,geriatric-nursing-assistant-per-diem-prn-rigby-id,25.93,gna
Riggins,geriatric-nursing-assistant-per-diem-prn-riggins-id,25.38,gna
Rio Grande City,geriatric-nursing-assistant-per-diem-prn-rio-grande-city-tx,26.13,gna
Rio Hondo,geriatric-nursing-assistant-per-diem-prn-rio-hondo-tx,25.87,gna
Rio Rancho,geriatric-nursing-assistant-per-diem-prn-rio-rancho-nm,25.96,gna
Rio Rico,geriatric-nursing-assistant-per-diem-prn-rio-rico-az,25.41,gna
Ripley,geriatric-nursing-assistant-per-diem-prn-ripley-wv,25.47,gna
Rising Star,geriatric-nursing-assistant-per-diem-prn-rising-star-tx,25.32,gna
Riverdale,geriatric-nursing-assistant-per-diem-prn-riverdale-ut,25.61,gna
Riverside CA,geriatric-nursing-assistant-per-diem-prn-riverside-ca,26.11,gna
Riverside OH,geriatric-nursing-assistant-per-diem-prn-riverside-oh,25.74,gna
Riverside RI,geriatric-nursing-assistant-per-diem-prn-riverside-ri,25.43,gna
Riverton,geriatric-nursing-assistant-per-diem-prn-riverton-ut,25.64,gna
Riverton,geriatric-nursing-assistant-per-diem-prn-riverton-wy,25.53,gna
Riverview,geriatric-nursing-assistant-per-diem-prn-riverview-fl,25.78,gna
Riviera Beach,geriatric-nursing-assistant-per-diem-prn-riviera-beach-fl,25.37,gna
Roanoke,geriatric-nursing-assistant-per-diem-prn-roanoke-va,25.99,gna
Robert Lee,geriatric-nursing-assistant-per-diem-prn-robert-lee-tx,25.25,gna
Roberts,geriatric-nursing-assistant-per-diem-prn-roberts-id,26.18,gna
Robinson,geriatric-nursing-assistant-per-diem-prn-robinson-tx,25.50,gna
Robstown,geriatric-nursing-assistant-per-diem-prn-robstown-tx,25.75,gna
Roby,geriatric-nursing-assistant-per-diem-prn-roby-tx,25.20,gna
Rochdale,geriatric-nursing-assistant-per-diem-prn-rochdale-ma,26.10,gna
Rochelle Park,geriatric-nursing-assistant-per-diem-prn-rochelle-park-nj,25.35,gna
Rochester,geriatric-nursing-assistant-per-diem-prn-rochester-mn,25.37,gna
Rochester,geriatric-nursing-assistant-per-diem-prn-rochester-nh,25.61,gna
Rochester city,geriatric-nursing-assistant-per-diem-prn-rochester-city-ny,25.54,gna
Rochester Hills,geriatric-nursing-assistant-per-diem-prn-rochester-hills-mi,25.47,gna
Rock Hill,geriatric-nursing-assistant-per-diem-prn-rock-hill-sc,25.43,gna
Rock Island IL,geriatric-nursing-assistant-per-diem-prn-rock-island-il,25.40,gna
Rock Point,geriatric-nursing-assistant-per-diem-prn-rock-point-az,25.66,gna
Rock Springs,geriatric-nursing-assistant-per-diem-prn-rock-springs-wy,25.38,gna
Rockaway,geriatric-nursing-assistant-per-diem-prn-rockaway-or,25.85,gna
Rockdale,geriatric-nursing-assistant-per-diem-prn-rockdale-tx,26.00,gna
Rockford IL,geriatric-nursing-assistant-per-diem-prn-rockford-il,25.30,gna
Rockingham,geriatric-nursing-assistant-per-diem-prn-rockingham-vt,25.32,gna
Rockledge,geriatric-nursing-assistant-per-diem-prn-rockledge-fl,25.45,gna
Rockport,geriatric-nursing-assistant-per-diem-prn-rockport-tx,25.57,gna
Rockville,geriatric-nursing-assistant-per-diem-prn-rockville-md,25.22,gna
Rockwall,geriatric-nursing-assistant-per-diem-prn-rockwall-tx,25.68,gna
Rockwell,geriatric-nursing-assistant-per-diem-prn-rockwell-ia,25.61,gna
Rocky Ford,geriatric-nursing-assistant-per-diem-prn-rocky-ford-co,25.22,gna
Rocky Mount,geriatric-nursing-assistant-per-diem-prn-rocky-mount-nc,25.38,gna
Rocky River,geriatric-nursing-assistant-per-diem-prn-rocky-river-oh,25.03,gna
Rogers,geriatric-nursing-assistant-per-diem-prn-rogers-ar,25.65,gna
Rolla,geriatric-nursing-assistant-per-diem-prn-rolla-mo,25.67,gna
Roma,geriatric-nursing-assistant-per-diem-prn-roma-tx,25.48,gna
Rome,geriatric-nursing-assistant-per-diem-prn-rome-ny,25.53,gna
Rome GA,geriatric-nursing-assistant-per-diem-prn-rome-ga,25.54,gna
Roosevelt,geriatric-nursing-assistant-per-diem-prn-roosevelt-ut,25.77,gna
Rose City,geriatric-nursing-assistant-per-diem-prn-rose-city-mi,25.93,gna
Rosebud,geriatric-nursing-assistant-per-diem-prn-rosebud-tx,25.38,gna
Roseburg OR,geriatric-nursing-assistant-per-diem-prn-roseburg-or,26.13,gna
Rosenberg,geriatric-nursing-assistant-per-diem-prn-rosenberg-tx,25.87,gna
Roseville,geriatric-nursing-assistant-per-diem-prn-roseville-mn,25.77,gna
Ross township,geriatric-nursing-assistant-per-diem-prn-ross-township-pa,25.47,gna
Roswell,geriatric-nursing-assistant-per-diem-prn-roswell-ga,25.92,gna
Roswell,geriatric-nursing-assistant-per-diem-prn-roswell-nm,26.10,gna
Rotan,geriatric-nursing-assistant-per-diem-prn-rotan-tx,25.96,gna
Round Rock,geriatric-nursing-assistant-per-diem-prn-round-rock-tx,25.41,gna
Rowlett,geriatric-nursing-assistant-per-diem-prn-rowlett-tx,25.47,gna
Roy,geriatric-nursing-assistant-per-diem-prn-roy-ut,25.32,gna
Royal Oak,geriatric-nursing-assistant-per-diem-prn-royal-oak-mi,26.11,gna
Royal Palm Beach,geriatric-nursing-assistant-per-diem-prn-royal-palm-beach-fl,25.61,gna
Royse City,geriatric-nursing-assistant-per-diem-prn-royse-city-tx,26.11,gna
Ruidoso,geriatric-nursing-assistant-per-diem-prn-ruidoso-nm,25.43,gna
Ruleville,geriatric-nursing-assistant-per-diem-prn-ruleville-ms,25.64,gna
Rupert,geriatric-nursing-assistant-per-diem-prn-rupert-id,25.78,gna
Rural Retreat,geriatric-nursing-assistant-per-diem-prn-rural-retreat-va,25.37,gna
Rushville,geriatric-nursing-assistant-per-diem-prn-rushville-il,26.18,gna
Rusk,geriatric-nursing-assistant-per-diem-prn-rusk-tx,25.25,gna
Ruskin,geriatric-nursing-assistant-per-diem-prn-ruskin-fl,26.18,gna
Russellville,geriatric-nursing-assistant-per-diem-prn-russellville-ar,25.00,gna
Ruston,geriatric-nursing-assistant-per-diem-prn-ruston-la-6c77e,25.50,gna
Rutland,geriatric-nursing-assistant-per-diem-prn-rutland-vt,25.75,gna
Rutland city,geriatric-nursing-assistant-per-diem-prn-rutland-city-vt,25.57,gna
Rye,geriatric-nursing-assistant-per-diem-prn-rye-nh,25.20,gna
Sabinal,geriatric-nursing-assistant-per-diem-prn-sabinal-tx,26.10,gna
Sacaton,geriatric-nursing-assistant-per-diem-prn-sacaton-az,25.35,gna
Sachse,geriatric-nursing-assistant-per-diem-prn-sachse-tx,25.40,gna
Saco,geriatric-nursing-assistant-per-diem-prn-saco-me,25.75,gna
Sacramento,geriatric-nursing-assistant-per-diem-prn-sacramento-ca,25.84,gna
Safety Harbor,geriatric-nursing-assistant-per-diem-prn-safety-harbor-fl,25.66,gna
Safford,geriatric-nursing-assistant-per-diem-prn-safford-az,25.85,gna
Saginaw,geriatric-nursing-assistant-per-diem-prn-saginaw-tx,26.00,gna
Sahuarita,geriatric-nursing-assistant-per-diem-prn-sahuarita-az,25.30,gna
Saint Anthony,geriatric-nursing-assistant-per-diem-prn-saint-anthony-id,25.45,gna
Saint Augustine,geriatric-nursing-assistant-per-diem-prn-saint-augustine-fl,25.57,gna
Saint Cloud,geriatric-nursing-assistant-per-diem-prn-saint-cloud-fl,25.68,gna
Saint George,geriatric-nursing-assistant-per-diem-prn-saint-george-ut-f6d0d,25.22,gna
Saint Helens,geriatric-nursing-assistant-per-diem-prn-saint-helens-or,25.67,gna
Saint Ignace,geriatric-nursing-assistant-per-diem-prn-saint-ignace-mi,25.48,gna
Saint James City,geriatric-nursing-assistant-per-diem-prn-saint-james-city-fl,25.53,gna
Saint Jo,geriatric-nursing-assistant-per-diem-prn-saint-jo,25.77,gna
Saint Johns,geriatric-nursing-assistant-per-diem-prn-saint-johns-az,25.93,gna
Saint Johnsbury,geriatric-nursing-assistant-per-diem-prn-saint-johnsbury-vt,25.38,gna
Saint Louis,geriatric-nursing-assistant-per-diem-prn-saint-louis-mo,26.13,gna
Saint Maries,geriatric-nursing-assistant-per-diem-prn-saint-maries-id,25.87,gna
Saint Petersburg,geriatric-nursing-assistant-per-diem-prn-saint-petersburg-fl,25.96,gna
Saint Rose,geriatric-nursing-assistant-per-diem-prn-saint-rose-la,25.41,gna
Salem,geriatric-nursing-assistant-per-diem-prn-salem-ma,25.41,gna
Salem NJ,geriatric-nursing-assistant-per-diem-prn-salem-nj,25.47,gna
Salem OR,geriatric-nursing-assistant-per-diem-prn-salem-or,25.32,gna
Salem UT,geriatric-nursing-assistant-per-diem-prn-salem-ut,25.61,gna
Salem VA,geriatric-nursing-assistant-per-diem-prn-salem-va,26.11,gna
Salem West Salem,geriatric-nursing-assistant-per-diem-prn-salem-west-salem-or,25.49,gna
Salida,geriatric-nursing-assistant-per-diem-prn-salida-co,25.43,gna
Salina KS,geriatric-nursing-assistant-per-diem-prn-salina-ks,25.64,gna
Salina UT,geriatric-nursing-assistant-per-diem-prn-salina-ut,25.78,gna
Salinas,geriatric-nursing-assistant-per-diem-prn-salinas-ca,25.54,gna
Salisbury,geriatric-nursing-assistant-per-diem-prn-salisbury-nc,25.64,gna
Salmon,geriatric-nursing-assistant-per-diem-prn-salmon-id,25.37,gna
Salome,geriatric-nursing-assistant-per-diem-prn-salome-az,25.25,gna
Salt Flat,geriatric-nursing-assistant-per-diem-prn-salt-flat-tx,26.18,gna
Salt Lake City,geriatric-nursing-assistant-per-diem-prn-salt-lake-city-ut,25.75,gna
Salt Lake City Central City,geriatric-nursing-assistant-per-diem-prn-salt-lake-city-central-city-ut,25.50,gna
Salt Lake City Sugar House,geriatric-nursing-assistant-per-diem-prn-salt-lake-city-sugar-house-ut,25.38,gna
Salt Lake City The Avenues,geriatric-nursing-assistant-per-diem-prn-salt-lake-city-the-avenues-ut,25.03,gna
Saluda,geriatric-nursing-assistant-per-diem-prn-saluda-nc,25.48,gna
Sammamish,geriatric-nursing-assistant-per-diem-prn-sammamish-wa,25.99,gna
San Angelo,geriatric-nursing-assistant-per-diem-prn-san-angelo-tx,25.20,gna
San Antonio,geriatric-nursing-assistant-per-diem-prn-san-antonio-tx,26.10,gna
San Antonio Far West Side,geriatric-nursing-assistant-per-diem-prn-san-antonio-far-west-side-tx,25.43,gna
San Antonio Main/Military Plaza,geriatric-nursing-assistant-per-diem-prn-san-antonio-main-military-plaza-tx,25.20,gna
San Antonio Northeast Side,geriatric-nursing-assistant-per-diem-prn-san-antonio-northeast-side-tx,25.36,gna
San Antonio Northwest Side,geriatric-nursing-assistant-per-diem-prn-san-antonio-northwest-side-tx,25.43,gna
San Augustine,geriatric-nursing-assistant-per-diem-prn-san-augustine-tx,25.35,gna
San Benito,geriatric-nursing-assistant-per-diem-prn-san-benito-tx,25.40,gna
San Bernadino CA,geriatric-nursing-assistant-per-diem-prn-san-bernadino-ca,25.66,gna
San Bernardino,geriatric-nursing-assistant-per-diem-prn-san-bernardino-ca,25.23,gna
San Clemente,geriatric-nursing-assistant-per-diem-prn-san-clemente-ca,25.85,gna
San Diego CA,geriatric-nursing-assistant-per-diem-prn-san-diego-ca,26.00,gna
San Diego Scripps Ranch,geriatric-nursing-assistant-per-diem-prn-san-diego-scripps-ranch-ca,25.30,gna
San Diego TX,geriatric-nursing-assistant-per-diem-prn-san-diego-tx,25.45,gna
San Elizario,geriatric-nursing-assistant-per-diem-prn-san-elizario-tx,25.57,gna
San Francisco,geriatric-nursing-assistant-per-diem-prn-san-francisco-ca,25.83,gna
San Francisco Excelsior,geriatric-nursing-assistant-per-diem-prn-san-francisco-excelsior-ca,25.38,gna
San Francisco Japantown,geriatric-nursing-assistant-per-diem-prn-san-francisco-japantown-ca,25.23,gna
San Francisco Lone Mountain,geriatric-nursing-assistant-per-diem-prn-san-francisco-lone-mountain-ca,25.95,gna
San Francisco Lower Nob Hill,geriatric-nursing-assistant-per-diem-prn-san-francisco-lower-nob-hill-ca,25.23,gna
San Francisco North Beach,geriatric-nursing-assistant-per-diem-prn-san-francisco-north-beach-ca,26.10,gna
San Jose,geriatric-nursing-assistant-per-diem-prn-san-jose-ca,25.68,gna
San Juan,geriatric-nursing-assistant-per-diem-prn-san-juan-tx,25.67,gna
San Juan Capistrano,geriatric-nursing-assistant-per-diem-prn-san-juan-capistrano-ca,25.22,gna
San Luis,geriatric-nursing-assistant-per-diem-prn-san-luis-az,25.48,gna
San Manuel,geriatric-nursing-assistant-per-diem-prn-san-manuel-az,25.53,gna
San Marcos TX,geriatric-nursing-assistant-per-diem-prn-san-marcos-tx,25.77,gna
San Pablo,geriatric-nursing-assistant-per-diem-prn-san-pablo-ca,25.93,gna
San Rafael,geriatric-nursing-assistant-per-diem-prn-san-rafael-ca,25.38,gna
San Ramon,geriatric-nursing-assistant-per-diem-prn-san-ramon-ca,26.13,gna
San Saba,geriatric-nursing-assistant-per-diem-prn-san-saba-tx,25.87,gna
San Tan Valley,geriatric-nursing-assistant-per-diem-prn-san-tan-valley-az,25.96,gna
Sanderson,geriatric-nursing-assistant-per-diem-prn-sanderson-tx,25.41,gna
Sandpoint,geriatric-nursing-assistant-per-diem-prn-sandpoint-id,25.47,gna
Sandusky,geriatric-nursing-assistant-per-diem-prn-sandusky-oh,25.59,gna
Sandy OR,geriatric-nursing-assistant-per-diem-prn-sandy-or,25.32,gna
Sandy Spring,geriatric-nursing-assistant-per-diem-prn-sandy-spring-md,25.61,gna
Sandy Springs,geriatric-nursing-assistant-per-diem-prn-sandy-springs-ga,25.14,gna
Sandy UT,geriatric-nursing-assistant-per-diem-prn-sandy-ut,26.11,gna
Sanford,geriatric-nursing-assistant-per-diem-prn-sanford-me,25.29,gna
Sanford CO,geriatric-nursing-assistant-per-diem-prn-sanford-co,25.43,gna
Sanford FL,geriatric-nursing-assistant-per-diem-prn-sanford-fl,25.64,gna
Sanger,geriatric-nursing-assistant-per-diem-prn-sanger-tx,25.78,gna
Sanibel,geriatric-nursing-assistant-per-diem-prn-sanibel-fl,25.37,gna
Santa Ana,geriatric-nursing-assistant-per-diem-prn-santa-ana-ca,25.25,gna
Santa Barbara,geriatric-nursing-assistant-per-diem-prn-santa-barbara-ca,26.18,gna
Santa Clara,geriatric-nursing-assistant-per-diem-prn-santa-clara-ca,25.50,gna
Santa Clarita,geriatric-nursing-assistant-per-diem-prn-santa-clarita-ca,25.99,gna
Santa Cruz,geriatric-nursing-assistant-per-diem-prn-santa-cruz-ca,25.75,gna
Santa Fe,geriatric-nursing-assistant-per-diem-prn-santa-fe-nm,25.20,gna
Santa Maria,geriatric-nursing-assistant-per-diem-prn-santa-maria-ca,26.10,gna
Santa Rosa CA,geriatric-nursing-assistant-per-diem-prn-santa-rosa-ca,25.35,gna
Santa Rosa TX,geriatric-nursing-assistant-per-diem-prn-santa-rosa-tx,25.40,gna
Santaquin,geriatric-nursing-assistant-per-diem-prn-santaquin-ut,25.66,gna
Santo,geriatric-nursing-assistant-per-diem-prn-santo-tx,25.85,gna
Sapulpa,geriatric-nursing-assistant-per-diem-prn-sapulpa-ok,25.54,gna
Sarasota FL,geriatric-nursing-assistant-per-diem-prn-sarasota-fl,26.00,gna
Saratoga,geriatric-nursing-assistant-per-diem-prn-saratoga-ca,25.30,gna
Saratoga Springs,geriatric-nursing-assistant-per-diem-prn-saratoga-springs-ny,25.45,gna
Saratoga Springs,geriatric-nursing-assistant-per-diem-prn-saratoga-springs-ut,25.43,gna
Sarcoxie,geriatric-nursing-assistant-per-diem-prn-sarcoxie-mo,25.51,gna
Satellite Beach,geriatric-nursing-assistant-per-diem-prn-satellite-beach-fl,25.57,gna
Sauk City,geriatric-nursing-assistant-per-diem-prn-sauk-city-wi,25.68,gna
Savannah GA,geriatric-nursing-assistant-per-diem-prn-savannah-ga,25.22,gna
Savoy,geriatric-nursing-assistant-per-diem-prn-savoy-tx,25.67,gna
Scappoose,geriatric-nursing-assistant-per-diem-prn-scappoose-or,25.48,gna
Scarborough,geriatric-nursing-assistant-per-diem-prn-scarborough-me,25.53,gna
Schaumburg IL,geriatric-nursing-assistant-per-diem-prn-schaumburg-il-85c6c,25.77,gna
Schenectady,geriatric-nursing-assistant-per-diem-prn-schenectady-ny,25.93,gna
Schertz,geriatric-nursing-assistant-per-diem-prn-schertz-tx,25.38,gna
Schulenburg,geriatric-nursing-assistant-per-diem-prn-schulenburg-tx,26.13,gna
Schurz,geriatric-nursing-assistant-per-diem-prn-schurz-nv,25.87,gna
Scobey,geriatric-nursing-assistant-per-diem-prn-scobey-mt,25.96,gna
Scotts Valley,geriatric-nursing-assistant-per-diem-prn-scotts-valley-ca,25.03,gna
Scottsbluff,geriatric-nursing-assistant-per-diem-prn-scottsbluff-ne,25.41,gna
Scottsdale,geriatric-nursing-assistant-per-diem-prn-scottsdale-az,25.47,gna
Scottsdale Central Scottsdale,geriatric-nursing-assistant-per-diem-prn-scottsdale-central-scottsdale-az,25.47,gna
Scottsdale Heatherwood,geriatric-nursing-assistant-per-diem-prn-scottsdale-heatherwood-az,25.25,gna
Scottsdale North Scottsdale,geriatric-nursing-assistant-per-diem-prn-scottsdale-north-scottsdale-az,25.35,gna
Scottsdale The Center At McDowell Mountain,geriatric-nursing-assistant-per-diem-prn-scottsdale-the-center-at-mcdowell-mountain-az,25.57,gna
Scottsdale The Park At Flw,geriatric-nursing-assistant-per-diem-prn-scottsdale-the-park-at-flw-az,26.11,gna
Scranton,geriatric-nursing-assistant-per-diem-prn-scranton-pa,25.54,gna
Seabrook,geriatric-nursing-assistant-per-diem-prn-seabrook-tx,25.32,gna
Seagoville,geriatric-nursing-assistant-per-diem-prn-seagoville-tx,25.61,gna
Sealy,geriatric-nursing-assistant-per-diem-prn-sealy-tx,26.11,gna
Searcy,geriatric-nursing-assistant-per-diem-prn-searcy-ar,25.14,gna
Seaside,geriatric-nursing-assistant-per-diem-prn-seaside-or,25.43,gna
Seattle Fremont,geriatric-nursing-assistant-per-diem-prn-seattle-fremont-wa,25.57,gna
Seattle WA,geriatric-nursing-assistant-per-diem-prn-seattle-wa,25.64,gna
Sebastian,geriatric-nursing-assistant-per-diem-prn-sebastian-fl,25.78,gna
Sebastopol,geriatric-nursing-assistant-per-diem-prn-sebastopol-ca,25.37,gna
Sebring,geriatric-nursing-assistant-per-diem-prn-sebring-fl,26.18,gna
Secaucus,geriatric-nursing-assistant-per-diem-prn-secaucus-nj,25.25,gna
Security-Widefield,geriatric-nursing-assistant-per-diem-prn-security-widefield-co,25.03,gna
Sedalia,geriatric-nursing-assistant-per-diem-prn-sedalia-mo,25.57,gna
Sedona,geriatric-nursing-assistant-per-diem-prn-sedona-az,26.18,gna
Sedro-Wooley,geriatric-nursing-assistant-per-diem-prn-sedro-wooley-wa,25.50,gna
Seguin,geriatric-nursing-assistant-per-diem-prn-seguin-tx,25.75,gna
Seligman,geriatric-nursing-assistant-per-diem-prn-seligman-az,25.20,gna
Sells,geriatric-nursing-assistant-per-diem-prn-sells-az,26.10,gna
Selma,geriatric-nursing-assistant-per-diem-prn-selma-tx,25.35,gna
Seminole FL,geriatric-nursing-assistant-per-diem-prn-seminole-fl,25.40,gna
Seminole TX,geriatric-nursing-assistant-per-diem-prn-seminole-tx,25.66,gna
Seneca,geriatric-nursing-assistant-per-diem-prn-seneca-sc,25.85,gna
Severn,geriatric-nursing-assistant-per-diem-prn-severn-md,25.93,gna
Severna Park,geriatric-nursing-assistant-per-diem-prn-severna-park-md,26.11,gna
Sewell,geriatric-nursing-assistant-per-diem-prn-sewell-nj,26.00,gna
Seymour,geriatric-nursing-assistant-per-diem-prn-seymour-in,25.30,gna
Seymour,geriatric-nursing-assistant-per-diem-prn-seymour-tx,25.45,gna
Shady Cove,geriatric-nursing-assistant-per-diem-prn-shady-cove-or,25.57,gna
Shaker Heights,geriatric-nursing-assistant-per-diem-prn-shaker-heights-oh,26.31,gna
Shakopee,geriatric-nursing-assistant-per-diem-prn-shakopee-mn,25.53,gna
Shaler,geriatric-nursing-assistant-per-diem-prn-shaler-pa,26.18,gna
Shalimar,geriatric-nursing-assistant-per-diem-prn-shalimar-fl,25.68,gna
Shamrock,geriatric-nursing-assistant-per-diem-prn-shamrock-tx,25.22,gna
Sharon Springs,geriatric-nursing-assistant-per-diem-prn-sharon-springs-ks,25.67,gna
Shawnee,geriatric-nursing-assistant-per-diem-prn-shawnee-ks,25.54,gna
Shawnee,geriatric-nursing-assistant-per-diem-prn-shawnee-ok,25.32,gna
Sheboygan,geriatric-nursing-assistant-per-diem-prn-sheboygan-wi,25.20,gna
Sheffield,geriatric-nursing-assistant-per-diem-prn-sheffield-ia,25.65,gna
Shelburne,geriatric-nursing-assistant-per-diem-prn-shelburne-vt,25.47,gna
Shelby,geriatric-nursing-assistant-per-diem-prn-shelby-nc,25.48,gna
Shelbyville,geriatric-nursing-assistant-per-diem-prn-shelbyville-tn,26.11,gna
Shelley,geriatric-nursing-assistant-per-diem-prn-shelley-id,25.53,gna
Shelton,geriatric-nursing-assistant-per-diem-prn-shelton-ct,25.61,gna
Shelton WA,geriatric-nursing-assistant-per-diem-prn-shelton-wa,25.77,gna
Shenandoah IA,geriatric-nursing-assistant-per-diem-prn-shenandoah-ia,25.93,gna
Shenandoah TX,geriatric-nursing-assistant-per-diem-prn-shenandoah-tx,25.38,gna
Shepherd,geriatric-nursing-assistant-per-diem-prn-shepherd-tx,26.13,gna
Sheppard Afb,geriatric-nursing-assistant-per-diem-prn-sheppard-afb-tx,25.87,gna
Sheridan OR,geriatric-nursing-assistant-per-diem-prn-sheridan-or,25.96,gna
Sheridan WY,geriatric-nursing-assistant-per-diem-prn-sheridan-wy,25.41,gna
Sherman,geriatric-nursing-assistant-per-diem-prn-sherman-tx,25.47,gna
Sherwood,geriatric-nursing-assistant-per-diem-prn-sherwood-ar,25.74,gna
Sherwood,geriatric-nursing-assistant-per-diem-prn-sherwood-or,25.32,gna
Shiner,geriatric-nursing-assistant-per-diem-prn-shiner-tx,25.61,gna
Shoreline,geriatric-nursing-assistant-per-diem-prn-shoreline-wa,26.11,gna
Shoshone,geriatric-nursing-assistant-per-diem-prn-shoshone-3-id,25.43,gna
Shoshone,geriatric-nursing-assistant-per-diem-prn-shoshone-id,25.64,gna
Show Low,geriatric-nursing-assistant-per-diem-prn-show-low-az,25.78,gna
Shreveport,geriatric-nursing-assistant-per-diem-prn-shreveport-la-4da2f,25.37,gna
"Shreveport Caddo Heights, South Highlands",geriatric-nursing-assistant-per-diem-prn-shreveport-caddo-heights-south-highlands-la,25.85,gna
Shrewsbury,geriatric-nursing-assistant-per-diem-prn-shrewsbury-nj,25.25,gna
Sibley,geriatric-nursing-assistant-per-diem-prn-sibley-la,26.18,gna
Sidney OH,geriatric-nursing-assistant-per-diem-prn-sidney-oh,25.36,gna
Sierra Blanca,geriatric-nursing-assistant-per-diem-prn-sierra-blanca-tx,25.50,gna
Sierra Vista,geriatric-nursing-assistant-per-diem-prn-sierra-vista-az,25.75,gna
Silsbee,geriatric-nursing-assistant-per-diem-prn-silsbee-tx,25.20,gna
Silver Spring,geriatric-nursing-assistant-per-diem-prn-silver-spring-md-7bfda,25.85,gna
Silver Spring MD,geriatric-nursing-assistant-per-diem-prn-silver-spring-md,26.10,gna
Silver Springs FL,geriatric-nursing-assistant-per-diem-prn-silver-springs-fl,25.35,gna
Silver Springs NV,geriatric-nursing-assistant-per-diem-prn-silver-springs-nv,25.40,gna
Silverthorne,geriatric-nursing-assistant-per-diem-prn-silverthorne-co,25.66,gna
Silverton ID,geriatric-nursing-assistant-per-diem-prn-silverton-id,25.85,gna
Silverton OR,geriatric-nursing-assistant-per-diem-prn-silverton-or,26.00,gna
Silverton TX,geriatric-nursing-assistant-per-diem-prn-silverton-tx,25.30,gna
Simi Valley,geriatric-nursing-assistant-per-diem-prn-simi-valley-ca,25.45,gna
Simla,geriatric-nursing-assistant-per-diem-prn-simla-co,25.57,gna
Simpsonville,geriatric-nursing-assistant-per-diem-prn-simpsonville-sc,25.47,gna
Sinton,geriatric-nursing-assistant-per-diem-prn-sinton-tx,25.68,gna
Sioux City,geriatric-nursing-assistant-per-diem-prn-sioux-city-ia,25.22,gna
Sioux Falls,geriatric-nursing-assistant-per-diem-prn-sioux-falls-sd,25.67,gna
Sisseton,geriatric-nursing-assistant-per-diem-prn-sisseton-sd,25.48,gna
Sister Bay,geriatric-nursing-assistant-per-diem-prn-sister-bay-wi,25.53,gna
Sitka,geriatric-nursing-assistant-per-diem-prn-sitka-ak,25.77,gna
Skiatook,geriatric-nursing-assistant-per-diem-prn-skiatook-ok,25.93,gna
Skillman,geriatric-nursing-assistant-per-diem-prn-skillman-nj,25.38,gna
Skokie,geriatric-nursing-assistant-per-diem-prn-skokie-il-b12e8,26.13,gna
Slater-Marietta Marietta,geriatric-nursing-assistant-per-diem-prn-slater-marietta-marietta-sc,25.61,gna
Slaton,geriatric-nursing-assistant-per-diem-prn-slaton-tx,25.87,gna
Sleepy Hollow,geriatric-nursing-assistant-per-diem-prn-sleepy-hollow-ny,25.96,gna
Slidell,geriatric-nursing-assistant-per-diem-prn-slidell-la,25.85,gna
Smiley,geriatric-nursing-assistant-per-diem-prn-smiley-tx,25.41,gna
Smithfield,geriatric-nursing-assistant-per-diem-prn-smithfield-ri,25.47,gna
Smithfield,geriatric-nursing-assistant-per-diem-prn-smithfield-ut,25.32,gna
Smithtown,geriatric-nursing-assistant-per-diem-prn-smithtown-ny,25.74,gna
Smithville,geriatric-nursing-assistant-per-diem-prn-smithville-tx,25.61,gna
Smyrna,geriatric-nursing-assistant-per-diem-prn-smyrna-tn,26.11,gna
Smyrna GA,geriatric-nursing-assistant-per-diem-prn-smyrna-ga,25.25,gna
Snohomish WA,geriatric-nursing-assistant-per-diem-prn-snohomish-wa,25.43,gna
Snoqualmie,geriatric-nursing-assistant-per-diem-prn-snoqualmie-wa,25.64,gna
Snow Hill,geriatric-nursing-assistant-per-diem-prn-snow-hill-md,25.29,gna
Snyder,geriatric-nursing-assistant-per-diem-prn-snyder-tx,25.78,gna
Socastee,geriatric-nursing-assistant-per-diem-prn-socastee-sc,25.68,gna
Socorro NM,geriatric-nursing-assistant-per-diem-prn-socorro-nm,25.37,gna
Socorro TX,geriatric-nursing-assistant-per-diem-prn-socorro-tx,25.25,gna
Soda Springs,geriatric-nursing-assistant-per-diem-prn-soda-springs-id,26.18,gna
Solon,geriatric-nursing-assistant-per-diem-prn-solon-oh,26.10,gna
Somerset,geriatric-nursing-assistant-per-diem-prn-somerset-tx,25.50,gna
Somerton,geriatric-nursing-assistant-per-diem-prn-somerton-az,25.75,gna
Somerville,geriatric-nursing-assistant-per-diem-prn-somerville-ma,25.85,gna
Somerville,geriatric-nursing-assistant-per-diem-prn-somerville-tx,25.20,gna
Sonora CA,geriatric-nursing-assistant-per-diem-prn-sonora-ca,26.10,gna
Sonora TX,geriatric-nursing-assistant-per-diem-prn-sonora-tx,25.35,gna
Sophia,geriatric-nursing-assistant-per-diem-prn-sophia-nc,25.40,gna
Sour Lake,geriatric-nursing-assistant-per-diem-prn-sour-lake-tx,25.66,gna
South Bend,geriatric-nursing-assistant-per-diem-prn-south-bend-in,25.03,gna
South Bend,geriatric-nursing-assistant-per-diem-prn-south-bend-wa,25.85,gna
South Burlington,geriatric-nursing-assistant-per-diem-prn-south-burlington-vt,25.66,gna
South Charleston,geriatric-nursing-assistant-per-diem-prn-south-charleston-wv,25.25,gna
South Daytona,geriatric-nursing-assistant-per-diem-prn-south-daytona-fl,26.00,gna
South Euclid,geriatric-nursing-assistant-per-diem-prn-south-euclid-oh,25.85,gna
South Fulton,geriatric-nursing-assistant-per-diem-prn-south-fulton-ga,25.45,gna
South Hill,geriatric-nursing-assistant-per-diem-prn-south-hill-wa,25.10,gna
South Jordan,geriatric-nursing-assistant-per-diem-prn-south-jordan-ut,25.30,gna
South Kingstown,geriatric-nursing-assistant-per-diem-prn-south-kingstown-ri,25.94,gna
South Miami,geriatric-nursing-assistant-per-diem-prn-south-miami-fl,25.45,gna
South Miami Heights,geriatric-nursing-assistant-per-diem-prn-south-miami-heights-fl,25.32,gna
South Milwaukee,geriatric-nursing-assistant-per-diem-prn-south-milwaukee-wi,25.57,gna
South Ogden,geriatric-nursing-assistant-per-diem-prn-south-ogden-ut,25.68,gna
South Paris,geriatric-nursing-assistant-per-diem-prn-south-paris-me,25.92,gna
South Pasadena,geriatric-nursing-assistant-per-diem-prn-south-pasadena-fl,25.22,gna
South Portland,geriatric-nursing-assistant-per-diem-prn-south-portland-me,25.48,gna
South Portland Cash Corner,geriatric-nursing-assistant-per-diem-prn-south-portland-cash-corner-me,25.67,gna
South Portland Knightville,geriatric-nursing-assistant-per-diem-prn-south-portland-knightville-me,25.67,gna
South Salt Lake,geriatric-nursing-assistant-per-diem-prn-south-salt-lake-ut,25.53,gna
South Valley,geriatric-nursing-assistant-per-diem-prn-south-valley-nm,25.74,gna
South Weber,geriatric-nursing-assistant-per-diem-prn-south-weber-ut,25.77,gna
Southampton town,geriatric-nursing-assistant-per-diem-prn-southampton-town-ny,26.18,gna
Southaven,geriatric-nursing-assistant-per-diem-prn-southaven-ms,25.64,gna
Southbury,geriatric-nursing-assistant-per-diem-prn-southbury-ct,26.10,gna
Southfield city,geriatric-nursing-assistant-per-diem-prn-southfield-city-mi,25.74,gna
Southington,geriatric-nursing-assistant-per-diem-prn-southington-ct,25.74,gna
Southlake,geriatric-nursing-assistant-per-diem-prn-southlake-tx,25.93,gna
Spanish Fork,geriatric-nursing-assistant-per-diem-prn-spanish-fork-ut,25.38,gna
Spanish Springs,geriatric-nursing-assistant-per-diem-prn-spanish-springs-nv,26.13,gna
Sparks,geriatric-nursing-assistant-per-diem-prn-sparks-nv,25.87,gna
Spartanburg,geriatric-nursing-assistant-per-diem-prn-spartanburg-sc,25.96,gna
Spearfish,geriatric-nursing-assistant-per-diem-prn-spearfish-sd,25.41,gna
Spearman,geriatric-nursing-assistant-per-diem-prn-spearman-tx,25.47,gna
Spencer IA,geriatric-nursing-assistant-per-diem-prn-spencer-ia,25.32,gna
Spencer IN,geriatric-nursing-assistant-per-diem-prn-spencer-in,25.61,gna
Spokane,geriatric-nursing-assistant-per-diem-prn-spokane-wa,25.43,gna
Spokane Valley,geriatric-nursing-assistant-per-diem-prn-spokane-valley-wa,26.11,gna
Spooner,geriatric-nursing-assistant-per-diem-prn-spooner-wi,25.64,gna
Spray,geriatric-nursing-assistant-per-diem-prn-spray-or,25.78,gna
Spring,geriatric-nursing-assistant-per-diem-prn-spring-tx,25.25,gna
Spring Branch,geriatric-nursing-assistant-per-diem-prn-spring-branch-tx,25.37,gna
Spring Hill,geriatric-nursing-assistant-per-diem-prn-spring-hill-fl,26.18,gna
Spring Hill,geriatric-nursing-assistant-per-diem-prn-spring-hill-tn,25.45,gna
Spring Valley,geriatric-nursing-assistant-per-diem-prn-spring-valley-nv,25.84,gna
Spring Valley,geriatric-nursing-assistant-per-diem-prn-spring-valley-wi,26.18,gna
Springdale,geriatric-nursing-assistant-per-diem-prn-springdale-ar,25.49,gna
Springer,geriatric-nursing-assistant-per-diem-prn-springer-nm,25.50,gna
Springerville,geriatric-nursing-assistant-per-diem-prn-springerville-az,25.75,gna
Springettsbury,geriatric-nursing-assistant-per-diem-prn-springettsbury-pa,25.66,gna
Springfield,geriatric-nursing-assistant-per-diem-prn-springfield-il,25.47,gna
Springfield,geriatric-nursing-assistant-per-diem-prn-springfield-ma,25.57,gna
Springfield,geriatric-nursing-assistant-per-diem-prn-springfield-mo,25.68,gna
Springfield,geriatric-nursing-assistant-per-diem-prn-springfield-oh,25.96,gna
Springfield,geriatric-nursing-assistant-per-diem-prn-springfield-va,25.40,gna
Springfield CO,geriatric-nursing-assistant-per-diem-prn-springfield-co,25.20,gna
Springfield OR,geriatric-nursing-assistant-per-diem-prn-springfield-or,26.10,gna
Springfield TN,geriatric-nursing-assistant-per-diem-prn-springfield-tn,25.35,gna
Springfield VT,geriatric-nursing-assistant-per-diem-prn-springfield-vt,25.66,gna
Springville,geriatric-nursing-assistant-per-diem-prn-springville-ut,25.85,gna
Spur,geriatric-nursing-assistant-per-diem-prn-spur-tx,26.00,gna
St Augustine,geriatric-nursing-assistant-per-diem-prn-st-augustine-fl,25.30,gna
St George,geriatric-nursing-assistant-per-diem-prn-st-george-ut,25.45,gna
St Maries,geriatric-nursing-assistant-per-diem-prn-st-maries-id,25.22,gna
St Pete Beach,geriatric-nursing-assistant-per-diem-prn-st-pete-beach-fl,25.48,gna
St Petersburg,geriatric-nursing-assistant-per-diem-prn-st-petersburg-fl,25.53,gna
St. Albans,geriatric-nursing-assistant-per-diem-prn-st-albans-wv,25.61,gna
St. Albans city,geriatric-nursing-assistant-per-diem-prn-st-albans-city-vt,25.41,gna
St. Albans town,geriatric-nursing-assistant-per-diem-prn-st-albans-town-vt,25.53,gna
St. Andrews,geriatric-nursing-assistant-per-diem-prn-st-andrews-sc,26.10,gna
St. Charles,geriatric-nursing-assistant-per-diem-prn-st-charles-mo,25.43,gna
St. Clair Shores,geriatric-nursing-assistant-per-diem-prn-st-clair-shores-mi,25.61,gna
St. Cloud,geriatric-nursing-assistant-per-diem-prn-st-cloud-fl,25.78,gna
St. Cloud,geriatric-nursing-assistant-per-diem-prn-st-cloud-mn,25.22,gna
St. George,geriatric-nursing-assistant-per-diem-prn-st-george-ut-31732,25.57,gna
St. Johnsbury,geriatric-nursing-assistant-per-diem-prn-st-johnsbury-vt,25.96,gna
St. Joseph,geriatric-nursing-assistant-per-diem-prn-st-joseph-mo,25.36,gna
St. Louis,geriatric-nursing-assistant-per-diem-prn-st-louis-mo-82ff1,25.68,gna
St. Louis Park,geriatric-nursing-assistant-per-diem-prn-st-louis-park-mn,25.47,gna
St. Paul,geriatric-nursing-assistant-per-diem-prn-st-paul-in,25.67,gna
St. Paul,geriatric-nursing-assistant-per-diem-prn-st-paul-mn,26.18,gna
St. Peters,geriatric-nursing-assistant-per-diem-prn-st-peters-mo,25.83,gna
St. Petersburg Historic Uptown,geriatric-nursing-assistant-per-diem-prn-st-petersburg-historic-uptown-fl,25.96,gna
Stacyville,geriatric-nursing-assistant-per-diem-prn-stacyville-ia,25.65,gna
Stafford,geriatric-nursing-assistant-per-diem-prn-stafford-tx,25.77,gna
Stamford,geriatric-nursing-assistant-per-diem-prn-stamford-tx,25.38,gna
Stamford CT,geriatric-nursing-assistant-per-diem-prn-stamford-ct,25.93,gna
Stanley,geriatric-nursing-assistant-per-diem-prn-stanley-id,26.13,gna
Stanton,geriatric-nursing-assistant-per-diem-prn-stanton-tx,25.87,gna
Starke,geriatric-nursing-assistant-per-diem-prn-starke-fl,25.96,gna
Starkville,geriatric-nursing-assistant-per-diem-prn-starkville-ms,25.95,gna
State Center,geriatric-nursing-assistant-per-diem-prn-state-center-ia,25.41,gna
State College,geriatric-nursing-assistant-per-diem-prn-state-college-pa,25.47,gna
Staten Island,geriatric-nursing-assistant-per-diem-prn-staten-island-ny,25.32,gna
Statesboro,geriatric-nursing-assistant-per-diem-prn-statesboro-ga,25.99,gna
Stayton,geriatric-nursing-assistant-per-diem-prn-stayton-or,25.61,gna
Steamboat Springs,geriatric-nursing-assistant-per-diem-prn-steamboat-springs-co,26.11,gna
Steinhatchee,geriatric-nursing-assistant-per-diem-prn-steinhatchee-fl,25.43,gna
Stephenville,geriatric-nursing-assistant-per-diem-prn-stephenville-tx,25.64,gna
Sterling,geriatric-nursing-assistant-per-diem-prn-sterling-va,25.50,gna
Sterling City,geriatric-nursing-assistant-per-diem-prn-sterling-city-tx,25.78,gna
Sterling CO,geriatric-nursing-assistant-per-diem-prn-sterling-co,25.37,gna
Sterling Heights,geriatric-nursing-assistant-per-diem-prn-sterling-heights-mi,25.25,gna
Sterling IL,geriatric-nursing-assistant-per-diem-prn-sterling-il,26.18,gna
Stevens,geriatric-nursing-assistant-per-diem-prn-stevens-pa,25.75,gna
Stevenson,geriatric-nursing-assistant-per-diem-prn-stevenson-wa,25.20,gna
Stillwater,geriatric-nursing-assistant-per-diem-prn-stillwater-ok,26.10,gna
Stinnett,geriatric-nursing-assistant-per-diem-prn-stinnett-tx,25.35,gna
Stockdale,geriatric-nursing-assistant-per-diem-prn-stockdale-tx,25.40,gna
Stockton,geriatric-nursing-assistant-per-diem-prn-stockton-ca,25.66,gna
Stonecrest,geriatric-nursing-assistant-per-diem-prn-stonecrest-ga,25.14,gna
Stoughton,geriatric-nursing-assistant-per-diem-prn-stoughton-ma,25.85,gna
Stoughton,geriatric-nursing-assistant-per-diem-prn-stoughton-wi,26.00,gna
Stow,geriatric-nursing-assistant-per-diem-prn-stow-oh,25.74,gna
Stowe,geriatric-nursing-assistant-per-diem-prn-stowe-vt,26.11,gna
Strasburg,geriatric-nursing-assistant-per-diem-prn-strasburg-co,25.30,gna
Stratford,geriatric-nursing-assistant-per-diem-prn-stratford-ct,26.31,gna
Stratford,geriatric-nursing-assistant-per-diem-prn-stratford-tx,25.45,gna
Stratton,geriatric-nursing-assistant-per-diem-prn-stratton-co,25.57,gna
Strongsville,geriatric-nursing-assistant-per-diem-prn-strongsville-oh,25.68,gna
Stuart FL,geriatric-nursing-assistant-per-diem-prn-stuart-fl,25.68,gna
Stuart NE,geriatric-nursing-assistant-per-diem-prn-stuart-ne,25.22,gna
Sublimity,geriatric-nursing-assistant-per-diem-prn-sublimity-or,25.67,gna
Suffolk,geriatric-nursing-assistant-per-diem-prn-suffolk-va,25.03,gna
Sugar Land,geriatric-nursing-assistant-per-diem-prn-sugar-land-tx,25.48,gna
Sullivan City,geriatric-nursing-assistant-per-diem-prn-sullivan-city-tx,25.53,gna
Sulphur,geriatric-nursing-assistant-per-diem-prn-sulphur-la,25.38,gna
Sulphur,geriatric-nursing-assistant-per-diem-prn-sulphur-ok,25.77,gna
Sulphur Springs,geriatric-nursing-assistant-per-diem-prn-sulphur-springs-tx,25.93,gna
Summerfield,geriatric-nursing-assistant-per-diem-prn-summerfield-fl,25.38,gna
Summerlin South,geriatric-nursing-assistant-per-diem-prn-summerlin-south-nv,25.23,gna
Summersville,geriatric-nursing-assistant-per-diem-prn-summersville-wv,26.13,gna
Summerville,geriatric-nursing-assistant-per-diem-prn-summerville-sc,25.87,gna
Summit,geriatric-nursing-assistant-per-diem-prn-summit-nj,25.78,gna
Sumter,geriatric-nursing-assistant-per-diem-prn-sumter-sc,25.96,gna
Sumterville,geriatric-nursing-assistant-per-diem-prn-sumterville-fl,25.41,gna
Sun City,geriatric-nursing-assistant-per-diem-prn-sun-city-az,25.47,gna
Sun City Center,geriatric-nursing-assistant-per-diem-prn-sun-city-center-fl,25.32,gna
Sun City West,geriatric-nursing-assistant-per-diem-prn-sun-city-west-az,25.61,gna
Sun Lakes,geriatric-nursing-assistant-per-diem-prn-sun-lakes-az,26.11,gna
Sun Prairie,geriatric-nursing-assistant-per-diem-prn-sun-prairie-wi,25.68,gna
Sun Valley,geriatric-nursing-assistant-per-diem-prn-sun-valley-nv,25.43,gna
Sun West City,geriatric-nursing-assistant-per-diem-prn-sun-west-city-az,25.64,gna
Sundown,geriatric-nursing-assistant-per-diem-prn-sundown-tx,25.78,gna
Sunny Isles Beach,geriatric-nursing-assistant-per-diem-prn-sunny-isles-beach-fl,25.37,gna
Sunnyside UT,geriatric-nursing-assistant-per-diem-prn-sunnyside-ut,25.25,gna
Sunnyvale,geriatric-nursing-assistant-per-diem-prn-sunnyvale-0-tx,26.18,gna
Sunnyvale,geriatric-nursing-assistant-per-diem-prn-sunnyvale-ca,25.50,gna
Sunrise,geriatric-nursing-assistant-per-diem-prn-sunrise-fl,25.75,gna
Sunrise Manor,geriatric-nursing-assistant-per-diem-prn-sunrise-manor-nv,25.43,gna
Sunriver,geriatric-nursing-assistant-per-diem-prn-sunriver-or,25.20,gna
Superior AZ,geriatric-nursing-assistant-per-diem-prn-superior-az,26.10,gna
Superior WI,geriatric-nursing-assistant-per-diem-prn-superior-wi,25.35,gna
Surprise,geriatric-nursing-assistant-per-diem-prn-surprise-az,25.40,gna
Surprise Bell And Dysart Commerce Center,geriatric-nursing-assistant-per-diem-prn-surprise-bell-and-dysart-commerce-center-az,26.13,gna
Susanville,geriatric-nursing-assistant-per-diem-prn-susanville-ca,25.66,gna
Sutherlin,geriatric-nursing-assistant-per-diem-prn-sutherlin-or,25.85,gna
Swanton town,geriatric-nursing-assistant-per-diem-prn-swanton-town-vt,25.87,gna
Sweeny,geriatric-nursing-assistant-per-diem-prn-sweeny-tx,26.00,gna
Sweet Home,geriatric-nursing-assistant-per-diem-prn-sweet-home-or,25.30,gna
Sweetwater FL,geriatric-nursing-assistant-per-diem-prn-sweetwater-fl,25.45,gna
Sweetwater TX,geriatric-nursing-assistant-per-diem-prn-sweetwater-tx,25.57,gna
Sykesville,geriatric-nursing-assistant-per-diem-prn-sykesville-md,25.68,gna
Syracuse IN,geriatric-nursing-assistant-per-diem-prn-syracuse-in,25.22,gna
Syracuse NY,geriatric-nursing-assistant-per-diem-prn-syracuse-ny,25.67,gna
Syracuse UT,geriatric-nursing-assistant-per-diem-prn-syracuse-ut,25.48,gna
Tacoma WA,geriatric-nursing-assistant-per-diem-prn-tacoma-wa,25.53,gna
Taft,geriatric-nursing-assistant-per-diem-prn-taft-tx,25.77,gna
Tahoka,geriatric-nursing-assistant-per-diem-prn-tahoka-tx,25.93,gna
Talent OR,geriatric-nursing-assistant-per-diem-prn-talent-or,25.38,gna
Tallahassee Capitol Hill,geriatric-nursing-assistant-per-diem-prn-tallahassee-capitol-hill-fl,25.20,gna
Tallahassee FL,geriatric-nursing-assistant-per-diem-prn-tallahassee-fl,26.13,gna
Tamarac,geriatric-nursing-assistant-per-diem-prn-tamarac-fl,25.87,gna
Tamiami,geriatric-nursing-assistant-per-diem-prn-tamiami-fl,25.49,gna
Tampa Bay FL,geriatric-nursing-assistant-per-diem-prn-tampa-bay-fl,25.96,gna
Tampa FL,geriatric-nursing-assistant-per-diem-prn-tampa-fl,25.41,gna
Tanaina,geriatric-nursing-assistant-per-diem-prn-tanaina-ak,26.13,gna
Tarboro,geriatric-nursing-assistant-per-diem-prn-tarboro-nc,25.47,gna
Tarpon Springs,geriatric-nursing-assistant-per-diem-prn-tarpon-springs-fl,25.32,gna
Taunton,geriatric-nursing-assistant-per-diem-prn-taunton-ma,25.61,gna
Tavares FL,geriatric-nursing-assistant-per-diem-prn-tavares-fl,26.11,gna
Tavernier,geriatric-nursing-assistant-per-diem-prn-tavernier-fl,25.43,gna
Taylor,geriatric-nursing-assistant-per-diem-prn-taylor-mi,25.38,gna
Taylor,geriatric-nursing-assistant-per-diem-prn-taylor-tx,25.64,gna
Taylors,geriatric-nursing-assistant-per-diem-prn-taylors-sc,25.54,gna
Taylorsville,geriatric-nursing-assistant-per-diem-prn-taylorsville-ut,25.78,gna
Teague,geriatric-nursing-assistant-per-diem-prn-teague-tx,25.37,gna
Teaneck,geriatric-nursing-assistant-per-diem-prn-teaneck-nj,26.18,gna
Teays Valley,geriatric-nursing-assistant-per-diem-prn-teays-valley-wv,25.38,gna
Telluride,geriatric-nursing-assistant-per-diem-prn-telluride-co,25.25,gna
Temecula,geriatric-nursing-assistant-per-diem-prn-temecula-ca-01c7e,26.18,gna
Tempe AZ,geriatric-nursing-assistant-per-diem-prn-tempe-az,25.50,gna
Tempe Kiwanis Park,geriatric-nursing-assistant-per-diem-prn-tempe-kiwanis-park-az,25.93,gna
Temple Terrace,geriatric-nursing-assistant-per-diem-prn-temple-terrace-fl,25.75,gna
Temple TX,geriatric-nursing-assistant-per-diem-prn-temple-tx,25.20,gna
Tenafly,geriatric-nursing-assistant-per-diem-prn-tenafly-nj,26.10,gna
Tenaha,geriatric-nursing-assistant-per-diem-prn-tenaha-tx,25.35,gna
Tequesta,geriatric-nursing-assistant-per-diem-prn-tequesta-fl,25.40,gna
Terre Haute,geriatric-nursing-assistant-per-diem-prn-terre-haute-in,25.66,gna
Terrell,geriatric-nursing-assistant-per-diem-prn-terrell-tx,25.85,gna
Terrytown,geriatric-nursing-assistant-per-diem-prn-terrytown-la,25.03,gna
Texarkana,geriatric-nursing-assistant-per-diem-prn-texarkana-ar,25.65,gna
Texarkana,geriatric-nursing-assistant-per-diem-prn-texarkana-tx,26.00,gna
Texas City,geriatric-nursing-assistant-per-diem-prn-texas-city-tx,25.30,gna
The Acreage,geriatric-nursing-assistant-per-diem-prn-the-acreage-fl,26.18,gna
The Colony,geriatric-nursing-assistant-per-diem-prn-the-colony-tx,25.45,gna
The Dalles,geriatric-nursing-assistant-per-diem-prn-the-dalles-or,25.57,gna
The Hammocks,geriatric-nursing-assistant-per-diem-prn-the-hammocks-fl,25.57,gna
The Villages,geriatric-nursing-assistant-per-diem-prn-the-villages-fl,25.68,gna
The Woodlands,geriatric-nursing-assistant-per-diem-prn-the-woodlands-tx,25.22,gna
Thermopolis,geriatric-nursing-assistant-per-diem-prn-thermopolis-wy,25.67,gna
Thonotosassa,geriatric-nursing-assistant-per-diem-prn-thonotosassa-fl,25.48,gna
Thornton,geriatric-nursing-assistant-per-diem-prn-thornton-co,25.53,gna
Thorp,geriatric-nursing-assistant-per-diem-prn-thorp-wi,25.77,gna
Thousand Oaks,geriatric-nursing-assistant-per-diem-prn-thousand-oaks-ca,25.93,gna
Three Rivers,geriatric-nursing-assistant-per-diem-prn-three-rivers-tx,25.38,gna
Throckmorton,geriatric-nursing-assistant-per-diem-prn-throckmorton-tx,26.13,gna
Tigard,geriatric-nursing-assistant-per-diem-prn-tigard-or,25.87,gna
Tilden,geriatric-nursing-assistant-per-diem-prn-tilden-tx,25.96,gna
Tillamook,geriatric-nursing-assistant-per-diem-prn-tillamook-or,25.41,gna
Tinley Park,geriatric-nursing-assistant-per-diem-prn-tinley-park-il,26.18,gna
Titusville,geriatric-nursing-assistant-per-diem-prn-titusville-fl,25.47,gna
Tivoli,geriatric-nursing-assistant-per-diem-prn-tivoli-tx,25.32,gna
Tolar,geriatric-nursing-assistant-per-diem-prn-tolar-tx,25.61,gna
Toledo,geriatric-nursing-assistant-per-diem-prn-toledo-oh,25.64,gna
Toledo IA,geriatric-nursing-assistant-per-diem-prn-toledo-io,26.11,gna
Toledo OR,geriatric-nursing-assistant-per-diem-prn-toledo-or,25.43,gna
Toledo Southwyck,geriatric-nursing-assistant-per-diem-prn-toledo-southwyck-oh,25.44,gna
Tolleson,geriatric-nursing-assistant-per-diem-prn-tolleson-az,25.64,gna
Tomahawk,geriatric-nursing-assistant-per-diem-prn-tomahawk-wi,25.78,gna
Tomball,geriatric-nursing-assistant-per-diem-prn-tomball-tx,25.37,gna
Toms River,geriatric-nursing-assistant-per-diem-prn-toms-river-nj,25.25,gna
Tonawanda,geriatric-nursing-assistant-per-diem-prn-tonawanda-town-ny,25.43,gna
Tooele,geriatric-nursing-assistant-per-diem-prn-tooele-ut,26.18,gna
Topeka,geriatric-nursing-assistant-per-diem-prn-topeka-ks,25.25,gna
Topeka Southwest Topeka,geriatric-nursing-assistant-per-diem-prn-topeka-southwest-topeka-ks,25.67,gna
Toppenish,geriatric-nursing-assistant-per-diem-prn-toppenish-wa,26.00,gna
Toquerville,geriatric-nursing-assistant-per-diem-prn-toquerville-ut,26.18,gna
Torrington,geriatric-nursing-assistant-per-diem-prn-torrington-ct,25.50,gna
Torrington,geriatric-nursing-assistant-per-diem-prn-torrington-wy,25.61,gna
Town 'n' Country,geriatric-nursing-assistant-per-diem-prn-town-n-country-fl,25.32,gna
Townshend,geriatric-nursing-assistant-per-diem-prn-townshend-vt,25.75,gna
Towson,geriatric-nursing-assistant-per-diem-prn-towson-md,25.45,gna
Traverse City,geriatric-nursing-assistant-per-diem-prn-traverse-city-mi,25.20,gna
Tredyffrin,geriatric-nursing-assistant-per-diem-prn-tredyffrin-pa,25.30,gna
Tremonton,geriatric-nursing-assistant-per-diem-prn-tremonton-ut,26.10,gna
Trenton,geriatric-nursing-assistant-per-diem-prn-trenton-fl,25.35,gna
Trenton Downtown,geriatric-nursing-assistant-per-diem-prn-trenton-downtown-nj,25.54,gna
Trexlertown,geriatric-nursing-assistant-per-diem-prn-trexlertown-pa,26.00,gna
Trinidad,geriatric-nursing-assistant-per-diem-prn-trinidad-co,25.40,gna
Trinity FL,geriatric-nursing-assistant-per-diem-prn-trinity-fl,25.66,gna
Trinity TX,geriatric-nursing-assistant-per-diem-prn-trinity-tx,25.85,gna
Tripoli,geriatric-nursing-assistant-per-diem-prn-tripoli-ia,25.50,gna
Trophy Club,geriatric-nursing-assistant-per-diem-prn-trophy-club-tx,26.00,gna
Trotwood,geriatric-nursing-assistant-per-diem-prn-trotwood-oh,25.65,gna
Troy,geriatric-nursing-assistant-per-diem-prn-troy-oh,25.45,gna
Troy,geriatric-nursing-assistant-per-diem-prn-troy-pa,25.30,gna
Troy city,geriatric-nursing-assistant-per-diem-prn-troy-city-mi,25.61,gna
Trumbull,geriatric-nursing-assistant-per-diem-prn-trumbull-ct,25.38,gna
Trussville,geriatric-nursing-assistant-per-diem-prn-trussville-al,25.68,gna
Truth Or Consequences,geriatric-nursing-assistant-per-diem-prn-truth-or-consequences-nm,25.45,gna
Tualatin,geriatric-nursing-assistant-per-diem-prn-tualatin-or,25.57,gna
Tualatin Sherwood - Tualatin South,geriatric-nursing-assistant-per-diem-prn-tualatin-sherwood-tualatin-south-or,25.45,gna
Tuba City,geriatric-nursing-assistant-per-diem-prn-tuba-city-az,25.68,gna
Tubac,geriatric-nursing-assistant-per-diem-prn-tubac-az,25.22,gna
Tuckahoe,geriatric-nursing-assistant-per-diem-prn-tuckahoe-va,25.23,gna
Tucker,geriatric-nursing-assistant-per-diem-prn-tucker-ga,26.00,gna
Tucson,geriatric-nursing-assistant-per-diem-prn-tucson-az,25.67,gna
Tucson Coronado Foothills Estates,geriatric-nursing-assistant-per-diem-prn-tucson-coronado-foothills-estates-az,25.00,gna
Tucson Ventana Canyon Office Park,geriatric-nursing-assistant-per-diem-prn-tucson-ventana-canyon-office-park-az,25.32,gna
Tulia,geriatric-nursing-assistant-per-diem-prn-tulia-tx,25.48,gna
Tulsa,geriatric-nursing-assistant-per-diem-prn-tulsa-ok,25.53,gna
Tumwater,geriatric-nursing-assistant-per-diem-prn-tumwater-wa,25.77,gna
Tupelo,geriatric-nursing-assistant-per-diem-prn-tupelo-ms,25.93,gna
Turlock,geriatric-nursing-assistant-per-diem-prn-turlock-ca,25.38,gna
Turtle Lake,geriatric-nursing-assistant-per-diem-prn-turtle-lake-nd,26.13,gna
Tuscaloosa,geriatric-nursing-assistant-per-diem-prn-tuscaloosa-al,26.11,gna
Tuttle,geriatric-nursing-assistant-per-diem-prn-tuttle-ok,25.87,gna
Twin Falls ID,geriatric-nursing-assistant-per-diem-prn-twin-falls-id,25.96,gna
Two Rivers,geriatric-nursing-assistant-per-diem-prn-two-rivers-wi,25.41,gna
Tyler,geriatric-nursing-assistant-per-diem-prn-tyler-tx,25.47,gna
Umatilla,geriatric-nursing-assistant-per-diem-prn-umatilla-fl,25.32,gna
Uncasville,geriatric-nursing-assistant-per-diem-prn-uncasville-ct,25.61,gna
Union,geriatric-nursing-assistant-per-diem-prn-union-nj,26.11,gna
Union,geriatric-nursing-assistant-per-diem-prn-union-or,25.43,gna
Union City,geriatric-nursing-assistant-per-diem-prn-union-city-nj,25.17,gna
Union Gap,geriatric-nursing-assistant-per-diem-prn-union-gap-wa,25.30,gna
Uniontown,geriatric-nursing-assistant-per-diem-prn-uniontown-pa,25.64,gna
Universal City,geriatric-nursing-assistant-per-diem-prn-universal-city-tx,25.78,gna
University CDP,geriatric-nursing-assistant-per-diem-prn-university-cdp-fl,25.65,gna
University City,geriatric-nursing-assistant-per-diem-prn-university-city-mo,25.74,gna
University Park,geriatric-nursing-assistant-per-diem-prn-university-park-fl,25.37,gna
Upland,geriatric-nursing-assistant-per-diem-prn-upland-ca,25.25,gna
Upper Arlington,geriatric-nursing-assistant-per-diem-prn-upper-arlington-oh,25.20,gna
Upper Darby,geriatric-nursing-assistant-per-diem-prn-upper-darby-pa,25.95,gna
Upper Dublin,geriatric-nursing-assistant-per-diem-prn-upper-dublin-pa,25.37,gna
Upper Macungie,geriatric-nursing-assistant-per-diem-prn-upper-macungie-pa,25.50,gna
Upper Merion,geriatric-nursing-assistant-per-diem-prn-upper-merion-pa,25.41,gna
Upper Moreland,geriatric-nursing-assistant-per-diem-prn-upper-moreland-pa,26.11,gna
Urban Honolulu,geriatric-nursing-assistant-per-diem-prn-urban-honolulu-hi,25.37,gna
Urbandale,geriatric-nursing-assistant-per-diem-prn-urbandale-ia,26.13,gna
Utica,geriatric-nursing-assistant-per-diem-prn-utica-ny,25.75,gna
Uvalde,geriatric-nursing-assistant-per-diem-prn-uvalde-tx,25.20,gna
Vail AZ,geriatric-nursing-assistant-per-diem-prn-vail-az,26.10,gna
Vail CO,geriatric-nursing-assistant-per-diem-prn-vail-co,25.35,gna
Valdosta,geriatric-nursing-assistant-per-diem-prn-valdosta-ga,25.95,gna
Vale,geriatric-nursing-assistant-per-diem-prn-vale-or,25.40,gna
Valencia,geriatric-nursing-assistant-per-diem-prn-valencia-ca,25.66,gna
Valley City,geriatric-nursing-assistant-per-diem-prn-valley-city-nd,25.85,gna
Valley Mills,geriatric-nursing-assistant-per-diem-prn-valley-mills-tx,26.00,gna
Valparaiso,geriatric-nursing-assistant-per-diem-prn-valparaiso-fl,25.30,gna
Valparaiso,geriatric-nursing-assistant-per-diem-prn-valparaiso-in,25.61,gna
Valrico,geriatric-nursing-assistant-per-diem-prn-valrico-fl,25.45,gna
Valyemo,geriatric-nursing-assistant-per-diem-prn-valyemo-ca,25.57,gna
Valyermo,geriatric-nursing-assistant-per-diem-prn-valyermo-ca,25.37,gna
Van,geriatric-nursing-assistant-per-diem-prn-van-tx,25.48,gna
Van Alstyne,geriatric-nursing-assistant-per-diem-prn-van-alstyne-tx,25.68,gna
Van Buren,geriatric-nursing-assistant-per-diem-prn-van-buren-ar,25.22,gna
Van Horn,geriatric-nursing-assistant-per-diem-prn-van-horn-tx,25.67,gna
Vancouver Pleasant Valley,geriatric-nursing-assistant-per-diem-prn-vancouver-pleasant-valley-wa,25.85,gna
Vancouver WA,geriatric-nursing-assistant-per-diem-prn-vancouver-wa,25.53,gna
Venice FL,geriatric-nursing-assistant-per-diem-prn-venice-fl,25.77,gna
Vernal,geriatric-nursing-assistant-per-diem-prn-vernal-ut,25.93,gna
Vernon FL,geriatric-nursing-assistant-per-diem-prn-vernon-fl,25.38,gna
Vernon Hills IL,geriatric-nursing-assistant-per-diem-prn-vernon-hills-il,26.13,gna
Vernon TX,geriatric-nursing-assistant-per-diem-prn-vernon-tx,25.87,gna
Vernonia,geriatric-nursing-assistant-per-diem-prn-vernonia-or,25.96,gna
Vero Beach FL,geriatric-nursing-assistant-per-diem-prn-vero-beach-fl,25.41,gna
Vestavia Hills,geriatric-nursing-assistant-per-diem-prn-vestavia-hills-al,26.18,gna
Vian,geriatric-nursing-assistant-per-diem-prn-vian-ok,25.47,gna
Victor,geriatric-nursing-assistant-per-diem-prn-victor-id,25.32,gna
Victoria,geriatric-nursing-assistant-per-diem-prn-victoria-tx,25.61,gna
Victorville,geriatric-nursing-assistant-per-diem-prn-victorville-ca,26.11,gna
Vidalia,geriatric-nursing-assistant-per-diem-prn-vidalia-ga,25.43,gna
Vidor,geriatric-nursing-assistant-per-diem-prn-vidor-tx,25.64,gna
Vienna,geriatric-nursing-assistant-per-diem-prn-vienna-wv,26.11,gna
Viera,geriatric-nursing-assistant-per-diem-prn-viera-fl,25.78,gna
Vineland,geriatric-nursing-assistant-per-diem-prn-vineland-nj,25.37,gna
Virginia Beach,geriatric-nursing-assistant-per-diem-prn-virginia-beach-va,25.57,gna
Virginia City,geriatric-nursing-assistant-per-diem-prn-virginia-city-nv,26.18,gna
Virginia Gardens,geriatric-nursing-assistant-per-diem-prn-virginia-gardens-fl,25.25,gna
Viroqua,geriatric-nursing-assistant-per-diem-prn-viroqua-wi,26.18,gna
Vivian,geriatric-nursing-assistant-per-diem-prn-vivian-la,25.50,gna
Voorhees,geriatric-nursing-assistant-per-diem-prn-voorhees-nj,25.75,gna
Waco,geriatric-nursing-assistant-per-diem-prn-waco-tx,25.20,gna
Wadsworth,geriatric-nursing-assistant-per-diem-prn-wadsworth-oh,25.23,gna
Waelder,geriatric-nursing-assistant-per-diem-prn-waelder-tx,26.10,gna
Wahoo,geriatric-nursing-assistant-per-diem-prn-wahoo-ne,25.35,gna
Waimea,geriatric-nursing-assistant-per-diem-prn-waimea-hi,25.40,gna
Waipahu,geriatric-nursing-assistant-per-diem-prn-waipahu-hi,25.66,gna
Wake Forest,geriatric-nursing-assistant-per-diem-prn-wake-forest-nc,25.53,gna
Walden,geriatric-nursing-assistant-per-diem-prn-walden-co,25.66,gna
Waldorf,geriatric-nursing-assistant-per-diem-prn-waldorf-md,25.85,gna
Waldorf,geriatric-nursing-assistant-per-diem-prn-waldorf-md-60158,25.66,gna
Waldport,geriatric-nursing-assistant-per-diem-prn-waldport-or,26.00,gna
Walhalla,geriatric-nursing-assistant-per-diem-prn-walhalla-nd,25.30,gna
Wall Township,geriatric-nursing-assistant-per-diem-prn-wall-township-nj,25.53,gna
Walla Walla,geriatric-nursing-assistant-per-diem-prn-walla-walla-wa,25.45,gna
Wallace,geriatric-nursing-assistant-per-diem-prn-wallace-id,25.57,gna
Waller,geriatric-nursing-assistant-per-diem-prn-waller-tx,25.68,gna
Wallingford,geriatric-nursing-assistant-per-diem-prn-wallingford-ct,25.22,gna
Walnut Creek,geriatric-nursing-assistant-per-diem-prn-walnut-creek-ca,25.67,gna
Walsenburg,geriatric-nursing-assistant-per-diem-prn-walsenburg-co,25.48,gna
Walsh,geriatric-nursing-assistant-per-diem-prn-walsh-co,25.53,gna
Walterboro,geriatric-nursing-assistant-per-diem-prn-walterboro-sc,25.77,gna
Waltham,geriatric-nursing-assistant-per-diem-prn-waltham-ma,25.47,gna
Warm Springs,geriatric-nursing-assistant-per-diem-prn-warm-springs-mt,25.93,gna
Warminster,geriatric-nursing-assistant-per-diem-prn-warminster-pa,25.53,gna
Warner Robins,geriatric-nursing-assistant-per-diem-prn-warner-robins-ga,25.95,gna
Warranton,geriatric-nursing-assistant-per-diem-prn-warranton-va,25.38,gna
Warren,geriatric-nursing-assistant-per-diem-prn-warren-in,26.13,gna
Warren,geriatric-nursing-assistant-per-diem-prn-warren-oh,25.85,gna
Warren,geriatric-nursing-assistant-per-diem-prn-warren-pa,25.87,gna
Warren,geriatric-nursing-assistant-per-diem-prn-warren-ri,25.96,gna
Warren city,geriatric-nursing-assistant-per-diem-prn-warren-city-mi,25.84,gna
Warrenton,geriatric-nursing-assistant-per-diem-prn-warrenton-or,25.41,gna
Warsaw,geriatric-nursing-assistant-per-diem-prn-warsaw-ky,25.47,gna
Warwick,geriatric-nursing-assistant-per-diem-prn-warwick-ri,25.32,gna
Washington,geriatric-nursing-assistant-per-diem-prn-washington-ut,25.78,gna
Washington Court House,geriatric-nursing-assistant-per-diem-prn-washington-court-house-nd,25.61,gna
Washington DC,geriatric-nursing-assistant-per-diem-prn-washington-dc,26.11,gna
Washington Terrace,geriatric-nursing-assistant-per-diem-prn-washington-terrace-ut,25.64,gna
Washougal WA,geriatric-nursing-assistant-per-diem-prn-washougal-wa,25.37,gna
Wasilla,geriatric-nursing-assistant-per-diem-prn-wasilla-ak,25.77,gna
Waskom,geriatric-nursing-assistant-per-diem-prn-waskom-tx,25.25,gna
Watauga,geriatric-nursing-assistant-per-diem-prn-watauga-tx,26.18,gna
Waterbury,geriatric-nursing-assistant-per-diem-prn-waterbury-ct,25.95,gna
Waterbury,geriatric-nursing-assistant-per-diem-prn-waterbury-vt,25.61,gna
Waterford,geriatric-nursing-assistant-per-diem-prn-waterford-ct,25.85,gna
Waterloo,geriatric-nursing-assistant-per-diem-prn-waterloo-ia,25.50,gna
Watertown,geriatric-nursing-assistant-per-diem-prn-watertown-ny,25.75,gna
Watertown,geriatric-nursing-assistant-per-diem-prn-watertown-sd,25.61,gna
Waterville ME,geriatric-nursing-assistant-per-diem-prn-waterville-me,25.20,gna
Watkins CO,geriatric-nursing-assistant-per-diem-prn-watkins-co,26.10,gna
Wauchula,geriatric-nursing-assistant-per-diem-prn-wauchula-fl,25.35,gna
Wauconda IL,geriatric-nursing-assistant-per-diem-prn-wauconda-il-89350,25.40,gna
Waukee,geriatric-nursing-assistant-per-diem-prn-waukee-ia,25.87,gna
Waukegan,geriatric-nursing-assistant-per-diem-prn-waukegan-il,25.53,gna
Waukesha,geriatric-nursing-assistant-per-diem-prn-waukesha-wi-7e11b,25.66,gna
Waukesha city,geriatric-nursing-assistant-per-diem-prn-waukesha-city-wi,25.43,gna
Waukon,geriatric-nursing-assistant-per-diem-prn-waukon-ia,25.85,gna
Waupun,geriatric-nursing-assistant-per-diem-prn-waupun-wi,26.00,gna
Wausau,geriatric-nursing-assistant-per-diem-prn-wausau-wi,25.30,gna
Wauwatosa,geriatric-nursing-assistant-per-diem-prn-wauwatosa-wi,25.45,gna
Waverly IA,geriatric-nursing-assistant-per-diem-prn-waverly-ia,25.57,gna
Waverly OH,geriatric-nursing-assistant-per-diem-prn-waverly-oh,25.68,gna
Waxahachie,geriatric-nursing-assistant-per-diem-prn-waxahachie-tx,25.22,gna
Waycross,geriatric-nursing-assistant-per-diem-prn-waycross-ga,25.67,gna
Wayne,geriatric-nursing-assistant-per-diem-prn-wayne-nj,25.48,gna
Weatherford,geriatric-nursing-assistant-per-diem-prn-weatherford-tx,25.53,gna
Weatherly,geriatric-nursing-assistant-per-diem-prn-weatherly-pa,25.77,gna
Weaverville,geriatric-nursing-assistant-per-diem-prn-weaverville-ca,25.93,gna
Weaverville,geriatric-nursing-assistant-per-diem-prn-weaverville-nc,25.38,gna
Webster,geriatric-nursing-assistant-per-diem-prn-webster-tx,26.13,gna
Webster Groves,geriatric-nursing-assistant-per-diem-prn-webster-groves-mo,25.49,gna
Weeki Wachee,geriatric-nursing-assistant-per-diem-prn-weeki-wachee-fl,25.87,gna
Weimar,geriatric-nursing-assistant-per-diem-prn-weimar-tx,25.96,gna
Weirsdale,geriatric-nursing-assistant-per-diem-prn-weirsdale-fl,25.41,gna
Weirton,geriatric-nursing-assistant-per-diem-prn-weirton-wv,25.47,gna
Weiser,geriatric-nursing-assistant-per-diem-prn-weiser-id,25.32,gna
Welaka,geriatric-nursing-assistant-per-diem-prn-welaka-fl,25.61,gna
Welches,geriatric-nursing-assistant-per-diem-prn-welches-or,26.11,gna
Wellington,geriatric-nursing-assistant-per-diem-prn-wellington-tx,25.78,gna
Wellington FL,geriatric-nursing-assistant-per-diem-prn-wellington-fl,25.43,gna
Wellington NV,geriatric-nursing-assistant-per-diem-prn-wellington-nv,25.64,gna
Wells,geriatric-nursing-assistant-per-diem-prn-wells-tx,25.37,gna
Wellsboro,geriatric-nursing-assistant-per-diem-prn-wellsboro-pa,25.25,gna
Wellsville,geriatric-nursing-assistant-per-diem-prn-wellsville-mo,25.40,gna
Wellton,geriatric-nursing-assistant-per-diem-prn-wellton-az,26.18,gna
Wenatchee,geriatric-nursing-assistant-per-diem-prn-wenatchee-wa,25.50,gna
Wendell,geriatric-nursing-assistant-per-diem-prn-wendell-id,25.75,gna
Wentzville,geriatric-nursing-assistant-per-diem-prn-wentzville-mo,25.00,gna
Weslaco,geriatric-nursing-assistant-per-diem-prn-weslaco-tx,25.20,gna
Wesley Chapel,geriatric-nursing-assistant-per-diem-prn-wesley-chapel-fl,26.10,gna
West,geriatric-nursing-assistant-per-diem-prn-west-tx,25.61,gna
West Allis,geriatric-nursing-assistant-per-diem-prn-west-allis-wi,25.37,gna
West Bend,geriatric-nursing-assistant-per-diem-prn-west-bend-wi,25.30,gna
West Bountiful,geriatric-nursing-assistant-per-diem-prn-west-bountiful-ut,25.35,gna
West Branch,geriatric-nursing-assistant-per-diem-prn-west-branch-mi,25.40,gna
West Burlington,geriatric-nursing-assistant-per-diem-prn-west-burlington-ia,25.66,gna
West Caldwell,geriatric-nursing-assistant-per-diem-prn-west-caldwell-nj,25.85,gna
West Columbia TX,geriatric-nursing-assistant-per-diem-prn-west-columbia-tx,26.00,gna
West Des Moines,geriatric-nursing-assistant-per-diem-prn-west-des-moines-ia,25.30,gna
West Hartford,geriatric-nursing-assistant-per-diem-prn-west-hartford-ct,26.00,gna
West Haven,geriatric-nursing-assistant-per-diem-prn-west-haven-ct,25.54,gna
West Haven,geriatric-nursing-assistant-per-diem-prn-west-haven-ut,25.45,gna
West Hills,geriatric-nursing-assistant-per-diem-prn-west-hills-ca,25.57,gna
West Jordan,geriatric-nursing-assistant-per-diem-prn-west-jordan-ut,25.68,gna
West Lafayette,geriatric-nursing-assistant-per-diem-prn-west-lafayette-in,25.43,gna
West Lake Hills,geriatric-nursing-assistant-per-diem-prn-west-lake-hills-tx,25.22,gna
West Liberty,geriatric-nursing-assistant-per-diem-prn-west-liberty-ky,25.67,gna
West Linn OR,geriatric-nursing-assistant-per-diem-prn-west-linn-or,25.48,gna
West Little River,geriatric-nursing-assistant-per-diem-prn-west-little-river-fl,25.64,gna
West Melbourne,geriatric-nursing-assistant-per-diem-prn-west-melbourne-fl,25.53,gna
West Memphis,geriatric-nursing-assistant-per-diem-prn-west-memphis-ar,25.68,gna
West Miami,geriatric-nursing-assistant-per-diem-prn-west-miami-fl,25.77,gna
West Monroe,geriatric-nursing-assistant-per-diem-prn-west-monroe-la,25.93,gna
West Palm Beach,geriatric-nursing-assistant-per-diem-prn-west-palm-beach-fl,26.13,gna
WEST PALM BEACH,geriatric-nursing-assistant-per-diem-prn-west-palm-beach-1-fl,25.38,gna
West Park,geriatric-nursing-assistant-per-diem-prn-west-park-fl,25.87,gna
West Point TX,geriatric-nursing-assistant-per-diem-prn-west-point-tx,25.96,gna
West Point UT,geriatric-nursing-assistant-per-diem-prn-west-point-ut,25.41,gna
West Sacramento,geriatric-nursing-assistant-per-diem-prn-west-sacramento-ca,25.74,gna
West Salem,geriatric-nursing-assistant-per-diem-prn-west-salem-wi,25.32,gna
West Union,geriatric-nursing-assistant-per-diem-prn-west-union-ia,26.11,gna
West Valley,geriatric-nursing-assistant-per-diem-prn-west-valley-ut,25.64,gna
West Valley City,geriatric-nursing-assistant-per-diem-prn-west-valley-city-ut,25.43,gna
West Warwick,geriatric-nursing-assistant-per-diem-prn-west-warwick-ri,25.68,gna
West Wendover,geriatric-nursing-assistant-per-diem-prn-west-wendover-nv,25.78,gna
Westbrook,geriatric-nursing-assistant-per-diem-prn-westbrook-me,25.78,gna
Westchester,geriatric-nursing-assistant-per-diem-prn-westchester-fl,25.43,gna
Westcliffe,geriatric-nursing-assistant-per-diem-prn-westcliffe-co,25.37,gna
Westerly,geriatric-nursing-assistant-per-diem-prn-westerly-ri,26.18,gna
Westerville,geriatric-nursing-assistant-per-diem-prn-westerville-oh,26.18,gna
Westfield,geriatric-nursing-assistant-per-diem-prn-westfield-in,25.84,gna
Westfield NJ,geriatric-nursing-assistant-per-diem-prn-westfield-nj,25.32,gna
Westhampton,geriatric-nursing-assistant-per-diem-prn-westhampton-ny,25.25,gna
Westlake,geriatric-nursing-assistant-per-diem-prn-westlake-oh,26.11,gna
Westland,geriatric-nursing-assistant-per-diem-prn-westland-mi,25.65,gna
Westminster CO,geriatric-nursing-assistant-per-diem-prn-westminster-co,26.18,gna
Westmont,geriatric-nursing-assistant-per-diem-prn-westmont-il,25.50,gna
Weston,geriatric-nursing-assistant-per-diem-prn-weston-fl,25.75,gna
Wetumpka,geriatric-nursing-assistant-per-diem-prn-wetumpka-al,25.20,gna
Wewahitchka,geriatric-nursing-assistant-per-diem-prn-wewahitchka-fl,26.10,gna
Weymouth Town,geriatric-nursing-assistant-per-diem-prn-weymouth-town-ma,25.65,gna
Wharton,geriatric-nursing-assistant-per-diem-prn-wharton-tx,25.35,gna
Wheat Ridge Bel Aire,geriatric-nursing-assistant-per-diem-prn-wheat-ridge-bel-aire-co,25.40,gna
Wheat Ridge CO,geriatric-nursing-assistant-per-diem-prn-wheat-ridge-co,25.66,gna
Wheaton,geriatric-nursing-assistant-per-diem-prn-wheaton-il,25.85,gna
Wheaton,geriatric-nursing-assistant-per-diem-prn-wheaton-md,25.47,gna
Wheeler OR,geriatric-nursing-assistant-per-diem-prn-wheeler-or,26.00,gna
Wheeler TX,geriatric-nursing-assistant-per-diem-prn-wheeler-tx,25.30,gna
Wheeling,geriatric-nursing-assistant-per-diem-prn-wheeling-wv,25.45,gna
White City,geriatric-nursing-assistant-per-diem-prn-white-city-or,25.57,gna
White Plains,geriatric-nursing-assistant-per-diem-prn-white-plains-ny,25.20,gna
White River Junction,geriatric-nursing-assistant-per-diem-prn-white-river-junction-vt,25.68,gna
White Settlement,geriatric-nursing-assistant-per-diem-prn-white-settlement-tx,25.22,gna
White Sulphur Springs,geriatric-nursing-assistant-per-diem-prn-white-sulphur-springs-mt,25.67,gna
Whitefish,geriatric-nursing-assistant-per-diem-prn-whitefish-mt,25.04,gna
Whitehall,geriatric-nursing-assistant-per-diem-prn-whitehall-oh,25.84,gna
Whitehouse,geriatric-nursing-assistant-per-diem-prn-whitehouse-tx,25.48,gna
Whiteriver,geriatric-nursing-assistant-per-diem-prn-whiteriver-az,25.53,gna
Whitesboro,geriatric-nursing-assistant-per-diem-prn-whitesboro-tx,25.77,gna
Whiting,geriatric-nursing-assistant-per-diem-prn-whiting-nj,25.93,gna
Whitney,geriatric-nursing-assistant-per-diem-prn-whitney-nv,25.10,gna
Whitney,geriatric-nursing-assistant-per-diem-prn-whitney-tx,25.38,gna
Wichita Falls,geriatric-nursing-assistant-per-diem-prn-wichita-falls-tx,26.13,gna
Wichita KS,geriatric-nursing-assistant-per-diem-prn-wichita-ks,25.87,gna
Wichita Riverside,geriatric-nursing-assistant-per-diem-prn-wichita-riverside-ks,25.89,gna
Wickenburg,geriatric-nursing-assistant-per-diem-prn-wickenburg-az,25.96,gna
Wiggins,geriatric-nursing-assistant-per-diem-prn-wiggins-co,25.41,gna
Wildwood,geriatric-nursing-assistant-per-diem-prn-wildwood-fl,25.47,gna
Wildwood,geriatric-nursing-assistant-per-diem-prn-wildwood-mo,25.23,gna
Wiley,geriatric-nursing-assistant-per-diem-prn-wiley-co,25.32,gna
Wilkes Barre,geriatric-nursing-assistant-per-diem-prn-wilkes-barre-pa,25.61,gna
Wilkes-Barre City,geriatric-nursing-assistant-per-diem-prn-wilkes-barre-city-pa,26.11,gna
Wilkesboro,geriatric-nursing-assistant-per-diem-prn-wilkesboro-nc,26.11,gna
Willamina,geriatric-nursing-assistant-per-diem-prn-willamina-or,25.43,gna
Willcox,geriatric-nursing-assistant-per-diem-prn-willcox-az,25.64,gna
Williams,geriatric-nursing-assistant-per-diem-prn-williams-az,25.78,gna
Williamsport,geriatric-nursing-assistant-per-diem-prn-williamsport-md,25.37,gna
Williamsport,geriatric-nursing-assistant-per-diem-prn-williamsport-pa,25.40,gna
Williamstown,geriatric-nursing-assistant-per-diem-prn-williamstown-nj,25.25,gna
Willimantic,geriatric-nursing-assistant-per-diem-prn-willimantic-ct,25.44,gna
Willis,geriatric-nursing-assistant-per-diem-prn-willis-tx,26.18,gna
Williston,geriatric-nursing-assistant-per-diem-prn-williston-vt,25.30,gna
Williston FL,geriatric-nursing-assistant-per-diem-prn-williston-fl,25.50,gna
Williston ND,geriatric-nursing-assistant-per-diem-prn-williston-nd,25.75,gna
Willoughby,geriatric-nursing-assistant-per-diem-prn-willoughby-oh,25.92,gna
Willow Park,geriatric-nursing-assistant-per-diem-prn-willow-park-tx,25.20,gna
Wills Point,geriatric-nursing-assistant-per-diem-prn-wills-point-tx,26.10,gna
Wilmington,geriatric-nursing-assistant-per-diem-prn-wilmington-nc,25.35,gna
Wilmington DE,geriatric-nursing-assistant-per-diem-prn-wilmington-de,25.35,gna
Wilmington Historic District,geriatric-nursing-assistant-per-diem-prn-wilmington-historic-district-nc,25.30,gna
Wilson,geriatric-nursing-assistant-per-diem-prn-wilson-nc,25.41,gna
Wilsonville,geriatric-nursing-assistant-per-diem-prn-wilsonville-or,25.40,gna
Wilton Manors,geriatric-nursing-assistant-per-diem-prn-wilton-manors-fl,25.66,gna
Wimauma,geriatric-nursing-assistant-per-diem-prn-wimauma-fl,25.85,gna
Wimberley TX,geriatric-nursing-assistant-per-diem-prn-wimberley-tx,26.00,gna
Winchester,geriatric-nursing-assistant-per-diem-prn-winchester-ky,26.00,gna
Winchester,geriatric-nursing-assistant-per-diem-prn-winchester-nv,25.99,gna
Windcrest,geriatric-nursing-assistant-per-diem-prn-windcrest-tx,25.30,gna
Windham,geriatric-nursing-assistant-per-diem-prn-windham-me,25.43,gna
Windsor CO,geriatric-nursing-assistant-per-diem-prn-windsor-co,25.45,gna
Windsor VT,geriatric-nursing-assistant-per-diem-prn-windsor-vt,25.57,gna
Winnemucca,geriatric-nursing-assistant-per-diem-prn-winnemucca-nv,25.68,gna
Winnie,geriatric-nursing-assistant-per-diem-prn-winnie-tx,25.22,gna
Winnsboro,geriatric-nursing-assistant-per-diem-prn-winnsboro-tx,25.67,gna
Winooski,geriatric-nursing-assistant-per-diem-prn-winooski-vt,25.67,gna
Winslow,geriatric-nursing-assistant-per-diem-prn-winslow-az,25.48,gna
Winston,geriatric-nursing-assistant-per-diem-prn-winston-or,25.53,gna
Winston-Salem,geriatric-nursing-assistant-per-diem-prn-winston-salem-nc,25.66,gna
Winter Garden,geriatric-nursing-assistant-per-diem-prn-winter-garden-fl,25.77,gna
Winter Haven,geriatric-nursing-assistant-per-diem-prn-winter-haven-fl,25.93,gna
Winter Park CO,geriatric-nursing-assistant-per-diem-prn-winter-park-co,25.38,gna
Winter Park FL,geriatric-nursing-assistant-per-diem-prn-winter-park-fl,26.13,gna
Winter Springs,geriatric-nursing-assistant-per-diem-prn-winter-springs-fl,25.87,gna
Winters,geriatric-nursing-assistant-per-diem-prn-winters-tx,25.96,gna
Winthrop,geriatric-nursing-assistant-per-diem-prn-winthrop-me,25.41,gna
Wisconsin Rapids,geriatric-nursing-assistant-per-diem-prn-wisconsin-rapids-wi,25.47,gna
Wittmann,geriatric-nursing-assistant-per-diem-prn-wittmann-az,25.32,gna
Wolcottville,geriatric-nursing-assistant-per-diem-prn-wolcottville-in,25.61,gna
Wolf Point,geriatric-nursing-assistant-per-diem-prn-wolf-point-mt,26.11,gna
Wolfforth,geriatric-nursing-assistant-per-diem-prn-wolfforth-tx,25.43,gna
Wood Village,geriatric-nursing-assistant-per-diem-prn-wood-village-or,25.64,gna
Woodbridge,geriatric-nursing-assistant-per-diem-prn-woodbridge-va,25.78,gna
Woodburn,geriatric-nursing-assistant-per-diem-prn-woodburn-or,25.37,gna
Woodbury,geriatric-nursing-assistant-per-diem-prn-woodbury-mn,25.40,gna
Woodbury,geriatric-nursing-assistant-per-diem-prn-woodbury-nj,25.25,gna
Woodcliff Lake,geriatric-nursing-assistant-per-diem-prn-woodcliff-lake-nj,26.18,gna
Woodland Park,geriatric-nursing-assistant-per-diem-prn-woodland-park-co,25.50,gna
Woodlawn CDP,geriatric-nursing-assistant-per-diem-prn-woodlawn-cdp-md,25.77,gna
Woods Cross,geriatric-nursing-assistant-per-diem-prn-woods-cross-ut,25.75,gna
Woodsboro,geriatric-nursing-assistant-per-diem-prn-woodsboro-tx,25.20,gna
Woodstock,geriatric-nursing-assistant-per-diem-prn-woodstock-ga,25.59,gna
Woodsville,geriatric-nursing-assistant-per-diem-prn-woodsville-nh,26.10,gna
Woodville TX,geriatric-nursing-assistant-per-diem-prn-woodville-tx,25.35,gna
Woodville WI,geriatric-nursing-assistant-per-diem-prn-woodville-wi,25.40,gna
Woodway,geriatric-nursing-assistant-per-diem-prn-woodway-tx,25.66,gna
Woonsocket,geriatric-nursing-assistant-per-diem-prn-woonsocket-ri,25.10,gna
Wooster,geriatric-nursing-assistant-per-diem-prn-wooster-oh,25.14,gna
Worcester,geriatric-nursing-assistant-per-diem-prn-worcester-ma,25.85,gna
Wrangell,geriatric-nursing-assistant-per-diem-prn-wrangell-ak,26.00,gna
Wray,geriatric-nursing-assistant-per-diem-prn-wray-co,25.30,gna
Wyckoff,geriatric-nursing-assistant-per-diem-prn-wyckoff-nj,25.67,gna
Wylie,geriatric-nursing-assistant-per-diem-prn-wylie-tx,25.45,gna
Wyoming,geriatric-nursing-assistant-per-diem-prn-wyoming-mi,25.68,gna
Xenia,geriatric-nursing-assistant-per-diem-prn-xenia-oh,26.00,gna
Yakima WA,geriatric-nursing-assistant-per-diem-prn-yakima-wa,25.57,gna
Yankton,geriatric-nursing-assistant-per-diem-prn-yankton-sd,25.68,gna
Yarmouth,geriatric-nursing-assistant-per-diem-prn-yarmouth-me,25.59,gna
Yazoo City,geriatric-nursing-assistant-per-diem-prn-yazoo-city-ms,25.22,gna
Ybor City,geriatric-nursing-assistant-per-diem-prn-ybor-city-fl,25.67,gna
Yelm,geriatric-nursing-assistant-per-diem-prn-yelm-wa,25.68,gna
Yerington,geriatric-nursing-assistant-per-diem-prn-yerington-nv,25.48,gna
Yoakum,geriatric-nursing-assistant-per-diem-prn-yoakum-tx,25.53,gna
Yonkers,geriatric-nursing-assistant-per-diem-prn-yonkers-ny,26.31,gna
York City,geriatric-nursing-assistant-per-diem-prn-york-city-pa,25.43,gna
York PA,geriatric-nursing-assistant-per-diem-prn-york-pa,25.77,gna
Yorktown IN,geriatric-nursing-assistant-per-diem-prn-yorktown-in,25.93,gna
Yorktown TX,geriatric-nursing-assistant-per-diem-prn-yorktown-tx,25.38,gna
Youngstown,geriatric-nursing-assistant-per-diem-prn-youngstown-oh,25.53,gna
Youngtown,geriatric-nursing-assistant-per-diem-prn-youngtown-az,26.13,gna
Yuba City,geriatric-nursing-assistant-per-diem-prn-yuba-city-ca,25.87,gna
Yucca Valley,geriatric-nursing-assistant-per-diem-prn-yucca-valley-ca,25.89,gna
Yukon,geriatric-nursing-assistant-per-diem-prn-yukon-ok,25.95,gna
Yulee,geriatric-nursing-assistant-per-diem-prn-yulee-fl,25.96,gna
Yuma AZ,geriatric-nursing-assistant-per-diem-prn-yuma-az,25.41,gna
Yuma CO,geriatric-nursing-assistant-per-diem-prn-yuma-co,25.47,gna
Zachary,geriatric-nursing-assistant-per-diem-prn-zachary-la,25.32,gna
Zanesville,geriatric-nursing-assistant-per-diem-prn-zanesville-nd,25.61,gna
Zapata,geriatric-nursing-assistant-per-diem-prn-zapata-tx,26.11,gna
Zephyr Cove,geriatric-nursing-assistant-per-diem-prn-zephyr-cove-nv,25.43,gna
Zephyrhills,geriatric-nursing-assistant-per-diem-prn-zephyrhills-fl,25.64,gna
Zion,geriatric-nursing-assistant-per-diem-prn-zion-il,25.25,gna
