name,slug,pay,license
700 Smith St,licensed-practical-nurse-per-diem-prn-700-smith-st-ri,45.38,lpn
Aberdeen ID,licensed-practical-nurse-per-diem-prn-aberdeen-id,41.24,lpn
Aberdeen SD,licensed-practical-nurse-per-diem-prn-aberdeen-sd,44.78,lpn
Aberdeen WA,licensed-practical-nurse-per-diem-prn-aberdeen-wa,44.78,lpn
Abernathy,licensed-practical-nurse-per-diem-prn-abernathy-tx,41.24,lpn
Abilene,licensed-practical-nurse-per-diem-prn-abilene-tx,41.24,lpn
Abingdon,licensed-practical-nurse-per-diem-prn-abingdon-va,45.38,lpn
Abington,licensed-practical-nurse-per-diem-prn-abington-pa,50.95,lpn
Absecon,licensed-practical-nurse-per-diem-prn-absecon-nj,50.31,lpn
Addison TX,licensed-practical-nurse-per-diem-prn-addison-tx,41.24,lpn
Affton,licensed-practical-nurse-per-diem-prn-affton-mo,48.65,lpn
Aiken SC,licensed-practical-nurse-per-diem-prn-aiken-sc,41.24,lpn
Ajo,licensed-practical-nurse-per-diem-prn-ajo-az,44.78,lpn
Akron CO,licensed-practical-nurse-per-diem-prn-akron-co,41.24,lpn
Akron OH,licensed-practical-nurse-per-diem-prn-akron-oh,45.38,lpn
Alabaster,licensed-practical-nurse-per-diem-prn-alabaster-al,49.58,lpn
Alachua,licensed-practical-nurse-per-diem-prn-alachua-fl,41.24,lpn
Alafaya,licensed-practical-nurse-per-diem-prn-alafaya-fl,48.75,lpn
Alamo,licensed-practical-nurse-per-diem-prn-alamo-tx,41.24,lpn
Alamogordo,licensed-practical-nurse-per-diem-prn-alamogordo-nm,53.57,lpn
Alamosa,licensed-practical-nurse-per-diem-prn-alamosa-co,41.24,lpn
Albany,licensed-practical-nurse-per-diem-prn-albany-ny,53.92,lpn
Albany GA,licensed-practical-nurse-per-diem-prn-albany-ga,52.92,lpn
Albany OR,licensed-practical-nurse-per-diem-prn-albany-or,44.78,lpn
Albany TX,licensed-practical-nurse-per-diem-prn-albany-tx,41.24,lpn
Albertville,licensed-practical-nurse-per-diem-prn-albertville-al,49.95,lpn
Albia IA,licensed-practical-nurse-per-diem-prn-albia-ia,41.24,lpn
Albion,licensed-practical-nurse-per-diem-prn-albion-mi,41.24,lpn
Albuquerque,licensed-practical-nurse-per-diem-prn-albuquerque-nm,43.58,lpn
Aledo IL,licensed-practical-nurse-per-diem-prn-aledo-il,44.78,lpn
Aledo TX,licensed-practical-nurse-per-diem-prn-aledo-tx,41.24,lpn
Alexander City,licensed-practical-nurse-per-diem-prn-alexander-city-al,41.24,lpn
Alexandria LA,licensed-practical-nurse-per-diem-prn-alexandria-la,42.81,lpn
Alexandria VA,licensed-practical-nurse-per-diem-prn-alexandria-va,45.38,lpn
Alhambra CA,licensed-practical-nurse-per-diem-prn-alhambra-ca,45.38,lpn
Alice,licensed-practical-nurse-per-diem-prn-alice-tx,41.24,lpn
Allen,licensed-practical-nurse-per-diem-prn-allen-tx,41.24,lpn
Allentown,licensed-practical-nurse-per-diem-prn-allentown-pa,50.73,lpn
Alliance,licensed-practical-nurse-per-diem-prn-alliance-ne,42.81,lpn
Alliance,licensed-practical-nurse-per-diem-prn-alliance-oh,52.43,lpn
Alma,licensed-practical-nurse-per-diem-prn-alma-mi,41.24,lpn
Aloha,licensed-practical-nurse-per-diem-prn-aloha-or,49.11,lpn
Alpena,licensed-practical-nurse-per-diem-prn-alpena-mi,41.24,lpn
Alpharetta GA,licensed-practical-nurse-per-diem-prn-alpharetta-ga,52.95,lpn
Alpine,licensed-practical-nurse-per-diem-prn-alpine-tx,41.24,lpn
Alpine,licensed-practical-nurse-per-diem-prn-alpine-ut,45.38,lpn
Alsea,licensed-practical-nurse-per-diem-prn-alsea-or,44.78,lpn
Altamonte Springs,licensed-practical-nurse-per-diem-prn-altamonte-springs-fl,41.24,lpn
Alto,licensed-practical-nurse-per-diem-prn-alto-tx,41.24,lpn
Alton,licensed-practical-nurse-per-diem-prn-alton-tx,41.43,lpn
Altoona,licensed-practical-nurse-per-diem-prn-altoona-0-wi,43.65,lpn
Altoona,licensed-practical-nurse-per-diem-prn-altoona-fl,41.43,lpn
Altoona,licensed-practical-nurse-per-diem-prn-altoona-pa,50.11,lpn
Altoona IA,licensed-practical-nurse-per-diem-prn-altoona-ia,52.98,lpn
Alturas,licensed-practical-nurse-per-diem-prn-alturas-ca,41.43,lpn
Alvarado,licensed-practical-nurse-per-diem-prn-alvarado-tx,41.43,lpn
Alvin,licensed-practical-nurse-per-diem-prn-alvin-tx,41.43,lpn
Alvord,licensed-practical-nurse-per-diem-prn-alvord-tx,41.43,lpn
Amado,licensed-practical-nurse-per-diem-prn-amado-az,44.78,lpn
Amargosa Valley,licensed-practical-nurse-per-diem-prn-amargosa-valley-nv,44.78,lpn
Amarillo,licensed-practical-nurse-per-diem-prn-amarillo-tx,41.43,lpn
American Falls,licensed-practical-nurse-per-diem-prn-american-falls-id,41.43,lpn
American Fork UT,licensed-practical-nurse-per-diem-prn-american-fork-ut,44.78,lpn
Ames IA,licensed-practical-nurse-per-diem-prn-ames-ia,41.43,lpn
Amherst,licensed-practical-nurse-per-diem-prn-amherst-ny,53.82,lpn
Amherst TX,licensed-practical-nurse-per-diem-prn-amherst-tx,41.43,lpn
Amherst VA,licensed-practical-nurse-per-diem-prn-amherst-8-va,45.38,lpn
Ammon ID,licensed-practical-nurse-per-diem-prn-ammon-id,41.43,lpn
Amsterdam,licensed-practical-nurse-per-diem-prn-amsterdam-ny,42.81,lpn
Anaconda MT,licensed-practical-nurse-per-diem-prn-anaconda-mt,42.81,lpn
Anacortes,licensed-practical-nurse-per-diem-prn-anacortes-wa,44.78,lpn
Anaheim,licensed-practical-nurse-per-diem-prn-anaheim-ca,41.43,lpn
Anahuac,licensed-practical-nurse-per-diem-prn-anahuac-tx,41.43,lpn
Anchorage,licensed-practical-nurse-per-diem-prn-anchorage-ak,45.89,lpn
Anderson,licensed-practical-nurse-per-diem-prn-anderson-in,49.67,lpn
Anderson,licensed-practical-nurse-per-diem-prn-anderson-sc,50.87,lpn
Andover,licensed-practical-nurse-per-diem-prn-andover-mn,50.78,lpn
Andrews,licensed-practical-nurse-per-diem-prn-andrews-tx,41.43,lpn
Aneta,licensed-practical-nurse-per-diem-prn-aneta-nd,42.81,lpn
Angelus Oaks,licensed-practical-nurse-per-diem-prn-angelus-oaks-ca,41.43,lpn
Angleton,licensed-practical-nurse-per-diem-prn-angleton-tx,41.43,lpn
Anita IA,licensed-practical-nurse-per-diem-prn-anita-ia,49.67,lpn
Ankeny IA,licensed-practical-nurse-per-diem-prn-ankeny-ia,53.67,lpn
Ann Arbor,licensed-practical-nurse-per-diem-prn-ann-arbor-mi,54.95,lpn
Annandale VA,licensed-practical-nurse-per-diem-prn-annandale-va,41.43,lpn
Annapolis,licensed-practical-nurse-per-diem-prn-annapolis-md-1df2b,53.65,lpn
Annapolis MD,licensed-practical-nurse-per-diem-prn-annapolis-md,42.81,lpn
Anniston,licensed-practical-nurse-per-diem-prn-anniston-al,50.57,lpn
Anson,licensed-practical-nurse-per-diem-prn-anson-tx,41.43,lpn
Anthem,licensed-practical-nurse-per-diem-prn-anthem-az,44.78,lpn
Antigo,licensed-practical-nurse-per-diem-prn-antigo-wi,43.65,lpn
Antonito,licensed-practical-nurse-per-diem-prn-antonito-co,41.43,lpn
Any City,licensed-practical-nurse-per-diem-prn-any-city-or,44.78,lpn
Apache Junction AZ,licensed-practical-nurse-per-diem-prn-apache-junction-az,44.78,lpn
Apalachicola,licensed-practical-nurse-per-diem-prn-apalachicola-fl,41.43,lpn
Apex,licensed-practical-nurse-per-diem-prn-apex-nc,54.98,lpn
Apollo Beach,licensed-practical-nurse-per-diem-prn-apollo-beach-fl,41.43,lpn
Apopka,licensed-practical-nurse-per-diem-prn-apopka-fl,41.43,lpn
Apple Valley,licensed-practical-nurse-per-diem-prn-apple-valley-mn,50.57,lpn
Appleton,licensed-practical-nurse-per-diem-prn-appleton-wi,49.43,lpn
Aransas Pass,licensed-practical-nurse-per-diem-prn-aransas-pass-tx,41.43,lpn
Arcadia,licensed-practical-nurse-per-diem-prn-arcadia-fl,41.43,lpn
Arcata,licensed-practical-nurse-per-diem-prn-arcata-ca,41.43,lpn
Archer,licensed-practical-nurse-per-diem-prn-archer-fl,41.43,lpn
Archer City,licensed-practical-nurse-per-diem-prn-archer-city-tx,41.43,lpn
Arco,licensed-practical-nurse-per-diem-prn-arco-id,41.43,lpn
Ardmore,licensed-practical-nurse-per-diem-prn-ardmore-ok,49.66,lpn
Arivaca,licensed-practical-nurse-per-diem-prn-arivaca-az,44.78,lpn
Arizona City,licensed-practical-nurse-per-diem-prn-arizona-city-az,44.78,lpn
Arlington,licensed-practical-nurse-per-diem-prn-arlington-ma,54.89,lpn
Arlington Heights,licensed-practical-nurse-per-diem-prn-arlington-heights-il,48.11,lpn
Arlington TX,per-diem-arlington-tx,52.98,lpn
Arlington VA,licensed-practical-nurse-per-diem-prn-arlington-va,45.38,lpn
Arlington WA,licensed-practical-nurse-per-diem-prn-arlington-wa,44.78,lpn
Arnold,licensed-practical-nurse-per-diem-prn-arnold-mo,48.69,lpn
Artesia,licensed-practical-nurse-per-diem-prn-artesia-nm,44.78,lpn
Arvada,licensed-practical-nurse-per-diem-prn-arvada-co,32.79,lpn
Ash Fork,licensed-practical-nurse-per-diem-prn-ash-fork-az,44.78,lpn
Ashburn VA,licensed-practical-nurse-per-diem-prn-ashburn-va,41.43,lpn
Asheville NC,licensed-practical-nurse-per-diem-prn-asheville-nc,42.81,lpn
Ashland,licensed-practical-nurse-per-diem-prn-ashland-ky,51.31,lpn
Ashland City,licensed-practical-nurse-per-diem-prn-ashland-city-tn,49.82,lpn
Ashland OR,licensed-practical-nurse-per-diem-prn-ashland-or,44.78,lpn
Ashland WI,licensed-practical-nurse-per-diem-prn-ashland-wi,43.65,lpn
Ashley,licensed-practical-nurse-per-diem-prn-ashley-nd,42.81,lpn
Ashley OH,licensed-practical-nurse-per-diem-prn-ashley-oh,41.43,lpn
Ashton,licensed-practical-nurse-per-diem-prn-ashton-id,41.43,lpn
Aspen CO,licensed-practical-nurse-per-diem-prn-aspen-co,41.43,lpn
Aspen Hill,licensed-practical-nurse-per-diem-prn-aspen-hill-md,53.57,lpn
Aspermont,licensed-practical-nurse-per-diem-prn-aspermont-tx,41.43,lpn
Astoria,licensed-practical-nurse-per-diem-prn-astoria-or,44.78,lpn
Athens,licensed-practical-nurse-per-diem-prn-athens-al,49.78,lpn
Athens GA,licensed-practical-nurse-per-diem-prn-athens-ga,52.73,lpn
Athens OH,licensed-practical-nurse-per-diem-prn-athens-oh,52.11,lpn
Athens TX,licensed-practical-nurse-per-diem-prn-athens-tx,41.43,lpn
Atlanta Buckhead,licensed-practical-nurse-per-diem-prn-atlanta-buckhead-ga,48.69,lpn
Atlanta GA,licensed-practical-nurse-per-diem-prn-atlanta-ga,52.82,lpn
Atlanta South Downtown,licensed-practical-nurse-per-diem-prn-st-petersburg-historic-uptown-fl,54.65,lpn
Atlanta TX,licensed-practical-nurse-per-diem-prn-atlanta-tx,41.43,lpn
Atlantic Beach,licensed-practical-nurse-per-diem-prn-atlantic-beach-fl,41.43,lpn
Atlantic City,licensed-practical-nurse-per-diem-prn-atlantic-city-nj,53.87,lpn
Atlantic IA,licensed-practical-nurse-per-diem-prn-atlantic-ia,41.43,lpn
Atlantis,licensed-practical-nurse-per-diem-prn-atlantis-fl,41.43,lpn
Attalla,licensed-practical-nurse-per-diem-prn-attalla-al,41.43,lpn
Attleboro,licensed-practical-nurse-per-diem-prn-attleboro-ma,54.82,lpn
Atwood KS,licensed-practical-nurse-per-diem-prn-atwood-ks,42.81,lpn
Aubrey,licensed-practical-nurse-per-diem-prn-aubrey-tx,41.43,lpn
Auburn,licensed-practical-nurse-per-diem-prn-auburn-al,49.31,lpn
Auburn,licensed-practical-nurse-per-diem-prn-auburn-me,51.95,lpn
Auburn IN,licensed-practical-nurse-per-diem-prn-auburn-in,41.43,lpn
Auburn NY,licensed-practical-nurse-per-diem-prn-auburn-ny,42.81,lpn
Auburn WA,licensed-practical-nurse-per-diem-prn-auburn-wa,44.78,lpn
Auburndale,licensed-practical-nurse-per-diem-prn-auburndale-fl,41.43,lpn
Augusta,licensed-practical-nurse-per-diem-prn-augusta-me,52.26,lpn
Augusta GA,licensed-practical-nurse-per-diem-prn-augusta-ga,52.89,lpn
Aumsville,licensed-practical-nurse-per-diem-prn-aumsville-or,44.78,lpn
Aurora,licensed-practical-nurse-per-diem-prn-aurora-il,54.98,lpn
Aurora CO,licensed-practical-nurse-per-diem-prn-aurora-co,32.87,lpn
Aurora East Ridge - Ptarmigan Park,licensed-practical-nurse-per-diem-prn-chicago-rogers-park-il,54.65,lpn
Aurora Heather Gardens,licensed-practical-nurse-per-diem-prn-chicago-portage-park-il,47.07,lpn
Austin NV,licensed-practical-nurse-per-diem-prn-austin-nv,44.78,lpn
Austin TX,per-diem-austin-tx,33.47,lpn
Austintown,licensed-practical-nurse-per-diem-prn-austintown-oh,53.78,lpn
Avalon,licensed-practical-nurse-per-diem-prn-avalon-ca,41.52,lpn
Ave Maria,licensed-practical-nurse-per-diem-prn-ave-maria-fl,41.52,lpn
Aventura,licensed-practical-nurse-per-diem-prn-aventura-fl,41.52,lpn
Avinger,licensed-practical-nurse-per-diem-prn-avinger-tx,41.52,lpn
Avon,licensed-practical-nurse-per-diem-prn-avon-oh,52.95,lpn
Avon CO,licensed-practical-nurse-per-diem-prn-avon-co,41.52,lpn
Avon CT,licensed-practical-nurse-per-diem-prn-avon-ct,45.89,lpn
Avon Lake,licensed-practical-nurse-per-diem-prn-avon-lake-oh,53.26,lpn
Avon Park,licensed-practical-nurse-per-diem-prn-avon-park-fl,41.52,lpn
Avondale AZ,licensed-practical-nurse-per-diem-prn-avondale-az,44.78,lpn
Avondale CO,licensed-practical-nurse-per-diem-prn-avondale-co,41.52,lpn
Axtell,licensed-practical-nurse-per-diem-prn-axtell-ne,42.81,lpn
Azle,licensed-practical-nurse-per-diem-prn-azle-tx,41.52,lpn
Babylon town,licensed-practical-nurse-per-diem-prn-babylon-town-ny,53.65,lpn
Bacliff,licensed-practical-nurse-per-diem-prn-bacliff-tx,41.52,lpn
Bad Axe,licensed-practical-nurse-per-diem-prn-bad-axe-mi,41.52,lpn
Badger,licensed-practical-nurse-per-diem-prn-badger-ak,50.66,lpn
Bagdad,licensed-practical-nurse-per-diem-prn-bagdad-az,44.78,lpn
Bailey,licensed-practical-nurse-per-diem-prn-bailey-co,41.52,lpn
BAINBRIDGE ISLAND,licensed-practical-nurse-per-diem-prn-bainbridge-island-wa,45.88,lpn
Baird,licensed-practical-nurse-per-diem-prn-baird-tx,41.52,lpn
Baker,licensed-practical-nurse-per-diem-prn-baker-wv,43.65,lpn
Baker City,licensed-practical-nurse-per-diem-prn-baker-city-or,44.78,lpn
Bakersfield,licensed-practical-nurse-per-diem-prn-bakersfield-ca,51.95,lpn
Balch Springs,licensed-practical-nurse-per-diem-prn-balch-springs-tx,41.52,lpn
Ballinger,licensed-practical-nurse-per-diem-prn-ballinger-tx,41.52,lpn
Ballwin MO,licensed-practical-nurse-per-diem-prn-ballwin-mo,41.52,lpn
Baltimore,licensed-practical-nurse-per-diem-prn-baltimore-md,52.87,lpn
Baltimore MD,per-diem-baltimore-md,35.63,lpn
Bandera,licensed-practical-nurse-per-diem-prn-bandera-tx,41.52,lpn
Bandon,licensed-practical-nurse-per-diem-prn-bandon-or,44.78,lpn
Bangor,licensed-practical-nurse-per-diem-prn-bangor-me,42.81,lpn
Bangs,licensed-practical-nurse-per-diem-prn-bangs-tx,41.52,lpn
Bar Harbor,licensed-practical-nurse-per-diem-prn-bar-harbor-me,42.81,lpn
Barberton,licensed-practical-nurse-per-diem-prn-barberton-oh,53.57,lpn
Bardstown KY,licensed-practical-nurse-per-diem-prn-bardstown-ky,41.52,lpn
Barnsdall,licensed-practical-nurse-per-diem-prn-barnsdall-ok,45.88,lpn
Barnstable Town,licensed-practical-nurse-per-diem-prn-barnstable-town-ma,54.78,lpn
Barre,licensed-practical-nurse-per-diem-prn-barre-vt,43.65,lpn
Barre city,licensed-practical-nurse-per-diem-prn-barre-city-vt,53.31,lpn
Barre town,licensed-practical-nurse-per-diem-prn-barre-town-vt,53.66,lpn
Bartlesville,licensed-practical-nurse-per-diem-prn-bartlesville-ok,48.95,lpn
Bartlett,licensed-practical-nurse-per-diem-prn-bartlett-tn,51.58,lpn
Bartlett,licensed-practical-nurse-per-diem-prn-bartlett-tx,41.52,lpn
Barton,licensed-practical-nurse-per-diem-prn-barton-vt,43.65,lpn
Bartow,licensed-practical-nurse-per-diem-prn-bartow-fl,41.52,lpn
Basalt,licensed-practical-nurse-per-diem-prn-basalt-co,41.52,lpn
Basking Ridge NJ,licensed-practical-nurse-per-diem-prn-basking-ridge-nj,46.96,lpn
Bastrop,licensed-practical-nurse-per-diem-prn-bastrop-tx,41.52,lpn
Batavia,licensed-practical-nurse-per-diem-prn-batavia-ny,41.52,lpn
Batesville,licensed-practical-nurse-per-diem-prn-batesville-ar,45.89,lpn
Baton Rouge LA,licensed-practical-nurse-per-diem-prn-baton-rouge-la,41.52,lpn
Battle Creek,licensed-practical-nurse-per-diem-prn-battle-creek-mi,41.52,lpn
Battle Ground,licensed-practical-nurse-per-diem-prn-battle-ground-wa,44.78,lpn
Battle Mountain,licensed-practical-nurse-per-diem-prn-battle-mountain-nv,44.78,lpn
Bay City MI,licensed-practical-nurse-per-diem-prn-bay-city-mi,41.52,lpn
Bay City TX,licensed-practical-nurse-per-diem-prn-bay-city-tx,41.52,lpn
Bay Harbor Islands,licensed-practical-nurse-per-diem-prn-bay-harbor-islands-fl,41.52,lpn
Bayou Cane,licensed-practical-nurse-per-diem-prn-bayou-cane-la,51.92,lpn
Baytown,licensed-practical-nurse-per-diem-prn-baytown-tx,41.52,lpn
Bayville,licensed-practical-nurse-per-diem-prn-bayville-nj,54.87,lpn
Bear,licensed-practical-nurse-per-diem-prn-bear-de,54.66,lpn
Beatrice,licensed-practical-nurse-per-diem-prn-beatrice-ne,42.81,lpn
Beatty,licensed-practical-nurse-per-diem-prn-beatty-nv,44.78,lpn
Beaumont,licensed-practical-nurse-per-diem-prn-beaumont-tx,41.52,lpn
Beaver,licensed-practical-nurse-per-diem-prn-beaver-ut,44.78,lpn
Beavercreek,licensed-practical-nurse-per-diem-prn-beavercreek-oh,54.89,lpn
Beaverton OR,licensed-practical-nurse-per-diem-prn-beaverton-or,44.78,lpn
Becket,licensed-practical-nurse-per-diem-prn-becket-ma,41.52,lpn
Beckley,licensed-practical-nurse-per-diem-prn-beckley-wv,51.97,lpn
Bedford NH,licensed-practical-nurse-per-diem-prn-bedford-nh,42.81,lpn
Bedford TX,licensed-practical-nurse-per-diem-prn-bedford-tx,41.52,lpn
Bedias,licensed-practical-nurse-per-diem-prn-bedias-tx,41.52,lpn
Bee Cave,licensed-practical-nurse-per-diem-prn-bee-cave-tx,41.52,lpn
Beecher,licensed-practical-nurse-per-diem-prn-beecher-il,47.07,lpn
Beeville,licensed-practical-nurse-per-diem-prn-beeville-tx,41.52,lpn
Bel Air South,licensed-practical-nurse-per-diem-prn-bel-air-south-md,52.98,lpn
Belfast,licensed-practical-nurse-per-diem-prn-belfast-me,42.81,lpn
Belgrade,licensed-practical-nurse-per-diem-prn-belgrade-mt,51.67,lpn
Bell,licensed-practical-nurse-per-diem-prn-bell-ca,45.87,lpn
Bell,licensed-practical-nurse-per-diem-prn-bell-fl,41.52,lpn
Bella Vista,licensed-practical-nurse-per-diem-prn-bella-vista-ar,51.58,lpn
Bellaire,licensed-practical-nurse-per-diem-prn-bellaire-tx,41.52,lpn
Belle Fourche,licensed-practical-nurse-per-diem-prn-belle-fourche-sd,44.78,lpn
Belle Glade,licensed-practical-nurse-per-diem-prn-belle-glade-fl,41.52,lpn
Belle Plaine IA,licensed-practical-nurse-per-diem-prn-belle-plaine-ia,41.52,lpn
Belleair,licensed-practical-nurse-per-diem-prn-belleair-fl,41.52,lpn
Belleview,licensed-practical-nurse-per-diem-prn-belleview-fl,41.52,lpn
Belleville,licensed-practical-nurse-per-diem-prn-belleville-il-4ef76,41.52,lpn
Belleville KS,licensed-practical-nurse-per-diem-prn-belleville-ks,42.81,lpn
Bellevue,licensed-practical-nurse-per-diem-prn-bellevue-ne,51.69,lpn
Bellevue IA,licensed-practical-nurse-per-diem-prn-bellevue-ia,41.52,lpn
Bellevue ID,licensed-practical-nurse-per-diem-prn-bellevue-id,41.52,lpn
Bellevue WA,licensed-practical-nurse-per-diem-prn-bellevue-wa,44.78,lpn
Bellflower,licensed-practical-nurse-per-diem-prn-bellflower-ca,41.52,lpn
Bellingham,licensed-practical-nurse-per-diem-prn-bellingham-wa,54.98,lpn
Bellmead,licensed-practical-nurse-per-diem-prn-bellmead-tx,41.52,lpn
Bellville,licensed-practical-nurse-per-diem-prn-bellville-tx,41.52,lpn
Bellvue,licensed-practical-nurse-per-diem-prn-bellvue-id,41.52,lpn
Beloit,licensed-practical-nurse-per-diem-prn-beloit-wi,43.65,lpn
Belton MO,licensed-practical-nurse-per-diem-prn-belton-mo,42.81,lpn
Belton TX,licensed-practical-nurse-per-diem-prn-belton-tx,41.52,lpn
Benavides,licensed-practical-nurse-per-diem-prn-benavides-tx,41.52,lpn
Benbrook,licensed-practical-nurse-per-diem-prn-benbrook-tx,41.52,lpn
Bend,licensed-practical-nurse-per-diem-prn-bend-or,44.78,lpn
Bennington,licensed-practical-nurse-per-diem-prn-bennington-vt,52.73,lpn
Bensalem,licensed-practical-nurse-per-diem-prn-bensalem-pa,51.31,lpn
Benson,licensed-practical-nurse-per-diem-prn-benson-az,44.78,lpn
Benton,licensed-practical-nurse-per-diem-prn-benton-ar,51.87,lpn
Bentonville,licensed-practical-nurse-per-diem-prn-bentonville-ar,51.26,lpn
Bergenfield,licensed-practical-nurse-per-diem-prn-bergenfield-nj,45.38,lpn
Berlin,licensed-practical-nurse-per-diem-prn-berlin-nh,42.81,lpn
Berryville,licensed-practical-nurse-per-diem-prn-berryville-va,45.38,lpn
Berthoud CO,licensed-practical-nurse-per-diem-prn-berthoud-co,41.78,lpn
Bertram,licensed-practical-nurse-per-diem-prn-bertram-tx,41.78,lpn
Berwyn,licensed-practical-nurse-per-diem-prn-berwyn-il,48.73,lpn
Bessemer,licensed-practical-nurse-per-diem-prn-bessemer-al,49.73,lpn
Bethany,licensed-practical-nurse-per-diem-prn-bethany-ok,41.78,lpn
Bethany,licensed-practical-nurse-per-diem-prn-bethany-or,49.65,lpn
Bethel,licensed-practical-nurse-per-diem-prn-bethel-ak,45.89,lpn
Bethel Park,licensed-practical-nurse-per-diem-prn-bethel-park-pa,50.66,lpn
Bethesda,licensed-practical-nurse-per-diem-prn-bethesda-md-9f4a1,52.89,lpn
Bethesda MD,licensed-practical-nurse-per-diem-prn-bethesda-md,42.81,lpn
Bethlehem City,licensed-practical-nurse-per-diem-prn-bethlehem-city-pa,50.89,lpn
Bethlehem PA,licensed-practical-nurse-per-diem-prn-bethlehem-pa,44.78,lpn
Bethlehem West Side,licensed-practical-nurse-per-diem-prn-bethlehem-west-side-pa,50.73,lpn
Bettendorf IA,licensed-practical-nurse-per-diem-prn-bettendorf-ia,41.78,lpn
Beverly,licensed-practical-nurse-per-diem-prn-beverly-ma,41.78,lpn
Beverly Hills FL,licensed-practical-nurse-per-diem-prn-beverly-hills-fl,41.78,lpn
Bicknell,licensed-practical-nurse-per-diem-prn-bicknell-in-4ec7e,41.78,lpn
Bicknell,licensed-practical-nurse-per-diem-prn-bicknell-ut,44.78,lpn
Biddeford,licensed-practical-nurse-per-diem-prn-biddeford-me,46.18,lpn
Big Bear,licensed-practical-nurse-per-diem-prn-big-bear-ca,41.78,lpn
Big Lake,licensed-practical-nurse-per-diem-prn-big-lake-tx,41.78,lpn
Big Spring,licensed-practical-nurse-per-diem-prn-big-spring-tx,41.78,lpn
Big Wells,licensed-practical-nurse-per-diem-prn-big-wells-tx,41.78,lpn
Billings MT,licensed-practical-nurse-per-diem-prn-billings-mt,44.78,lpn
Biloxi,licensed-practical-nurse-per-diem-prn-biloxi-ms,50.89,lpn
Birmingham,licensed-practical-nurse-per-diem-prn-birmingham-al,41.78,lpn
Bisbee,licensed-practical-nurse-per-diem-prn-bisbee-az,44.78,lpn
Biscoe NC,licensed-practical-nurse-per-diem-prn-biscoe-nc,51.67,lpn
Bishopville SC,licensed-practical-nurse-per-diem-prn-bishopville-sc,44.78,lpn
Bismarck,licensed-practical-nurse-per-diem-prn-bismarck-nd,42.81,lpn
Bixby,licensed-practical-nurse-per-diem-prn-bixby-ok,49.57,lpn
Black Hawk,licensed-practical-nurse-per-diem-prn-black-hawk-co,41.78,lpn
Blackfoot,licensed-practical-nurse-per-diem-prn-blackfoot-id,41.78,lpn
Blacksburg,licensed-practical-nurse-per-diem-prn-blacksburg-va,45.38,lpn
Blaine,licensed-practical-nurse-per-diem-prn-blaine-mn,49.82,lpn
Blanding,licensed-practical-nurse-per-diem-prn-blanding-ut,44.78,lpn
Bloomfield,licensed-practical-nurse-per-diem-prn-bloomfield-ct,45.89,lpn
Bloomington,licensed-practical-nurse-per-diem-prn-bloomington-il,48.58,lpn
Bloomington,licensed-practical-nurse-per-diem-prn-bloomington-in,49.75,lpn
Bloomington,licensed-practical-nurse-per-diem-prn-bloomington-mn,49.33,lpn
Bloomsburg PA,licensed-practical-nurse-per-diem-prn-bloomsburg-pa,44.78,lpn
Blountstown,licensed-practical-nurse-per-diem-prn-blountstown-fl,41.78,lpn
Blowing Rock NC,licensed-practical-nurse-per-diem-prn-blowing-rock-nc,45.87,lpn
Blue River,licensed-practical-nurse-per-diem-prn-blue-river-or,44.78,lpn
Blue Springs,licensed-practical-nurse-per-diem-prn-blue-springs-mo,49.92,lpn
Bluffton SC,licensed-practical-nurse-per-diem-prn-bluffton-sc,50.75,lpn
Bly,licensed-practical-nurse-per-diem-prn-bly-or,44.78,lpn
Boardman,licensed-practical-nurse-per-diem-prn-boardman-or,44.78,lpn
Boca Raton,licensed-practical-nurse-per-diem-prn-boca-raton-fl,41.78,lpn
Boerne,licensed-practical-nurse-per-diem-prn-boerne-tx,41.78,lpn
Bogata,licensed-practical-nurse-per-diem-prn-bogata-tx,41.78,lpn
Boise City,licensed-practical-nurse-per-diem-prn-boise-city-id,54.95,lpn
Boise ID,per-diem-boise-id,35.09,lpn
Bolingbrook IL,licensed-practical-nurse-per-diem-prn-bolingbrook-il,41.78,lpn
Bonham,licensed-practical-nurse-per-diem-prn-bonham-tx,41.78,lpn
Bonifay,licensed-practical-nurse-per-diem-prn-bonifay-fl,41.78,lpn
Bonita Springs,licensed-practical-nurse-per-diem-prn-bonita-springs-fl,41.78,lpn
Bonners Ferry,licensed-practical-nurse-per-diem-prn-bonners-ferry-id,41.78,lpn
Booker,licensed-practical-nurse-per-diem-prn-booker-tx,41.78,lpn
Boone NC,licensed-practical-nurse-per-diem-prn-boone-nc,42.81,lpn
Borger,licensed-practical-nurse-per-diem-prn-borger-tx,41.78,lpn
Bossier City LA,licensed-practical-nurse-per-diem-prn-bossier-city-la,41.78,lpn
Boston,licensed-practical-nurse-per-diem-prn-boston-ma,47.77,lpn
Bothell,licensed-practical-nurse-per-diem-prn-bothell-wa,48.43,lpn
Boulder,licensed-practical-nurse-per-diem-prn-boulder-co,32.87,lpn
Boulder City,licensed-practical-nurse-per-diem-prn-boulder-city-nv,44.78,lpn
Bountiful UT,licensed-practical-nurse-per-diem-prn-bountiful-ut,44.78,lpn
Bourbon MO,licensed-practical-nurse-per-diem-prn-bourbon-mo,41.78,lpn
Bouse,licensed-practical-nurse-per-diem-prn-bouse-az,44.78,lpn
Bowie,licensed-practical-nurse-per-diem-prn-bowie-md,52.92,lpn
Bowie TX,licensed-practical-nurse-per-diem-prn-bowie-tx,41.78,lpn
Bowling Green KY,licensed-practical-nurse-per-diem-prn-bowling-green-ky,42.81,lpn
Bowling Green OH,licensed-practical-nurse-per-diem-prn-bowling-green-oh,53.67,lpn
Boynton Beach,licensed-practical-nurse-per-diem-prn-boynton-beach-fl,41.97,lpn
Bozeman MT,licensed-practical-nurse-per-diem-prn-bozeman-mt,42.81,lpn
Bozrah,licensed-practical-nurse-per-diem-prn-bozrah-ct,46.59,lpn
Brackenridge,licensed-practical-nurse-per-diem-prn-brackenridge-pa,48.65,lpn
Brackettville,licensed-practical-nurse-per-diem-prn-brackettville-tx,41.97,lpn
Braden River,licensed-practical-nurse-per-diem-prn-braden-river-fl,41.97,lpn
Bradenton FL,licensed-practical-nurse-per-diem-prn-bradenton-fl,41.97,lpn
Brady,licensed-practical-nurse-per-diem-prn-brady-tx,41.97,lpn
Brandon,licensed-practical-nurse-per-diem-prn-brandon-fl,41.97,lpn
Brandon,licensed-practical-nurse-per-diem-prn-brandon-ms,51.66,lpn
Branford,licensed-practical-nurse-per-diem-prn-branford-fl,41.97,lpn
Brattleboro,licensed-practical-nurse-per-diem-prn-brattleboro-vt,43.65,lpn
Breckenridge CO,licensed-practical-nurse-per-diem-prn-breckenridge-co,41.97,lpn
Breckenridge TX,licensed-practical-nurse-per-diem-prn-breckenridge-tx,41.97,lpn
Bremerton,licensed-practical-nurse-per-diem-prn-bremerton-wa,48.58,lpn
Bremond,licensed-practical-nurse-per-diem-prn-bremond-tx,41.97,lpn
Brenham,licensed-practical-nurse-per-diem-prn-brenham-tx,41.97,lpn
Brentwood,licensed-practical-nurse-per-diem-prn-brentwood-nh,42.81,lpn
Brentwood,licensed-practical-nurse-per-diem-prn-brentwood-tn,51.69,lpn
Brevard NC,licensed-practical-nurse-per-diem-prn-brevard-nc,42.81,lpn
Brick NJ,licensed-practical-nurse-per-diem-prn-brick-nj,41.97,lpn
Brick Township,licensed-practical-nurse-per-diem-prn-brick-township-nj,41.97,lpn
Bridge City,licensed-practical-nurse-per-diem-prn-bridge-city-tx,41.97,lpn
Bridgeport,licensed-practical-nurse-per-diem-prn-bridgeport-ct,53.57,lpn
Bridgeport TX,licensed-practical-nurse-per-diem-prn-bridgeport-tx,41.97,lpn
Bridgeport WV,licensed-practical-nurse-per-diem-prn-bridgeport-wv,43.65,lpn
Bridgeton,licensed-practical-nurse-per-diem-prn-bridgeton-nj,45.87,lpn
Bridgewater,licensed-practical-nurse-per-diem-prn-bridgewater-nj,46.96,lpn
Brigham City UT,licensed-practical-nurse-per-diem-prn-brigham-city-ut,44.78,lpn
Brighton CO,licensed-practical-nurse-per-diem-prn-brighton-co,41.97,lpn
Bristol,licensed-practical-nurse-per-diem-prn-bristol-ct,53.58,lpn
Bristol,licensed-practical-nurse-per-diem-prn-bristol-ri,49.92,lpn
Bristol FL,licensed-practical-nurse-per-diem-prn-bristol-fl,41.97,lpn
Bristol TN,licensed-practical-nurse-per-diem-prn-bristol-tn,44.78,lpn
Brockton,licensed-practical-nurse-per-diem-prn-brockton-ma,41.97,lpn
Broken Arrow OK,licensed-practical-nurse-per-diem-prn-broken-arrow-ok,41.97,lpn
Bronte,licensed-practical-nurse-per-diem-prn-bronte-tx,41.97,lpn
Brookeland,licensed-practical-nurse-per-diem-prn-brookeland-tx,41.97,lpn
Brooker,licensed-practical-nurse-per-diem-prn-brooker-fl,41.97,lpn
Brookfield,licensed-practical-nurse-per-diem-prn-brookfield-wi,49.78,lpn
Brookhaven,licensed-practical-nurse-per-diem-prn-brookhaven-ga,52.78,lpn
Brookhaven,licensed-practical-nurse-per-diem-prn-brookhaven-ny,53.87,lpn
Brookings OR,licensed-practical-nurse-per-diem-prn-brookings-or,44.78,lpn
Brookings SD,licensed-practical-nurse-per-diem-prn-brookings-sd,44.78,lpn
Brookline,licensed-practical-nurse-per-diem-prn-brookline-ma,54.87,lpn
Brooklyn,licensed-practical-nurse-per-diem-prn-brooklyn-ct,50.26,lpn
Brooklyn,licensed-practical-nurse-per-diem-prn-brooklyn-ny,42.81,lpn
Brooklyn Center,licensed-practical-nurse-per-diem-prn-brooklyn-center-mn,50.69,lpn
Brooklyn Park,licensed-practical-nurse-per-diem-prn-brooklyn-park-mn,49.65,lpn
Brookshire,licensed-practical-nurse-per-diem-prn-brookshire-tx,41.97,lpn
Brookside,licensed-practical-nurse-per-diem-prn-brookside-de,53.59,lpn
Brooksville,licensed-practical-nurse-per-diem-prn-brooksville-fl,41.97,lpn
Broomfield CO,licensed-practical-nurse-per-diem-prn-broomfield-co,41.97,lpn
Brownfield,licensed-practical-nurse-per-diem-prn-brownfield-tx,41.97,lpn
Brownsville,licensed-practical-nurse-per-diem-prn-brownsville-5-or,44.78,lpn
Brownsville,licensed-practical-nurse-per-diem-prn-brownsville-tx,41.97,lpn
Brownwood,licensed-practical-nurse-per-diem-prn-brownwood-tx,41.97,lpn
Bruce,licensed-practical-nurse-per-diem-prn-bruce-fl,41.97,lpn
Brunswick,licensed-practical-nurse-per-diem-prn-brunswick-me,51.98,lpn
Brunswick,licensed-practical-nurse-per-diem-prn-brunswick-mo,49.98,lpn
Brunswick,licensed-practical-nurse-per-diem-prn-brunswick-oh,53.89,lpn
Brush,licensed-practical-nurse-per-diem-prn-brush-co,41.97,lpn
Bryan,licensed-practical-nurse-per-diem-prn-bryan-tx,41.97,lpn
Bryant,licensed-practical-nurse-per-diem-prn-bryant-ar,51.82,lpn
Bryn Athyn Huntingdon Valley,licensed-practical-nurse-per-diem-prn-bryn-athyn-huntingdon-valley-pa,49.95,lpn
Buckeye AZ,licensed-practical-nurse-per-diem-prn-buckeye-az,44.78,lpn
Buda,licensed-practical-nurse-per-diem-prn-buda-tx,41.97,lpn
Buena Ventura Lakes,licensed-practical-nurse-per-diem-prn-buena-ventura-lakes-fl,41.97,lpn
Buena Vista,licensed-practical-nurse-per-diem-prn-buena-vista-co,42.22,lpn
Buenaventura Lakes,licensed-practical-nurse-per-diem-prn-buenaventura-lakes-fl,54.98,lpn
Buffalo,licensed-practical-nurse-per-diem-prn-buffalo-ny,53.33,lpn
Buhl,licensed-practical-nurse-per-diem-prn-buhl-id,42.22,lpn
Bullhead City,licensed-practical-nurse-per-diem-prn-bullhead-city-az,44.78,lpn
Bulverde,licensed-practical-nurse-per-diem-prn-bulverde-tx,42.22,lpn
Buna,licensed-practical-nurse-per-diem-prn-buna-tx,42.22,lpn
Bunnell,licensed-practical-nurse-per-diem-prn-bunnell-fl,42.22,lpn
Burbank CA,licensed-practical-nurse-per-diem-prn-burbank-ca,42.22,lpn
Burbank IL,licensed-practical-nurse-per-diem-prn-burbank-il,46.59,lpn
Burien,licensed-practical-nurse-per-diem-prn-burien-wa,48.87,lpn
Burkburnett,licensed-practical-nurse-per-diem-prn-burkburnett-tx,42.22,lpn
Burke,licensed-practical-nurse-per-diem-prn-burke-va,54.78,lpn
Burleson,licensed-practical-nurse-per-diem-prn-burleson-tx,42.22,lpn
Burley ID,licensed-practical-nurse-per-diem-prn-burley-id,42.22,lpn
Burlingame,licensed-practical-nurse-per-diem-prn-burlingame-ca-5cbac,42.22,lpn
Burlington,licensed-practical-nurse-per-diem-prn-burlington-co,42.22,lpn
Burlington,licensed-practical-nurse-per-diem-prn-burlington-nc,48.26,lpn
Burlington,licensed-practical-nurse-per-diem-prn-burlington-vt,52.11,lpn
Burlington IA,licensed-practical-nurse-per-diem-prn-burlington-ia,53.26,lpn
Burnet,licensed-practical-nurse-per-diem-prn-burnet-tx,42.22,lpn
Burns,licensed-practical-nurse-per-diem-prn-burns-or,44.78,lpn
Burnsville,licensed-practical-nurse-per-diem-prn-burnsville-mn,49.95,lpn
Bushnell,licensed-practical-nurse-per-diem-prn-bushnell-fl,42.22,lpn
Butte Falls,licensed-practical-nurse-per-diem-prn-butte-falls-or,44.78,lpn
Butte MT,licensed-practical-nurse-per-diem-prn-butte-mt,42.81,lpn
Butte-Silver Bow,licensed-practical-nurse-per-diem-prn-butte-silver-bow-mt,51.11,lpn
Buzzards Bay,licensed-practical-nurse-per-diem-prn-buzzards-bay-ma,42.22,lpn
Cabot,licensed-practical-nurse-per-diem-prn-cabot-ar,51.69,lpn
Calais,licensed-practical-nurse-per-diem-prn-calais-me,42.81,lpn
Caldwell ID,per-diem-caldwell-id,46.78,lpn
Caldwell TX,licensed-practical-nurse-per-diem-prn-caldwell-tx,42.22,lpn
Calhan,licensed-practical-nurse-per-diem-prn-calhan-co,42.22,lpn
Caliente,licensed-practical-nurse-per-diem-prn-caliente-nv,44.78,lpn
Callaway,licensed-practical-nurse-per-diem-prn-callaway-fl,42.22,lpn
Camas WA,licensed-practical-nurse-per-diem-prn-camas-wa,42.22,lpn
Cambridge,licensed-practical-nurse-per-diem-prn-cambridge-ma,53.89,lpn
Cambridge,licensed-practical-nurse-per-diem-prn-cambridge-md,42.81,lpn
Cameron,licensed-practical-nurse-per-diem-prn-cameron-tx,42.22,lpn
Camp Hill PA,licensed-practical-nurse-per-diem-prn-camp-hill-pa,44.78,lpn
Camp Verde,licensed-practical-nurse-per-diem-prn-camp-verde-az,44.78,lpn
Camp Wood,licensed-practical-nurse-per-diem-prn-camp-wood-tx,42.22,lpn
Campbell,licensed-practical-nurse-per-diem-prn-campbell-ca,42.22,lpn
Canadian,licensed-practical-nurse-per-diem-prn-canadian-tx,42.22,lpn
Canby,licensed-practical-nurse-per-diem-prn-canby-or,44.78,lpn
Cando,licensed-practical-nurse-per-diem-prn-cando-nd,42.81,lpn
Canistota,licensed-practical-nurse-per-diem-prn-canistota-sd,44.78,lpn
Cannonville,licensed-practical-nurse-per-diem-prn-cannonville-ut,44.78,lpn
Canon City CO,licensed-practical-nurse-per-diem-prn-canon-city-co,42.22,lpn
Canton,licensed-practical-nurse-per-diem-prn-canton-oh,48.58,lpn
Canton GA,licensed-practical-nurse-per-diem-prn-canton-ga,52.69,lpn
Canton IL,licensed-practical-nurse-per-diem-prn-canton-il,44.78,lpn
Canton TX,licensed-practical-nurse-per-diem-prn-canton-tx,42.22,lpn
Cantonment,licensed-practical-nurse-per-diem-prn-cantonment-fl,42.22,lpn
Canutillo,licensed-practical-nurse-per-diem-prn-canutillo-tx,42.22,lpn
Canyon,licensed-practical-nurse-per-diem-prn-canyon-tx,42.22,lpn
Canyonville,licensed-practical-nurse-per-diem-prn-canyonville-or,44.78,lpn
Cape Coral FL,licensed-practical-nurse-per-diem-prn-cape-coral-fl,42.22,lpn
Cape Girardeau,licensed-practical-nurse-per-diem-prn-cape-girardeau-mo,49.11,lpn
Cape May,licensed-practical-nurse-per-diem-prn-cape-may-nj,50.43,lpn
Carbondale,licensed-practical-nurse-per-diem-prn-carbondale-co,42.22,lpn
Carefree,licensed-practical-nurse-per-diem-prn-carefree-az,44.78,lpn
Caribou,licensed-practical-nurse-per-diem-prn-caribou-me,45.87,lpn
Carlin,licensed-practical-nurse-per-diem-prn-carlin-nv,44.78,lpn
Carlinville,licensed-practical-nurse-per-diem-prn-carlinville-il,44.78,lpn
Carlsbad,licensed-practical-nurse-per-diem-prn-carlsbad-nm,53.31,lpn
Carlsbad,licensed-practical-nurse-per-diem-prn-carlsbad-tx,42.22,lpn
Carmel,licensed-practical-nurse-per-diem-prn-carmel-in,42.22,lpn
Carnegie,licensed-practical-nurse-per-diem-prn-carnegie-ok,42.22,lpn
Caro,licensed-practical-nurse-per-diem-prn-caro-mi,42.22,lpn
Carolina Forest SC,licensed-practical-nurse-per-diem-prn-carolina-forest-sc,50.11,lpn
Carrabelle,licensed-practical-nurse-per-diem-prn-carrabelle-fl,42.22,lpn
Carrizo Springs,licensed-practical-nurse-per-diem-prn-carrizo-springs-tx,42.22,lpn
Carroll IA,licensed-practical-nurse-per-diem-prn-carroll-ia,42.22,lpn
Carrollton,licensed-practical-nurse-per-diem-prn-carrollton-tx,42.22,lpn
Carrollwood,licensed-practical-nurse-per-diem-prn-carrollwood-fl,42.22,lpn
Carson City,licensed-practical-nurse-per-diem-prn-carson-city-nv,44.78,lpn
Carthage,licensed-practical-nurse-per-diem-prn-carthage-3-tx,42.22,lpn
Carthage,licensed-practical-nurse-per-diem-prn-carthage-ny,42.81,lpn
Cary,licensed-practical-nurse-per-diem-prn-cary-nc,54.78,lpn
Casa Blanca,licensed-practical-nurse-per-diem-prn-casa-blanca-nm,44.78,lpn
Casa Grande,licensed-practical-nurse-per-diem-prn-casa-grande-az,44.78,lpn
Casas Adobes,licensed-practical-nurse-per-diem-prn-casas-adobes-az,50.69,lpn
Cascade,licensed-practical-nurse-per-diem-prn-cascade-id,42.22,lpn
Casper,licensed-practical-nurse-per-diem-prn-casper-wy,45.89,lpn
Casselberry,licensed-practical-nurse-per-diem-prn-casselberry-fl,42.56,lpn
Castle Dale,licensed-practical-nurse-per-diem-prn-castle-dale-ut,44.78,lpn
Castle Pines CO,licensed-practical-nurse-per-diem-prn-castle-pines-co,42.56,lpn
Castle Rock CO,licensed-practical-nurse-per-diem-prn-castle-rock-co,36.84,lpn
Castroville,licensed-practical-nurse-per-diem-prn-castroville-tx,42.56,lpn
Catalina Foothills,licensed-practical-nurse-per-diem-prn-catalina-foothills-az,50.78,lpn
Catonsville,licensed-practical-nurse-per-diem-prn-catonsville-md,42.56,lpn
Catonsville,licensed-practical-nurse-per-diem-prn-catonsville-md-da080,53.58,lpn
Cave Junction,licensed-practical-nurse-per-diem-prn-cave-junction-or,44.78,lpn
Cedar City,licensed-practical-nurse-per-diem-prn-cedar-city-ut,44.78,lpn
Cedar Crest,licensed-practical-nurse-per-diem-prn-cedar-crest-nm,44.78,lpn
Cedar Falls IA,licensed-practical-nurse-per-diem-prn-cedar-falls-ia,42.56,lpn
Cedar Grove,licensed-practical-nurse-per-diem-prn-cedar-grove-nj,42.56,lpn
Cedar Hill,licensed-practical-nurse-per-diem-prn-cedar-hill-tx,42.56,lpn
Cedar Hills,licensed-practical-nurse-per-diem-prn-cedar-hills-ut,52.58,lpn
Cedar Park,licensed-practical-nurse-per-diem-prn-cedar-park-tx,42.56,lpn
Cedar Rapids,licensed-practical-nurse-per-diem-prn-cedar-rapids-oakhill-jackson-ia,45.87,lpn
Cedar Rapids AI,licensed-practical-nurse-per-diem-prn-cedar-rapids-ia,42.56,lpn
Cedar Rapids Oakhill Jackson,licensed-practical-nurse-per-diem-prn-new-prt-rchy-fl,42.54,lpn
Cedaredge,licensed-practical-nurse-per-diem-prn-cedaredge-co,42.56,lpn
Celebration,licensed-practical-nurse-per-diem-prn-celebration-fl,42.56,lpn
Celina,licensed-practical-nurse-per-diem-prn-celina-tx,42.56,lpn
Centennial,licensed-practical-nurse-per-diem-prn-centennial-co-4850a,42.56,lpn
Centennial CO,licensed-practical-nurse-per-diem-prn-centennial-co,42.56,lpn
Center CO,licensed-practical-nurse-per-diem-prn-center-co,42.56,lpn
Center Tuftonboro,licensed-practical-nurse-per-diem-prn-center-tuftonboro-nh,42.56,lpn
Center TX,licensed-practical-nurse-per-diem-prn-center-tx,42.56,lpn
Centerfield,licensed-practical-nurse-per-diem-prn-centerfield-ut,44.78,lpn
Centerville IA,licensed-practical-nurse-per-diem-prn-centerville-b-ia,42.56,lpn
Centerville OH,licensed-practical-nurse-per-diem-prn-centerville-oh,52.89,lpn
Centerville TX,licensed-practical-nurse-per-diem-prn-centerville-tx,42.56,lpn
Centerville UT,licensed-practical-nurse-per-diem-prn-centerville-ut,44.78,lpn
Central,licensed-practical-nurse-per-diem-prn-central-la,51.11,lpn
Central Falls,licensed-practical-nurse-per-diem-prn-central-falls-ri,42.56,lpn
Central Point OR,licensed-practical-nurse-per-diem-prn-central-point-or,44.78,lpn
Centreville,licensed-practical-nurse-per-diem-prn-centreville-va,54.58,lpn
Century,licensed-practical-nurse-per-diem-prn-century-fl,42.56,lpn
Cetreville,licensed-practical-nurse-per-diem-prn-cetreville-md,42.56,lpn
Challis,licensed-practical-nurse-per-diem-prn-challis-id,42.56,lpn
Chalmette,licensed-practical-nurse-per-diem-prn-chalmette-la,51.73,lpn
Chamberlain,licensed-practical-nurse-per-diem-prn-chamberlain-sd,44.78,lpn
Champaign,licensed-practical-nurse-per-diem-prn-champaign-il,48.87,lpn
Chandler,per-diem-chandler-az,46.33,lpn
Channelview,licensed-practical-nurse-per-diem-prn-channelview-tx,42.56,lpn
Chantilly VA,licensed-practical-nurse-per-diem-prn-chantily-va,45.38,lpn
Chapel Hill,licensed-practical-nurse-per-diem-prn-chapel-hill-nc,48.57,lpn
Charleston,licensed-practical-nurse-per-diem-prn-charleston-wv,48.65,lpn
Charleston SC,licensed-practical-nurse-per-diem-prn-charleston-sc,44.78,lpn
Charlotte Elizabeth,licensed-practical-nurse-per-diem-prn-charlotte-elizabeth-nc,53.65,lpn
Charlotte Myers Park,licensed-practical-nurse-per-diem-prn-charlotte-myers-park-nc,53.73,lpn
Charlotte NC,licensed-practical-nurse-per-diem-prn-charlotte-nc,32.66,lpn
Charlotte Plaza-Shamrock,licensed-practical-nurse-per-diem-prn-charlotte-plaza-shamrock-nc,53.67,lpn
Charlotte Sherwood Forest,licensed-practical-nurse-per-diem-prn-charlotte-sherwood-forest-nc,53.69,lpn
Charlottesville,licensed-practical-nurse-per-diem-prn-charlottesville-va,54.67,lpn
Chatsworth GA,licensed-practical-nurse-per-diem-prn-chatsworth-ga,45.89,lpn
Chattahoochee,licensed-practical-nurse-per-diem-prn-chattahoochee-fl,42.56,lpn
Chattanooga TN,licensed-practical-nurse-per-diem-prn-chattanooga-tn,44.78,lpn
Cheektowaga,licensed-practical-nurse-per-diem-prn-cheektowaga-ny,54.31,lpn
Cheltenham,licensed-practical-nurse-per-diem-prn-cheltenham-pa,50.33,lpn
Cheney,licensed-practical-nurse-per-diem-prn-cheney-ks,49.69,lpn
Cherokee IA,licensed-practical-nurse-per-diem-prn-cherokee-ia,42.56,lpn
Cherry Hill NJ,licensed-practical-nurse-per-diem-prn-cherry-hill-nj,46.96,lpn
Cherry Hills Village,licensed-practical-nurse-per-diem-prn-cherry-hills-village-co,42.56,lpn
Chesapeake,licensed-practical-nurse-per-diem-prn-chesapeake-va,53.95,lpn
Chester,licensed-practical-nurse-per-diem-prn-chester-tx,42.56,lpn
Chester City,licensed-practical-nurse-per-diem-prn-chester-city-pa,50.31,lpn
Chesterfield,licensed-practical-nurse-per-diem-prn-chesterfield-mo,49.69,lpn
Chesterville,licensed-practical-nurse-per-diem-prn-chesterville-oh,54.58,lpn
Chestnut Ridge,licensed-practical-nurse-per-diem-prn-chestnut-ridge-nj,45.38,lpn
Cheyenne,licensed-practical-nurse-per-diem-prn-cheyenne-wy,45.89,lpn
Cheyenne Wells,licensed-practical-nurse-per-diem-prn-cheyenne-wells-co,42.56,lpn
Chicago Heights IL,licensed-practical-nurse-per-diem-prn-chicago-heights-il,44.78,lpn
Chicago IL,per-diem-chicago-il,52.96,lpn
Chicago Ridge,licensed-practical-nurse-per-diem-prn-chicago-ridge-il-e2f61,50.96,lpn
Chico,licensed-practical-nurse-per-diem-prn-chico-ca,42.56,lpn
Chicopee,licensed-practical-nurse-per-diem-prn-chicopee-ma,54.65,lpn
Chiefland,licensed-practical-nurse-per-diem-prn-chiefland-fl,42.56,lpn
Chilchinbito,licensed-practical-nurse-per-diem-prn-chilchinbito-az,44.78,lpn
Childress,licensed-practical-nurse-per-diem-prn-childress-tx,42.56,lpn
Chillicothe OH,licensed-practical-nurse-per-diem-prn-chillicothe-oh,45.38,lpn
Chillicothe TX,licensed-practical-nurse-per-diem-prn-chillicothe-tx,42.56,lpn
Chillum,licensed-practical-nurse-per-diem-prn-chillum-md,53.73,lpn
Chiloquin,licensed-practical-nurse-per-diem-prn-chiloquin-or,44.78,lpn
Chinle,licensed-practical-nurse-per-diem-prn-chinle-az,44.78,lpn
Chino,licensed-practical-nurse-per-diem-prn-chino-ca,42.56,lpn
Chipley,licensed-practical-nurse-per-diem-prn-chipley-fl,42.56,lpn
Chippewa Falls,licensed-practical-nurse-per-diem-prn-chippewa-falls-wi,43.65,lpn
Christmas Valley,licensed-practical-nurse-per-diem-prn-christmas-valley-or,44.78,lpn
Chubbuck,licensed-practical-nurse-per-diem-prn-chubbuck-id,42.89,lpn
Chula Vista,licensed-practical-nurse-per-diem-prn-chula-vista-ca,52.31,lpn
Cicero,licensed-practical-nurse-per-diem-prn-cicero-il,48.43,lpn
Cincinnati OH,licensed-practical-nurse-per-diem-prn-cincinnati-oh,35.63,lpn
Circleville,licensed-practical-nurse-per-diem-prn-circleville-ut,44.78,lpn
Cisco,licensed-practical-nurse-per-diem-prn-cisco-tx,42.89,lpn
Citra,licensed-practical-nurse-per-diem-prn-citra-fl,42.89,lpn
Citrus Springs,licensed-practical-nurse-per-diem-prn-citrus-springs-fl,42.89,lpn
Clackamas,licensed-practical-nurse-per-diem-prn-clackamas-or,44.78,lpn
Clancy,licensed-practical-nurse-per-diem-prn-clancy-mt,47.07,lpn
Clare,licensed-practical-nurse-per-diem-prn-clare-mi,42.89,lpn
Claremont,licensed-practical-nurse-per-diem-prn-claremont-nh,42.81,lpn
Claremore,licensed-practical-nurse-per-diem-prn-claremore-ok,44.78,lpn
Clarendon,licensed-practical-nurse-per-diem-prn-clarendon-tx,42.89,lpn
Clarinda IA,licensed-practical-nurse-per-diem-prn-clarinda-ia,42.89,lpn
Clark,licensed-practical-nurse-per-diem-prn-clark-nj,52.78,lpn
Clarksburg,licensed-practical-nurse-per-diem-prn-clarksburg-wv,51.95,lpn
Clarkston,licensed-practical-nurse-per-diem-prn-clarkston-wa,44.78,lpn
Clarkstown,licensed-practical-nurse-per-diem-prn-clarkstown-ny,54.57,lpn
Clarksville,licensed-practical-nurse-per-diem-prn-clarksville-tn,51.75,lpn
Clarksville,licensed-practical-nurse-per-diem-prn-clarksville-tx,42.89,lpn
Clatskanie,licensed-practical-nurse-per-diem-prn-clatskanie-or,44.78,lpn
Claude,licensed-practical-nurse-per-diem-prn-claude-tx,42.89,lpn
Clay,licensed-practical-nurse-per-diem-prn-clay-ny,54.58,lpn
Cle Elum WA,licensed-practical-nurse-per-diem-prn-cle-elum-wa,42.89,lpn
Clearfield UT,licensed-practical-nurse-per-diem-prn-clearfield-ut,44.78,lpn
Clearlake,licensed-practical-nurse-per-diem-prn-clearlake-ca,42.89,lpn
Clearwater FL,licensed-practical-nurse-per-diem-prn-clearwater-fl,42.89,lpn
Cleburne,licensed-practical-nurse-per-diem-prn-cleburne-tx,42.89,lpn
Clermont FL,licensed-practical-nurse-per-diem-prn-clermont-fl,42.89,lpn
Cleveland,licensed-practical-nurse-per-diem-prn-cleveland-tn,51.65,lpn
Cleveland Heights,licensed-practical-nurse-per-diem-prn-cleveland-heights-oh,54.73,lpn
Cleveland OH,licensed-practical-nurse-per-diem-prn-cleveland-oh,35.63,lpn
Cleveland TX,licensed-practical-nurse-per-diem-prn-cleveland-tx,42.89,lpn
Clewiston,licensed-practical-nurse-per-diem-prn-clewiston-fl,42.89,lpn
Clifton AZ,licensed-practical-nurse-per-diem-prn-clifton-az,44.78,lpn
Clifton Forge,licensed-practical-nurse-per-diem-prn-clifton-forge-va,45.38,lpn
Clifton NJ,licensed-practical-nurse-per-diem-prn-clifton-nj,44.78,lpn
Clifton TX,licensed-practical-nurse-per-diem-prn-clifton-tx,42.89,lpn
Climax,licensed-practical-nurse-per-diem-prn-climax-co,42.89,lpn
Clint,licensed-practical-nurse-per-diem-prn-clint-tx,42.89,lpn
Clinton,licensed-practical-nurse-per-diem-prn-clinton-md-74119,53.69,lpn
Clinton,licensed-practical-nurse-per-diem-prn-clinton-ms,50.98,lpn
Clinton IA,licensed-practical-nurse-per-diem-prn-clinton-ia,53.87,lpn
Clinton MD,licensed-practical-nurse-per-diem-prn-clinton-md,42.81,lpn
Clinton OH,licensed-practical-nurse-per-diem-prn-clinton-oh,42.89,lpn
Clinton UT,licensed-practical-nurse-per-diem-prn-clinton-ut,42.89,lpn
Clovis,licensed-practical-nurse-per-diem-prn-clovis-nm,44.78,lpn
Clute,licensed-practical-nurse-per-diem-prn-clute-tx,42.89,lpn
Clyde,licensed-practical-nurse-per-diem-prn-clyde-tx,42.89,lpn
Coalville,licensed-practical-nurse-per-diem-prn-coalville-ut,44.78,lpn
Cobleskill,licensed-practical-nurse-per-diem-prn-cobleskill-ny,42.81,lpn
Cockeysville,licensed-practical-nurse-per-diem-prn-cockeysville-md,42.89,lpn
Cocoa,licensed-practical-nurse-per-diem-prn-cocoa-fl,42.89,lpn
Cocoa Beach,licensed-practical-nurse-per-diem-prn-cocoa-beach-fl,42.89,lpn
Coconut Creek,licensed-practical-nurse-per-diem-prn-coconut-creek-fl,42.89,lpn
Coconut Grove,licensed-practical-nurse-per-diem-prn-coconut-grove-fl,42.89,lpn
Cody,licensed-practical-nurse-per-diem-prn-cody-wy,50.11,lpn
Coeur D Alene,licensed-practical-nurse-per-diem-prn-coeur-d-alene-id,42.89,lpn
Coeur D'Alene,licensed-practical-nurse-per-diem-prn-coeur-dalene-id,42.89,lpn
Colchester,licensed-practical-nurse-per-diem-prn-colchester-ct,46.18,lpn
Colchester,licensed-practical-nurse-per-diem-prn-colchester-vt,52.69,lpn
Coldspring,licensed-practical-nurse-per-diem-prn-coldspring-tx,42.89,lpn
Coleman,licensed-practical-nurse-per-diem-prn-coleman-tx,42.89,lpn
Coleridge,licensed-practical-nurse-per-diem-prn-coleridge-ne,42.81,lpn
Colfax,licensed-practical-nurse-per-diem-prn-colfax-wa,44.78,lpn
College,licensed-practical-nurse-per-diem-prn-college-ak,50.87,lpn
College Station,licensed-practical-nurse-per-diem-prn-college-station-tx,42.89,lpn
Colleyville,licensed-practical-nurse-per-diem-prn-colleyville-tx,42.89,lpn
Collierville,licensed-practical-nurse-per-diem-prn-collierville-tn,51.11,lpn
Collinsville,licensed-practical-nurse-per-diem-prn-collinsville-tx,42.89,lpn
Colonial Beach,licensed-practical-nurse-per-diem-prn-colonial-beach-va,45.38,lpn
Colonie town,licensed-practical-nurse-per-diem-prn-colonie-town-ny,54.26,lpn
Colorado City,licensed-practical-nurse-per-diem-prn-colorado-city-tx,42.89,lpn
Colorado Springs,licensed-practical-nurse-per-diem-prn-colorado-springs-co,32.45,lpn
Colton CA,licensed-practical-nurse-per-diem-prn-colton-ca,42.89,lpn
Columbia,licensed-practical-nurse-per-diem-prn-columbia-md,52.43,lpn
Columbia Falls,licensed-practical-nurse-per-diem-prn-columbia-falls-mt,53.26,lpn
Columbia Midtown - Downtown,licensed-practical-nurse-per-diem-prn-paris-south-paris-me,49.65,lpn
Columbia Midtown - Downtown SC,licensed-practical-nurse-per-diem-prn-columbia-midtown-downtown-sc,47.07,lpn
Columbia MO,licensed-practical-nurse-per-diem-prn-columbia-mo,42.81,lpn
Columbia SC,licensed-practical-nurse-per-diem-prn-columbia-sc,49.95,lpn
Columbia TN,licensed-practical-nurse-per-diem-prn-columbia-tn,44.78,lpn
Columbus,licensed-practical-nurse-per-diem-prn-columbus-in,49.73,lpn
Columbus,licensed-practical-nurse-per-diem-prn-columbus-ms,51.43,lpn
Columbus,licensed-practical-nurse-per-diem-prn-columbus-ne,51.82,lpn
Columbus GA,licensed-practical-nurse-per-diem-prn-columbus-ga,52.65,lpn
Columbus OH,licensed-practical-nurse-per-diem-prn-columbus-oh,37.78,lpn
Columbus TX,licensed-practical-nurse-per-diem-prn-columbus-tx,42.89,lpn
Comanche,licensed-practical-nurse-per-diem-prn-comanche-tx,42.89,lpn
Comfort,licensed-practical-nurse-per-diem-prn-comfort-tx,42.89,lpn
Commerce,licensed-practical-nurse-per-diem-prn-commerce-tx,42.89,lpn
Commerce City CO,licensed-practical-nurse-per-diem-prn-commerce-city-co,42.89,lpn
Concord,licensed-practical-nurse-per-diem-prn-concord-nc,54.89,lpn
Concord MA,licensed-practical-nurse-per-diem-prn-concord-ma,42.89,lpn
Concord NH,licensed-practical-nurse-per-diem-prn-concord-nh,37.80,lpn
Condon,licensed-practical-nurse-per-diem-prn-condon-or,44.78,lpn
Congress,licensed-practical-nurse-per-diem-prn-congress-az,44.78,lpn
Conifer,licensed-practical-nurse-per-diem-prn-conifer-co,42.89,lpn
Conneaut OH,licensed-practical-nurse-per-diem-prn-conneaut-oh,45.38,lpn
Conrad MT,licensed-practical-nurse-per-diem-prn-conrad-mt,42.81,lpn
Conroe,licensed-practical-nurse-per-diem-prn-conroe-tx,35.84,lpn
Converse,licensed-practical-nurse-per-diem-prn-converse-tx,42.89,lpn
Conway,licensed-practical-nurse-per-diem-prn-conway-ar,51.31,lpn
Conway SC,licensed-practical-nurse-per-diem-prn-conway-sc,50.33,lpn
Cookeville,licensed-practical-nurse-per-diem-prn-cookeville-tn,51.92,lpn
Coolidge,licensed-practical-nurse-per-diem-prn-coolidge-az,44.78,lpn
Coon Rapids,licensed-practical-nurse-per-diem-prn-coon-rapids-mn,50.31,lpn
Cooper,licensed-practical-nurse-per-diem-prn-cooper-tx,42.89,lpn
Cooper City,licensed-practical-nurse-per-diem-prn-cooper-city-fl,42.89,lpn
Cooperstown,licensed-practical-nurse-per-diem-prn-cooperstown-ny,42.81,lpn
Coos Bay,licensed-practical-nurse-per-diem-prn-coos-bay-or,44.78,lpn
Coppell,licensed-practical-nurse-per-diem-prn-coppell-tx,42.89,lpn
Copperas Cove,licensed-practical-nurse-per-diem-prn-copperas-cove-tx,42.89,lpn
Coquille,licensed-practical-nurse-per-diem-prn-coquille-or,44.78,lpn
Coral Gables,licensed-practical-nurse-per-diem-prn-coral-gables-fl,42.89,lpn
Coral Springs FL,licensed-practical-nurse-per-diem-prn-coral-springs-fl,42.89,lpn
Coralville IA,licensed-practical-nurse-per-diem-prn-coralville-ia,53.57,lpn
Corinth,licensed-practical-nurse-per-diem-prn-corinth-tx,42.89,lpn
Cornelius NC,licensed-practical-nurse-per-diem-prn-cornelius-nc,51.67,lpn
Corona,licensed-practical-nurse-per-diem-prn-corona-ca,52.78,lpn
Corona NY,licensed-practical-nurse-per-diem-prn-corona-ny,42.89,lpn
Corpus Christi,per-diem-corpus-christi-tx,52.98,lpn
Corpus Christi Central City,licensed-practical-nurse-per-diem-prn-corpus-christi-central-city-tx,51.82,lpn
Corrigan,licensed-practical-nurse-per-diem-prn-corrigan-tx,42.89,lpn
Corsicana,licensed-practical-nurse-per-diem-prn-corsicana-tx,42.89,lpn
Cortez,licensed-practical-nurse-per-diem-prn-cortez-co,42.89,lpn
Corvallis,licensed-practical-nurse-per-diem-prn-corvallis-or,44.78,lpn
Corydon IA,licensed-practical-nurse-per-diem-prn-corydon-ia,43.04,lpn
Coshocton,licensed-practical-nurse-per-diem-prn-coshocton-oh,45.38,lpn
Cottage Grove,licensed-practical-nurse-per-diem-prn-cottage-grove-mn,50.33,lpn
Cottage Grove,licensed-practical-nurse-per-diem-prn-cottage-grove-or,44.78,lpn
Cottonwood AZ,licensed-practical-nurse-per-diem-prn-cottonwood-az,44.78,lpn
Cottonwood Heights,licensed-practical-nurse-per-diem-prn-cottonwood-heights-ut,44.78,lpn
Cottonwood ID,licensed-practical-nurse-per-diem-prn-cottonwood-id,43.04,lpn
Cotulla,licensed-practical-nurse-per-diem-prn-cotulla-tx,43.04,lpn
Council,licensed-practical-nurse-per-diem-prn-council-id,43.04,lpn
Council Bluffs IA,licensed-practical-nurse-per-diem-prn-council-bluffs-ia,43.04,lpn
Country Club,licensed-practical-nurse-per-diem-prn-country-club-fl,48.26,lpn
Coventry,licensed-practical-nurse-per-diem-prn-coventry-ri,43.04,lpn
Covina,licensed-practical-nurse-per-diem-prn-covina-ca-1213a,43.04,lpn
Covington,licensed-practical-nurse-per-diem-prn-covington-ky,50.33,lpn
Covington,licensed-practical-nurse-per-diem-prn-covington-la,42.81,lpn
Craig,licensed-practical-nurse-per-diem-prn-craig-co,43.04,lpn
Crane,licensed-practical-nurse-per-diem-prn-crane-tx,43.04,lpn
Cranston,licensed-practical-nurse-per-diem-prn-cranston-ri,45.38,lpn
Crawfordville,licensed-practical-nurse-per-diem-prn-crawfordville-fl,43.04,lpn
Creede,licensed-practical-nurse-per-diem-prn-creede-co,43.04,lpn
Crescent City,licensed-practical-nurse-per-diem-prn-crescent-city-fl,43.04,lpn
Cresco,licensed-practical-nurse-per-diem-prn-cresco-ia,43.04,lpn
Cresskill,licensed-practical-nurse-per-diem-prn-cresskill-nj,45.38,lpn
Crestview,licensed-practical-nurse-per-diem-prn-crestview-fl,43.04,lpn
Creswell,licensed-practical-nurse-per-diem-prn-creswell-or,44.78,lpn
Crete,licensed-practical-nurse-per-diem-prn-crete-il,46.59,lpn
Creve Coeur MO,licensed-practical-nurse-per-diem-prn-creve-coeur-mo,43.04,lpn
Cripple Creek,licensed-practical-nurse-per-diem-prn-cripple-creek-co,43.04,lpn
Crockett,licensed-practical-nurse-per-diem-prn-crockett-tx,43.04,lpn
Cromwell,licensed-practical-nurse-per-diem-prn-cromwell-ct,45.88,lpn
Crosby,licensed-practical-nurse-per-diem-prn-crosby-tx,43.04,lpn
Crosbyton,licensed-practical-nurse-per-diem-prn-crosbyton-tx,43.04,lpn
Cross City,licensed-practical-nurse-per-diem-prn-cross-city-fl,43.04,lpn
Cross Plains,licensed-practical-nurse-per-diem-prn-cross-plains-tx,43.04,lpn
Crossville TN,licensed-practical-nurse-per-diem-prn-crossville-tn,43.04,lpn
Croton On Hudson,licensed-practical-nurse-per-diem-prn-croton-on-hudson-ny,42.81,lpn
Crowell,licensed-practical-nurse-per-diem-prn-crowell-tx,43.04,lpn
Crowley,licensed-practical-nurse-per-diem-prn-crowley-tx,43.04,lpn
Crown Point,licensed-practical-nurse-per-diem-prn-crown-point-in,43.04,lpn
Crownsville,licensed-practical-nurse-per-diem-prn-crownsville-md,42.81,lpn
Crystal City,licensed-practical-nurse-per-diem-prn-crystal-city-tx,43.04,lpn
Crystal River,licensed-practical-nurse-per-diem-prn-crystal-river-fl,43.04,lpn
Cuba City,licensed-practical-nurse-per-diem-prn-cuba-city-wi,43.65,lpn
Cuero,licensed-practical-nurse-per-diem-prn-cuero-tx,43.39,lpn
Culbertson,licensed-practical-nurse-per-diem-prn-culbertson-mt,42.81,lpn
Cullman,licensed-practical-nurse-per-diem-prn-cullman-al,43.39,lpn
Cumberland,licensed-practical-nurse-per-diem-prn-cumberland-ri,43.39,lpn
Cupertino,licensed-practical-nurse-per-diem-prn-cupertino-ca,43.39,lpn
Cutler Bay,licensed-practical-nurse-per-diem-prn-cutler-bay-fl,43.39,lpn
Cuyahoga Falls,licensed-practical-nurse-per-diem-prn-cuyahoga-falls-oh,51.73,lpn
Cypress,licensed-practical-nurse-per-diem-prn-cypress-tx,43.39,lpn
Dade City,licensed-practical-nurse-per-diem-prn-dade-city-fl,43.39,lpn
Dadeville,licensed-practical-nurse-per-diem-prn-dadeville-al,43.39,lpn
Dahlonega,licensed-practical-nurse-per-diem-prn-dahlonega-ga,43.39,lpn
Daingerfield,licensed-practical-nurse-per-diem-prn-daingerfield-tx,43.39,lpn
Dakota Ridge,licensed-practical-nurse-per-diem-prn-dakota-ridge-co,52.98,lpn
Dale City,licensed-practical-nurse-per-diem-prn-dale-city-va,54.43,lpn
Dalhart,licensed-practical-nurse-per-diem-prn-dalhart-tx,43.39,lpn
Dallas Oak Cliff,licensed-practical-nurse-per-diem-prn-dallas-oak-cliff-tx,49.66,lpn
Dallas OR,licensed-practical-nurse-per-diem-prn-dallas-or,44.78,lpn
Dallas TX,per-diem-dallas-tx,34.01,lpn
Dallastown,licensed-practical-nurse-per-diem-prn-dallastown-pa,44.78,lpn
Dalton,licensed-practical-nurse-per-diem-prn-dalton-ga,52.67,lpn
Dalworthington Gardens,licensed-practical-nurse-per-diem-prn-dalworthington-gardens-tx,43.39,lpn
Daly City,licensed-practical-nurse-per-diem-prn-daly-city-ca,43.39,lpn
Danbury,licensed-practical-nurse-per-diem-prn-danbury-ct,45.89,lpn
Dania,licensed-practical-nurse-per-diem-prn-dania-fl,43.39,lpn
Dania Beach,licensed-practical-nurse-per-diem-prn-dania-beach-fl,43.39,lpn
Danielson,licensed-practical-nurse-per-diem-prn-danielson-ct,51.67,lpn
Danville,licensed-practical-nurse-per-diem-prn-danville-va,54.82,lpn
Daphne,licensed-practical-nurse-per-diem-prn-daphne-al,49.67,lpn
Darlington,licensed-practical-nurse-per-diem-prn-darlington-wi,43.65,lpn
Davenport FL,licensed-practical-nurse-per-diem-prn-davenport-fl,43.39,lpn
Davenport IA,licensed-practical-nurse-per-diem-prn-davenport-ia,53.65,lpn
Davidson NC,licensed-practical-nurse-per-diem-prn-davidson-nc,43.39,lpn
Davie,licensed-practical-nurse-per-diem-prn-davie-fl,43.39,lpn
Dayton OH,licensed-practical-nurse-per-diem-prn-dayton-oh,45.38,lpn
Dayton TX,licensed-practical-nurse-per-diem-prn-dayton-tx,43.39,lpn
Daytona Beach,licensed-practical-nurse-per-diem-prn-daytona-beach-fl,43.39,lpn
De Kalb,licensed-practical-nurse-per-diem-prn-de-kalb-tx,43.39,lpn
De Leon,licensed-practical-nurse-per-diem-prn-de-leon-tx,43.39,lpn
De Smet,licensed-practical-nurse-per-diem-prn-de-smet-sd,44.78,lpn
Dearborn,licensed-practical-nurse-per-diem-prn-dearborn-mi,54.98,lpn
Dearborn Heights,licensed-practical-nurse-per-diem-prn-dearborn-heights-mi,51.95,lpn
Debary,licensed-practical-nurse-per-diem-prn-debary-fl,43.39,lpn
Decatur,licensed-practical-nurse-per-diem-prn-decatur-al,49.57,lpn
Decatur IL,licensed-practical-nurse-per-diem-prn-decatur-il,44.78,lpn
Decatur TX,licensed-practical-nurse-per-diem-prn-decatur-tx,43.39,lpn
Deer Park,licensed-practical-nurse-per-diem-prn-deer-park-tx,43.39,lpn
Deerfield Beach,licensed-practical-nurse-per-diem-prn-deerfield-beach-fl,43.39,lpn
Deerfield IL,licensed-practical-nurse-per-diem-prn-deerfield-il,43.39,lpn
Defuniak Springs,licensed-practical-nurse-per-diem-prn-defuniak-springs-fl,43.39,lpn
Del City,licensed-practical-nurse-per-diem-prn-del-city-ok,49.33,lpn
Del Norte,licensed-practical-nurse-per-diem-prn-del-norte-co,43.39,lpn
Del Rio,licensed-practical-nurse-per-diem-prn-del-rio-tx,43.39,lpn
Del Valle,licensed-practical-nurse-per-diem-prn-del-valle-tx,43.39,lpn
Deland,licensed-practical-nurse-per-diem-prn-deland-fl,44.13,lpn
Delaware,licensed-practical-nurse-per-diem-prn-delaware-oh,54.65,lpn
Delray Beach,licensed-practical-nurse-per-diem-prn-delray-beach-fl,44.13,lpn
Delta CO,licensed-practical-nurse-per-diem-prn-delta-co,44.13,lpn
Delta UT,licensed-practical-nurse-per-diem-prn-delta-ut,44.78,lpn
Deltona,licensed-practical-nurse-per-diem-prn-deltona-fl,44.13,lpn
Denison,licensed-practical-nurse-per-diem-prn-denison-tx,44.13,lpn
Denton,licensed-practical-nurse-per-diem-prn-denton-tx,44.13,lpn
Denver City,licensed-practical-nurse-per-diem-prn-denver-city-tx,44.13,lpn
Denver City Park West,licensed-practical-nurse-per-diem-prn-denver-city-park-west-co,45.87,lpn
Denver CO,per-diem-denver-co,43.47,lpn
Denver West,licensed-practical-nurse-per-diem-prn-union-city-nj,42.54,lpn
Denville,licensed-practical-nurse-per-diem-prn-denville-nj,47.07,lpn
Depoe Bay,licensed-practical-nurse-per-diem-prn-depoe-bay-or,44.78,lpn
Derby,licensed-practical-nurse-per-diem-prn-derby-ks,50.33,lpn
Deridder,licensed-practical-nurse-per-diem-prn-deridder-la,42.81,lpn
Derry,licensed-practical-nurse-per-diem-prn-derry-nh,42.81,lpn
Des Moines Downtown Des Moines,licensed-practical-nurse-per-diem-prn-enfield-ct,47.07,lpn
Des Moines IA,licensed-practical-nurse-per-diem-prn-des-moines-ia,34.56,lpn
Des Plaines,licensed-practical-nurse-per-diem-prn-des-plaines-il,48.67,lpn
Desoto,licensed-practical-nurse-per-diem-prn-desoto-tx,44.13,lpn
Destin,licensed-practical-nurse-per-diem-prn-destin-fl,44.13,lpn
Detroit,licensed-practical-nurse-per-diem-prn-detroit-mi,48.73,lpn
Devils Lake,licensed-practical-nurse-per-diem-prn-devils-lake-nd,42.81,lpn
Devine,licensed-practical-nurse-per-diem-prn-devine-tx,44.13,lpn
Dewey,licensed-practical-nurse-per-diem-prn-dewey-az,44.78,lpn
Dexter,licensed-practical-nurse-per-diem-prn-dexter-or,44.78,lpn
Dexter MO,licensed-practical-nurse-per-diem-prn-dexter-mo,44.13,lpn
Diboll,licensed-practical-nurse-per-diem-prn-diboll-tx,44.13,lpn
Dickinson,licensed-practical-nurse-per-diem-prn-dickinson-tx,44.13,lpn
Dickson TN,licensed-practical-nurse-per-diem-prn-dickson-tn,44.78,lpn
Dilley,licensed-practical-nurse-per-diem-prn-dilley-tx,44.13,lpn
Dillon CO,licensed-practical-nurse-per-diem-prn-dillon-co,44.13,lpn
Dillon MT,licensed-practical-nurse-per-diem-prn-dillon-mt,42.81,lpn
Dimmitt,licensed-practical-nurse-per-diem-prn-dimmitt-tx,44.13,lpn
Divide,licensed-practical-nurse-per-diem-prn-divide-co,44.13,lpn
Dodge City,licensed-practical-nurse-per-diem-prn-dodge-city-ks,50.11,lpn
Donna,licensed-practical-nurse-per-diem-prn-donna-tx,44.13,lpn
Doral,licensed-practical-nurse-per-diem-prn-doral-fl,44.13,lpn
Dothan,licensed-practical-nurse-per-diem-prn-dothan-al,44.13,lpn
Double Oak,licensed-practical-nurse-per-diem-prn-double-oak-tx,44.13,lpn
Douglas,licensed-practical-nurse-per-diem-prn-douglas-az,44.78,lpn
Douglas,licensed-practical-nurse-per-diem-prn-douglas-wy,50.69,lpn
Douglasville,licensed-practical-nurse-per-diem-prn-douglasville-ga,52.11,lpn
Dousman,licensed-practical-nurse-per-diem-prn-dousman-wi,43.65,lpn
Dove Creek CO,licensed-practical-nurse-per-diem-prn-dove-creek-co,44.13,lpn
Dover,licensed-practical-nurse-per-diem-prn-dover-de,54.57,lpn
Dover FL,licensed-practical-nurse-per-diem-prn-dover-fl,44.13,lpn
Dover NH,licensed-practical-nurse-per-diem-prn-dover-nh,42.81,lpn
Dover NJ,licensed-practical-nurse-per-diem-prn-dover-nj,46.96,lpn
Downers Grove,licensed-practical-nurse-per-diem-prn-downers-grove-il,49.31,lpn
Downey,licensed-practical-nurse-per-diem-prn-downey-id,44.13,lpn
Downington,licensed-practical-nurse-per-diem-prn-downington-pa,52.44,lpn
Draper UT,licensed-practical-nurse-per-diem-prn-draper-ut,44.78,lpn
Drasco,licensed-practical-nurse-per-diem-prn-drasco-ar,44.13,lpn
Drew,licensed-practical-nurse-per-diem-prn-drew-ms,44.13,lpn
Driggs,licensed-practical-nurse-per-diem-prn-driggs-id,44.13,lpn
Dripping Springs,licensed-practical-nurse-per-diem-prn-dripping-springs-tx,44.13,lpn
Dublin,licensed-practical-nurse-per-diem-prn-dublin-nh,44.13,lpn
Dublin GA,licensed-practical-nurse-per-diem-prn-dublin-ga,45.89,lpn
Dublin OH,licensed-practical-nurse-per-diem-prn-dublin-oh,44.13,lpn
Dublin TX,licensed-practical-nurse-per-diem-prn-dublin-tx,44.13,lpn
Dubuque AI,licensed-practical-nurse-per-diem-prn-dubuque-ia,44.13,lpn
Duchesne,licensed-practical-nurse-per-diem-prn-duchesne-ut,44.78,lpn
Dugway,licensed-practical-nurse-per-diem-prn-dugway-ut,44.78,lpn
Dulles,licensed-practical-nurse-per-diem-prn-dulles-va,45.38,lpn
Duluth,licensed-practical-nurse-per-diem-prn-duluth-ga,52.33,lpn
Duluth,licensed-practical-nurse-per-diem-prn-duluth-mn,49.11,lpn
Dumas,licensed-practical-nurse-per-diem-prn-dumas-tx,44.13,lpn
Duncan,licensed-practical-nurse-per-diem-prn-duncan-az,44.78,lpn
Duncan,licensed-practical-nurse-per-diem-prn-duncan-ok,49.43,lpn
Duncanville,licensed-practical-nurse-per-diem-prn-duncanville-tx,44.55,lpn
Dundalk,licensed-practical-nurse-per-diem-prn-dundalk-md,52.82,lpn
Dundee,licensed-practical-nurse-per-diem-prn-dundee-fl,44.55,lpn
Dunedin,licensed-practical-nurse-per-diem-prn-dunedin-fl,44.55,lpn
Dunlap IA,licensed-practical-nurse-per-diem-prn-dunlap-ia,44.55,lpn
Dunnellon,licensed-practical-nurse-per-diem-prn-dunnellon-fl,44.55,lpn
Dunwoody,licensed-practical-nurse-per-diem-prn-dunwoody-ga,52.58,lpn
Durand,licensed-practical-nurse-per-diem-prn-durand-wi,44.55,lpn
Durango CO,licensed-practical-nurse-per-diem-prn-durango-co,44.55,lpn
Durham CT,licensed-practical-nurse-per-diem-prn-durham-ct,46.96,lpn
Durham NC,licensed-practical-nurse-per-diem-prn-durham-nc,44.55,lpn
Dyess Afb,licensed-practical-nurse-per-diem-prn-dyess-afb-tx,44.55,lpn
Eads,licensed-practical-nurse-per-diem-prn-eads-co,44.55,lpn
Eagan,licensed-practical-nurse-per-diem-prn-eagan-mn,49.92,lpn
Eagle Butte,licensed-practical-nurse-per-diem-prn-eagle-butte-sd,44.78,lpn
Eagle CO,licensed-practical-nurse-per-diem-prn-eagle-co,44.55,lpn
Eagle Grove,licensed-practical-nurse-per-diem-prn-eagle-grove-ia,44.55,lpn
Eagle ID,licensed-practical-nurse-per-diem-prn-eagle-id,44.55,lpn
Eagle Lake,licensed-practical-nurse-per-diem-prn-eagle-lake-tx,44.55,lpn
Eagle Mountain,licensed-practical-nurse-per-diem-prn-eagle-mountain-ut,52.75,lpn
Eagle Pass,licensed-practical-nurse-per-diem-prn-eagle-pass-tx,44.55,lpn
Eagle Point,licensed-practical-nurse-per-diem-prn-eagle-point-or,44.78,lpn
Early,licensed-practical-nurse-per-diem-prn-early-tx,44.55,lpn
Easley SC,licensed-practical-nurse-per-diem-prn-easley-sc,50.78,lpn
East Bernard,licensed-practical-nurse-per-diem-prn-east-bernard-tx,44.55,lpn
East Brunswick,licensed-practical-nurse-per-diem-prn-east-brunswick-nj,44.78,lpn
east greenwich,licensed-practical-nurse-per-diem-prn-east-greenwich-ri,44.55,lpn
East Hartford,licensed-practical-nurse-per-diem-prn-east-hartford-ct,53.69,lpn
East Hempfield,licensed-practical-nurse-per-diem-prn-east-hempfield-pa,49.57,lpn
East Honolulu,licensed-practical-nurse-per-diem-prn-east-honolulu-hi,54.43,lpn
East Lake,licensed-practical-nurse-per-diem-prn-east-lake-fl,48.31,lpn
East Orange NJ,licensed-practical-nurse-per-diem-prn-east-orange-nj,44.55,lpn
East Peoria,licensed-practical-nurse-per-diem-prn-east-peoria-il,44.78,lpn
East Point,licensed-practical-nurse-per-diem-prn-east-point-ga,52.43,lpn
East Providence,licensed-practical-nurse-per-diem-prn-east-providence-ri,45.38,lpn
East Providence Riverside,licensed-practical-nurse-per-diem-prn-tallahassee-capitol-hill-fl,45.87,lpn
East Wenatchee,licensed-practical-nurse-per-diem-prn-east-wenatchee-or,44.78,lpn
Eastland,licensed-practical-nurse-per-diem-prn-eastland-tx,44.55,lpn
Easton,licensed-practical-nurse-per-diem-prn-easton-md,44.55,lpn
Easton,licensed-practical-nurse-per-diem-prn-easton-pa,49.69,lpn
Easton,licensed-practical-nurse-per-diem-prn-snow-hill-md,46.96,lpn
Easton KS,licensed-practical-nurse-per-diem-prn-easton-ks,42.54,lpn
Eastpoint,licensed-practical-nurse-per-diem-prn-eastpoint-fl,44.55,lpn
Eau Claire,licensed-practical-nurse-per-diem-prn-eau-claire-wi,49.33,lpn
Eckert,licensed-practical-nurse-per-diem-prn-eckert-co,44.55,lpn
Edcouch,licensed-practical-nurse-per-diem-prn-edcouch-tx,44.55,lpn
Eden,licensed-practical-nurse-per-diem-prn-eden-tx,44.55,lpn
Eden Prairie,licensed-practical-nurse-per-diem-prn-eden-prairie-mn,49.98,lpn
Edina,licensed-practical-nurse-per-diem-prn-edina-mn,50.66,lpn
Edinburg,licensed-practical-nurse-per-diem-prn-edinburg-tx,44.55,lpn
Edison NJ,licensed-practical-nurse-per-diem-prn-edison-nj,45.38,lpn
Edmond,licensed-practical-nurse-per-diem-prn-edmond-ok,44.78,lpn
Edmonds,licensed-practical-nurse-per-diem-prn-edmonds-wa,44.55,lpn
Edna,licensed-practical-nurse-per-diem-prn-edna-tx,44.55,lpn
Edwards,licensed-practical-nurse-per-diem-prn-edwards-co,44.55,lpn
Edwardsville,licensed-practical-nurse-per-diem-prn-edwardsville-il,44.55,lpn
Effingham,licensed-practical-nurse-per-diem-prn-effingham-il,44.78,lpn
Egg Harbor Township,licensed-practical-nurse-per-diem-prn-egg-harbor-township-nj,53.43,lpn
Egypt Lake-Leto,licensed-practical-nurse-per-diem-prn-egypt-lake-leto-fl,48.66,lpn
El Cajon CA,licensed-practical-nurse-per-diem-prn-el-cajon-ca,44.55,lpn
El Campo,licensed-practical-nurse-per-diem-prn-el-campo-tx,44.55,lpn
El Cenizo,licensed-practical-nurse-per-diem-prn-el-cenizo-tx,44.55,lpn
El Cerrito,licensed-practical-nurse-per-diem-prn-el-cerrito-ca,51.66,lpn
El Paso TX,per-diem-el-paso-tx,37.18,lpn
El Paso West Central El Paso,licensed-practical-nurse-per-diem-prn-el-paso-west-central-el-paso-tx,51.89,lpn
Elbert,licensed-practical-nurse-per-diem-prn-elbert-co,51.69,lpn
Eldorado,licensed-practical-nurse-per-diem-prn-eldorado-tx,44.55,lpn
Electra,licensed-practical-nurse-per-diem-prn-electra-tx,44.55,lpn
Elfrida,licensed-practical-nurse-per-diem-prn-elfrida-az,44.78,lpn
Elgin,licensed-practical-nurse-per-diem-prn-elgin-5-tx,44.55,lpn
Elgin,licensed-practical-nurse-per-diem-prn-elgin-il,48.66,lpn
Elgin,licensed-practical-nurse-per-diem-prn-elgin-or,44.78,lpn
Elizabethton TN,licensed-practical-nurse-per-diem-prn-elizabethton-tn,44.78,lpn
Elizabethtown,licensed-practical-nurse-per-diem-prn-elizabethtown-ky,50.69,lpn
Elizaville,licensed-practical-nurse-per-diem-prn-elizaville-ny,44.71,lpn
Elk Grove,licensed-practical-nurse-per-diem-prn-elk-grove-ca,52.58,lpn
Elk Horn IA,licensed-practical-nurse-per-diem-prn-elk-horn-ia,44.71,lpn
Elkhart,licensed-practical-nurse-per-diem-prn-elkhart-in,49.69,lpn
Elkhart,licensed-practical-nurse-per-diem-prn-elkhart-tx,44.71,lpn
Elko,licensed-practical-nurse-per-diem-prn-elko-nv,44.78,lpn
Ellenton,licensed-practical-nurse-per-diem-prn-ellenton-fl,44.71,lpn
Ellicott City,licensed-practical-nurse-per-diem-prn-ellicott-city-md,44.71,lpn
Ellicott City,licensed-practical-nurse-per-diem-prn-ellicott-city-md-fc10f,52.67,lpn
Ellsworth,licensed-practical-nurse-per-diem-prn-ellsworth-me,44.71,lpn
Elmhurst IL,licensed-practical-nurse-per-diem-prn-elmhurst-il,44.71,lpn
Elmwood Park,licensed-practical-nurse-per-diem-prn-elmwood-park-il,44.78,lpn
Eloy,licensed-practical-nurse-per-diem-prn-eloy-az,44.78,lpn
Elsa,licensed-practical-nurse-per-diem-prn-elsa-tx,44.71,lpn
Ely,licensed-practical-nurse-per-diem-prn-ely-nv,44.78,lpn
Elyria,licensed-practical-nurse-per-diem-prn-elyria-oh,45.38,lpn
Emerson,licensed-practical-nurse-per-diem-prn-emerson-nj,45.38,lpn
Emlenton PA,licensed-practical-nurse-per-diem-prn-emlenton-pa,46.18,lpn
Emmett ID,licensed-practical-nurse-per-diem-prn-emmett-id,44.71,lpn
Emory,licensed-practical-nurse-per-diem-prn-emory-tx,44.71,lpn
Emporia,licensed-practical-nurse-per-diem-prn-emporia-ks,50.87,lpn
Encinal,licensed-practical-nurse-per-diem-prn-encinal-tx,44.71,lpn
Encinitas,licensed-practical-nurse-per-diem-prn-encinitas-ca,45.38,lpn
Enfield,licensed-practical-nurse-per-diem-prn-enfield-ct-9b6de,54.65,lpn
englewood,licensed-practical-nurse-per-diem-prn-englewood-nj,45.38,lpn
Englewood CO,licensed-practical-nurse-per-diem-prn-englewood-co,44.71,lpn
Englewood FL,licensed-practical-nurse-per-diem-prn-englewood-fl,44.71,lpn
Englishtown,licensed-practical-nurse-per-diem-prn-englishtown-nj,52.95,lpn
Enid,licensed-practical-nurse-per-diem-prn-enid-ok,48.89,lpn
Ennis,licensed-practical-nurse-per-diem-prn-ennis-tx,44.71,lpn
Enterprise,licensed-practical-nurse-per-diem-prn-enterprise-al,49.65,lpn
Enterprise,licensed-practical-nurse-per-diem-prn-enterprise-nv,51.95,lpn
Enterprise OR,licensed-practical-nurse-per-diem-prn-enterprise-or,44.78,lpn
Enterprise UT,licensed-practical-nurse-per-diem-prn-enterprise-ut,44.78,lpn
Erie,licensed-practical-nurse-per-diem-prn-erie-pa,51.57,lpn
Erlanger,licensed-practical-nurse-per-diem-prn-erlanger-ky,51.57,lpn
Escalante,licensed-practical-nurse-per-diem-prn-escalante-ut,44.78,lpn
Escondido CA,licensed-practical-nurse-per-diem-prn-escondido-ca,44.71,lpn
Espanola,licensed-practical-nurse-per-diem-prn-espanola-nm,44.78,lpn
Essex,licensed-practical-nurse-per-diem-prn-essex-md,53.11,lpn
Essex,licensed-practical-nurse-per-diem-prn-essex-vt,52.65,lpn
Essex Junction,licensed-practical-nurse-per-diem-prn-essex-junction-vt,52.92,lpn
Estacada,licensed-practical-nurse-per-diem-prn-estacada-or,44.78,lpn
Estero FL,licensed-practical-nurse-per-diem-prn-estero-fl,44.71,lpn
Estes Park,licensed-practical-nurse-per-diem-prn-estes-park-co,44.71,lpn
Euclid,licensed-practical-nurse-per-diem-prn-euclid-oh,54.98,lpn
Eugene,licensed-practical-nurse-per-diem-prn-eugene-or,44.78,lpn
Euless,licensed-practical-nurse-per-diem-prn-euless-tx,44.71,lpn
Eureka,licensed-practical-nurse-per-diem-prn-eureka-nv,44.78,lpn
Eureka MO,licensed-practical-nurse-per-diem-prn-eureka-mo,44.71,lpn
Eustis,licensed-practical-nurse-per-diem-prn-eustis-fl,44.71,lpn
Evans CO,licensed-practical-nurse-per-diem-prn-evans-co,44.71,lpn
Evans GA,licensed-practical-nurse-per-diem-prn-evans-ga,52.87,lpn
Evanston,licensed-practical-nurse-per-diem-prn-evanston-il,48.33,lpn
Evanston,licensed-practical-nurse-per-diem-prn-evanston-wy,45.89,lpn
Evansville,licensed-practical-nurse-per-diem-prn-evansville-in,49.57,lpn
Everett,licensed-practical-nurse-per-diem-prn-everett-ma,54.73,lpn
Everett,licensed-practical-nurse-per-diem-prn-everett-wa,44.71,lpn
Evergreen,licensed-practical-nurse-per-diem-prn-evergreen-co,44.71,lpn
Everman,licensed-practical-nurse-per-diem-prn-everman-tx,44.71,lpn
Ewa Gentry,licensed-practical-nurse-per-diem-prn-ewa-gentry-hi,54.78,lpn
Fabens,licensed-practical-nurse-per-diem-prn-fabens-tx,44.71,lpn
Fair Lawn,licensed-practical-nurse-per-diem-prn-fair-lawn-nj,45.38,lpn
Fairbanks,licensed-practical-nurse-per-diem-prn-fairbanks-ak,50.26,lpn
Fairborn,licensed-practical-nurse-per-diem-prn-fairborn-oh,54.31,lpn
Fairfax,licensed-practical-nurse-per-diem-prn-fairfax-vt,53.82,lpn
Fairfax OK,licensed-practical-nurse-per-diem-prn-fairfax-ok,44.78,lpn
Fairfax VA,licensed-practical-nurse-per-diem-prn-fairfax-va,45.38,lpn
Fairfield,licensed-practical-nurse-per-diem-prn-fairfield-ct,53.87,lpn
Fairfield,licensed-practical-nurse-per-diem-prn-fairfield-oh,54.78,lpn
Fairfield ID,licensed-practical-nurse-per-diem-prn-fairfield-id,44.71,lpn
Fairfield ME,licensed-practical-nurse-per-diem-prn-fairfield-me,42.81,lpn
Fairfield TX,licensed-practical-nurse-per-diem-prn-fairfield-tx,44.71,lpn
Fairhope,licensed-practical-nurse-per-diem-prn-fairhope-al,49.92,lpn
Fairmont,licensed-practical-nurse-per-diem-prn-fairmont-wv,43.65,lpn
Fairplay,licensed-practical-nurse-per-diem-prn-fairplay-co,44.71,lpn
Falfurrias,licensed-practical-nurse-per-diem-prn-falfurrias-tx,44.71,lpn
Fall Creek,licensed-practical-nurse-per-diem-prn-fall-creek-or,44.78,lpn
Fall River,licensed-practical-nurse-per-diem-prn-fall-river-ma,45.38,lpn
Fall River Mills,licensed-practical-nurse-per-diem-prn-fall-river-mills-ca,44.71,lpn
Fallon,licensed-practical-nurse-per-diem-prn-fallon-nv,44.78,lpn
Falls Church VA,licensed-practical-nurse-per-diem-prn-falls-church-va,44.71,lpn
Falmouth,licensed-practical-nurse-per-diem-prn-falmouth-ma,44.71,lpn
Fargo,licensed-practical-nurse-per-diem-prn-fargo-nd,42.81,lpn
Fargo Woodhaven,licensed-practical-nurse-per-diem-prn-fargo-woodhaven-nd,50.33,lpn
Farmers Branch,licensed-practical-nurse-per-diem-prn-farmers-branch-tx,44.71,lpn
Farmersville,licensed-practical-nurse-per-diem-prn-farmersville-tx,44.71,lpn
Farmington,licensed-practical-nurse-per-diem-prn-farmington-nm,52.92,lpn
Farmington Hills,licensed-practical-nurse-per-diem-prn-farmington-hills-mi,48.87,lpn
Farmington ME,licensed-practical-nurse-per-diem-prn-farmington-me,42.81,lpn
Farmington UT,licensed-practical-nurse-per-diem-prn-farmington-ut,44.78,lpn
Farr West,licensed-practical-nurse-per-diem-prn-farr-west-ut,44.78,lpn
Farragut,licensed-practical-nurse-per-diem-prn-farragut-tn,52.31,lpn
Farwell,licensed-practical-nurse-per-diem-prn-farwell-tx,44.71,lpn
Fayetteville,licensed-practical-nurse-per-diem-prn-fayetteville-ar,50.89,lpn
Fayetteville,licensed-practical-nurse-per-diem-prn-fayetteville-nc,54.69,lpn
Federal Way,licensed-practical-nurse-per-diem-prn-federal-way-wa,45.38,lpn
Fellsmere,licensed-practical-nurse-per-diem-prn-fellsmere-fl,44.71,lpn
Fenton,licensed-practical-nurse-per-diem-prn-fenton-mi,44.71,lpn
Fern Park,licensed-practical-nurse-per-diem-prn-fern-park-fl,44.71,lpn
Fernandina Beach,licensed-practical-nurse-per-diem-prn-fernandina-beach-fl,44.71,lpn
Ferndale,licensed-practical-nurse-per-diem-prn-ferndale-wa,47.34,lpn
Fernley,licensed-practical-nurse-per-diem-prn-fernley-nv,44.78,lpn
Ferron,licensed-practical-nurse-per-diem-prn-ferron-ut,44.78,lpn
Ferry Pass,licensed-practical-nurse-per-diem-prn-ferry-pass-fl,48.57,lpn
Fillmore,licensed-practical-nurse-per-diem-prn-fillmore-ut,44.78,lpn
Findlay,licensed-practical-nurse-per-diem-prn-findlay-oh,51.78,lpn
Firestone,licensed-practical-nurse-per-diem-prn-firestone-co,44.71,lpn
Fishers,licensed-practical-nurse-per-diem-prn-fishers-in,49.66,lpn
Fitchburg,licensed-practical-nurse-per-diem-prn-fitchburg-wi,50.57,lpn
Flagler,licensed-practical-nurse-per-diem-prn-flagler-co,44.71,lpn
Flagstaff,licensed-practical-nurse-per-diem-prn-flagstaff-az,44.78,lpn
Flatonia,licensed-practical-nurse-per-diem-prn-flatonia-tx,44.71,lpn
Fleming Island,licensed-practical-nurse-per-diem-prn-fleming-island-fl,44.71,lpn
Flint,licensed-practical-nurse-per-diem-prn-flint-mi,48.43,lpn
Florence,licensed-practical-nurse-per-diem-prn-florence-al,49.66,lpn
Florence,licensed-practical-nurse-per-diem-prn-florence-ky,50.67,lpn
Florence AZ,licensed-practical-nurse-per-diem-prn-florence-az,44.78,lpn
Florence CO,licensed-practical-nurse-per-diem-prn-florence-co,44.71,lpn
Florence OR,licensed-practical-nurse-per-diem-prn-florence-or,44.78,lpn
Florence SC,licensed-practical-nurse-per-diem-prn-florence-sc,44.78,lpn
Floresville,licensed-practical-nurse-per-diem-prn-floresville-tx,44.71,lpn
Florham Park,licensed-practical-nurse-per-diem-prn-florham-park-nj,47.07,lpn
Florida City,licensed-practical-nurse-per-diem-prn-florida-city-fl,44.71,lpn
Florissant,licensed-practical-nurse-per-diem-prn-florissant-co,44.71,lpn
Florissant,licensed-practical-nurse-per-diem-prn-florissant-mo,49.82,lpn
Flower Mound,licensed-practical-nurse-per-diem-prn-flower-mound-tx,44.71,lpn
Flowery Branch,licensed-practical-nurse-per-diem-prn-flowery-branch-ga,45.89,lpn
Fond du Lac,licensed-practical-nurse-per-diem-prn-fond-du-lac-wi,49.69,lpn
Fontana,licensed-practical-nurse-per-diem-prn-fontana-ca,52.75,lpn
Fontanelle IA,licensed-practical-nurse-per-diem-prn-fontanelle-ia,44.71,lpn
Forest Grove,licensed-practical-nurse-per-diem-prn-forest-grove-or,44.78,lpn
Forest Hill MD,licensed-practical-nurse-per-diem-prn-forest-hill-md-43963,44.71,lpn
Forest Hill TX,licensed-practical-nurse-per-diem-prn-forest-hill-tx,44.71,lpn
Forest Park,licensed-practical-nurse-per-diem-prn-forest-park-oh,51.89,lpn
Foresthill,licensed-practical-nurse-per-diem-prn-foresthill-ca,44.71,lpn
Forks,licensed-practical-nurse-per-diem-prn-forks-wa,44.78,lpn
Forney,licensed-practical-nurse-per-diem-prn-forney-tx,44.71,lpn
Fort Carson CO,licensed-practical-nurse-per-diem-prn-fort-carson-co,44.71,lpn
Fort Collins,licensed-practical-nurse-per-diem-prn-fort-collins-co,32.38,lpn
Fort Defiance,licensed-practical-nurse-per-diem-prn-fort-defiance-az,44.78,lpn
Fort Dodge IA,licensed-practical-nurse-per-diem-prn-fort-dodge-ia,44.71,lpn
Fort Hancock,licensed-practical-nurse-per-diem-prn-fort-hancock-tx,44.71,lpn
Fort Hood,licensed-practical-nurse-per-diem-prn-fort-hood-tx,44.71,lpn
Fort Huachuca,licensed-practical-nurse-per-diem-prn-fort-huachuca-az,44.78,lpn
Fort Lauderdale,licensed-practical-nurse-per-diem-prn-fort-lauderdale-fl,44.71,lpn
Fort Lupton CO,licensed-practical-nurse-per-diem-prn-fort-lupton-co,44.71,lpn
Fort Lyon,licensed-practical-nurse-per-diem-prn-fort-lyon-co,44.71,lpn
Fort Madison IA,licensed-practical-nurse-per-diem-prn-fort-madison-ia,44.71,lpn
Fort Mc Coy,licensed-practical-nurse-per-diem-prn-fort-mc-coy-fl,44.71,lpn
Fort Mill SC,licensed-practical-nurse-per-diem-prn-fort-mill-sc,50.43,lpn
Fort Mohave,licensed-practical-nurse-per-diem-prn-fort-mohave-az,44.78,lpn
Fort Morgan,licensed-practical-nurse-per-diem-prn-fort-morgan-co,44.71,lpn
Fort Myers FL,licensed-practical-nurse-per-diem-prn-fort-myers-fl,44.71,lpn
Fort Pierce,licensed-practical-nurse-per-diem-prn-fort-pierce-fl,44.71,lpn
Fort Smith,licensed-practical-nurse-per-diem-prn-fort-smith-ar,45.89,lpn
Fort Stockton,licensed-practical-nurse-per-diem-prn-fort-stockton-tx,44.71,lpn
Fort Thomas KY,licensed-practical-nurse-per-diem-prn-fort-thomas-ky,42.81,lpn
Fort Walton Beach,licensed-practical-nurse-per-diem-prn-fort-walton-beach-fl,44.71,lpn
Fort Washakie,licensed-practical-nurse-per-diem-prn-fort-washakie-wy,45.89,lpn
Fort Wayne,licensed-practical-nurse-per-diem-prn-fort-wayne-in,44.71,lpn
Fort Worth,per-diem-fort-worth-tx,52.98,lpn
Fort Worth Shaw Clarke,licensed-practical-nurse-per-diem-prn-fort-worth-shaw-clarke-tx,52.66,lpn
Fossil,licensed-practical-nurse-per-diem-prn-fossil-or,44.78,lpn
Fountain,licensed-practical-nurse-per-diem-prn-fountain-co,44.71,lpn
Fountain Hills AZ,licensed-practical-nurse-per-diem-prn-fountain-hills-az,44.78,lpn
Fountain Inn,licensed-practical-nurse-per-diem-prn-fountain-inn-sc,50.67,lpn
Fountain Valley,licensed-practical-nurse-per-diem-prn-fountain-valley-ca,44.71,lpn
Fountainebleau,licensed-practical-nurse-per-diem-prn-fountainebleau-fl,54.95,lpn
Four Corners,licensed-practical-nurse-per-diem-prn-four-corners-fl,54.65,lpn
Fowler,licensed-practical-nurse-per-diem-prn-fowler-co,44.71,lpn
Framingham,licensed-practical-nurse-per-diem-prn-framingham-ma,54.26,lpn
Frankfort,licensed-practical-nurse-per-diem-prn-frankfort-in,44.71,lpn
Frankfort KS,licensed-practical-nurse-per-diem-prn-frankfort-ks,42.81,lpn
Frankfort KY,licensed-practical-nurse-per-diem-prn-frankfort-ky,42.81,lpn
Franklin,licensed-practical-nurse-per-diem-prn-franklin-tn,51.43,lpn
Franklin,licensed-practical-nurse-per-diem-prn-franklin-wi,49.92,lpn
Franklin TX,licensed-practical-nurse-per-diem-prn-franklin-tx,44.71,lpn
Franklin WV,licensed-practical-nurse-per-diem-prn-franklin-wv,43.65,lpn
Frankston,licensed-practical-nurse-per-diem-prn-frankston-tx,44.71,lpn
Fred,licensed-practical-nurse-per-diem-prn-fred-tx,44.71,lpn
Frederick,licensed-practical-nurse-per-diem-prn-frederick-md,44.71,lpn
Frederick,licensed-practical-nurse-per-diem-prn-frederick-md-8f360,52.65,lpn
Frederick CO,licensed-practical-nurse-per-diem-prn-frederick-co,44.71,lpn
Fredericksburg TX,licensed-practical-nurse-per-diem-prn-fredericksburg-tx,44.71,lpn
Fredericksburg VA,licensed-practical-nurse-per-diem-prn-fredericksburg-va,45.38,lpn
Fredonia,licensed-practical-nurse-per-diem-prn-fredonia-wi,44.71,lpn
Freehold,licensed-practical-nurse-per-diem-prn-freehold-nj,44.78,lpn
Freeport FL,licensed-practical-nurse-per-diem-prn-freeport-fl,44.71,lpn
Freeport IL,licensed-practical-nurse-per-diem-prn-freeport-il,44.78,lpn
Freeport TX,licensed-practical-nurse-per-diem-prn-freeport-tx,44.71,lpn
Freer,licensed-practical-nurse-per-diem-prn-freer-tx,44.71,lpn
Fremont,licensed-practical-nurse-per-diem-prn-fremont-ca,44.71,lpn
Fremont,licensed-practical-nurse-per-diem-prn-fremont-ne,42.81,lpn
Fresno CA,licensed-practical-nurse-per-diem-prn-fresno-ca,44.71,lpn
Fresno TX,licensed-practical-nurse-per-diem-prn-fresno-tx,44.71,lpn
Friendswood,licensed-practical-nurse-per-diem-prn-friendswood-tx,44.71,lpn
Fries,licensed-practical-nurse-per-diem-prn-fries-va,44.71,lpn
Friona,licensed-practical-nurse-per-diem-prn-friona-tx,44.71,lpn
Frisco CO,licensed-practical-nurse-per-diem-prn-frisco-co,44.71,lpn
Frisco TX,licensed-practical-nurse-per-diem-prn-frisco-tx,44.71,lpn
Fritch,licensed-practical-nurse-per-diem-prn-fritch-tx,44.71,lpn
Frostproof,licensed-practical-nurse-per-diem-prn-frostproof-fl,44.71,lpn
Fruit Cove,licensed-practical-nurse-per-diem-prn-fruit-cove-fl,54.89,lpn
Fruita CO,licensed-practical-nurse-per-diem-prn-fruita-co,44.71,lpn
Fruitland,licensed-practical-nurse-per-diem-prn-fruitland-fl,44.71,lpn
Fruitland,licensed-practical-nurse-per-diem-prn-fruitland-id,44.71,lpn
Fruitland Park,licensed-practical-nurse-per-diem-prn-fruitland-park-fl,44.71,lpn
Ft. Worth,licensed-practical-nurse-per-diem-prn-ft-worth-tx,44.71,lpn
Fulshear,licensed-practical-nurse-per-diem-prn-fulshear-tx,44.71,lpn
Fuquay-Varina,licensed-practical-nurse-per-diem-prn-fuquay-varina-nc,48.69,lpn
Gadsden,licensed-practical-nurse-per-diem-prn-gadsden-al,49.43,lpn
Gahanna OH,licensed-practical-nurse-per-diem-prn-gahanna-oh,44.71,lpn
Gainesville FL,licensed-practical-nurse-per-diem-prn-gainesville-fl,44.71,lpn
Gainesville GA,licensed-practical-nurse-per-diem-prn-gainesville-ga,52.66,lpn
Gainesville TX,licensed-practical-nurse-per-diem-prn-gainesville-tx,44.71,lpn
Gaithersburg,licensed-practical-nurse-per-diem-prn-gaithersburg-md,52.78,lpn
Gallatin,licensed-practical-nurse-per-diem-prn-gallatin-tn,51.67,lpn
Gallup,licensed-practical-nurse-per-diem-prn-gallup-nm,53.26,lpn
Galveston,licensed-practical-nurse-per-diem-prn-galveston-tx,44.71,lpn
Ganado AZ,licensed-practical-nurse-per-diem-prn-ganado-az,44.78,lpn
Ganado TX,licensed-practical-nurse-per-diem-prn-ganado-tx,44.71,lpn
Garden City,licensed-practical-nurse-per-diem-prn-garden-city-ks,50.67,lpn
Garden City ID,licensed-practical-nurse-per-diem-prn-garden-city-id,44.71,lpn
Garden City UT,licensed-practical-nurse-per-diem-prn-garden-city-ut,44.78,lpn
Garden Grove,licensed-practical-nurse-per-diem-prn-garden-grove-ca,52.11,lpn
Gardner,licensed-practical-nurse-per-diem-prn-gardner-ks,50.58,lpn
Gardner,licensed-practical-nurse-per-diem-prn-gardner-ma,44.71,lpn
Gardnerville,licensed-practical-nurse-per-diem-prn-gardnerville-nv,44.78,lpn
Garfield Heights,licensed-practical-nurse-per-diem-prn-garfield-heights-oh,53.69,lpn
Garland,licensed-practical-nurse-per-diem-prn-garland-tx,44.71,lpn
Garrison,licensed-practical-nurse-per-diem-prn-garrison-tx,44.78,lpn
Gary,licensed-practical-nurse-per-diem-prn-gary-in,49.33,lpn
Gastonia NC,licensed-practical-nurse-per-diem-prn-gastonia-nc,44.78,lpn
Gatesville,licensed-practical-nurse-per-diem-prn-gatesville-tx,44.78,lpn
Gaylord,licensed-practical-nurse-per-diem-prn-gaylord-mi,44.78,lpn
Geneva,licensed-practical-nurse-per-diem-prn-geneva-il-1cca8,44.78,lpn
Geneva,licensed-practical-nurse-per-diem-prn-geneva-ne,42.81,lpn
George IA,licensed-practical-nurse-per-diem-prn-george-ia,44.78,lpn
George West,licensed-practical-nurse-per-diem-prn-george-west-tx,44.78,lpn
Georgetown,licensed-practical-nurse-per-diem-prn-georgetown-de,52.92,lpn
Georgetown,licensed-practical-nurse-per-diem-prn-georgetown-ky,50.11,lpn
Georgetown,licensed-practical-nurse-per-diem-prn-georgetown-tx,44.78,lpn
Gerlach,licensed-practical-nurse-per-diem-prn-gerlach-nv,44.78,lpn
Germantown,licensed-practical-nurse-per-diem-prn-germantown-md,52.58,lpn
Germantown,licensed-practical-nurse-per-diem-prn-germantown-tn,51.78,lpn
Germantown,licensed-practical-nurse-per-diem-prn-germantown-wi,44.78,lpn
Giddings,licensed-practical-nurse-per-diem-prn-giddings-tx,44.78,lpn
Gifford,licensed-practical-nurse-per-diem-prn-gifford-il,44.78,lpn
Gig Harbor WA,licensed-practical-nurse-per-diem-prn-gig-harbor-wa,44.78,lpn
Gila Bend,licensed-practical-nurse-per-diem-prn-gila-bend-az,44.78,lpn
Gilber,licensed-practical-nurse-per-diem-prn-gilber-az,44.78,lpn
Gilbert,licensed-practical-nurse-per-diem-prn-gilbert-az,44.78,lpn
Gilbert Gilbert Medical Center,licensed-practical-nurse-per-diem-prn-gilbert-gilbert-medical-center-az,49.43,lpn
Gilchrist,licensed-practical-nurse-per-diem-prn-gilchrist-or,44.78,lpn
Gillette,licensed-practical-nurse-per-diem-prn-gillette-wy,50.75,lpn
Gilmer,licensed-practical-nurse-per-diem-prn-gilmer-tx,44.78,lpn
Gladewater,licensed-practical-nurse-per-diem-prn-gladewater-tx,44.78,lpn
Gladstone,licensed-practical-nurse-per-diem-prn-gladstone-mo,49.57,lpn
Gladstone OR,licensed-practical-nurse-per-diem-prn-gladstone-or,44.78,lpn
Glasgow,licensed-practical-nurse-per-diem-prn-glasgow-de,54.75,lpn
Glastonbury,licensed-practical-nurse-per-diem-prn-glastonbury-ct,53.92,lpn
Glen Burnie,licensed-practical-nurse-per-diem-prn-glen-burnie-md-bcea0,52.69,lpn
Glen Burnie MD,licensed-practical-nurse-per-diem-prn-glen-burnie-md,42.81,lpn
Glen Cove,licensed-practical-nurse-per-diem-prn-glen-cove-ny,46.59,lpn
Glen Rose,licensed-practical-nurse-per-diem-prn-glen-rose-tx,44.78,lpn
Glen Saint Mary,licensed-practical-nurse-per-diem-prn-glen-saint-mary-fl,44.78,lpn
Glencoe,licensed-practical-nurse-per-diem-prn-glencoe-il,47.07,lpn
Glendale,licensed-practical-nurse-per-diem-prn-glendale-ca-a1e1c,44.78,lpn
Glendale AZ,per-diem-glendale-az,46.33,lpn
Glendale CA,licensed-practical-nurse-per-diem-prn-glendale-ca,47.07,lpn
Glendale CO,licensed-practical-nurse-per-diem-prn-glendale-co,44.78,lpn
Glendale Rovey Farm Estates,licensed-practical-nurse-per-diem-prn-glendale-rovey-farm-estates-az,54.33,lpn
Glendive,licensed-practical-nurse-per-diem-prn-glendive-mt,42.81,lpn
Glenns Ferry,licensed-practical-nurse-per-diem-prn-glenns-ferry-id,44.78,lpn
Glenpool,licensed-practical-nurse-per-diem-prn-glenpool-ok,44.78,lpn
Glens Falls,licensed-practical-nurse-per-diem-prn-glens-falls-ny,42.81,lpn
Glenwood IA,licensed-practical-nurse-per-diem-prn-glenwood-ia,44.78,lpn
Glenwood Springs,licensed-practical-nurse-per-diem-prn-glenwood-springs-co,44.78,lpn
Glide,licensed-practical-nurse-per-diem-prn-glide-or,44.78,lpn
Globe,licensed-practical-nurse-per-diem-prn-globe-az,44.78,lpn
Godley,licensed-practical-nurse-per-diem-prn-godley-tx,44.78,lpn
Goffstown,licensed-practical-nurse-per-diem-prn-goffstown-nh,52.67,lpn
Gold Beach,licensed-practical-nurse-per-diem-prn-gold-beach-or,44.78,lpn
Gold Canyon,licensed-practical-nurse-per-diem-prn-gold-canyon-az,44.78,lpn
Golden CO,licensed-practical-nurse-per-diem-prn-golden-co,44.78,lpn
Golden Glades,licensed-practical-nurse-per-diem-prn-golden-glades-fl,54.92,lpn
Golden Valley,licensed-practical-nurse-per-diem-prn-golden-valley-az,44.78,lpn
Goldendale,licensed-practical-nurse-per-diem-prn-goldendale-wa,44.78,lpn
Goldsboro,licensed-practical-nurse-per-diem-prn-goldsboro-nc,48.73,lpn
Goldthwaite,licensed-practical-nurse-per-diem-prn-goldthwaite-tx,44.78,lpn
Goliad,licensed-practical-nurse-per-diem-prn-goliad-tx,44.78,lpn
Gonzales,licensed-practical-nurse-per-diem-prn-gonzales-tx,44.78,lpn
Goochland,licensed-practical-nurse-per-diem-prn-goochland-va,45.38,lpn
Gooding,licensed-practical-nurse-per-diem-prn-gooding-id,44.78,lpn
Goodyear,per-diem-goodyear-az,46.33,lpn
Goose Creek SC,licensed-practical-nurse-per-diem-prn-goose-creek-sc,50.57,lpn
Gordon,licensed-practical-nurse-per-diem-prn-gordon-tx,44.78,lpn
Gorham,licensed-practical-nurse-per-diem-prn-gorham-me,52.75,lpn
Goshen,licensed-practical-nurse-per-diem-prn-goshen-in,44.78,lpn
Gothenburg,licensed-practical-nurse-per-diem-prn-gothenburg-ne,42.81,lpn
Graceville,licensed-practical-nurse-per-diem-prn-graceville-fl,44.78,lpn
Grafton,licensed-practical-nurse-per-diem-prn-grafton-nd,42.81,lpn
Graham,licensed-practical-nurse-per-diem-prn-graham-tx,44.78,lpn
Granbury,licensed-practical-nurse-per-diem-prn-granbury-tx,44.78,lpn
Granby CO,licensed-practical-nurse-per-diem-prn-granby-co,44.78,lpn
Grand Canyon,licensed-practical-nurse-per-diem-prn-grand-canyon-az,44.78,lpn
Grand Forks,licensed-practical-nurse-per-diem-prn-grand-forks-nd,42.81,lpn
Grand Island,licensed-practical-nurse-per-diem-prn-grand-island-ne,51.78,lpn
Grand Junction,licensed-practical-nurse-per-diem-prn-grand-junction-co,32.98,lpn
Grand Prairie,licensed-practical-nurse-per-diem-prn-grand-prairie-tx,44.78,lpn
Grand Rapids MI,licensed-practical-nurse-per-diem-prn-grand-rapids-mi,45.38,lpn
Grand Saline,licensed-practical-nurse-per-diem-prn-grand-saline-tx,44.78,lpn
Grand View,licensed-practical-nurse-per-diem-prn-grand-view-id,44.78,lpn
Grandview,licensed-practical-nurse-per-diem-prn-grandview-mo,48.95,lpn
Grandview,licensed-practical-nurse-per-diem-prn-grandview-tx,44.78,lpn
Granger IN,licensed-practical-nurse-per-diem-prn-granger-in,44.78,lpn
Granger TX,licensed-practical-nurse-per-diem-prn-granger-tx,44.78,lpn
Grangeville,licensed-practical-nurse-per-diem-prn-grangeville-id,44.78,lpn
Grants Pass,licensed-practical-nurse-per-diem-prn-grants-pass-or,44.78,lpn
Grapevine,licensed-practical-nurse-per-diem-prn-grapevine-tx,44.78,lpn
Great Barrington,licensed-practical-nurse-per-diem-prn-great-barrington-ma,44.78,lpn
Great Falls,licensed-practical-nurse-per-diem-prn-great-falls-va,44.78,lpn
Great Falls MT,licensed-practical-nurse-per-diem-prn-great-falls-mt,42.81,lpn
Greece,licensed-practical-nurse-per-diem-prn-greece-ny,53.95,lpn
Greeley CO,licensed-practical-nurse-per-diem-prn-greeley-co,32.04,lpn
Green,licensed-practical-nurse-per-diem-prn-green-oh,53.33,lpn
Green Bay,per-diem-green-bay-wi,37.50,lpn
Green Cove Springs,licensed-practical-nurse-per-diem-prn-green-cove-springs-fl,44.78,lpn
Green River,licensed-practical-nurse-per-diem-prn-green-river-ut,44.78,lpn
Green River,licensed-practical-nurse-per-diem-prn-green-river-wy,50.43,lpn
Green Valley,licensed-practical-nurse-per-diem-prn-green-valley-az,44.78,lpn
Greenacres,licensed-practical-nurse-per-diem-prn-greenacres-fl,44.78,lpn
Greenacres,licensed-practical-nurse-per-diem-prn-greenacres-wa,46.18,lpn
Greenbrae,licensed-practical-nurse-per-diem-prn-greenbrae-ca,44.78,lpn
Greenburgh,licensed-practical-nurse-per-diem-prn-greenburgh-ny,53.98,lpn
Greenehaven,licensed-practical-nurse-per-diem-prn-greenehaven-az,44.78,lpn
Greeneville TN,licensed-practical-nurse-per-diem-prn-greeneville-tn,44.78,lpn
Greenfield,licensed-practical-nurse-per-diem-prn-greenfield-wi,49.89,lpn
Greenport,licensed-practical-nurse-per-diem-prn-greenport-ny,45.88,lpn
Greensboro,licensed-practical-nurse-per-diem-prn-greensboro-vt,43.65,lpn
Greensboro NC,licensed-practical-nurse-per-diem-prn-greensboro-nc-643ff,44.78,lpn
Greensboro Warnersville,licensed-practical-nurse-per-diem-prn-wichita-riverside-ks,49.65,lpn
Greenville,licensed-practical-nurse-per-diem-prn-greenville-ms,50.95,lpn
Greenville,licensed-practical-nurse-per-diem-prn-greenville-nc,54.92,lpn
Greenville FL,licensed-practical-nurse-per-diem-prn-greenville-fl,44.78,lpn
Greenville SC,licensed-practical-nurse-per-diem-prn-greenville-sc,44.78,lpn
Greenville TX,licensed-practical-nurse-per-diem-prn-greenville-tx,44.78,lpn
Greenwich,licensed-practical-nurse-per-diem-prn-greenwich-ct,53.75,lpn
Greenwood,licensed-practical-nurse-per-diem-prn-greenwood-in,44.78,lpn
Greenwood SC,licensed-practical-nurse-per-diem-prn-greenwood-sc,50.82,lpn
Greenwood Village CO,licensed-practical-nurse-per-diem-prn-greenwood-village-co,44.78,lpn
Greer,licensed-practical-nurse-per-diem-prn-greer-sc,50.66,lpn
Gresham OR,licensed-practical-nurse-per-diem-prn-gresham-or,44.78,lpn
Griswold IA,licensed-practical-nurse-per-diem-prn-griswold-ia,44.78,lpn
Grizzly Flats,licensed-practical-nurse-per-diem-prn-grizzly-flats-ca,44.78,lpn
Groesbeck,licensed-practical-nurse-per-diem-prn-groesbeck-tx,44.78,lpn
Groton,licensed-practical-nurse-per-diem-prn-groton-ct,47.89,lpn
Grove,licensed-practical-nurse-per-diem-prn-grove-ok,47.89,lpn
Grove City,licensed-practical-nurse-per-diem-prn-grove-city-oh,54.43,lpn
Groveland,licensed-practical-nurse-per-diem-prn-groveland-fl,44.78,lpn
Groves,licensed-practical-nurse-per-diem-prn-groves-tx,44.78,lpn
Groveton,licensed-practical-nurse-per-diem-prn-groveton-tx,44.78,lpn
Grulla,licensed-practical-nurse-per-diem-prn-grulla-tx,44.78,lpn
Guilford,licensed-practical-nurse-per-diem-prn-guilford-ct,46.59,lpn
Gulf Breeze,licensed-practical-nurse-per-diem-prn-gulf-breeze-fl,44.78,lpn
Gulfport,licensed-practical-nurse-per-diem-prn-gulfport-fl,44.78,lpn
Gulfport,licensed-practical-nurse-per-diem-prn-gulfport-ms,50.73,lpn
Gun Barrel City,licensed-practical-nurse-per-diem-prn-gun-barrel-city-tx,44.78,lpn
Gunnison CO,licensed-practical-nurse-per-diem-prn-gunnison-co,44.78,lpn
Gunnison UT,licensed-practical-nurse-per-diem-prn-gunnison-ut,44.78,lpn
Gunter,licensed-practical-nurse-per-diem-prn-gunter-tx,44.78,lpn
Guttenberg IA,licensed-practical-nurse-per-diem-prn-guttenberg-ia,44.78,lpn
Hackensack,licensed-practical-nurse-per-diem-prn-hackensack-nj,45.38,lpn
Hackettstown,licensed-practical-nurse-per-diem-prn-hackettstown-nj,47.89,lpn
Hagerman,licensed-practical-nurse-per-diem-prn-hagerman-id,44.78,lpn
Hagerstown,licensed-practical-nurse-per-diem-prn-hagerstown-md,42.81,lpn
Hagerstown,licensed-practical-nurse-per-diem-prn-hagerstown-md-37842,53.43,lpn
Hailey,licensed-practical-nurse-per-diem-prn-hailey-id,44.78,lpn
Haines City,licensed-practical-nurse-per-diem-prn-haines-city-fl,44.78,lpn
Hale Center,licensed-practical-nurse-per-diem-prn-hale-center-tx,44.78,lpn
Halfway,licensed-practical-nurse-per-diem-prn-halfway-or,44.78,lpn
Hallandale,licensed-practical-nurse-per-diem-prn-hallandale-fl,44.78,lpn
Hallandale Beach,licensed-practical-nurse-per-diem-prn-hallandale-beach-fl,44.78,lpn
Hallettsville,licensed-practical-nurse-per-diem-prn-hallettsville-tx,44.78,lpn
Hallowell,licensed-practical-nurse-per-diem-prn-hallowell-me,46.96,lpn
Hamburg,licensed-practical-nurse-per-diem-prn-hamburg-town-ny,54.33,lpn
Hamden,licensed-practical-nurse-per-diem-prn-hamden-ct,53.43,lpn
Hamilton,licensed-practical-nurse-per-diem-prn-hamilton-oh,48.87,lpn
Hamilton MT,licensed-practical-nurse-per-diem-prn-hamilton-mt,42.81,lpn
Hamilton Square,licensed-practical-nurse-per-diem-prn-hamilton-square-nj,47.89,lpn
Hamilton TX,licensed-practical-nurse-per-diem-prn-hamilton-tx,44.78,lpn
Hamlin,licensed-practical-nurse-per-diem-prn-hamlin-tx,44.78,lpn
Hammond,licensed-practical-nurse-per-diem-prn-hammond-in,49.87,lpn
Hammond,licensed-practical-nurse-per-diem-prn-hammond-la,44.78,lpn
Hampden,licensed-practical-nurse-per-diem-prn-hampden-pa,49.98,lpn
Hampton,licensed-practical-nurse-per-diem-prn-hampton-va,54.57,lpn
Hanceville,licensed-practical-nurse-per-diem-prn-hanceville-al,44.78,lpn
Hanford,licensed-practical-nurse-per-diem-prn-hanford-ca,44.78,lpn
Hanksville,licensed-practical-nurse-per-diem-prn-hanksville-ut,44.78,lpn
Hannibal MO,licensed-practical-nurse-per-diem-prn-hannibal-mo,42.81,lpn
Hanover,licensed-practical-nurse-per-diem-prn-hanover-md,44.78,lpn
Happy Valley,licensed-practical-nurse-per-diem-prn-happy-valley-or,44.78,lpn
Hardin,licensed-practical-nurse-per-diem-prn-hardin-mt,42.81,lpn
Harker Heights,licensed-practical-nurse-per-diem-prn-harker-heights-tx,44.78,lpn
Harlan KY,licensed-practical-nurse-per-diem-prn-harlan-ky,42.81,lpn
Harlingen,licensed-practical-nurse-per-diem-prn-harlingen-tx,44.78,lpn
Harrah,licensed-practical-nurse-per-diem-prn-harrah-ok,44.78,lpn
Harrington Park,licensed-practical-nurse-per-diem-prn-harrington-park-nj,45.38,lpn
Harrisburg,licensed-practical-nurse-per-diem-prn-harrisburg-pa,50.78,lpn
Harrisonburg,licensed-practical-nurse-per-diem-prn-harrisonburg-va,54.33,lpn
Hartfield,licensed-practical-nurse-per-diem-prn-hartfield-va,44.78,lpn
Hartford,licensed-practical-nurse-per-diem-prn-hartford-ct,43.72,lpn
Hartford,licensed-practical-nurse-per-diem-prn-hartford-vt,52.89,lpn
Hartland,licensed-practical-nurse-per-diem-prn-hartland-me,53.92,lpn
Harvey,licensed-practical-nurse-per-diem-prn-harvey-la,51.82,lpn
Harvey IL,licensed-practical-nurse-per-diem-prn-harvey-il,44.78,lpn
Harwich,licensed-practical-nurse-per-diem-prn-harwich-ma,44.78,lpn
Haskell,licensed-practical-nurse-per-diem-prn-haskell-tx,44.78,lpn
Hastings FL,licensed-practical-nurse-per-diem-prn-hastings-fl,44.78,lpn
Hastings NE,licensed-practical-nurse-per-diem-prn-hastings-ne,42.81,lpn
Hattiesburg,licensed-practical-nurse-per-diem-prn-hattiesburg-ms,44.78,lpn
Havana,licensed-practical-nurse-per-diem-prn-havana-fl,44.78,lpn
Haverford,licensed-practical-nurse-per-diem-prn-haverford-pa,50.82,lpn
Haverhill FL,licensed-practical-nurse-per-diem-prn-haverhill-fl,44.78,lpn
Haverhill MA,licensed-practical-nurse-per-diem-prn-haverhill-ma,44.78,lpn
Havre De Grace MD,licensed-practical-nurse-per-diem-prn-havre-de-grace-md,42.81,lpn
Havre MT,licensed-practical-nurse-per-diem-prn-havre-mt,42.81,lpn
Hawkins,licensed-practical-nurse-per-diem-prn-hawkins-tx,44.78,lpn
Hawthorne,licensed-practical-nurse-per-diem-prn-hawthorne-ca,45.38,lpn
Hawthorne,licensed-practical-nurse-per-diem-prn-hawthorne-f-nv,44.78,lpn
Hawthorne,licensed-practical-nurse-per-diem-prn-hawthorne-nv,44.78,lpn
Hawthorne FL,licensed-practical-nurse-per-diem-prn-hawthorne-fl,44.78,lpn
Haxtun,licensed-practical-nurse-per-diem-prn-haxtun-co,44.78,lpn
Hayden,licensed-practical-nurse-per-diem-prn-hayden-id,44.78,lpn
Hayesville,licensed-practical-nurse-per-diem-prn-hayesville-or,49.67,lpn
Haymarket,licensed-practical-nurse-per-diem-prn-haymarket-va,45.38,lpn
Hays KS,licensed-practical-nurse-per-diem-prn-hays-ks,44.78,lpn
Hayward CA,licensed-practical-nurse-per-diem-prn-hayward-ca,44.78,lpn
Hayward WI,licensed-practical-nurse-per-diem-prn-hayward-wi,43.65,lpn
Hazard KY,licensed-practical-nurse-per-diem-prn-hazard-ky,42.81,lpn
Hazel Crest IL,licensed-practical-nurse-per-diem-prn-hazel-crest-il,44.78,lpn
Hazelwood,licensed-practical-nurse-per-diem-prn-hazelwood-mo,48.98,lpn
Hazleton,licensed-practical-nurse-per-diem-prn-hazleton-pa,49.73,lpn
Hearne,licensed-practical-nurse-per-diem-prn-hearne-tx,44.78,lpn
Heartland,licensed-practical-nurse-per-diem-prn-heartland-tx,44.78,lpn
Heath,licensed-practical-nurse-per-diem-prn-heath-tx,44.78,lpn
Hebbronville,licensed-practical-nurse-per-diem-prn-hebbronville-tx,44.78,lpn
Heber City,licensed-practical-nurse-per-diem-prn-heber-city-ut,44.78,lpn
Hebron,licensed-practical-nurse-per-diem-prn-hebron-ne,42.81,lpn
Helena MT,licensed-practical-nurse-per-diem-prn-helena-mt,41.83,lpn
Helena OR,licensed-practical-nurse-per-diem-prn-helena-or,46.59,lpn
Helper,licensed-practical-nurse-per-diem-prn-helper-ut,44.78,lpn
Hemet,licensed-practical-nurse-per-diem-prn-hemet-ca,44.78,lpn
Hemphill,licensed-practical-nurse-per-diem-prn-hemphill-tx,44.78,lpn
Hempstead,licensed-practical-nurse-per-diem-prn-hempstead-tx,44.78,lpn
Hempstead town,licensed-practical-nurse-per-diem-prn-hempstead-town-ny,53.75,lpn
Henderson,licensed-practical-nurse-per-diem-prn-henderson-ky,50.92,lpn
Henderson Green Valley Ranch,licensed-practical-nurse-per-diem-prn-henderson-green-valley-ranch-nv,47.07,lpn
Henderson Midway,licensed-practical-nurse-per-diem-prn-henderson-midway-nv,52.73,lpn
Henderson NV,licensed-practical-nurse-per-diem-prn-henderson-nv,44.78,lpn
Henderson Pittmann,licensed-practical-nurse-per-diem-prn-henderson-pittman-nv,49.73,lpn
Henderson Silverado Ranch,licensed-practical-nurse-per-diem-prn-henderson-silverado-ranch-nv,49.78,lpn
Henderson TX,licensed-practical-nurse-per-diem-prn-henderson-tx,44.78,lpn
Hendersonville NC,licensed-practical-nurse-per-diem-prn-hendersonville-nc,44.78,lpn
Hendersonville TN,licensed-practical-nurse-per-diem-prn-hendersonville-tn,44.78,lpn
Henrietta,licensed-practical-nurse-per-diem-prn-henrietta-tx,44.78,lpn
Heppner,licensed-practical-nurse-per-diem-prn-heppner-or,44.78,lpn
Hereford AZ,licensed-practical-nurse-per-diem-prn-hereford-az,44.78,lpn
Hereford TX,licensed-practical-nurse-per-diem-prn-hereford-tx,44.78,lpn
Hermiston,licensed-practical-nurse-per-diem-prn-hermiston-or,44.78,lpn
Hermitage TN,licensed-practical-nurse-per-diem-prn-hermitage-tn,44.78,lpn
Hernando,licensed-practical-nurse-per-diem-prn-hernando-fl,44.78,lpn
Herriman,licensed-practical-nurse-per-diem-prn-herriman-ut,44.78,lpn
Hersey,licensed-practical-nurse-per-diem-prn-hersey-mi,49.75,lpn
Hettinger,licensed-practical-nurse-per-diem-prn-hettinger-nd,42.81,lpn
Hewitt,licensed-practical-nurse-per-diem-prn-hewitt-tx,44.78,lpn
Hialeah FL,licensed-practical-nurse-per-diem-prn-hialeah-fl,44.78,lpn
Hialeah Gardens,licensed-practical-nurse-per-diem-prn-hialeah-gardens-fl,44.78,lpn
Hickory,licensed-practical-nurse-per-diem-prn-hickory-nc,48.33,lpn
Hico,licensed-practical-nurse-per-diem-prn-hico-tx,44.78,lpn
High Point,licensed-practical-nurse-per-diem-prn-high-point-nc,54.82,lpn
High Springs,licensed-practical-nurse-per-diem-prn-high-springs-fl,45.07,lpn
Highland,licensed-practical-nurse-per-diem-prn-highland-ut,44.78,lpn
Highland Village,licensed-practical-nurse-per-diem-prn-highland-village-tx,45.07,lpn
Highlands Ranch CO,licensed-practical-nurse-per-diem-prn-highlands-ranch-co,45.07,lpn
Hill AFB,licensed-practical-nurse-per-diem-prn-hill-afb-ut,44.78,lpn
Hilliard,licensed-practical-nurse-per-diem-prn-hilliard-fl,45.07,lpn
Hilliard,licensed-practical-nurse-per-diem-prn-hilliard-oh,54.87,lpn
Hillsboro OR,licensed-practical-nurse-per-diem-prn-hillsboro-or,44.78,lpn
Hillsboro TX,licensed-practical-nurse-per-diem-prn-hillsboro-tx,45.07,lpn
Hillsborough NJ,licensed-practical-nurse-per-diem-prn-hillsborough-nj,45.88,lpn
Hillsdale,licensed-practical-nurse-per-diem-prn-hillsdale-mi,45.07,lpn
Hillside IL,licensed-practical-nurse-per-diem-prn-hillside-il,45.07,lpn
Hilo,licensed-practical-nurse-per-diem-prn-hilo-hi,45.89,lpn
Hilton Head Island SC,licensed-practical-nurse-per-diem-prn-hilton-head-island-sc,50.26,lpn
Hinesville,licensed-practical-nurse-per-diem-prn-hinesville-ga,52.75,lpn
Hitchcock,licensed-practical-nurse-per-diem-prn-hitchcock-tx,45.07,lpn
Hixson TN,licensed-practical-nurse-per-diem-prn-hixson-tn,45.07,lpn
Hobart IN,licensed-practical-nurse-per-diem-prn-hobart-in,45.07,lpn
Hobbs,licensed-practical-nurse-per-diem-prn-hobbs-nm,52.95,lpn
Hobe Sound,licensed-practical-nurse-per-diem-prn-hobe-sound-fl,45.07,lpn
Hockessin,licensed-practical-nurse-per-diem-prn-hockessin-de,55.09,lpn
Hoffman Estates,licensed-practical-nurse-per-diem-prn-hoffman-estates-il,48.98,lpn
Holbrook,licensed-practical-nurse-per-diem-prn-holbrook-az,44.78,lpn
Holdrege,licensed-practical-nurse-per-diem-prn-holdrege-ne,42.81,lpn
Holiday,licensed-practical-nurse-per-diem-prn-holiday-fl,45.07,lpn
Holladay UT,licensed-practical-nurse-per-diem-prn-holladay-ut,44.78,lpn
Holland,licensed-practical-nurse-per-diem-prn-holland-oh,52.33,lpn
Holly,licensed-practical-nurse-per-diem-prn-holly-co,45.07,lpn
Holly Hill,licensed-practical-nurse-per-diem-prn-holly-hill-fl,45.07,lpn
Holly Springs,licensed-practical-nurse-per-diem-prn-holly-springs-nc,48.11,lpn
Hollywood FL,licensed-practical-nurse-per-diem-prn-hollywood-fl,45.07,lpn
Holmdel,licensed-practical-nurse-per-diem-prn-holmdel-nj,44.78,lpn
Holstein IA,licensed-practical-nurse-per-diem-prn-holstein-ia,45.07,lpn
Holyoke CO,licensed-practical-nurse-per-diem-prn-holyoke-co,45.07,lpn
Holyoke MA,licensed-practical-nurse-per-diem-prn-holyoke-ma,45.07,lpn
Homedale,licensed-practical-nurse-per-diem-prn-homedale-id,45.07,lpn
Homestead,licensed-practical-nurse-per-diem-prn-homestead-fl,45.07,lpn
Homewood,licensed-practical-nurse-per-diem-prn-homewood-al,49.69,lpn
Homosassa,licensed-practical-nurse-per-diem-prn-homosassa-fl,45.07,lpn
Hondo,licensed-practical-nurse-per-diem-prn-hondo-tx,45.07,lpn
Honey Grove,licensed-practical-nurse-per-diem-prn-honey-grove-tx,45.07,lpn
Honokaa,licensed-practical-nurse-per-diem-prn-honokaa-hi,45.89,lpn
Honolulu,licensed-practical-nurse-per-diem-prn-honolulu-hi,45.89,lpn
Hood River OR,licensed-practical-nurse-per-diem-prn-hood-river-or,44.78,lpn
Hoover,licensed-practical-nurse-per-diem-prn-hoover-al-b1c00,45.07,lpn
Hope,licensed-practical-nurse-per-diem-prn-hope-nj,54.66,lpn
Hopedale,licensed-practical-nurse-per-diem-prn-hopedale-ma,45.38,lpn
Hopewell,licensed-practical-nurse-per-diem-prn-hopewell-va,45.38,lpn
Hopkinsville,licensed-practical-nurse-per-diem-prn-hopkinsville-ky,50.73,lpn
Horizon City,licensed-practical-nurse-per-diem-prn-horizon-city-tx,45.07,lpn
Horizon West,licensed-practical-nurse-per-diem-prn-horizon-west-fl,54.82,lpn
Horn Lake,licensed-practical-nurse-per-diem-prn-horn-lake-ms,51.26,lpn
Horseshoe Bay,licensed-practical-nurse-per-diem-prn-horseshoe-bay-tx,45.07,lpn
Horsham,licensed-practical-nurse-per-diem-prn-horsham-pa,49.66,lpn
Hosford,licensed-practical-nurse-per-diem-prn-hosford-fl,45.07,lpn
Hot Springs,licensed-practical-nurse-per-diem-prn-hot-springs-ar,51.75,lpn
Hot Springs,licensed-practical-nurse-per-diem-prn-hot-springs-mt,49.34,lpn
Hot Springs,licensed-practical-nurse-per-diem-prn-hot-springs-sd,44.78,lpn
Houma,licensed-practical-nurse-per-diem-prn-houma-la,51.33,lpn
Houston Kingwood,licensed-practical-nurse-per-diem-prn-houston-kingwood-tx,53.82,lpn
Houston Northside,licensed-practical-nurse-per-diem-prn-houston-northside-tx,51.92,lpn
Houston Southeast Houston,licensed-practical-nurse-per-diem-prn-houston-southeast-houston-tx,53.75,lpn
Houston TX,per-diem-houston-tx,33.47,lpn
Howey In The Hills,licensed-practical-nurse-per-diem-prn-howey-in-the-hills-fl,45.07,lpn
Huber Heights,licensed-practical-nurse-per-diem-prn-huber-heights-oh,54.67,lpn
Hudson,licensed-practical-nurse-per-diem-prn-hudson-nh,52.11,lpn
Hudson FL,licensed-practical-nurse-per-diem-prn-hudson-fl,45.07,lpn
Hudson NY,licensed-practical-nurse-per-diem-prn-hudson-ny,42.81,lpn
Hudson OH,licensed-practical-nurse-per-diem-prn-hudson-oh,52.65,lpn
Huffman,licensed-practical-nurse-per-diem-prn-huffman-tx,45.07,lpn
Hughes Springs,licensed-practical-nurse-per-diem-prn-hughes-springs-tx,45.07,lpn
Hugo,licensed-practical-nurse-per-diem-prn-hugo-co,45.07,lpn
Hull,licensed-practical-nurse-per-diem-prn-hull-tx,45.07,lpn
Humble,licensed-practical-nurse-per-diem-prn-humble-tx,45.07,lpn
Humble Iah / Airport Area,licensed-practical-nurse-per-diem-prn-humble-iah-airport-area-tx,51.78,lpn
Humboldt TN,licensed-practical-nurse-per-diem-prn-humboldt-tn,45.07,lpn
Huntersville,licensed-practical-nurse-per-diem-prn-huntersville-nc,48.31,lpn
Huntington,licensed-practical-nurse-per-diem-prn-huntington-ny,53.78,lpn
Huntington,licensed-practical-nurse-per-diem-prn-huntington-tx,45.07,lpn
Huntington,licensed-practical-nurse-per-diem-prn-huntington-wv,48.67,lpn
Huntington Beach,licensed-practical-nurse-per-diem-prn-huntington-beach-ca,52.43,lpn
Huntsville,licensed-practical-nurse-per-diem-prn-huntsville-al,51.11,lpn
Huntsville TX,licensed-practical-nurse-per-diem-prn-huntsville-tx,45.07,lpn
Huntsville UT,licensed-practical-nurse-per-diem-prn-huntsville-ut,44.78,lpn
Huron,licensed-practical-nurse-per-diem-prn-huron-sd,44.78,lpn
Hurricane UT,licensed-practical-nurse-per-diem-prn-hurricane-ut,44.78,lpn
Hurst,licensed-practical-nurse-per-diem-prn-hurst-tx,45.07,lpn
Hutchinson,licensed-practical-nurse-per-diem-prn-hutchinson-ks,50.73,lpn
Hutto,licensed-practical-nurse-per-diem-prn-hutto-tx,45.07,lpn
Hyannis,licensed-practical-nurse-per-diem-prn-hyannis-ma,45.07,lpn
Hyattsville,licensed-practical-nurse-per-diem-prn-hyattsville-md,45.38,lpn
Hyrum,licensed-practical-nurse-per-diem-prn-hyrum-ut,44.78,lpn
Idaho Falls ID,per-diem-idaho-falls-id,46.78,lpn
Idaho Springs,licensed-practical-nurse-per-diem-prn-idaho-springs-co,45.07,lpn
Idalou,licensed-practical-nurse-per-diem-prn-idalou-tx,45.07,lpn
Idleyld Park,licensed-practical-nurse-per-diem-prn-idleyld-park-or,44.78,lpn
Ignacio,licensed-practical-nurse-per-diem-prn-ignacio-co,45.07,lpn
Immokalee,licensed-practical-nurse-per-diem-prn-immokalee-fl,45.07,lpn
Incline Village,licensed-practical-nurse-per-diem-prn-incline-village-nv,44.78,lpn
Independence,licensed-practical-nurse-per-diem-prn-independence-ky,50.89,lpn
Independence MO,licensed-practical-nurse-per-diem-prn-independence-mo,42.81,lpn
Independence OR,licensed-practical-nurse-per-diem-prn-independence-or,44.78,lpn
Indian Harbour Beach,licensed-practical-nurse-per-diem-prn-indian-harbour-beach-fl,45.07,lpn
Indian Trail,licensed-practical-nurse-per-diem-prn-indian-trail-nc,48.65,lpn
Indianapolis,per-diem-indianapolis-in,33.47,lpn
Indianapolis Downtown,licensed-practical-nurse-per-diem-prn-indianapolis-downtown-in,52.26,lpn
Indianola IA,licensed-practical-nurse-per-diem-prn-indianola-ia,45.07,lpn
Indiantown,licensed-practical-nurse-per-diem-prn-indiantown-fl,45.07,lpn
Inglewood,licensed-practical-nurse-per-diem-prn-inglewood-ca-38c5b,45.07,lpn
Inglis,licensed-practical-nurse-per-diem-prn-inglis-fl,45.07,lpn
Inland Empire,licensed-practical-nurse-per-diem-prn-inland-empire-ca,44.78,lpn
Interlachen,licensed-practical-nurse-per-diem-prn-interlachen-fl,45.07,lpn
Inver Grove Heights,licensed-practical-nurse-per-diem-prn-inver-grove-heights-mn,50.67,lpn
Inverness,licensed-practical-nurse-per-diem-prn-inverness-fl,45.07,lpn
Inwood,licensed-practical-nurse-per-diem-prn-inwood-ia,45.07,lpn
Ione,licensed-practical-nurse-per-diem-prn-ione-or,44.78,lpn
Iowa City IA,licensed-practical-nurse-per-diem-prn-iowa-city-ia,45.07,lpn
Iowa Park,licensed-practical-nurse-per-diem-prn-iowa-park-tx,45.07,lpn
Iraan,licensed-practical-nurse-per-diem-prn-iraan-tx,45.07,lpn
Irene,licensed-practical-nurse-per-diem-prn-irene-sd,44.78,lpn
Irrigon,licensed-practical-nurse-per-diem-prn-irrigon-or,44.78,lpn
Irvine,licensed-practical-nurse-per-diem-prn-irvine-ca,51.98,lpn
Irving,per-diem-irving-tx,52.98,lpn
Island City,licensed-practical-nurse-per-diem-prn-island-city-or,44.78,lpn
Islip,licensed-practical-nurse-per-diem-prn-islip-ny,53.43,lpn
Issaquah,licensed-practical-nurse-per-diem-prn-issaquah-wa,26.68,lpn
Italy,licensed-practical-nurse-per-diem-prn-italy-tx,45.07,lpn
Itasca,licensed-practical-nurse-per-diem-prn-itasca-tx,45.07,lpn
Iva,licensed-practical-nurse-per-diem-prn-iva-sc,51.11,lpn
Ivins,licensed-practical-nurse-per-diem-prn-ivins-ut,44.78,lpn
Jacinto City,licensed-practical-nurse-per-diem-prn-jacinto-city-tx,45.07,lpn
Jackpot,licensed-practical-nurse-per-diem-prn-jackpot-nv,44.78,lpn
Jacksboro,licensed-practical-nurse-per-diem-prn-jacksboro-tx,45.07,lpn
Jackson,licensed-practical-nurse-per-diem-prn-jackson-ms,45.07,lpn
Jackson,licensed-practical-nurse-per-diem-prn-jackson-wy,50.58,lpn
Jackson TN,licensed-practical-nurse-per-diem-prn-jackson-tn,45.07,lpn
Jacksonville,licensed-practical-nurse-per-diem-prn-jacksonville-ar,51.65,lpn
Jacksonville,licensed-practical-nurse-per-diem-prn-jacksonville-nc,54.95,lpn
Jacksonville Beach,licensed-practical-nurse-per-diem-prn-jacksonville-beach-fl,45.07,lpn
Jacksonville Englewood,licensed-practical-nurse-per-diem-prn-jacksonville-englewood-fl,52.66,lpn
Jacksonville FL,licensed-practical-nurse-per-diem-prn-jacksonville-fl,37.91,lpn
Jacksonville TX,licensed-practical-nurse-per-diem-prn-jacksonville-tx,45.07,lpn
Janesville,licensed-practical-nurse-per-diem-prn-janesville-wi,43.65,lpn
Jarrell,licensed-practical-nurse-per-diem-prn-jarrell-tx,45.07,lpn
Jasper FL,licensed-practical-nurse-per-diem-prn-jasper-fl,45.07,lpn
Jasper TX,licensed-practical-nurse-per-diem-prn-jasper-tx,45.07,lpn
Jay,licensed-practical-nurse-per-diem-prn-jay-fl,45.07,lpn
Jay OK,licensed-practical-nurse-per-diem-prn-jay-ok,45.07,lpn
Jayton,licensed-practical-nurse-per-diem-prn-jayton-tx,45.07,lpn
Jbsa Ft Sam Houston,licensed-practical-nurse-per-diem-prn-jbsa-ft-sam-houston-tx,45.07,lpn
Jbsa Lackland,licensed-practical-nurse-per-diem-prn-jbsa-lackland-tx,45.07,lpn
Jbsa Randolph,licensed-practical-nurse-per-diem-prn-jbsa-randolph-tx,45.07,lpn
Jefferson,licensed-practical-nurse-per-diem-prn-jefferson-tx,45.07,lpn
Jefferson City,licensed-practical-nurse-per-diem-prn-jefferson-city-mo,49.65,lpn
Jeffersontown,licensed-practical-nurse-per-diem-prn-jeffersontown-ky,50.82,lpn
Jeffersonville,licensed-practical-nurse-per-diem-prn-jeffersonville-in,49.82,lpn
Jena,licensed-practical-nurse-per-diem-prn-jena-la,45.07,lpn
Jenks,licensed-practical-nurse-per-diem-prn-jenks-ok,49.26,lpn
Jensen Beach,licensed-practical-nurse-per-diem-prn-jensen-beach-fl,45.07,lpn
Jericho,licensed-practical-nurse-per-diem-prn-jericho-vt,53.73,lpn
Jerome,licensed-practical-nurse-per-diem-prn-jerome-id,45.07,lpn
Jersey City,licensed-practical-nurse-per-diem-prn-jersey-city-nj,45.38,lpn
Jersey Village,licensed-practical-nurse-per-diem-prn-jersey-village-tx,45.07,lpn
Jetmore KS,licensed-practical-nurse-per-diem-prn-jetmore-ks,42.81,lpn
John Day,licensed-practical-nurse-per-diem-prn-john-day-or,44.78,lpn
Johns Creek GA,licensed-practical-nurse-per-diem-prn-johns-creek-ga,52.26,lpn
Johnson City TN,licensed-practical-nurse-per-diem-prn-johnson-city-tn,44.78,lpn
Johnson City TX,licensed-practical-nurse-per-diem-prn-johnson-city-tx,45.07,lpn
Johnston,licensed-practical-nurse-per-diem-prn-johnston-ri,45.38,lpn
Johnston IA,licensed-practical-nurse-per-diem-prn-johnston-ia,53.75,lpn
Johnstown,licensed-practical-nurse-per-diem-prn-johnstown-co,45.07,lpn
Joliet,licensed-practical-nurse-per-diem-prn-joliet-il,48.31,lpn
Jones,licensed-practical-nurse-per-diem-prn-jones-ok,44.78,lpn
Jonesboro,licensed-practical-nurse-per-diem-prn-jonesboro-ar,50.95,lpn
Jonestown,licensed-practical-nurse-per-diem-prn-jonestown-tx,45.07,lpn
Joplin,licensed-practical-nurse-per-diem-prn-joplin-mo,49.73,lpn
Joseph,licensed-practical-nurse-per-diem-prn-joseph-or,44.78,lpn
Joshua,licensed-practical-nurse-per-diem-prn-joshua-tx,45.07,lpn
Jourdanton,licensed-practical-nurse-per-diem-prn-jourdanton-tx,45.07,lpn
Julesburg,licensed-practical-nurse-per-diem-prn-julesburg-co,45.07,lpn
Junction,licensed-practical-nurse-per-diem-prn-junction-tx,45.07,lpn
Junction City,licensed-practical-nurse-per-diem-prn-junction-city-ks,50.66,lpn
Junction City,licensed-practical-nurse-per-diem-prn-junction-city-or,44.78,lpn
Juneau,licensed-practical-nurse-per-diem-prn-juneau-ak,45.89,lpn
Juno Beach,licensed-practical-nurse-per-diem-prn-juno-beach-fl,45.07,lpn
Jupiter,licensed-practical-nurse-per-diem-prn-jupiter-fl,45.07,lpn
Jupiter Abacoa,licensed-practical-nurse-per-diem-prn-jupiter-abacoa-fl,52.87,lpn
Justin,licensed-practical-nurse-per-diem-prn-justin-tx,45.07,lpn
Kahului,licensed-practical-nurse-per-diem-prn-kahului-hi,54.69,lpn
Kailua CDP,licensed-practical-nurse-per-diem-prn-kailua-cdp-hi,54.33,lpn
Kalamazoo,licensed-practical-nurse-per-diem-prn-kalamazoo-mi,48.67,lpn
Kalifornsky,licensed-practical-nurse-per-diem-prn-kalifornsky-ak,50.65,lpn
Kalispell,licensed-practical-nurse-per-diem-prn-kalispell-mt,51.65,lpn
Kamas,licensed-practical-nurse-per-diem-prn-kamas-ut,44.78,lpn
Kamuela,licensed-practical-nurse-per-diem-prn-kamuela-hi,45.89,lpn
Kanab,licensed-practical-nurse-per-diem-prn-kanab-ut,44.78,lpn
Kane,licensed-practical-nurse-per-diem-prn-kane-pa,44.78,lpn
Kaneohe,licensed-practical-nurse-per-diem-prn-kaneohe-hi,54.65,lpn
Kannapolis,licensed-practical-nurse-per-diem-prn-kannapolis-nc,48.75,lpn
Kanosh,licensed-practical-nurse-per-diem-prn-kanosh-ut,44.78,lpn
Kansas City KS,per-diem-kansas-city-ks,40.00,lpn
Kansas City MO,per-diem-kansas-city-mo,37.80,lpn
Kapolei,licensed-practical-nurse-per-diem-prn-kapolei-hi,54.73,lpn
Karnes City,licensed-practical-nurse-per-diem-prn-karnes-city-tx,45.07,lpn
Katy,licensed-practical-nurse-per-diem-prn-katy-tx,45.07,lpn
Kaufman,licensed-practical-nurse-per-diem-prn-kaufman-tx,45.07,lpn
Kayenta,licensed-practical-nurse-per-diem-prn-kayenta-az,44.78,lpn
Kaysville,licensed-practical-nurse-per-diem-prn-kaysville-ut,44.78,lpn
Kealakekua,licensed-practical-nurse-per-diem-prn-kealakekua-hi,45.89,lpn
Kearney,licensed-practical-nurse-per-diem-prn-kearney-ne,51.73,lpn
Kearns,licensed-practical-nurse-per-diem-prn-kearns-ut,44.78,lpn
Kearny,licensed-practical-nurse-per-diem-prn-kearny-az,44.78,lpn
Kearny,licensed-practical-nurse-per-diem-prn-kearny-nj,45.07,lpn
Keene,licensed-practical-nurse-per-diem-prn-keene-nh,52.65,lpn
Keene,licensed-practical-nurse-per-diem-prn-keene-tx,45.07,lpn
Keizer,licensed-practical-nurse-per-diem-prn-keizer-or,44.78,lpn
Keller,licensed-practical-nurse-per-diem-prn-keller-tx,45.07,lpn
Kellogg,licensed-practical-nurse-per-diem-prn-kellogg-id,45.07,lpn
Kelso WA,licensed-practical-nurse-per-diem-prn-kelso-wa,45.07,lpn
Kemp,licensed-practical-nurse-per-diem-prn-kemp-tx,45.07,lpn
Ken Caryl,licensed-practical-nurse-per-diem-prn-ken-caryl-co,53.31,lpn
Kenansville NC,licensed-practical-nurse-per-diem-prn-kenansville-nc,45.07,lpn
Kendale Lakes,licensed-practical-nurse-per-diem-prn-kendale-lakes-fl,54.73,lpn
Kendall,licensed-practical-nurse-per-diem-prn-kendall-fl,54.78,lpn
Kendall West,licensed-practical-nurse-per-diem-prn-kendall-west-fl,54.69,lpn
Kendrick,licensed-practical-nurse-per-diem-prn-kendrick-id,45.07,lpn
Kenedy,licensed-practical-nurse-per-diem-prn-kenedy-tx,45.07,lpn
Kennard,licensed-practical-nurse-per-diem-prn-kennard-tx,45.07,lpn
Kennedale,licensed-practical-nurse-per-diem-prn-kennedale-tx,45.07,lpn
Kenner,licensed-practical-nurse-per-diem-prn-kenner-la,51.43,lpn
Kennesaw,licensed-practical-nurse-per-diem-prn-kennesaw-ga,52.31,lpn
Kenneth City,licensed-practical-nurse-per-diem-prn-kenneth-city-fl,45.07,lpn
Kennewick,licensed-practical-nurse-per-diem-prn-kennewick-wa,48.31,lpn
Kenosha,licensed-practical-nurse-per-diem-prn-kenosha-wi,49.75,lpn
Kent,licensed-practical-nurse-per-diem-prn-kent-oh,53.11,lpn
Kent,licensed-practical-nurse-per-diem-prn-kent-wa,54.92,lpn
Kentwood,licensed-practical-nurse-per-diem-prn-kentwood-mi,49.66,lpn
Keosauqua IA,licensed-practical-nurse-per-diem-prn-keosauqua-ia,45.07,lpn
Kerens,licensed-practical-nurse-per-diem-prn-kerens-tx,45.07,lpn
Kermit,licensed-practical-nurse-per-diem-prn-kermit-tx,45.07,lpn
Kerrville,licensed-practical-nurse-per-diem-prn-kerrville-tx,45.07,lpn
Ketchikan,licensed-practical-nurse-per-diem-prn-ketchikan-ak,50.67,lpn
Ketchum,licensed-practical-nurse-per-diem-prn-ketchum-id,45.07,lpn
Kettering,licensed-practical-nurse-per-diem-prn-kettering-oh,48.57,lpn
Kewaunee,licensed-practical-nurse-per-diem-prn-kewaunee-wi,43.65,lpn
Key Biscayne,licensed-practical-nurse-per-diem-prn-key-biscayne-fl,45.07,lpn
Key Largo,licensed-practical-nurse-per-diem-prn-key-largo-fl,45.07,lpn
Key West,licensed-practical-nurse-per-diem-prn-key-west-fl,45.07,lpn
Keystone Heights,licensed-practical-nurse-per-diem-prn-keystone-heights-fl,45.07,lpn
Kihei,licensed-practical-nurse-per-diem-prn-kihei-hi,54.82,lpn
Kilgore,licensed-practical-nurse-per-diem-prn-kilgore-tx,45.07,lpn
Killeen,licensed-practical-nurse-per-diem-prn-killeen-tx,45.07,lpn
Kimberly,licensed-practical-nurse-per-diem-prn-kimberly-id,45.07,lpn
Kinder,licensed-practical-nurse-per-diem-prn-kinder-la,42.81,lpn
King City,licensed-practical-nurse-per-diem-prn-king-city-ca,45.07,lpn
Kingman,licensed-practical-nurse-per-diem-prn-kingman-az,44.78,lpn
Kingsland,licensed-practical-nurse-per-diem-prn-kingsland-tx,45.07,lpn
Kingsport TN,licensed-practical-nurse-per-diem-prn-kingsport-tn,44.78,lpn
Kingsville,licensed-practical-nurse-per-diem-prn-kingsville-tx,45.07,lpn
Kingwood,licensed-practical-nurse-per-diem-prn-kingwood-tx,45.07,lpn
Kiowa,licensed-practical-nurse-per-diem-prn-kiowa-co,45.07,lpn
Kirby,licensed-practical-nurse-per-diem-prn-kirby-tx,45.07,lpn
Kirbyville,licensed-practical-nurse-per-diem-prn-kirbyville-tx,45.07,lpn
Kirkland,licensed-practical-nurse-per-diem-prn-kirkland-wa,54.95,lpn
Kirkwood,licensed-practical-nurse-per-diem-prn-kirkwood-mo,49.75,lpn
Kissimmee FL,licensed-practical-nurse-per-diem-prn-kissimmee-fl,45.07,lpn
Kit Carson,licensed-practical-nurse-per-diem-prn-kit-carson-co,45.07,lpn
Kittery,licensed-practical-nurse-per-diem-prn-kittery-me,42.81,lpn
Klamath Falls,licensed-practical-nurse-per-diem-prn-klamath-falls-or,44.78,lpn
Knik-Fairview,licensed-practical-nurse-per-diem-prn-knik-fairview-ak,50.75,lpn
Knox City,licensed-practical-nurse-per-diem-prn-knox-city-tx,45.07,lpn
Knoxville,licensed-practical-nurse-per-diem-prn-knoxville-tn,51.66,lpn
Knoxville IA,licensed-practical-nurse-per-diem-prn-knoxville-ia,45.07,lpn
Knoxville IL,licensed-practical-nurse-per-diem-prn-knoxville-il,44.78,lpn
Kokomo,licensed-practical-nurse-per-diem-prn-kokomo-in,49.65,lpn
Kooskia,licensed-practical-nurse-per-diem-prn-kooskia-id,45.07,lpn
Kountze,licensed-practical-nurse-per-diem-prn-kountze-tx,45.07,lpn
Kremmling,licensed-practical-nurse-per-diem-prn-kremmling-co,45.07,lpn
Krum,licensed-practical-nurse-per-diem-prn-krum-tx,45.07,lpn
Kuna ID,licensed-practical-nurse-per-diem-prn-kuna-id,45.07,lpn
Kyle TX,licensed-practical-nurse-per-diem-prn-kyle-tx,45.07,lpn
La Crosse,licensed-practical-nurse-per-diem-prn-la-crosse-wi,49.65,lpn
La Feria,licensed-practical-nurse-per-diem-prn-la-feria-tx,45.07,lpn
La Grande,licensed-practical-nurse-per-diem-prn-la-grande-or,44.78,lpn
La Grange,licensed-practical-nurse-per-diem-prn-la-grange-il,45.07,lpn
La Grange,licensed-practical-nurse-per-diem-prn-la-grange-tx,45.07,lpn
La Grange Park,licensed-practical-nurse-per-diem-prn-la-grange-park-il-682ce,46.96,lpn
La Honda,licensed-practical-nurse-per-diem-prn-la-honda-ca,45.07,lpn
La Jara,licensed-practical-nurse-per-diem-prn-la-jara-co,45.07,lpn
La Joya,licensed-practical-nurse-per-diem-prn-la-joya-tx,45.07,lpn
La Junta,licensed-practical-nurse-per-diem-prn-la-junta-co,45.07,lpn
La Marque,licensed-practical-nurse-per-diem-prn-la-marque-tx,45.07,lpn
La Mesa,licensed-practical-nurse-per-diem-prn-la-mesa-ca,45.07,lpn
La Pine,licensed-practical-nurse-per-diem-prn-la-pine-or,44.78,lpn
La Place,licensed-practical-nurse-per-diem-prn-la-place-la,45.07,lpn
La Porte,licensed-practical-nurse-per-diem-prn-la-porte-tx,45.07,lpn
La Pryor,licensed-practical-nurse-per-diem-prn-la-pryor-tx,45.07,lpn
La Tuna,licensed-practical-nurse-per-diem-prn-la-tuna-tx,45.07,lpn
La Vergne,licensed-practical-nurse-per-diem-prn-la-vergne-tn,51.89,lpn
La Vernia,licensed-practical-nurse-per-diem-prn-la-vernia-tx,45.07,lpn
La Vista,licensed-practical-nurse-per-diem-prn-la-vista-ne,51.92,lpn
Labelle,licensed-practical-nurse-per-diem-prn-labelle-fl,45.07,lpn
Lacey,licensed-practical-nurse-per-diem-prn-lacey-wa,45.07,lpn
Lady Lake,licensed-practical-nurse-per-diem-prn-lady-lake-fl,45.07,lpn
Lafayette,licensed-practical-nurse-per-diem-prn-lafayette-in,49.43,lpn
Lafayette CO,licensed-practical-nurse-per-diem-prn-lafayette-co,45.07,lpn
Lafayette LA,licensed-practical-nurse-per-diem-prn-lafayette-la,45.07,lpn
LaGrange,licensed-practical-nurse-per-diem-prn-lagrange-ga,51.95,lpn
Lake Butler,licensed-practical-nurse-per-diem-prn-lake-butler-fl,45.07,lpn
Lake Charles,licensed-practical-nurse-per-diem-prn-lake-charles-la,51.87,lpn
Lake City CO,licensed-practical-nurse-per-diem-prn-lake-city-co,45.07,lpn
Lake City FL,licensed-practical-nurse-per-diem-prn-lake-city-fl,45.07,lpn
Lake Clarke Shores,licensed-practical-nurse-per-diem-prn-lake-clarke-shores-fl,45.07,lpn
Lake Forest IL,licensed-practical-nurse-per-diem-prn-lake-forest-il,44.78,lpn
Lake Havasu City AZ,licensed-practical-nurse-per-diem-prn-lake-havasu-city-az,44.78,lpn
Lake Isabella,licensed-practical-nurse-per-diem-prn-lake-isabella-ca,45.07,lpn
Lake Jackson,licensed-practical-nurse-per-diem-prn-lake-jackson-tx,45.07,lpn
Lake Magdalene,licensed-practical-nurse-per-diem-prn-lake-magdalene-fl,54.67,lpn
Lake Mary,licensed-practical-nurse-per-diem-prn-lake-mary-fl,45.07,lpn
Lake Oswego,licensed-practical-nurse-per-diem-prn-lake-oswego-or,44.78,lpn
Lake Park,licensed-practical-nurse-per-diem-prn-lake-park-fl,45.07,lpn
Lake Placid,licensed-practical-nurse-per-diem-prn-lake-placid-fl,45.07,lpn
Lake Ridge,licensed-practical-nurse-per-diem-prn-lake-ridge-va,54.69,lpn
Lake Wales,licensed-practical-nurse-per-diem-prn-lake-wales-fl,45.07,lpn
Lake Worth Beach,licensed-practical-nurse-per-diem-prn-lake-worth-beach-fl,54.11,lpn
Lake Worth FL,licensed-practical-nurse-per-diem-prn-lake-worth-fl,45.07,lpn
Lake Worth TX,licensed-practical-nurse-per-diem-prn-lake-worth-tx,45.07,lpn
Lakeland FL,licensed-practical-nurse-per-diem-prn-lakeland-fl,45.07,lpn
Lakeport,licensed-practical-nurse-per-diem-prn-lakeport-ca,45.07,lpn
Lakeside AZ,licensed-practical-nurse-per-diem-prn-lakeside-az,44.78,lpn
Lakeside FL,licensed-practical-nurse-per-diem-prn-lakeside-fl,54.58,lpn
Lakeside TX,licensed-practical-nurse-per-diem-prn-lakeside-tx,45.07,lpn
Lakeview,licensed-practical-nurse-per-diem-prn-lakeview-or,44.78,lpn
Lakeville,licensed-practical-nurse-per-diem-prn-lakeville-mn,49.78,lpn
Lakeway,licensed-practical-nurse-per-diem-prn-lakeway-tx,45.07,lpn
Lakewood,licensed-practical-nurse-per-diem-prn-lakewood-ca,45.07,lpn
Lakewood,licensed-practical-nurse-per-diem-prn-lakewood-nj,45.64,lpn
Lakewood,licensed-practical-nurse-per-diem-prn-lakewood-oh,48.26,lpn
Lakewood,licensed-practical-nurse-per-diem-prn-lakewood-wa,48.75,lpn
Lakewood CO,licensed-practical-nurse-per-diem-prn-lakewood-co,32.01,lpn
Lakewood Lasley,licensed-practical-nurse-per-diem-prn-lakewood-lasley-co,51.95,lpn
Lakewood Marston Slopes,licensed-practical-nurse-per-diem-prn-lakewood-marston-slopes-co,49.31,lpn
Lakewood Molholm/Two Creeks,licensed-practical-nurse-per-diem-prn-lakewood-molholm-two-creeks-co,49.57,lpn
Lakewood Ranch,licensed-practical-nurse-per-diem-prn-lakewood-ranch-fl,45.64,lpn
Lakota,licensed-practical-nurse-per-diem-prn-lakota-nd,42.81,lpn
Lamar,licensed-practical-nurse-per-diem-prn-lamar-co,45.64,lpn
Lamesa,licensed-practical-nurse-per-diem-prn-lamesa-tx,45.64,lpn
Lampasas,licensed-practical-nurse-per-diem-prn-lampasas-tx,45.64,lpn
Lancaster,licensed-practical-nurse-per-diem-prn-lancaster-ca,52.65,lpn
Lancaster City,licensed-practical-nurse-per-diem-prn-lancaster-city-pa,50.98,lpn
Lancaster NH,licensed-practical-nurse-per-diem-prn-lancaster-nh,42.81,lpn
Lancaster OH,licensed-practical-nurse-per-diem-prn-lancaster-oh,45.38,lpn
Lancaster TX,licensed-practical-nurse-per-diem-prn-lancaster-tx,45.64,lpn
Lancaster WI,licensed-practical-nurse-per-diem-prn-lancaster-wi,43.65,lpn
Land O Lakes,licensed-practical-nurse-per-diem-prn-land-o-lakes-fl,45.64,lpn
Lander,licensed-practical-nurse-per-diem-prn-lander-wy,50.67,lpn
Lansdale,licensed-practical-nurse-per-diem-prn-lansdale-pa,55.11,lpn
Lansing,licensed-practical-nurse-per-diem-prn-lansing-mi,45.64,lpn
Lantana,licensed-practical-nurse-per-diem-prn-lantana-fl,45.64,lpn
Lapeer,licensed-practical-nurse-per-diem-prn-lapeer-mi,45.64,lpn
Laplace,licensed-practical-nurse-per-diem-prn-laplace-la,51.65,lpn
Laramie,licensed-practical-nurse-per-diem-prn-laramie-wy,45.89,lpn
Laredo,per-diem-laredo-tx,52.98,lpn
Largo,licensed-practical-nurse-per-diem-prn-largo-fl,45.64,lpn
Las Animas,licensed-practical-nurse-per-diem-prn-las-animas-co,45.64,lpn
Las Cruces,licensed-practical-nurse-per-diem-prn-las-cruces-nm,52.82,lpn
Las Vegas,per-diem-las-vegas-nv,37.87,lpn
Las Vegas Angel Park,licensed-practical-nurse-per-diem-prn-las-vegas-angel-park-nv,54.26,lpn
Las Vegas Centennial Hills,licensed-practical-nurse-per-diem-prn-las-vegas-centennial-hills-nv,51.58,lpn
Las Vegas Rancho Oakey,licensed-practical-nurse-per-diem-prn-las-vegas-rancho-oakey-nv,46.96,lpn
Las Vegas Twin Lakes,licensed-practical-nurse-per-diem-prn-las-vegas-twin-lakes-nv,51.67,lpn
Lauderdale Lakes,licensed-practical-nurse-per-diem-prn-lauderdale-lakes-fl,45.64,lpn
Lauderhill,licensed-practical-nurse-per-diem-prn-lauderhill-fl,45.64,lpn
Laughlin Afb,licensed-practical-nurse-per-diem-prn-laughlin-afb-tx,45.64,lpn
Laurel,licensed-practical-nurse-per-diem-prn-laurel-md,42.81,lpn
Lava Hot Springs,licensed-practical-nurse-per-diem-prn-lava-hot-springs-id,45.64,lpn
Laveen,licensed-practical-nurse-per-diem-prn-laveen-az,44.78,lpn
Lawrence,licensed-practical-nurse-per-diem-prn-lawrence-in,49.89,lpn
Lawrence,licensed-practical-nurse-per-diem-prn-lawrence-ks,50.89,lpn
Lawrence,licensed-practical-nurse-per-diem-prn-lawrence-ma,45.64,lpn
Lawrenceburg,licensed-practical-nurse-per-diem-prn-lawrenceburg-in,45.64,lpn
Lawrenceville,licensed-practical-nurse-per-diem-prn-lawrenceville-ga,51.98,lpn
Lawton,licensed-practical-nurse-per-diem-prn-lawton-ok,44.78,lpn
Layton,per-diem-layton-ut,46.33,lpn
Le Mars IA,licensed-practical-nurse-per-diem-prn-le-mars-ia,45.64,lpn
Leadville,licensed-practical-nurse-per-diem-prn-leadville-co,45.64,lpn
League City,licensed-practical-nurse-per-diem-prn-league-city-tx,45.64,lpn
Leakey,licensed-practical-nurse-per-diem-prn-leakey-tx,45.64,lpn
Leander,licensed-practical-nurse-per-diem-prn-leander-tx,45.64,lpn
Leavenworth,licensed-practical-nurse-per-diem-prn-leavenworth-ks,50.78,lpn
Leavenworth,licensed-practical-nurse-per-diem-prn-leavenworth-wa,48.33,lpn
Leawood,licensed-practical-nurse-per-diem-prn-leawood-ks,50.65,lpn
Lebanon,licensed-practical-nurse-per-diem-prn-lebanon-7-nh,42.81,lpn
Lebanon,licensed-practical-nurse-per-diem-prn-lebanon-oh,52.66,lpn
Lebanon,licensed-practical-nurse-per-diem-prn-lebanon-or,44.78,lpn
Lebanon,licensed-practical-nurse-per-diem-prn-lebanon-tn,51.73,lpn
Lebanon City,licensed-practical-nurse-per-diem-prn-lebanon-city-pa,49.43,lpn
Lecanto,licensed-practical-nurse-per-diem-prn-lecanto-fl,45.64,lpn
Lee's Summit,licensed-practical-nurse-per-diem-prn-lee-s-summit-mo,48.43,lpn
Lees Summit MO,licensed-practical-nurse-per-diem-prn-lees-summit-mo,42.81,lpn
Leesburg FL,licensed-practical-nurse-per-diem-prn-leesburg-fl,45.64,lpn
Leesburg VA,licensed-practical-nurse-per-diem-prn-leesburg-va,45.38,lpn
Lehi UT,licensed-practical-nurse-per-diem-prn-lehi-ut,44.78,lpn
Lehigh Acres FL,licensed-practical-nurse-per-diem-prn-lehigh-acres-fl,45.64,lpn
Leland NC,licensed-practical-nurse-per-diem-prn-leland-nc,42.81,lpn
Lenexa,licensed-practical-nurse-per-diem-prn-lenexa-ks,50.82,lpn
Lenox,licensed-practical-nurse-per-diem-prn-lenox-ia,48.26,lpn
Lenox,licensed-practical-nurse-per-diem-prn-lenox-ma,45.64,lpn
Leonard,licensed-practical-nurse-per-diem-prn-leonard-tx,45.64,lpn
Levelland,licensed-practical-nurse-per-diem-prn-levelland-tx,45.64,lpn
Lewiston ID,licensed-practical-nurse-per-diem-prn-lewiston-id,45.64,lpn
Lewiston ME,licensed-practical-nurse-per-diem-prn-lewiston-me,42.81,lpn
Lewistown MT,licensed-practical-nurse-per-diem-prn-lewistown-mt,42.81,lpn
Lewisville,licensed-practical-nurse-per-diem-prn-lewisville-tx,45.64,lpn
Lexington OK,licensed-practical-nurse-per-diem-prn-lexington-ok,45.64,lpn
Lexington SC,licensed-practical-nurse-per-diem-prn-lexington-sc,45.64,lpn
Lexington-Fayette,licensed-practical-nurse-per-diem-prn-lexington-fayette-ky,50.43,lpn
Libby,licensed-practical-nurse-per-diem-prn-libby-mt,42.81,lpn
Liberty,licensed-practical-nurse-per-diem-prn-liberty-mo,49.58,lpn
Liberty,licensed-practical-nurse-per-diem-prn-liberty-tx,45.64,lpn
Lighthouse Point,licensed-practical-nurse-per-diem-prn-lighthouse-point-fl,45.64,lpn
Lima,licensed-practical-nurse-per-diem-prn-lima-oh,54.66,lpn
Limon,licensed-practical-nurse-per-diem-prn-limon-co,45.64,lpn
Lincoln,licensed-practical-nurse-per-diem-prn-lincoln-ri,45.64,lpn
Lincoln City,licensed-practical-nurse-per-diem-prn-lincoln-city-or,44.78,lpn
Lincoln ME,licensed-practical-nurse-per-diem-prn-lincoln-me,42.81,lpn
Lincoln NE,licensed-practical-nurse-per-diem-prn-lincoln-ne,42.81,lpn
Lincoln Park NJ,licensed-practical-nurse-per-diem-prn-lincoln-park-nj,45.38,lpn
Lincolnshire IL,licensed-practical-nurse-per-diem-prn-lincolnshire-il,45.64,lpn
Lindale,licensed-practical-nurse-per-diem-prn-lindale-tx,45.64,lpn
Linden,licensed-practical-nurse-per-diem-prn-linden-tx,45.64,lpn
Lindon UT,licensed-practical-nurse-per-diem-prn-lindon-ut,44.78,lpn
Linthicum,licensed-practical-nurse-per-diem-prn-linthicum-md,48.57,lpn
Linton Hall,licensed-practical-nurse-per-diem-prn-linton-hall-va,54.73,lpn
Linwood,licensed-practical-nurse-per-diem-prn-linwood-nj,52.69,lpn
Lisbon,licensed-practical-nurse-per-diem-prn-lisbon-nd,42.81,lpn
Litchfield Park,licensed-practical-nurse-per-diem-prn-litchfield-park-az,44.78,lpn
Little Elm,licensed-practical-nurse-per-diem-prn-little-elm-tx,45.64,lpn
Little Falls,licensed-practical-nurse-per-diem-prn-little-falls-ny,42.81,lpn
Little Rock,licensed-practical-nurse-per-diem-prn-little-rock-ar,50.82,lpn
Littlefield,licensed-practical-nurse-per-diem-prn-littlefield-tx,45.64,lpn
Littleton CO,licensed-practical-nurse-per-diem-prn-littleton-co,45.64,lpn
Littleton NH,licensed-practical-nurse-per-diem-prn-littleton-nh,42.81,lpn
Live Oak FL,licensed-practical-nurse-per-diem-prn-live-oak-fl,45.64,lpn
Live Oak TX,licensed-practical-nurse-per-diem-prn-live-oak-tx,45.64,lpn
Livingston MT,licensed-practical-nurse-per-diem-prn-livingston-mt,45.64,lpn
Livingston NJ,licensed-practical-nurse-per-diem-prn-livingston-nj,45.64,lpn
Livingston TX,licensed-practical-nurse-per-diem-prn-livingston-tx,45.64,lpn
Livonia,licensed-practical-nurse-per-diem-prn-livonia-mi,45.64,lpn
Llano,licensed-practical-nurse-per-diem-prn-llano-tx,45.64,lpn
Lockhart,licensed-practical-nurse-per-diem-prn-lockhart-tx,45.64,lpn
Lockney,licensed-practical-nurse-per-diem-prn-lockney-tx,45.64,lpn
Logan,licensed-practical-nurse-per-diem-prn-logan-ut,44.78,lpn
Lomita,licensed-practical-nurse-per-diem-prn-lomita-ca,45.64,lpn
Londonderry,licensed-practical-nurse-per-diem-prn-londonderry-nh,52.33,lpn
Lone Tree CO,licensed-practical-nurse-per-diem-prn-lone-tree-co,45.64,lpn
Long Beach,licensed-practical-nurse-per-diem-prn-long-beach-ca,45.64,lpn
Long Branch,licensed-practical-nurse-per-diem-prn-long-branch-nj,50.26,lpn
Longmont,licensed-practical-nurse-per-diem-prn-longmont-co,38.48,lpn
Longview,licensed-practical-nurse-per-diem-prn-longview-tx,45.64,lpn
Longview Third Avenue,licensed-practical-nurse-per-diem-prn-longview-third-avenue-wa,53.58,lpn
Longwood,licensed-practical-nurse-per-diem-prn-longwood-fl,45.64,lpn
Lorain,licensed-practical-nurse-per-diem-prn-lorain-oh,48.43,lpn
Lorton,licensed-practical-nurse-per-diem-prn-lorton-va,45.64,lpn
Los Altos,licensed-practical-nurse-per-diem-prn-los-altos-ca,45.64,lpn
Los Angeles,licensed-practical-nurse-per-diem-prn-los-angeles-ca,37.02,lpn
Los Fresnos,licensed-practical-nurse-per-diem-prn-los-fresnos-tx,45.64,lpn
Los Gatos,licensed-practical-nurse-per-diem-prn-los-gatos-ca,45.64,lpn
Los Lunas,licensed-practical-nurse-per-diem-prn-los-lunas-nm,53.66,lpn
Loudoun County,licensed-practical-nurse-per-diem-prn-loudoun-county-va,45.38,lpn
Louisville CO,licensed-practical-nurse-per-diem-prn-louisville-co,45.64,lpn
Louisville KY,licensed-practical-nurse-per-diem-prn-louisville-ky,42.81,lpn
Louisville University,licensed-practical-nurse-per-diem-prn-louisville-university-ky,48.58,lpn
Loup City,licensed-practical-nurse-per-diem-prn-loup-city-ne,42.81,lpn
Loveland CO,licensed-practical-nurse-per-diem-prn-loveland-co,45.64,lpn
Lovelock,licensed-practical-nurse-per-diem-prn-lovelock-nv,44.78,lpn
Lowell,licensed-practical-nurse-per-diem-prn-lowell-ma,45.64,lpn
Lower Macungie,licensed-practical-nurse-per-diem-prn-lower-macungie-pa,49.95,lpn
Lower Makefield,licensed-practical-nurse-per-diem-prn-lower-makefield-pa,51.97,lpn
Lower Merion,licensed-practical-nurse-per-diem-prn-lower-merion-pa,51.26,lpn
Lower Paxton,licensed-practical-nurse-per-diem-prn-lower-paxton-pa,50.92,lpn
Lower Providence,licensed-practical-nurse-per-diem-prn-lower-providence-pa,49.31,lpn
Lower Towamensing Township,licensed-practical-nurse-per-diem-prn-lower-towamensing-township-pa,49.11,lpn
Lowesville,licensed-practical-nurse-per-diem-prn-lowesville-va,45.64,lpn
Lowville,licensed-practical-nurse-per-diem-prn-lowville-ny,42.81,lpn
Loxahatchee,licensed-practical-nurse-per-diem-prn-loxahatchee-fl,45.64,lpn
Lubbock,licensed-practical-nurse-per-diem-prn-lubbock-tx,45.64,lpn
Luck,licensed-practical-nurse-per-diem-prn-luck-wi,43.65,lpn
Lufkin,licensed-practical-nurse-per-diem-prn-lufkin-tx,45.64,lpn
Luling,licensed-practical-nurse-per-diem-prn-luling-tx,45.64,lpn
Lumberton,licensed-practical-nurse-per-diem-prn-lumberton-tx,45.64,lpn
Lutherville,licensed-practical-nurse-per-diem-prn-lutherville-md,48.57,lpn
Lutz,licensed-practical-nurse-per-diem-prn-lutz-fl,45.64,lpn
Lynchburg,licensed-practical-nurse-per-diem-prn-lynchburg-va,54.87,lpn
Lyndon,licensed-practical-nurse-per-diem-prn-lyndon-vt,53.65,lpn
Lyndonville,licensed-practical-nurse-per-diem-prn-lyndonville-vt,43.65,lpn
Lynn,licensed-practical-nurse-per-diem-prn-lynn-ma,53.95,lpn
Lynn Haven,licensed-practical-nurse-per-diem-prn-lynn-haven-fl,45.64,lpn
Lyons,licensed-practical-nurse-per-diem-prn-lyons-il,51.87,lpn
Lytle,licensed-practical-nurse-per-diem-prn-lytle-tx,45.64,lpn
Mabank,licensed-practical-nurse-per-diem-prn-mabank-tx,45.64,lpn
Mableton,licensed-practical-nurse-per-diem-prn-mableton-ga,51.73,lpn
Macclenny,licensed-practical-nurse-per-diem-prn-macclenny-fl,45.64,lpn
Machias,licensed-practical-nurse-per-diem-prn-machias-me,42.81,lpn
Mackay,licensed-practical-nurse-per-diem-prn-mackay-id,45.64,lpn
Macomb,licensed-practical-nurse-per-diem-prn-macomb-il,44.78,lpn
Macomb,licensed-practical-nurse-per-diem-prn-macomb-mi,48.26,lpn
Macon GA,licensed-practical-nurse-per-diem-prn-macon-ga,51.92,lpn
Madera,licensed-practical-nurse-per-diem-prn-madera-ca,45.64,lpn
Madison,licensed-practical-nurse-per-diem-prn-madison-al,49.26,lpn
Madison,licensed-practical-nurse-per-diem-prn-madison-me,42.54,lpn
Madison,licensed-practical-nurse-per-diem-prn-madison-ms,51.31,lpn
Madison FL,licensed-practical-nurse-per-diem-prn-madison-fl,45.64,lpn
Madison WI,per-diem-madison-wi,37.50,lpn
Madisonville,licensed-practical-nurse-per-diem-prn-madisonville-ky,51.26,lpn
Madisonville,licensed-practical-nurse-per-diem-prn-madisonville-tx,45.64,lpn
Madras,licensed-practical-nurse-per-diem-prn-madras-or,44.78,lpn
Magna,licensed-practical-nurse-per-diem-prn-magna-ut,47.07,lpn
Magnolia,licensed-practical-nurse-per-diem-prn-magnolia-tx,45.64,lpn
Maitland,licensed-practical-nurse-per-diem-prn-maitland-fl,45.64,lpn
Makakilo,licensed-practical-nurse-per-diem-prn-makakilo-hi,54.92,lpn
Malad City,licensed-practical-nurse-per-diem-prn-malad-city-id,45.64,lpn
Malakoff,licensed-practical-nurse-per-diem-prn-malakoff-tx,45.64,lpn
Malden,licensed-practical-nurse-per-diem-prn-malden-ma,54.66,lpn
Mammoth Lakes,licensed-practical-nurse-per-diem-prn-mammoth-lakes-ca,45.64,lpn
Manalapan Township,licensed-practical-nurse-per-diem-prn-manalapan-township-nj,51.65,lpn
Manassas VA,licensed-practical-nurse-per-diem-prn-manassas-va,45.38,lpn
Manchaca,licensed-practical-nurse-per-diem-prn-manchaca-tx,45.64,lpn
Manchester,licensed-practical-nurse-per-diem-prn-manchester-ct,53.33,lpn
Manchester NH,licensed-practical-nurse-per-diem-prn-manchester-nh,42.81,lpn
Manchester Township Whiting,licensed-practical-nurse-per-diem-prn-manchester-township-whiting-nj,50.87,lpn
Mancos,licensed-practical-nurse-per-diem-prn-mancos-co,45.64,lpn
Mandan,licensed-practical-nurse-per-diem-prn-mandan-nd,42.81,lpn
Mandeville,licensed-practical-nurse-per-diem-prn-mandeville-la-2a319,45.64,lpn
Mangonia Park,licensed-practical-nurse-per-diem-prn-mangonia-park-fl,45.64,lpn
Manhattan,licensed-practical-nurse-per-diem-prn-manhattan-ks,50.57,lpn
Manitowoc,licensed-practical-nurse-per-diem-prn-manitowoc-wi,43.65,lpn
Mankato,licensed-practical-nurse-per-diem-prn-mankato-mn,45.89,lpn
Manor,licensed-practical-nurse-per-diem-prn-manor-tx,45.64,lpn
Mansfield,licensed-practical-nurse-per-diem-prn-mansfield-oh,54.92,lpn
Mansfield,licensed-practical-nurse-per-diem-prn-mansfield-tx,45.64,lpn
Manville,licensed-practical-nurse-per-diem-prn-manville-ri,45.64,lpn
Maple Grove,licensed-practical-nurse-per-diem-prn-maple-grove-mn,49.73,lpn
Maple Heights,licensed-practical-nurse-per-diem-prn-maple-heights-oh,52.67,lpn
Mapleton,licensed-practical-nurse-per-diem-prn-mapleton-ut,44.78,lpn
Maplewood,licensed-practical-nurse-per-diem-prn-maplewood-mn,50.58,lpn
Maquoketa IA,licensed-practical-nurse-per-diem-prn-maquoketa-ia,45.64,lpn
Marana,licensed-practical-nurse-per-diem-prn-marana-az,44.78,lpn
Marathon FL,licensed-practical-nurse-per-diem-prn-marathon-fl,45.64,lpn
Marathon TX,licensed-practical-nurse-per-diem-prn-marathon-tx,45.64,lpn
Marble Falls,licensed-practical-nurse-per-diem-prn-marble-falls-tx,45.64,lpn
Marcus IA,licensed-practical-nurse-per-diem-prn-marcus-ia,45.64,lpn
Marengo IA,licensed-practical-nurse-per-diem-prn-marengo-ia,45.64,lpn
Marfa,licensed-practical-nurse-per-diem-prn-marfa-tx,45.64,lpn
Margate,licensed-practical-nurse-per-diem-prn-margate-fl,45.64,lpn
Marianna,licensed-practical-nurse-per-diem-prn-marianna-fl,45.64,lpn
Maricopa,licensed-practical-nurse-per-diem-prn-maricopa-az,44.78,lpn
Marietta GA,licensed-practical-nurse-per-diem-prn-marietta-ga,45.89,lpn
Marion,licensed-practical-nurse-per-diem-prn-marion-oh,53.92,lpn
Marion,licensed-practical-nurse-per-diem-prn-marion-va,45.38,lpn
Marion IA,licensed-practical-nurse-per-diem-prn-marion-ia,53.11,lpn
Marion NC,licensed-practical-nurse-per-diem-prn-marion-nc,51.67,lpn
Mariposa,licensed-practical-nurse-per-diem-prn-mariposa-ca,45.64,lpn
Marlin,licensed-practical-nurse-per-diem-prn-marlin-tx,45.64,lpn
Marrero LA,licensed-practical-nurse-per-diem-prn-marrero-la,45.64,lpn
Marshall MI,licensed-practical-nurse-per-diem-prn-marshall-mi,45.64,lpn
Marshall TX,licensed-practical-nurse-per-diem-prn-marshall-tx,45.64,lpn
Marshalltown IA,licensed-practical-nurse-per-diem-prn-marshalltown-ia,45.64,lpn
Marshville NC,licensed-practical-nurse-per-diem-prn-marshville-nc,45.87,lpn
Marsing,licensed-practical-nurse-per-diem-prn-marsing-id,45.64,lpn
Martinez,licensed-practical-nurse-per-diem-prn-westfield-nj,45.87,lpn
Martinez GA,licensed-practical-nurse-per-diem-prn-martinez-ga,51.89,lpn
Martinsburg,licensed-practical-nurse-per-diem-prn-martinsburg-wv,51.78,lpn
Maryland Heights,licensed-practical-nurse-per-diem-prn-maryland-heights-mo,49.31,lpn
Marylhurst,licensed-practical-nurse-per-diem-prn-marylhurst-or,44.78,lpn
Marysville,licensed-practical-nurse-per-diem-prn-marysville-ca,48.57,lpn
Marysville,licensed-practical-nurse-per-diem-prn-marysville-oh,53.75,lpn
Marysville,licensed-practical-nurse-per-diem-prn-marysville-wa,45.64,lpn
Maryville,licensed-practical-nurse-per-diem-prn-maryville-tn,51.95,lpn
Mascotte,licensed-practical-nurse-per-diem-prn-mascotte-fl,45.64,lpn
Mashpee,licensed-practical-nurse-per-diem-prn-mashpee-ma,45.64,lpn
Mason,licensed-practical-nurse-per-diem-prn-mason-oh,54.26,lpn
Mason,licensed-practical-nurse-per-diem-prn-mason-tx,45.64,lpn
Mason City IA,licensed-practical-nurse-per-diem-prn-mason-city-ia,45.64,lpn
Massillon,licensed-practical-nurse-per-diem-prn-massillon-oh,53.95,lpn
Matador,licensed-practical-nurse-per-diem-prn-matador-tx,45.64,lpn
Matawan,licensed-practical-nurse-per-diem-prn-matawan-nj,50.66,lpn
Mathis,licensed-practical-nurse-per-diem-prn-mathis-tx,45.64,lpn
Mauldin SC,licensed-practical-nurse-per-diem-prn-mauldin-sc,50.58,lpn
Maumee,licensed-practical-nurse-per-diem-prn-maumee-oh,45.38,lpn
Mauston,licensed-practical-nurse-per-diem-prn-mauston-wi,43.65,lpn
Mayfield Heights,licensed-practical-nurse-per-diem-prn-mayfield-heights-oh,51.95,lpn
Mayo,licensed-practical-nurse-per-diem-prn-mayo-fl,45.64,lpn
Mc Camey,licensed-practical-nurse-per-diem-prn-mc-camey-tx,45.64,lpn
Mc Gregor IA,licensed-practical-nurse-per-diem-prn-mc-gregor-ia,45.64,lpn
Mc Gregor TX,licensed-practical-nurse-per-diem-prn-mc-gregor-tx,45.64,lpn
McAllen,licensed-practical-nurse-per-diem-prn-mcallen-tx,45.64,lpn
McCall,licensed-practical-nurse-per-diem-prn-mccall-id,45.64,lpn
McCammon,licensed-practical-nurse-per-diem-prn-mccammon-id,45.64,lpn
McCandless,licensed-practical-nurse-per-diem-prn-mccandless-pa,49.78,lpn
McCormick,licensed-practical-nurse-per-diem-prn-mccormick-sc,51.33,lpn
McKinney,licensed-practical-nurse-per-diem-prn-mckinney-tx,45.64,lpn
McLean,licensed-practical-nurse-per-diem-prn-mclean-va,54.11,lpn
Mclean TX,licensed-practical-nurse-per-diem-prn-mclean-tx,45.64,lpn
McLeod,licensed-practical-nurse-per-diem-prn-mcleod-mt,45.64,lpn
McMinnville,licensed-practical-nurse-per-diem-prn-mcminnville-or,44.78,lpn
Mead,licensed-practical-nurse-per-diem-prn-mead-co,45.64,lpn
Meadow Lakes,licensed-practical-nurse-per-diem-prn-meadow-lakes-ak,50.11,lpn
Meadow Woods,licensed-practical-nurse-per-diem-prn-meadow-woods-fl,54.33,lpn
Meadows Place,licensed-practical-nurse-per-diem-prn-meadows-place-tx,45.64,lpn
Mechanicsville,licensed-practical-nurse-per-diem-prn-mechanicsville-va,54.89,lpn
Medford,licensed-practical-nurse-per-diem-prn-medford-ma,54.43,lpn
Medford OR,licensed-practical-nurse-per-diem-prn-medford-or,44.78,lpn
Medina,licensed-practical-nurse-per-diem-prn-medina-oh,53.87,lpn
Medley,licensed-practical-nurse-per-diem-prn-medley-fl,45.64,lpn
Meeker,licensed-practical-nurse-per-diem-prn-meeker-co,45.64,lpn
Mehlville,licensed-practical-nurse-per-diem-prn-mehlville-mo,49.26,lpn
Melba,licensed-practical-nurse-per-diem-prn-melba-id,45.64,lpn
Melbourne FL,licensed-practical-nurse-per-diem-prn-melbourne-fl,45.64,lpn
Melrose FL,licensed-practical-nurse-per-diem-prn-melrose-fl,45.64,lpn
Melrose MA,licensed-practical-nurse-per-diem-prn-melrose-ma,45.64,lpn
Memphis,licensed-practical-nurse-per-diem-prn-memphis-tn,51.26,lpn
Memphis,licensed-practical-nurse-per-diem-prn-memphis-tx,32.39,lpn
Menard,licensed-practical-nurse-per-diem-prn-menard-tx,45.64,lpn
Menomonee Falls,licensed-practical-nurse-per-diem-prn-menomonee-falls-wi,49.82,lpn
Mentone,licensed-practical-nurse-per-diem-prn-mentone-ca,49.33,lpn
Mentor,licensed-practical-nurse-per-diem-prn-mentor-oh,54.69,lpn
Merced,licensed-practical-nurse-per-diem-prn-merced-ca,45.64,lpn
Mercedes,licensed-practical-nurse-per-diem-prn-mercedes-tx,45.64,lpn
Meriden,licensed-practical-nurse-per-diem-prn-meriden-ct,53.98,lpn
Meridian,licensed-practical-nurse-per-diem-prn-meridian-ms,45.64,lpn
Meridian ID,per-diem-meridian-id,46.78,lpn
Merkel,licensed-practical-nurse-per-diem-prn-merkel-tx,45.88,lpn
Merrillville,licensed-practical-nurse-per-diem-prn-merrillville-in,45.88,lpn
Merrimack,licensed-practical-nurse-per-diem-prn-merrimack-nh,52.58,lpn
Merritt Island,licensed-practical-nurse-per-diem-prn-merritt-island-fl,45.88,lpn
Mesa AZ,per-diem-mesa-az,46.33,lpn
Mesa Villa Royale III,licensed-practical-nurse-per-diem-prn-mesa-villa-royale-iii-az,53.33,lpn
Mesquite,licensed-practical-nurse-per-diem-prn-mesquite-9-nv,44.78,lpn
Mesquite city,licensed-practical-nurse-per-diem-prn-mesquite-city-tx,52.26,lpn
Mesquite TX,licensed-practical-nurse-per-diem-prn-mesquite-tx,45.88,lpn
Metairie,licensed-practical-nurse-per-diem-prn-metairie-la,51.75,lpn
Methuen Town,licensed-practical-nurse-per-diem-prn-methuen-town-ma,54.69,lpn
Metropolis,licensed-practical-nurse-per-diem-prn-metropolis-il,44.78,lpn
Mexia,licensed-practical-nurse-per-diem-prn-mexia-tx,45.88,lpn
Miami Beach,licensed-practical-nurse-per-diem-prn-miami-beach-fl,45.88,lpn
Miami FL,per-diem-miami-fl,34.56,lpn
Miami Gardens,licensed-practical-nurse-per-diem-prn-miami-gardens-fl,45.88,lpn
Miami Lakes,licensed-practical-nurse-per-diem-prn-miami-lakes-fl,45.88,lpn
Miami Shores,licensed-practical-nurse-per-diem-prn-miami-shores-fl,45.88,lpn
Miami Springs,licensed-practical-nurse-per-diem-prn-miami-springs-fl,45.88,lpn
Miamisburg,licensed-practical-nurse-per-diem-prn-miamisburg-oh,52.69,lpn
Middle Township Cape May Court House,licensed-practical-nurse-per-diem-prn-middle-township-cape-may-court-house-nj,51.43,lpn
Middleburg,licensed-practical-nurse-per-diem-prn-middleburg-fl,45.88,lpn
Middlebury,licensed-practical-nurse-per-diem-prn-middlebury-vt,52.98,lpn
Middleton ID,licensed-practical-nurse-per-diem-prn-middleton-id,45.88,lpn
Middletown,licensed-practical-nurse-per-diem-prn-middletown-ct,53.78,lpn
Middletown,licensed-practical-nurse-per-diem-prn-middletown-de,54.26,lpn
Middletown,licensed-practical-nurse-per-diem-prn-middletown-oh,48.31,lpn
Middletown,licensed-practical-nurse-per-diem-prn-middletown-ri,45.88,lpn
Midland,licensed-practical-nurse-per-diem-prn-midland-tx,45.88,lpn
Midlothian,licensed-practical-nurse-per-diem-prn-midlothian-tx,45.88,lpn
Midvale,licensed-practical-nurse-per-diem-prn-midvale-ut,44.78,lpn
Midwest City,licensed-practical-nurse-per-diem-prn-midwest-city-ok,44.78,lpn
Milan MO,licensed-practical-nurse-per-diem-prn-milan-mo,42.81,lpn
Milbank,licensed-practical-nurse-per-diem-prn-milbank-sd,44.78,lpn
Miles City MT,licensed-practical-nurse-per-diem-prn-miles-city-mt,49.00,lpn
Miles City MT,licensed-practical-nurse-per-diem-prn-miles-city-mt-6cfdd,48.11,lpn
Milford,licensed-practical-nurse-per-diem-prn-milford-ct,53.67,lpn
Milford,licensed-practical-nurse-per-diem-prn-milford-de,54.62,lpn
Milford MA,licensed-practical-nurse-per-diem-prn-milford-ma,45.88,lpn
Milford UT,licensed-practical-nurse-per-diem-prn-milford-ut,44.78,lpn
Mililani Mauka,licensed-practical-nurse-per-diem-prn-mililani-mauka-hi,54.89,lpn
Mililani Town,licensed-practical-nurse-per-diem-prn-mililani-town-hi,54.67,lpn
Mill City,licensed-practical-nurse-per-diem-prn-mill-city-or,44.78,lpn
Millbrae,licensed-practical-nurse-per-diem-prn-millbrae-ca,45.88,lpn
Millcreek,licensed-practical-nurse-per-diem-prn-millcreek-ut,44.78,lpn
Miller,licensed-practical-nurse-per-diem-prn-miller-sd,44.78,lpn
Milpitas CA,licensed-practical-nurse-per-diem-prn-milpitas-ca,45.88,lpn
Milton,licensed-practical-nurse-per-diem-prn-milton-ga,51.82,lpn
Milton,licensed-practical-nurse-per-diem-prn-milton-vt,52.82,lpn
Milton Freewater,licensed-practical-nurse-per-diem-prn-milton-fl,45.88,lpn
Milton Freewater,licensed-practical-nurse-per-diem-prn-milton-freewater-or,44.78,lpn
Milwaukee,licensed-practical-nurse-per-diem-prn-milwaukee-wi,37.49,lpn
Milwaukie,licensed-practical-nurse-per-diem-prn-milwaukie-or,44.78,lpn
Milwaukie Linwood,licensed-practical-nurse-per-diem-prn-milwaukie-linwood-or,50.89,lpn
Minden,licensed-practical-nurse-per-diem-prn-minden-nv,44.78,lpn
Mineola,licensed-practical-nurse-per-diem-prn-mineola-tx,45.88,lpn
Mineral Wells,licensed-practical-nurse-per-diem-prn-mineral-wells-tx,45.88,lpn
Minneapolis,licensed-practical-nurse-per-diem-prn-minneapolis-mn,49.87,lpn
Minnetonka,licensed-practical-nurse-per-diem-prn-minnetonka-mn,50.26,lpn
Minot,licensed-practical-nurse-per-diem-prn-minot-nd,42.81,lpn
Miramar Beach,licensed-practical-nurse-per-diem-prn-miramar-beach-fl,45.88,lpn
Miramar FL,licensed-practical-nurse-per-diem-prn-miramar-fl,45.88,lpn
Miramonte,licensed-practical-nurse-per-diem-prn-miramonte-ca,45.88,lpn
Mishawaka,licensed-practical-nurse-per-diem-prn-mishawaka-in,49.78,lpn
Mission,licensed-practical-nurse-per-diem-prn-mission-tx,45.88,lpn
Missoula,licensed-practical-nurse-per-diem-prn-missoula-mt,51.33,lpn
Missouri City,licensed-practical-nurse-per-diem-prn-missouri-city-tx,45.88,lpn
Mitchell,licensed-practical-nurse-per-diem-prn-mitchell-or,44.78,lpn
Mitchell,licensed-practical-nurse-per-diem-prn-mitchell-sd,50.98,lpn
Moab,licensed-practical-nurse-per-diem-prn-moab-ut,44.78,lpn
Mobile,licensed-practical-nurse-per-diem-prn-mobile-al,51.97,lpn
Modesto,licensed-practical-nurse-per-diem-prn-modesto-ca,45.88,lpn
Moffat,licensed-practical-nurse-per-diem-prn-moffat-co,45.88,lpn
Molalla,licensed-practical-nurse-per-diem-prn-molalla-or,44.78,lpn
Moline IL,licensed-practical-nurse-per-diem-prn-moline-il,44.78,lpn
Monahans,licensed-practical-nurse-per-diem-prn-monahans-tx,45.88,lpn
Monmouth,licensed-practical-nurse-per-diem-prn-monmouth-or,44.78,lpn
Monmouth Junction,licensed-practical-nurse-per-diem-prn-monmouth-junction-nj,45.38,lpn
Monroe,licensed-practical-nurse-per-diem-prn-monroe-la,45.88,lpn
Monroe,licensed-practical-nurse-per-diem-prn-monroe-nc,48.78,lpn
Monroe OR,licensed-practical-nurse-per-diem-prn-monroe-or,44.78,lpn
Monroe Township,licensed-practical-nurse-per-diem-prn-monroe-township-nj,48.57,lpn
Monroe WA,licensed-practical-nurse-per-diem-prn-monroe-wa,44.78,lpn
Monroeville,licensed-practical-nurse-per-diem-prn-monroeville-pa,49.67,lpn
Monrovia,licensed-practical-nurse-per-diem-prn-monrovia-ca,45.88,lpn
Mont Belvieu,licensed-practical-nurse-per-diem-prn-mont-belvieu-tx,45.88,lpn
Montclair,licensed-practical-nurse-per-diem-prn-montclair-nj,45.88,lpn
Monte Vista,licensed-practical-nurse-per-diem-prn-monte-vista-co,45.88,lpn
Montebello,licensed-practical-nurse-per-diem-prn-montebello-va,45.88,lpn
Monterey,licensed-practical-nurse-per-diem-prn-monterey-ca,45.88,lpn
Montezuma Creek,licensed-practical-nurse-per-diem-prn-montezuma-creek-ut,44.78,lpn
Montezuma IA,licensed-practical-nurse-per-diem-prn-montezuma-ia,45.88,lpn
Montgomery,licensed-practical-nurse-per-diem-prn-montgomery-al,51.78,lpn
Montgomery,licensed-practical-nurse-per-diem-prn-montgomery-tx,45.88,lpn
Monticello FL,licensed-practical-nurse-per-diem-prn-monticello-fl,45.88,lpn
Monticello UT,licensed-practical-nurse-per-diem-prn-monticello-ut,44.78,lpn
Montpelier,licensed-practical-nurse-per-diem-prn-montpelier-id,45.88,lpn
Montpelier,licensed-practical-nurse-per-diem-prn-montpelier-vt,53.26,lpn
Montrose,licensed-practical-nurse-per-diem-prn-montrose-co,45.88,lpn
Montvale,licensed-practical-nurse-per-diem-prn-montvale-nj,45.38,lpn
Monument,licensed-practical-nurse-per-diem-prn-monument-co,45.88,lpn
Monument Valley,licensed-practical-nurse-per-diem-prn-monument-valley-ut,44.78,lpn
Moodus,licensed-practical-nurse-per-diem-prn-moodus-ct,48.57,lpn
Moody,licensed-practical-nurse-per-diem-prn-moody-tx,45.88,lpn
Moon,licensed-practical-nurse-per-diem-prn-moon-pa,49.58,lpn
Moore,licensed-practical-nurse-per-diem-prn-moore-ok,48.82,lpn
Moore Haven,licensed-practical-nurse-per-diem-prn-moore-haven-fl,45.88,lpn
Mooreland,licensed-practical-nurse-per-diem-prn-mooreland-ok,48.57,lpn
Mooresville,licensed-practical-nurse-per-diem-prn-mooresville-nc,48.87,lpn
Moorhead,licensed-practical-nurse-per-diem-prn-moorhead-mn,50.87,lpn
Morehead,licensed-practical-nurse-per-diem-prn-morehead-ky,51.73,lpn
Moreno Valley,licensed-practical-nurse-per-diem-prn-moreno-valley-ca,52.66,lpn
Morgan,licensed-practical-nurse-per-diem-prn-morgan-ut,44.78,lpn
Morgantown,licensed-practical-nurse-per-diem-prn-morgantown-in,45.88,lpn
Morgantown,licensed-practical-nurse-per-diem-prn-morgantown-wv,48.69,lpn
Moro,licensed-practical-nurse-per-diem-prn-moro-or,44.78,lpn
Morris,licensed-practical-nurse-per-diem-prn-morris-il,45.88,lpn
Morrison,licensed-practical-nurse-per-diem-prn-morrison-co,45.88,lpn
Morristown,licensed-practical-nurse-per-diem-prn-morristown-tn,51.98,lpn
Morristown,licensed-practical-nurse-per-diem-prn-morristown-vt,53.67,lpn
Morrisville,licensed-practical-nurse-per-diem-prn-morrisville-vt,43.65,lpn
Morton TX,licensed-practical-nurse-per-diem-prn-morton-tx,45.88,lpn
Morton WA,licensed-practical-nurse-per-diem-prn-morton-wa,44.78,lpn
Moscow,licensed-practical-nurse-per-diem-prn-moscow-id,31.45,lpn
Moulton,licensed-practical-nurse-per-diem-prn-moulton-tx,45.88,lpn
Mount Angel,licensed-practical-nurse-per-diem-prn-mount-angel-or,44.78,lpn
Mount Clemens,licensed-practical-nurse-per-diem-prn-mount-clemens-mi,45.88,lpn
Mount Dora,licensed-practical-nurse-per-diem-prn-mount-dora-fl,45.88,lpn
Mount Enterprise,licensed-practical-nurse-per-diem-prn-mount-enterprise-tx,45.88,lpn
Mount Juliet,licensed-practical-nurse-per-diem-prn-mount-juliet-tn,51.82,lpn
Mount Lebanon,licensed-practical-nurse-per-diem-prn-mount-lebanon-pa,50.58,lpn
Mount Pleasant,licensed-practical-nurse-per-diem-prn-mount-pleasant-wi,50.26,lpn
Mount Pleasant SC,licensed-practical-nurse-per-diem-prn-mount-pleasant-sc,49.98,lpn
Mount Pleasant TX,licensed-practical-nurse-per-diem-prn-mount-pleasant-tx,45.88,lpn
Mount Pleasant UT,licensed-practical-nurse-per-diem-prn-mount-pleasant-ut,44.78,lpn
Mount Pleasant-IA,licensed-practical-nurse-per-diem-prn-mount-pleasant-ia,45.88,lpn
Mount Prospect,licensed-practical-nurse-per-diem-prn-mount-prospect-il,48.82,lpn
Mount Vernon,licensed-practical-nurse-per-diem-prn-mount-vernon-ny,54.75,lpn
Mount Vernon,licensed-practical-nurse-per-diem-prn-mount-vernon-oh,52.82,lpn
Mount Vernon TX,licensed-practical-nurse-per-diem-prn-mount-vernon-tx,45.88,lpn
Mount Vernon WA,licensed-practical-nurse-per-diem-prn-mount-vernon-wa,44.78,lpn
Mountain Brook,licensed-practical-nurse-per-diem-prn-mountain-brook-al,49.98,lpn
Mountain City TN,licensed-practical-nurse-per-diem-prn-mountain-city-tn,45.88,lpn
Mountain Home AR,licensed-practical-nurse-per-diem-prn-mountain-home-ar,45.89,lpn
Mountain Home ID,licensed-practical-nurse-per-diem-prn-mountain-home-id,45.88,lpn
Mountain Home IDA,licensed-practical-nurse-per-diem-prn-mountain-home-ida-id,45.88,lpn
Mountain View AR,licensed-practical-nurse-per-diem-prn-mountain-view-ar,45.89,lpn
Mountain View CA,licensed-practical-nurse-per-diem-prn-mountain-view-ca,45.88,lpn
Muenster,licensed-practical-nurse-per-diem-prn-muenster-tx,45.88,lpn
Mulberry,licensed-practical-nurse-per-diem-prn-mulberry-fl,45.88,lpn
Muleshoe,licensed-practical-nurse-per-diem-prn-muleshoe-tx,45.88,lpn
Muncie,licensed-practical-nurse-per-diem-prn-muncie-in,49.11,lpn
Munday,licensed-practical-nurse-per-diem-prn-munday-tx,45.88,lpn
Munster,licensed-practical-nurse-per-diem-prn-munster-in,45.88,lpn
Murfreesboro,licensed-practical-nurse-per-diem-prn-murfreesboro-tn,51.87,lpn
Murphy,licensed-practical-nurse-per-diem-prn-murphy-tx,45.88,lpn
Murray,licensed-practical-nurse-per-diem-prn-murray-ut,44.78,lpn
Muscatine IA,licensed-practical-nurse-per-diem-prn-muscatine-ia,53.66,lpn
Muskegon,licensed-practical-nurse-per-diem-prn-muskegon-mi,45.88,lpn
Muskogee,licensed-practical-nurse-per-diem-prn-muskogee-ok,48.98,lpn
Mustang,licensed-practical-nurse-per-diem-prn-mustang-ok,44.78,lpn
Myakka City,licensed-practical-nurse-per-diem-prn-myakka-city-fl,45.88,lpn
Myrtle Beach SC,licensed-practical-nurse-per-diem-prn-myrtle-beach-sc,44.78,lpn
Myrtle Creek,licensed-practical-nurse-per-diem-prn-myrtle-creek-or,44.78,lpn
Myrtle Point,licensed-practical-nurse-per-diem-prn-myrtle-point-or,44.78,lpn
Mystic,licensed-practical-nurse-per-diem-prn-mystic-ct,48.92,lpn
N Ft Myers,licensed-practical-nurse-per-diem-prn-n-ft-myers-fl,45.88,lpn
Nacogdoches,licensed-practical-nurse-per-diem-prn-nacogdoches-tx,45.88,lpn
Nampa ID,licensed-practical-nurse-per-diem-prn-nampa-id,32.18,lpn
Napa,licensed-practical-nurse-per-diem-prn-napa-ca,45.88,lpn
Naperville,licensed-practical-nurse-per-diem-prn-naperville-il,48.57,lpn
Naples,licensed-practical-nurse-per-diem-prn-naples-fl,45.88,lpn
Naranja,licensed-practical-nurse-per-diem-prn-naranja-fl,45.88,lpn
Nash,licensed-practical-nurse-per-diem-prn-nash-tx,45.88,lpn
Nashua,licensed-practical-nurse-per-diem-prn-nashua-nh,42.81,lpn
Nashville Madison,licensed-practical-nurse-per-diem-prn-nashville-madison-tn,50.43,lpn
Nashville South Nashville,licensed-practical-nurse-per-diem-prn-nashville-south-nashville-tn,48.57,lpn
Nashville TN,licensed-practical-nurse-per-diem-prn-nashville-tn,32.39,lpn
Nashville-Davidson,licensed-practical-nurse-per-diem-prn-nashville-davidson-tn,51.57,lpn
Natchitoches,licensed-practical-nurse-per-diem-prn-natchitoches-la,45.88,lpn
National City,licensed-practical-nurse-per-diem-prn-national-city-ca,45.88,lpn
Naturita,licensed-practical-nurse-per-diem-prn-naturita-co,45.88,lpn
Naugatuck,licensed-practical-nurse-per-diem-prn-naugatuck-ct,53.95,lpn
Naval Air Station Jrb,licensed-practical-nurse-per-diem-prn-naval-air-station-jrb-tx,45.88,lpn
Navarre,licensed-practical-nurse-per-diem-prn-navarre-fl,45.88,lpn
Navasota,licensed-practical-nurse-per-diem-prn-navasota-tx,45.88,lpn
Nederland CO,licensed-practical-nurse-per-diem-prn-nederland-co,45.88,lpn
Nederland TX,licensed-practical-nurse-per-diem-prn-nederland-tx,45.88,lpn
Needham,licensed-practical-nurse-per-diem-prn-needham-ma,45.88,lpn
Needville,licensed-practical-nurse-per-diem-prn-needville-tx,45.88,lpn
Neenah,licensed-practical-nurse-per-diem-prn-neenah-wi,50.66,lpn
Negaunee,licensed-practical-nurse-per-diem-prn-negaunee-mi,45.88,lpn
Nehalem,licensed-practical-nurse-per-diem-prn-nehalem-or,44.78,lpn
Nephi,licensed-practical-nurse-per-diem-prn-nephi-ut,44.78,lpn
Neptune,licensed-practical-nurse-per-diem-prn-neptune-nj,49.09,lpn
Neptune Beach,licensed-practical-nurse-per-diem-prn-neptune-beach-fl,45.88,lpn
Ness City KS,licensed-practical-nurse-per-diem-prn-ness-city-ks,42.81,lpn
Nevada City,licensed-practical-nurse-per-diem-prn-nevada-city-ca,49.75,lpn
Nevada City,licensed-practical-nurse-per-diem-prn-nevada-city-nv,45.88,lpn
New Albany,licensed-practical-nurse-per-diem-prn-new-albany-in,50.31,lpn
New Bedford,licensed-practical-nurse-per-diem-prn-new-bedford-ma,53.98,lpn
New Berlin,licensed-practical-nurse-per-diem-prn-new-berlin-wi,49.73,lpn
New Boston,licensed-practical-nurse-per-diem-prn-new-boston-tx,46.18,lpn
New Braunfels,licensed-practical-nurse-per-diem-prn-new-braunfels-tx,46.18,lpn
New Britain,licensed-practical-nurse-per-diem-prn-new-britain-ct,45.89,lpn
New Caney,licensed-practical-nurse-per-diem-prn-new-caney-tx,46.18,lpn
New Castle,licensed-practical-nurse-per-diem-prn-new-castle-in,46.18,lpn
New Castle PA,licensed-practical-nurse-per-diem-prn-new-castle-pa,45.05,lpn
New Glarus,licensed-practical-nurse-per-diem-prn-new-glarus-wi,43.65,lpn
New Hampton IA,licensed-practical-nurse-per-diem-prn-new-hampton-ia,46.18,lpn
New Haven,licensed-practical-nurse-per-diem-prn-new-haven-ct,49.09,lpn
New Holland,licensed-practical-nurse-per-diem-prn-new-holland-pa,49.69,lpn
New Holstein,licensed-practical-nurse-per-diem-prn-new-holstein-wi,43.65,lpn
New Iberia,licensed-practical-nurse-per-diem-prn-new-iberia-la,51.69,lpn
New Lenox,licensed-practical-nurse-per-diem-prn-new-lenox-il,44.78,lpn
New Lisbon,licensed-practical-nurse-per-diem-prn-new-lisbon-wi,43.65,lpn
New London,licensed-practical-nurse-per-diem-prn-new-london-nh,42.81,lpn
New Orleans LA,licensed-practical-nurse-per-diem-prn-new-orleans-la,42.81,lpn
New Orleans Mid-City,licensed-practical-nurse-per-diem-prn-new-orleans-mid-city-la,52.43,lpn
New Plymouth,licensed-practical-nurse-per-diem-prn-new-plymouth-id,46.18,lpn
New Port Richey,licensed-practical-nurse-per-diem-prn-new-port-richey-fl,46.18,lpn
New Providence,licensed-practical-nurse-per-diem-prn-new-providence-nj,53.95,lpn
NEW PRT RCHY,licensed-practical-nurse-per-diem-prn-chicago-ridge-il,47.07,lpn
New Richmond,licensed-practical-nurse-per-diem-prn-new-richmond-wi,43.65,lpn
New Rochelle,licensed-practical-nurse-per-diem-prn-new-rochelle-ny,54.66,lpn
New Smyrna Beach,licensed-practical-nurse-per-diem-prn-new-smyrna-beach-fl,46.18,lpn
New Town,licensed-practical-nurse-per-diem-prn-new-town-nd,42.81,lpn
New York City,licensed-practical-nurse-per-diem-prn-new-york-city-ny,40.42,lpn
Newark,licensed-practical-nurse-per-diem-prn-newark-oh,54.95,lpn
Newark DE,licensed-practical-nurse-per-diem-prn-newark-de,45.89,lpn
Newark NJ,licensed-practical-nurse-per-diem-prn-newark-nj,49.09,lpn
Newberg,licensed-practical-nurse-per-diem-prn-newberg-or,44.78,lpn
Newberry SC,licensed-practical-nurse-per-diem-prn-newberry-sc,44.78,lpn
Newburyport,licensed-practical-nurse-per-diem-prn-newburyport-ma,46.18,lpn
Newgulf,licensed-practical-nurse-per-diem-prn-newgulf-tx,46.18,lpn
Newman,licensed-practical-nurse-per-diem-prn-newman-ca,46.18,lpn
Newnan,licensed-practical-nurse-per-diem-prn-newnan-ga,51.78,lpn
Newport,licensed-practical-nurse-per-diem-prn-newport-ri,46.18,lpn
Newport News,licensed-practical-nurse-per-diem-prn-newport-news-va,54.31,lpn
Newport OR,licensed-practical-nurse-per-diem-prn-newport-or,44.78,lpn
Newport VT,licensed-practical-nurse-per-diem-prn-newport-vt,43.65,lpn
Newton,licensed-practical-nurse-per-diem-prn-newton-ma,54.31,lpn
Newton,licensed-practical-nurse-per-diem-prn-newton-tx,46.18,lpn
Newville,licensed-practical-nurse-per-diem-prn-newville-pa,44.78,lpn
Niceville,licensed-practical-nurse-per-diem-prn-niceville-fl,46.18,lpn
Nicholasville,licensed-practical-nurse-per-diem-prn-nicholasville-ky,50.78,lpn
Nisswa,licensed-practical-nurse-per-diem-prn-nisswa-mn,46.18,lpn
Nixa,licensed-practical-nurse-per-diem-prn-nixa-mo,48.89,lpn
Nixon NV,licensed-practical-nurse-per-diem-prn-nixon-nv,44.78,lpn
Nixon TX,licensed-practical-nurse-per-diem-prn-nixon-tx,46.18,lpn
Noblesville,licensed-practical-nurse-per-diem-prn-noblesville-in,49.58,lpn
Nocona,licensed-practical-nurse-per-diem-prn-nocona-tx,46.18,lpn
Nogales,licensed-practical-nurse-per-diem-prn-nogales-az,44.78,lpn
Nokomis,licensed-practical-nurse-per-diem-prn-nokomis-fl,46.18,lpn
Nome,licensed-practical-nurse-per-diem-prn-nome-ak,45.89,lpn
Norfolk,licensed-practical-nurse-per-diem-prn-norfolk-ne,42.81,lpn
Norfolk,licensed-practical-nurse-per-diem-prn-norfolk-va,53.98,lpn
Normal,licensed-practical-nurse-per-diem-prn-normal-il,48.95,lpn
Norman OK,licensed-practical-nurse-per-diem-prn-norman-ok,46.18,lpn
Norristown,licensed-practical-nurse-per-diem-prn-norristown-pa,50.43,lpn
North Augusta SC,licensed-practical-nurse-per-diem-prn-north-augusta-sc,50.67,lpn
North Bay Village,licensed-practical-nurse-per-diem-prn-north-bay-village-fl,46.18,lpn
North Bend,licensed-practical-nurse-per-diem-prn-north-bend-or,44.78,lpn
North Bend,licensed-practical-nurse-per-diem-prn-north-bend-wa,46.18,lpn
North Bergen,licensed-practical-nurse-per-diem-prn-north-bergen-nj,46.18,lpn
North Bethesda,licensed-practical-nurse-per-diem-prn-north-bethesda-md,53.66,lpn
North Brunswick,licensed-practical-nurse-per-diem-prn-north-brunswick-nj,44.78,lpn
North Charleston SC,licensed-practical-nurse-per-diem-prn-north-charleston-sc,46.18,lpn
North East,licensed-practical-nurse-per-diem-prn-north-east-md,46.18,lpn
North Fayette Township,licensed-practical-nurse-per-diem-prn-north-fayette-township-pa,50.11,lpn
North Fort Myers,licensed-practical-nurse-per-diem-prn-north-fort-myers-fl,54.43,lpn
North Haven,licensed-practical-nurse-per-diem-prn-north-haven-ct,49.09,lpn
North Hempstead,licensed-practical-nurse-per-diem-prn-north-hempstead-ny,53.11,lpn
North Hollywood,licensed-practical-nurse-per-diem-prn-north-hollywood-ca-7036f,46.18,lpn
North Huntingdon,licensed-practical-nurse-per-diem-prn-north-huntingdon-pa,49.92,lpn
North Kingstown,licensed-practical-nurse-per-diem-prn-north-kingstown-ri,49.89,lpn
North Lakes,licensed-practical-nurse-per-diem-prn-north-lakes-ak,50.43,lpn
North Las Vegas,licensed-practical-nurse-per-diem-prn-north-las-vegas-nv,44.78,lpn
North Lauderdale,licensed-practical-nurse-per-diem-prn-north-lauderdale-fl,54.31,lpn
North Liberty IA,licensed-practical-nurse-per-diem-prn-north-liberty-ia,53.31,lpn
North Little Rock,licensed-practical-nurse-per-diem-prn-north-little-rock-ar,51.57,lpn
North Logan,licensed-practical-nurse-per-diem-prn-north-logan-ut,44.78,lpn
North Manchester,licensed-practical-nurse-per-diem-prn-north-manchester-in,46.18,lpn
North Miami,licensed-practical-nurse-per-diem-prn-north-miami-fl,46.18,lpn
North Miami Beach,licensed-practical-nurse-per-diem-prn-north-miami-beach-fl,46.18,lpn
North Olmsted OH,licensed-practical-nurse-per-diem-prn-north-olmsted-oh,45.38,lpn
North Palm Beach,licensed-practical-nurse-per-diem-prn-north-palm-beach-fl,46.18,lpn
North Platte,licensed-practical-nurse-per-diem-prn-north-platte-ne,42.81,lpn
North Port,licensed-practical-nurse-per-diem-prn-north-port-fl,46.18,lpn
North Providence,licensed-practical-nurse-per-diem-prn-north-providence-ri,45.38,lpn
North Richland Hills,licensed-practical-nurse-per-diem-prn-north-richland-hills-tx,46.18,lpn
North Ridgeville,licensed-practical-nurse-per-diem-prn-north-ridgeville-oh,54.57,lpn
North Royalton,licensed-practical-nurse-per-diem-prn-north-royalton-oh,53.82,lpn
Northbrook IL,licensed-practical-nurse-per-diem-prn-northbrook-il,46.18,lpn
Northfield,licensed-practical-nurse-per-diem-prn-northfield-vt,53.11,lpn
Northglenn CO,licensed-practical-nurse-per-diem-prn-northglenn-co,46.18,lpn
Northport,licensed-practical-nurse-per-diem-prn-northport-al,49.11,lpn
Northwood IA,licensed-practical-nurse-per-diem-prn-northwood-ia,51.11,lpn
Norton,licensed-practical-nurse-per-diem-prn-norton-ma,45.38,lpn
Norton,licensed-practical-nurse-per-diem-prn-norton-va,45.38,lpn
Norwalk,licensed-practical-nurse-per-diem-prn-norwalk-ct,45.89,lpn
Norway Norway,licensed-practical-nurse-per-diem-prn-norway-norway-me,54.75,lpn
Norwich,licensed-practical-nurse-per-diem-prn-fort-myers-the-forum-fl,49.65,lpn
Norwood,licensed-practical-nurse-per-diem-prn-norwood-co,46.18,lpn
Norwood,licensed-practical-nurse-per-diem-prn-norwood-nj,45.38,lpn
Novi city,licensed-practical-nurse-per-diem-prn-novi-city-mi,51.11,lpn
Nyssa,licensed-practical-nurse-per-diem-prn-nyssa-or,44.78,lpn
O'Fallon IL,licensed-practical-nurse-per-diem-prn-o-fallon-il,44.78,lpn
O'Fallon MO,licensed-practical-nurse-per-diem-prn-ofallon-mo,50.31,lpn
Oak Brook IL,licensed-practical-nurse-per-diem-prn-oak-brook-il,46.18,lpn
Oak Creek,licensed-practical-nurse-per-diem-prn-oak-creek-wi,49.95,lpn
Oak Hill,licensed-practical-nurse-per-diem-prn-oak-hill-fl,46.18,lpn
Oak Lawn,licensed-practical-nurse-per-diem-prn-oak-lawn-il,48.78,lpn
Oak Park,licensed-practical-nurse-per-diem-prn-oak-park-il,48.92,lpn
Oak Point,licensed-practical-nurse-per-diem-prn-oak-point-tx,46.18,lpn
Oak Ridge TN,licensed-practical-nurse-per-diem-prn-oak-ridge-tn,44.78,lpn
Oakland,licensed-practical-nurse-per-diem-prn-oakland-ca,46.18,lpn
Oakland Park,licensed-practical-nurse-per-diem-prn-oakland-park-fl,46.18,lpn
Oakley,licensed-practical-nurse-per-diem-prn-oakley-ut,49.09,lpn
Oakridge,licensed-practical-nurse-per-diem-prn-oakridge-or,44.78,lpn
Oakville,licensed-practical-nurse-per-diem-prn-oakville-mo,49.66,lpn
Oberlin,licensed-practical-nurse-per-diem-prn-oberlin-la,46.18,lpn
Ocala FL,licensed-practical-nurse-per-diem-prn-ocala-fl,46.18,lpn
Ocean Grove NJ,licensed-practical-nurse-per-diem-prn-ocean-grove-nj,49.09,lpn
Ocean Shores,licensed-practical-nurse-per-diem-prn-ocean-shores-wa,46.18,lpn
Oceanside,licensed-practical-nurse-per-diem-prn-oceanside-ca,52.33,lpn
Ocoee,licensed-practical-nurse-per-diem-prn-ocoee-fl,46.18,lpn
Odenton,licensed-practical-nurse-per-diem-prn-odenton-md,53.87,lpn
Odessa FL,licensed-practical-nurse-per-diem-prn-odessa-fl,46.18,lpn
Odessa TX,licensed-practical-nurse-per-diem-prn-odessa-tx,46.18,lpn
Ogden,per-diem-ogden-ut,46.78,lpn
Okeechobee,licensed-practical-nurse-per-diem-prn-okeechobee-fl,46.18,lpn
Oklahoma City,licensed-practical-nurse-per-diem-prn-oklahoma-city-ok,34.44,lpn
Oklahoma City Central Oklahoma City,licensed-practical-nurse-per-diem-prn-oklahoma-city-central-oklahoma-city-ok,50.78,lpn
Oklahoma City Northwest Oklahoma City,licensed-practical-nurse-per-diem-prn-oklahoma-city-northwest-oklahoma-city-ok,53.11,lpn
Oklahoma City Preston Hills,licensed-practical-nurse-per-diem-prn-oklahoma-city-preston-hills-ok,49.65,lpn
Oklahoma City Rock Knoll,licensed-practical-nurse-per-diem-prn-oklahoma-city-rock-knoll-ok,48.33,lpn
Olathe,licensed-practical-nurse-per-diem-prn-olathe-co,46.18,lpn
Olathe,licensed-practical-nurse-per-diem-prn-olathe-ks,50.92,lpn
Old Jamestown,licensed-practical-nurse-per-diem-prn-old-jamestown-mo,48.67,lpn
Oldsmar,licensed-practical-nurse-per-diem-prn-oldsmar-fl,46.18,lpn
Olive Branch,licensed-practical-nurse-per-diem-prn-olive-branch-ms,50.92,lpn
Olmito,licensed-practical-nurse-per-diem-prn-olmito-tx,46.18,lpn
Olney,licensed-practical-nurse-per-diem-prn-olney-md,46.18,lpn
Olney,licensed-practical-nurse-per-diem-prn-olney-tx,46.18,lpn
Olton,licensed-practical-nurse-per-diem-prn-olton-tx,46.18,lpn
Olympia WA,licensed-practical-nurse-per-diem-prn-olympia-wa,44.78,lpn
Omaha,licensed-practical-nurse-per-diem-prn-omaha-ne,42.81,lpn
Oneonta,licensed-practical-nurse-per-diem-prn-oneonta-ny,42.81,lpn
Ontario,licensed-practical-nurse-per-diem-prn-ontario-ca,46.18,lpn
Ontario,licensed-practical-nurse-per-diem-prn-ontario-or,44.78,lpn
Opa Locka,licensed-practical-nurse-per-diem-prn-opa-locka-fl,46.18,lpn
Opelika,licensed-practical-nurse-per-diem-prn-opelika-al,49.33,lpn
Oracle,licensed-practical-nurse-per-diem-prn-oracle-az,44.78,lpn
Oradell,licensed-practical-nurse-per-diem-prn-oradell-nj,45.38,lpn
Orange City,licensed-practical-nurse-per-diem-prn-orange-city-fl,46.18,lpn
Orange City Orangedale,licensed-practical-nurse-per-diem-prn-orange-city-orangedale-fl,52.11,lpn
Orange County CA,licensed-practical-nurse-per-diem-prn-orange-county-ca,45.38,lpn
Orange NJ,licensed-practical-nurse-per-diem-prn-orange-nj,46.18,lpn
Orange Park,licensed-practical-nurse-per-diem-prn-orange-park-fl,46.18,lpn
Orange TX,licensed-practical-nurse-per-diem-prn-orange-tx,46.18,lpn
Orangeburg,licensed-practical-nurse-per-diem-prn-orangeburg-nj,45.38,lpn
Ordway,licensed-practical-nurse-per-diem-prn-ordway-co,46.18,lpn
Oregon City,licensed-practical-nurse-per-diem-prn-oregon-city-or,44.78,lpn
Oregon City Rivercrest,licensed-practical-nurse-per-diem-prn-oregon-city-rivercrest-or,50.95,lpn
Oregon OH,licensed-practical-nurse-per-diem-prn-oregon-oh,51.82,lpn
Orem,per-diem-orem-ut,46.78,lpn
Orem Hillcrest,licensed-practical-nurse-per-diem-prn-orem-hillcrest-ut,49.65,lpn
Orem Orchard South,licensed-practical-nurse-per-diem-prn-orem-orchard-south-ut,52.33,lpn
Orem Orem Park,licensed-practical-nurse-per-diem-prn-orem-orem-park-ut,52.31,lpn
Orinda Claremont,licensed-practical-nurse-per-diem-prn-orinda-claremont-ca,54.31,lpn
Orland Park,licensed-practical-nurse-per-diem-prn-orland-park-il,48.69,lpn
Orlando FL,licensed-practical-nurse-per-diem-prn-orlando-fl,37.91,lpn
Orlando Windhover,licensed-practical-nurse-per-diem-prn-la-grange-park-il,45.87,lpn
Ormond Beach,licensed-practical-nurse-per-diem-prn-ormond-beach-fl,46.18,lpn
Oro Valley AZ,licensed-practical-nurse-per-diem-prn-oro-valley-az,44.78,lpn
Orofino,licensed-practical-nurse-per-diem-prn-orofino-id,46.18,lpn
Osage Beach MO,licensed-practical-nurse-per-diem-prn-osage-beach-mo,42.81,lpn
Osage IA,licensed-practical-nurse-per-diem-prn-osage-ia,49.98,lpn
Oshkosh,licensed-practical-nurse-per-diem-prn-oshkosh-wi,43.65,lpn
Osprey,licensed-practical-nurse-per-diem-prn-osprey-fl,46.18,lpn
Osseo,licensed-practical-nurse-per-diem-prn-osseo-wi,43.65,lpn
Oswego,licensed-practical-nurse-per-diem-prn-oswego-ny,42.81,lpn
Othello WA,licensed-practical-nurse-per-diem-prn-othello-wa,44.78,lpn
Otis,licensed-practical-nurse-per-diem-prn-otis-or,46.18,lpn
Ottumwa IA,licensed-practical-nurse-per-diem-prn-ottumwa-ia,53.33,lpn
Overgaard,licensed-practical-nurse-per-diem-prn-overgaard-az,44.78,lpn
Overland Park,licensed-practical-nurse-per-diem-prn-overland-park-ks,50.95,lpn
Overton,licensed-practical-nurse-per-diem-prn-overton-tx,46.18,lpn
Oviedo,licensed-practical-nurse-per-diem-prn-oviedo-fl,46.18,lpn
Owasso,licensed-practical-nurse-per-diem-prn-owasso-ok,48.92,lpn
Owensboro,licensed-practical-nurse-per-diem-prn-owensboro-ky,50.58,lpn
Owyhee,licensed-practical-nurse-per-diem-prn-owyhee-nv,44.78,lpn
Oxford,licensed-practical-nurse-per-diem-prn-oxford-al,50.31,lpn
Oxford,licensed-practical-nurse-per-diem-prn-oxford-fl,46.18,lpn
Oxford,licensed-practical-nurse-per-diem-prn-oxford-ms,46.18,lpn
Oxford,licensed-practical-nurse-per-diem-prn-oxford-pa,46.18,lpn
Oxford OH,licensed-practical-nurse-per-diem-prn-oxford-oh,52.33,lpn
Oxnard,licensed-practical-nurse-per-diem-prn-oxnard-ca,52.87,lpn
Oyster Bay,licensed-practical-nurse-per-diem-prn-oyster-bay-ny,53.58,lpn
Ozark,licensed-practical-nurse-per-diem-prn-ozark-mo,48.78,lpn
Ozona,licensed-practical-nurse-per-diem-prn-ozona-tx,46.18,lpn
Pace,licensed-practical-nurse-per-diem-prn-pace-fl,46.18,lpn
Pacific City,licensed-practical-nurse-per-diem-prn-pacific-city-or,44.78,lpn
Paducah,licensed-practical-nurse-per-diem-prn-paducah-ky,50.95,lpn
Page,licensed-practical-nurse-per-diem-prn-page-az,44.78,lpn
Pagosa Springs,licensed-practical-nurse-per-diem-prn-pagosa-springs-co,46.18,lpn
Pahala,licensed-practical-nurse-per-diem-prn-pahala-hi,45.89,lpn
Pahokee,licensed-practical-nurse-per-diem-prn-pahokee-fl,46.18,lpn
Pahrump,licensed-practical-nurse-per-diem-prn-pahrump-nv,44.78,lpn
Painesville,licensed-practical-nurse-per-diem-prn-painesville-oh,52.31,lpn
Palacios,licensed-practical-nurse-per-diem-prn-palacios-tx,46.18,lpn
Palatine,licensed-practical-nurse-per-diem-prn-palatine-il,48.65,lpn
Palatka,licensed-practical-nurse-per-diem-prn-palatka-fl,46.18,lpn
Palestine,licensed-practical-nurse-per-diem-prn-palestine-tx,46.18,lpn
Palisade,licensed-practical-nurse-per-diem-prn-palisade-co,46.18,lpn
Palm Bay FL,licensed-practical-nurse-per-diem-prn-palm-bay-fl,46.18,lpn
Palm Beach,licensed-practical-nurse-per-diem-prn-palm-beach-fl,46.18,lpn
Palm Beach Gardens,licensed-practical-nurse-per-diem-prn-palm-beach-gardens-fl,46.18,lpn
Palm City,licensed-practical-nurse-per-diem-prn-palm-city-fl,46.18,lpn
Palm Coast,licensed-practical-nurse-per-diem-prn-palm-coast-fl,46.18,lpn
Palm Harbor,licensed-practical-nurse-per-diem-prn-palm-harbor-fl,46.59,lpn
Palm Springs,licensed-practical-nurse-per-diem-prn-palm-springs-fl,46.59,lpn
Palmdale,licensed-practical-nurse-per-diem-prn-palmdale-ca,52.67,lpn
Palmer,licensed-practical-nurse-per-diem-prn-palmer-tx,46.59,lpn
Palmetto,licensed-practical-nurse-per-diem-prn-palmetto-fl,46.59,lpn
Palmetto Bay,licensed-practical-nurse-per-diem-prn-palmetto-bay-fl,46.59,lpn
Palmhurst,licensed-practical-nurse-per-diem-prn-palmhurst-tx,46.59,lpn
Palmview,licensed-practical-nurse-per-diem-prn-palmview-tx,46.59,lpn
Palo Alto,licensed-practical-nurse-per-diem-prn-palo-alto-ca,46.59,lpn
Pampa,licensed-practical-nurse-per-diem-prn-pampa-tx,46.59,lpn
Panacea,licensed-practical-nurse-per-diem-prn-panacea-fl,46.59,lpn
Panama City Beach FL,licensed-practical-nurse-per-diem-prn-panama-city-beach-fl,46.59,lpn
Panama City FL,licensed-practical-nurse-per-diem-prn-panama-city-fl,46.59,lpn
Panguitch,licensed-practical-nurse-per-diem-prn-panguitch-ut,44.78,lpn
Pantego,licensed-practical-nurse-per-diem-prn-pantego-tx,46.59,lpn
Paonia,licensed-practical-nurse-per-diem-prn-paonia-co,46.59,lpn
Papillion,licensed-practical-nurse-per-diem-prn-papillion-ne,51.89,lpn
Parachute,licensed-practical-nurse-per-diem-prn-parachute-co,46.59,lpn
Paradise,licensed-practical-nurse-per-diem-prn-paradise-nv,52.57,lpn
Paragould,licensed-practical-nurse-per-diem-prn-paragould-ar,51.33,lpn
Paramus,licensed-practical-nurse-per-diem-prn-paramus-nj,45.38,lpn
Paris,licensed-practical-nurse-per-diem-prn-paris-tx,46.59,lpn
Park City,licensed-practical-nurse-per-diem-prn-park-city-ut,44.78,lpn
Park Forest,licensed-practical-nurse-per-diem-prn-park-forest-il,46.59,lpn
Park River,licensed-practical-nurse-per-diem-prn-park-river-nd,42.81,lpn
Parker Arizona,licensed-practical-nurse-per-diem-prn-parker-az,44.78,lpn
Parker CO,licensed-practical-nurse-per-diem-prn-parker-co,46.59,lpn
Parkersburg,licensed-practical-nurse-per-diem-prn-parkersburg-wv,51.11,lpn
Parkland,licensed-practical-nurse-per-diem-prn-parkland-fl,46.59,lpn
Parkville MD,licensed-practical-nurse-per-diem-prn-parkville-md,46.59,lpn
Parma,licensed-practical-nurse-per-diem-prn-parma-oh,48.33,lpn
Parma Heights,licensed-practical-nurse-per-diem-prn-parma-heights-oh,52.26,lpn
Parowan,licensed-practical-nurse-per-diem-prn-parowan-ut,44.78,lpn
Parrish,licensed-practical-nurse-per-diem-prn-parrish-fl,46.59,lpn
Parsons TN,licensed-practical-nurse-per-diem-prn-parsons-tn-3bd68,46.59,lpn
Pasadena CA,licensed-practical-nurse-per-diem-prn-pasadena-ca,46.59,lpn
Pasadena TX,licensed-practical-nurse-per-diem-prn-pasadena-tx,46.59,lpn
Pasadenaa,licensed-practical-nurse-per-diem-prn-pasadenaa-tx,47.07,lpn
Pascagoula,licensed-practical-nurse-per-diem-prn-pascagoula-ms,51.58,lpn
Pasco,licensed-practical-nurse-per-diem-prn-pasco-wa,44.78,lpn
Passaic,licensed-practical-nurse-per-diem-prn-passaic-nj,45.38,lpn
Patagonia,licensed-practical-nurse-per-diem-prn-patagonia-az,44.78,lpn
Patchogue,licensed-practical-nurse-per-diem-prn-patchogue-ny,46.59,lpn
Paterson,licensed-practical-nurse-per-diem-prn-paterson-nj,45.38,lpn
Pattison,licensed-practical-nurse-per-diem-prn-pattison-tx,46.59,lpn
Pawtucket,licensed-practical-nurse-per-diem-prn-pawtucket-ri,52.05,lpn
Payette,licensed-practical-nurse-per-diem-prn-payette-id,46.59,lpn
Paynesville,licensed-practical-nurse-per-diem-prn-paynesville-mn,46.59,lpn
Payson AZ,licensed-practical-nurse-per-diem-prn-payson-az,44.78,lpn
Payson UT,licensed-practical-nurse-per-diem-prn-payson-ut,44.78,lpn
Peabody,licensed-practical-nurse-per-diem-prn-peabody-ma,54.67,lpn
Peachtree City,licensed-practical-nurse-per-diem-prn-peachtree-city-ga,51.69,lpn
Peachtree Corners,licensed-practical-nurse-per-diem-prn-peachtree-corners-ga,51.65,lpn
Pearblossom,licensed-practical-nurse-per-diem-prn-pearblossom-ca,46.59,lpn
Pearce,licensed-practical-nurse-per-diem-prn-pearce-az,44.78,lpn
Pearl,licensed-practical-nurse-per-diem-prn-pearl-ms,51.57,lpn
Pearl City,licensed-practical-nurse-per-diem-prn-pearl-city-hi,54.58,lpn
Pearland,licensed-practical-nurse-per-diem-prn-pearland-tx,46.59,lpn
Pearsall,licensed-practical-nurse-per-diem-prn-pearsall-tx,46.59,lpn
Pecos,licensed-practical-nurse-per-diem-prn-pecos-tx,46.59,lpn
Pekin,licensed-practical-nurse-per-diem-prn-pekin-il,44.78,lpn
Pelham,licensed-practical-nurse-per-diem-prn-pelham-al,49.89,lpn
Pella IA,licensed-practical-nurse-per-diem-prn-pella-ia,46.59,lpn
Pembroke Pines FL,licensed-practical-nurse-per-diem-prn-pembroke-pines-fl,46.59,lpn
Pendleton,licensed-practical-nurse-per-diem-prn-pendleton-or,44.78,lpn
Penitas,licensed-practical-nurse-per-diem-prn-penitas-tx,46.59,lpn
Penn Hills,licensed-practical-nurse-per-diem-prn-penn-hills-pa,50.65,lpn
Pennington Gap,licensed-practical-nurse-per-diem-prn-pennington-gap-va,45.38,lpn
Pensacola FL,licensed-practical-nurse-per-diem-prn-pensacola-fl,46.59,lpn
Pensacola North Central Pensacola,licensed-practical-nurse-per-diem-prn-pensacola-north-central-pensacola-fl,52.75,lpn
Peoria AZ,licensed-practical-nurse-per-diem-prn-peoria-az,44.78,lpn
Peoria IL,licensed-practical-nurse-per-diem-prn-peoria-il,44.78,lpn
Peridot,licensed-practical-nurse-per-diem-prn-peridot-az,44.78,lpn
Perrine,licensed-practical-nurse-per-diem-prn-perrine-fl,46.59,lpn
Perry,licensed-practical-nurse-per-diem-prn-perry-fl,46.59,lpn
Perrysburg,licensed-practical-nurse-per-diem-prn-perrysburg-oh,52.98,lpn
Perryton,licensed-practical-nurse-per-diem-prn-perryton-tx,46.59,lpn
Perryville KY,licensed-practical-nurse-per-diem-prn-perryville-ky,46.59,lpn
Petaluma,licensed-practical-nurse-per-diem-prn-petaluma-ca,46.59,lpn
Peterborough,licensed-practical-nurse-per-diem-prn-peterborough-nh,42.81,lpn
Petoskey,licensed-practical-nurse-per-diem-prn-petoskey-mi,46.59,lpn
Peyton,licensed-practical-nurse-per-diem-prn-peyton-co,46.59,lpn
Pflugerville,licensed-practical-nurse-per-diem-prn-pflugerville-tx,46.59,lpn
Pharr,licensed-practical-nurse-per-diem-prn-pharr-tx,46.59,lpn
Phenix City,licensed-practical-nurse-per-diem-prn-phenix-city-al-033c0,46.59,lpn
Pheonix,licensed-practical-nurse-per-diem-prn-orlando-windhover-fl,46.96,lpn
Philadelphia North Philadelphia,licensed-practical-nurse-per-diem-prn-philadelphia-north-philadelphia-pa,49.78,lpn
Philadelphia Northeast Philadelphia,licensed-practical-nurse-per-diem-prn-philadelphia-northeast-philadelphia-pa,49.92,lpn
Philadelphia PA,per-diem-philadelphia-pa,41.70,lpn
Phillipsburg KS,licensed-practical-nurse-per-diem-prn-phillipsburg-ks,42.81,lpn
Phoenix,per-diem-phoenix-az,41.21,lpn
Phoenix Camelback East Village,licensed-practical-nurse-per-diem-prn-phoenix-camelback-east-village-az,50.87,lpn
Phoenix Deer Valley,licensed-practical-nurse-per-diem-prn-phoenix-deer-valley-az,52.78,lpn
Phoenix Denali Financial Center,licensed-practical-nurse-per-diem-prn-phoenix-denali-financial-center-az,52.89,lpn
Phoenix Estrella Village,licensed-practical-nurse-per-diem-prn-phoenix-estrella-village-az,52.57,lpn
Phoenix Midtown,licensed-practical-nurse-per-diem-prn-phoenix-midtown-az,51.11,lpn
Phoenix North Mountain Village,licensed-practical-nurse-per-diem-prn-phoenix-north-mountain-village-az,49.89,lpn
Phoenix Paradise Valley Village,licensed-practical-nurse-per-diem-prn-phoenix-paradise-valley-village-az,51.97,lpn
Pickerington,licensed-practical-nurse-per-diem-prn-pickerington-oh,52.69,lpn
Pierce ID,licensed-practical-nurse-per-diem-prn-pierce-id,46.59,lpn
Pierceton,licensed-practical-nurse-per-diem-prn-pierceton-in,46.59,lpn
Pierre,licensed-practical-nurse-per-diem-prn-pierre-sd,51.31,lpn
Pierson,licensed-practical-nurse-per-diem-prn-pierson-fl,46.59,lpn
Pigeon,licensed-practical-nurse-per-diem-prn-pigeon-mi,46.59,lpn
Pike Creek Valley,licensed-practical-nurse-per-diem-prn-pike-creek-valley-de,55.34,lpn
Pikeville KY,licensed-practical-nurse-per-diem-prn-pikeville-ky,46.59,lpn
Pilot Point,licensed-practical-nurse-per-diem-prn-pilot-point-tx,46.59,lpn
Pine Bluff,licensed-practical-nurse-per-diem-prn-pine-bluff-ar,51.66,lpn
Pine Hills,licensed-practical-nurse-per-diem-prn-pine-hills-fl,54.87,lpn
Pineland,licensed-practical-nurse-per-diem-prn-pineland-tx,46.59,lpn
Pinellas Park,licensed-practical-nurse-per-diem-prn-pinellas-park-fl,46.59,lpn
Pipestone,licensed-practical-nurse-per-diem-prn-pipestone-mn,45.89,lpn
Piqua,licensed-practical-nurse-per-diem-prn-piqua-oh,52.57,lpn
Pittsburg,licensed-practical-nurse-per-diem-prn-pittsburg-ks,50.26,lpn
Pittsburg,licensed-practical-nurse-per-diem-prn-pittsburg-tx,46.59,lpn
Pittsburgh PA,licensed-practical-nurse-per-diem-prn-pittsburgh-pa,37.82,lpn
Pittsfield,licensed-practical-nurse-per-diem-prn-pittsfield-ma,46.59,lpn
Plainfield,licensed-practical-nurse-per-diem-prn-plainfield-ct,45.89,lpn
Plainfield,licensed-practical-nurse-per-diem-prn-plainfield-in,50.26,lpn
Plains,licensed-practical-nurse-per-diem-prn-plains-tx,46.59,lpn
Plainview,licensed-practical-nurse-per-diem-prn-plainview-tx,46.59,lpn
Plano,licensed-practical-nurse-per-diem-prn-plano-tx,46.59,lpn
Plant City,licensed-practical-nurse-per-diem-prn-plant-city-fl,46.59,lpn
Plantation,licensed-practical-nurse-per-diem-prn-plantation-fl,46.59,lpn
Plantation City,licensed-practical-nurse-per-diem-prn-plantation-city-fl,54.75,lpn
Platte,licensed-practical-nurse-per-diem-prn-platte-sd,44.78,lpn
Pleasant Grove,licensed-practical-nurse-per-diem-prn-pleasant-grove-ut,44.78,lpn
Pleasant View,licensed-practical-nurse-per-diem-prn-pleasant-view-ut,44.78,lpn
Pleasanton,licensed-practical-nurse-per-diem-prn-pleasanton-tx,46.59,lpn
Pleasantville,licensed-practical-nurse-per-diem-prn-pleasantville-nj,45.88,lpn
Pleasantville TN,licensed-practical-nurse-per-diem-prn-pleasantville-tn,46.59,lpn
Plentywood,licensed-practical-nurse-per-diem-prn-plentywood-mt,42.81,lpn
Plum borough,licensed-practical-nurse-per-diem-prn-plum-borough-pa,49.33,lpn
Plummer,licensed-practical-nurse-per-diem-prn-plummer-id,46.59,lpn
Plymouth,licensed-practical-nurse-per-diem-prn-plymouth-ma,54.58,lpn
Plymouth,licensed-practical-nurse-per-diem-prn-plymouth-mn,49.67,lpn
Plymouth NH,licensed-practical-nurse-per-diem-prn-plymouth-nh,42.81,lpn
Pocatello ID,licensed-practical-nurse-per-diem-prn-pocatello-id,32.18,lpn
Poinciana,licensed-practical-nurse-per-diem-prn-poinciana-fl,54.66,lpn
Polacca,licensed-practical-nurse-per-diem-prn-polacca-az,44.78,lpn
Pompano Beach FL,licensed-practical-nurse-per-diem-prn-pompano-beach-fl,46.59,lpn
Ponca City,licensed-practical-nurse-per-diem-prn-ponca-city-ok,49.75,lpn
Ponderay,licensed-practical-nurse-per-diem-prn-ponderay-id,46.59,lpn
Ponte Vedra,licensed-practical-nurse-per-diem-prn-ponte-vedra-fl,46.59,lpn
Ponte Vedra Beach,licensed-practical-nurse-per-diem-prn-ponte-vedra-beach-fl,46.59,lpn
Pontiac IL,licensed-practical-nurse-per-diem-prn-pontiac-il,44.78,lpn
Pontiac MI,licensed-practical-nurse-per-diem-prn-pontiac-mi,46.59,lpn
Port Angeles,licensed-practical-nurse-per-diem-prn-port-angeles-wa,45.38,lpn
Port Arthur,licensed-practical-nurse-per-diem-prn-port-arthur-tx,46.59,lpn
Port Bolivar,licensed-practical-nurse-per-diem-prn-port-bolivar-tx,46.59,lpn
Port Charlotte FL,licensed-practical-nurse-per-diem-prn-port-charlotte-fl,32.87,lpn
Port Huron,licensed-practical-nurse-per-diem-prn-port-huron-mi,46.59,lpn
Port Isabel,licensed-practical-nurse-per-diem-prn-port-isabel-tx,46.59,lpn
Port Lavaca,licensed-practical-nurse-per-diem-prn-port-lavaca-tx,46.59,lpn
Port Murray,licensed-practical-nurse-per-diem-prn-port-murray-nj,46.59,lpn
Port Orange,licensed-practical-nurse-per-diem-prn-port-orange-fl,46.59,lpn
Port Orford,licensed-practical-nurse-per-diem-prn-port-orford-or,44.78,lpn
Port Richey,licensed-practical-nurse-per-diem-prn-port-richey-fl,46.96,lpn
Port Saint Joe,licensed-practical-nurse-per-diem-prn-port-saint-joe-fl,46.96,lpn
Port St. Lucie,licensed-practical-nurse-per-diem-prn-port-st-lucie-fl,54.26,lpn
Port St. Lucie FL,licensed-practical-nurse-per-diem-prn-port-saint-lucie-fl,46.96,lpn
Portage,licensed-practical-nurse-per-diem-prn-portage-in,49.98,lpn
Porter,licensed-practical-nurse-per-diem-prn-porter-tx,46.96,lpn
Portland Creston - Kenilworth,licensed-practical-nurse-per-diem-prn-portland-creston-kenilworth-or,51.57,lpn
Portland Cully,licensed-practical-nurse-per-diem-prn-portland-cully-or,51.31,lpn
Portland Hazelwood,licensed-practical-nurse-per-diem-prn-portland-hazelwood-or,51.26,lpn
Portland ME,licensed-practical-nurse-per-diem-prn-portland-me,43.89,lpn
Portland Northeast Portland,licensed-practical-nurse-per-diem-prn-portland-northeast-portland-or,50.98,lpn
Portland Northwest Portland,licensed-practical-nurse-per-diem-prn-portland-northwest-portland-or,45.87,lpn
Portland OR,per-diem-portland-or,49.68,lpn
Portland Powellhurst-Gilbert,licensed-practical-nurse-per-diem-prn-portland-powellhurst-gilbert-or,50.82,lpn
Portland Wilkes Community Group,licensed-practical-nurse-per-diem-prn-portland-wilkes-community-group-or,51.75,lpn
Portola Valley,licensed-practical-nurse-per-diem-prn-portola-valley-ca,46.96,lpn
Portsmouth,licensed-practical-nurse-per-diem-prn-portsmouth-nh,42.81,lpn
Portsmouth,licensed-practical-nurse-per-diem-prn-portsmouth-va,54.66,lpn
Post,licensed-practical-nurse-per-diem-prn-post-tx,46.96,lpn
Post Falls,licensed-practical-nurse-per-diem-prn-post-falls-id,46.96,lpn
Poteet,licensed-practical-nurse-per-diem-prn-poteet-tx,46.96,lpn
Poth,licensed-practical-nurse-per-diem-prn-poth-tx,46.96,lpn
Potlatch,licensed-practical-nurse-per-diem-prn-potlatch-id,46.96,lpn
Potomac,licensed-practical-nurse-per-diem-prn-potomac-md,53.75,lpn
Powell,licensed-practical-nurse-per-diem-prn-powell-wy,50.67,lpn
Powers MI,licensed-practical-nurse-per-diem-prn-powers-mi,46.96,lpn
Powers OR,licensed-practical-nurse-per-diem-prn-powers-or,44.78,lpn
Prairie City,licensed-practical-nurse-per-diem-prn-prairie-city-or,44.78,lpn
Prairie Farm,licensed-practical-nurse-per-diem-prn-prairie-farm-wi,43.65,lpn
Prairie Village,licensed-practical-nurse-per-diem-prn-prairie-village-ks,50.43,lpn
Prairieville,licensed-practical-nurse-per-diem-prn-prairieville-la,51.58,lpn
Prattville,licensed-practical-nurse-per-diem-prn-prattville-al,49.87,lpn
Premont,licensed-practical-nurse-per-diem-prn-premont-tx,46.96,lpn
Prescott,licensed-practical-nurse-per-diem-prn-prescott-az,44.78,lpn
Prescott Valley,licensed-practical-nurse-per-diem-prn-prescott-valley-az,44.78,lpn
Presidio,licensed-practical-nurse-per-diem-prn-presidio-tx,46.96,lpn
Preston,licensed-practical-nurse-per-diem-prn-preston-id,46.96,lpn
Price,licensed-practical-nurse-per-diem-prn-price-ut,44.78,lpn
Priest River,licensed-practical-nurse-per-diem-prn-priest-river-id,46.96,lpn
Primghar,licensed-practical-nurse-per-diem-prn-primghar-ia,46.96,lpn
Prince Frederick,licensed-practical-nurse-per-diem-prn-prince-frederick-md-b8201,46.96,lpn
Princess Anne,licensed-practical-nurse-per-diem-prn-princess-anne-md,42.81,lpn
Princeton,licensed-practical-nurse-per-diem-prn-princeton-in,46.96,lpn
Princeton,licensed-practical-nurse-per-diem-prn-princeton-nj,44.78,lpn
Princeton,licensed-practical-nurse-per-diem-prn-princeton-wv,43.65,lpn
Princeton FL,licensed-practical-nurse-per-diem-prn-princeton-fl,54.57,lpn
Prineville,licensed-practical-nurse-per-diem-prn-prineville-or,44.78,lpn
Prospect,licensed-practical-nurse-per-diem-prn-prospect-or,44.78,lpn
Prospect Heights,licensed-practical-nurse-per-diem-prn-prospect-heights-ny,51.69,lpn
Prosser,licensed-practical-nurse-per-diem-prn-prosser-wa,46.96,lpn
Providence RI,licensed-practical-nurse-per-diem-prn-providence-ri,37.80,lpn
Providence UT,licensed-practical-nurse-per-diem-prn-providence-ut,44.78,lpn
Provo Foot Hills,licensed-practical-nurse-per-diem-prn-provo-foot-hills-ut,51.43,lpn
Provo UT,per-diem-provo-ut,46.78,lpn
Pueblo CO,licensed-practical-nurse-per-diem-prn-pueblo-co,36.52,lpn
Pueblo West,licensed-practical-nurse-per-diem-prn-pueblo-west-co,46.96,lpn
Pulaski,licensed-practical-nurse-per-diem-prn-pulaski-va,45.38,lpn
Pullman,licensed-practical-nurse-per-diem-prn-pullman-wa,50.17,lpn
Punta Gorda FL,licensed-practical-nurse-per-diem-prn-punta-gorda-fl,46.96,lpn
Puyallup,licensed-practical-nurse-per-diem-prn-puyallup-wa,44.78,lpn
Quanah,licensed-practical-nurse-per-diem-prn-quanah-tx,46.96,lpn
Queen Creek,licensed-practical-nurse-per-diem-prn-queen-creek-az,44.78,lpn
Quincy,licensed-practical-nurse-per-diem-prn-quincy-ma,53.92,lpn
Quincy CA,licensed-practical-nurse-per-diem-prn-quincy-ca,46.96,lpn
Quincy FL,licensed-practical-nurse-per-diem-prn-quincy-fl,46.96,lpn
Quinlan,licensed-practical-nurse-per-diem-prn-quinlan-tx,46.96,lpn
Quitman,licensed-practical-nurse-per-diem-prn-quitman-tx,46.96,lpn
Racine,licensed-practical-nurse-per-diem-prn-racine-wi,49.87,lpn
Radcliff,licensed-practical-nurse-per-diem-prn-radcliff-ky,50.98,lpn
Radnor,licensed-practical-nurse-per-diem-prn-radnor-pa,50.57,lpn
Raleigh NC,licensed-practical-nurse-per-diem-prn-raleigh-nc,54.65,lpn
Raleigh North Boylan,licensed-practical-nurse-per-diem-prn-east-providence-riverside-ri,46.96,lpn
Raleigh North Hills,licensed-practical-nurse-per-diem-prn-raleigh-north-hills-nc,50.66,lpn
Ralls,licensed-practical-nurse-per-diem-prn-ralls-tx,46.96,lpn
Ramapo,licensed-practical-nurse-per-diem-prn-ramapo-ny,53.73,lpn
Rancho Cucamonga,licensed-practical-nurse-per-diem-prn-rancho-cucamonga-ca-e32ed,46.96,lpn
Rancho Mission Viejo,licensed-practical-nurse-per-diem-prn-rancho-mission-viejo-ca,50.17,lpn
Randallstown,licensed-practical-nurse-per-diem-prn-randallstown-md,53.78,lpn
Randolph,licensed-practical-nurse-per-diem-prn-randolph-vt,43.65,lpn
Rangely,licensed-practical-nurse-per-diem-prn-rangely-co,46.96,lpn
Ranger,licensed-practical-nurse-per-diem-prn-ranger-tx,46.96,lpn
Rank,licensed-practical-nurse-per-diem-prn-rank-de,54.31,lpn
Rankin,licensed-practical-nurse-per-diem-prn-rankin-tx,46.96,lpn
Ranshaw,licensed-practical-nurse-per-diem-prn-ranshaw-pa,44.78,lpn
Ranson,licensed-practical-nurse-per-diem-prn-ranson-wv,43.65,lpn
Rapid City,licensed-practical-nurse-per-diem-prn-rapid-city-sd,50.92,lpn
Rathdrum,licensed-practical-nurse-per-diem-prn-rathdrum-id,46.96,lpn
Rawlins,licensed-practical-nurse-per-diem-prn-rawlins-wy,50.65,lpn
Raymond,licensed-practical-nurse-per-diem-prn-raymond-wa,44.78,lpn
Raymondville,licensed-practical-nurse-per-diem-prn-raymondville-tx,46.96,lpn
Raymore,licensed-practical-nurse-per-diem-prn-raymore-mo,48.73,lpn
Raytown,licensed-practical-nurse-per-diem-prn-raytown-mo,49.87,lpn
Reading City,licensed-practical-nurse-per-diem-prn-reading-city-pa,51.75,lpn
Red Cloud,licensed-practical-nurse-per-diem-prn-red-cloud-ne,42.81,lpn
Red Oak,licensed-practical-nurse-per-diem-prn-red-oak-tx,46.96,lpn
Redan,licensed-practical-nurse-per-diem-prn-redan-ga,51.67,lpn
Reddick,licensed-practical-nurse-per-diem-prn-reddick-fl,46.96,lpn
Redding,licensed-practical-nurse-per-diem-prn-redding-ca,46.96,lpn
Redlands South Redlands,licensed-practical-nurse-per-diem-prn-redlands-south-redlands-ca,52.89,lpn
Redmond,licensed-practical-nurse-per-diem-prn-redmond-or,44.78,lpn
Redmond,licensed-practical-nurse-per-diem-prn-redmond-wa,48.57,lpn
Redwood City,licensed-practical-nurse-per-diem-prn-redwood-city-ca,46.96,lpn
Reedsburg,licensed-practical-nurse-per-diem-prn-reedsburg-wi,43.65,lpn
Reedsport,licensed-practical-nurse-per-diem-prn-reedsport-or,44.78,lpn
Refugio,licensed-practical-nurse-per-diem-prn-refugio-tx,46.96,lpn
Reno,per-diem-reno-nv,38.73,lpn
Renton,licensed-practical-nurse-per-diem-prn-renton-wa,46.96,lpn
Republic,licensed-practical-nurse-per-diem-prn-republic-wa,44.78,lpn
Reston VA,licensed-practical-nurse-per-diem-prn-reston-va,45.38,lpn
Revere,licensed-practical-nurse-per-diem-prn-revere-ma,54.33,lpn
Rexburg ID,licensed-practical-nurse-per-diem-prn-rexburg-id,46.96,lpn
Reynoldsburg,licensed-practical-nurse-per-diem-prn-reynoldsburg-oh,54.11,lpn
Rhinebeck,licensed-practical-nurse-per-diem-prn-rhinebeck-ny,42.81,lpn
Rib Lake,licensed-practical-nurse-per-diem-prn-rib-lake-wi,43.65,lpn
Riceville IA,licensed-practical-nurse-per-diem-prn-riceville-ia,46.96,lpn
Richardson,licensed-practical-nurse-per-diem-prn-richardson-tx,46.96,lpn
Richfield,licensed-practical-nurse-per-diem-prn-richfield-mn,50.11,lpn
Richfield UT,licensed-practical-nurse-per-diem-prn-richfield-ut,44.78,lpn
Richland Center,licensed-practical-nurse-per-diem-prn-richland-center-wi,43.65,lpn
Richland Hills,licensed-practical-nurse-per-diem-prn-richland-hills-tx,46.96,lpn
Richland WA,licensed-practical-nurse-per-diem-prn-richland-wa,44.78,lpn
Richmond,licensed-practical-nurse-per-diem-prn-richmond-in,50.57,lpn
Richmond,licensed-practical-nurse-per-diem-prn-richmond-ky,50.65,lpn
Richmond TX,licensed-practical-nurse-per-diem-prn-richmond-tx,46.96,lpn
Richmond VA,licensed-practical-nurse-per-diem-prn-richmond-va,45.38,lpn
Richmond West,licensed-practical-nurse-per-diem-prn-richmond-west-fl,53.98,lpn
Richwood,licensed-practical-nurse-per-diem-prn-richwood-tx,46.96,lpn
Ridge Manor,licensed-practical-nurse-per-diem-prn-ridge-manor-fl,46.96,lpn
Ridgeland,licensed-practical-nurse-per-diem-prn-ridgeland-ms,51.75,lpn
Ridley,licensed-practical-nurse-per-diem-prn-ridley-pa,49.82,lpn
Rifle,licensed-practical-nurse-per-diem-prn-rifle-co,46.96,lpn
Rigby ID,licensed-practical-nurse-per-diem-prn-rigby-id,46.96,lpn
Riggins,licensed-practical-nurse-per-diem-prn-riggins-id,46.96,lpn
Rio Grande City,licensed-practical-nurse-per-diem-prn-rio-grande-city-tx,46.96,lpn
Rio Hondo,licensed-practical-nurse-per-diem-prn-rio-hondo-tx,46.96,lpn
Rio Rancho,licensed-practical-nurse-per-diem-prn-rio-rancho-nm,44.78,lpn
Rio Rico,licensed-practical-nurse-per-diem-prn-rio-rico-az,44.78,lpn
Ripley,licensed-practical-nurse-per-diem-prn-ripley-wv,43.65,lpn
Rising Star,licensed-practical-nurse-per-diem-prn-rising-star-tx,46.96,lpn
Riverdale,licensed-practical-nurse-per-diem-prn-riverdale-ut,44.78,lpn
Riverside,licensed-practical-nurse-per-diem-prn-riverside-ri,46.96,lpn
Riverside CA,licensed-practical-nurse-per-diem-prn-riverside-ca,49.49,lpn
Riverside OH,licensed-practical-nurse-per-diem-prn-riverside-oh,52.92,lpn
Riverton,licensed-practical-nurse-per-diem-prn-riverton-wy,50.33,lpn
Riverton UT,licensed-practical-nurse-per-diem-prn-riverton-ut,44.78,lpn
Riverview,licensed-practical-nurse-per-diem-prn-riverview-fl,46.96,lpn
Riviera Beach,licensed-practical-nurse-per-diem-prn-riviera-beach-fl,46.96,lpn
Roanoke,licensed-practical-nurse-per-diem-prn-roanoke-va,54.26,lpn
Robert Lee,licensed-practical-nurse-per-diem-prn-robert-lee-tx,46.96,lpn
Roberts,licensed-practical-nurse-per-diem-prn-roberts-id,46.96,lpn
Robinson,licensed-practical-nurse-per-diem-prn-robinson-tx,46.96,lpn
Robinson PA,licensed-practical-nurse-per-diem-prn-robinson-pa,45.06,lpn
Robstown,licensed-practical-nurse-per-diem-prn-robstown-tx,46.96,lpn
Roby,licensed-practical-nurse-per-diem-prn-roby-tx,46.96,lpn
Rochdale,licensed-practical-nurse-per-diem-prn-rochdale-ma,46.96,lpn
Rochelle Park,licensed-practical-nurse-per-diem-prn-rochelle-park-nj,46.96,lpn
Rochester,licensed-practical-nurse-per-diem-prn-rochester-mn,49.58,lpn
Rochester,licensed-practical-nurse-per-diem-prn-rochester-nh,52.87,lpn
Rochester city,licensed-practical-nurse-per-diem-prn-rochester-city-ny,53.67,lpn
Rochester Hills,licensed-practical-nurse-per-diem-prn-rochester-hills-mi,48.65,lpn
Rock Hill SC,licensed-practical-nurse-per-diem-prn-rock-hill-sc,50.31,lpn
Rock Island IL,licensed-practical-nurse-per-diem-prn-rock-island-il,44.78,lpn
Rock Point,licensed-practical-nurse-per-diem-prn-rock-point-az,44.78,lpn
Rock Springs,licensed-practical-nurse-per-diem-prn-rock-springs-wy,50.87,lpn
Rockaway,licensed-practical-nurse-per-diem-prn-rockaway-or,44.78,lpn
Rockdale,licensed-practical-nurse-per-diem-prn-rockdale-tx,46.96,lpn
Rockford IL,licensed-practical-nurse-per-diem-prn-rockford-il,44.78,lpn
Rockingham,licensed-practical-nurse-per-diem-prn-rockingham-vt,53.89,lpn
Rockledge,licensed-practical-nurse-per-diem-prn-rockledge-fl,46.96,lpn
Rockport,licensed-practical-nurse-per-diem-prn-rockport-tx,46.96,lpn
Rockville,licensed-practical-nurse-per-diem-prn-rockville-md,52.73,lpn
Rockwall,licensed-practical-nurse-per-diem-prn-rockwall-tx,46.96,lpn
Rockwell IA,licensed-practical-nurse-per-diem-prn-rockwell-ia,51.58,lpn
Rocky Ford,licensed-practical-nurse-per-diem-prn-rocky-ford-co,46.96,lpn
Rocky Mount,licensed-practical-nurse-per-diem-prn-rocky-mount-nc,48.66,lpn
Rocky River,licensed-practical-nurse-per-diem-prn-rocky-river-oh,52.87,lpn
Rogers,licensed-practical-nurse-per-diem-prn-rogers-ar,50.98,lpn
Rolla MO,licensed-practical-nurse-per-diem-prn-rolla-mo,46.96,lpn
Roma,licensed-practical-nurse-per-diem-prn-roma-tx,46.96,lpn
Rome,licensed-practical-nurse-per-diem-prn-rome-ny,42.81,lpn
Rome GA,licensed-practical-nurse-per-diem-prn-rome-ga,51.11,lpn
Roosevelt,licensed-practical-nurse-per-diem-prn-roosevelt-ut,44.78,lpn
Rose City,licensed-practical-nurse-per-diem-prn-rose-city-mi,46.96,lpn
Rosebud,licensed-practical-nurse-per-diem-prn-rosebud-tx,46.96,lpn
Roseburg,licensed-practical-nurse-per-diem-prn-roseburg-or,44.78,lpn
Rosenberg,licensed-practical-nurse-per-diem-prn-rosenberg-tx,46.96,lpn
Roseville,licensed-practical-nurse-per-diem-prn-roseville-mn,50.65,lpn
Ross township,licensed-practical-nurse-per-diem-prn-ross-township-pa,50.26,lpn
Roswell,licensed-practical-nurse-per-diem-prn-roswell-nm,52.89,lpn
Roswell GA,licensed-practical-nurse-per-diem-prn-roswell-ga,51.33,lpn
Rotan,licensed-practical-nurse-per-diem-prn-rotan-tx,46.96,lpn
Round Rock,licensed-practical-nurse-per-diem-prn-round-rock-tx,46.96,lpn
Rowlett,licensed-practical-nurse-per-diem-prn-rowlett-tx,46.96,lpn
Roy,licensed-practical-nurse-per-diem-prn-roy-ut,44.78,lpn
Royal Oak,licensed-practical-nurse-per-diem-prn-royal-oak-mi,49.57,lpn
Royal Palm Beach,licensed-practical-nurse-per-diem-prn-royal-palm-beach-fl,46.96,lpn
Royse City,licensed-practical-nurse-per-diem-prn-royse-city-tx,46.96,lpn
Ruidoso,licensed-practical-nurse-per-diem-prn-ruidoso-nm,44.78,lpn
Ruleville,licensed-practical-nurse-per-diem-prn-ruleville-ms,46.96,lpn
Rupert,licensed-practical-nurse-per-diem-prn-rupert-id,46.96,lpn
Rural Retreat,licensed-practical-nurse-per-diem-prn-rural-retreat-va,45.38,lpn
Rushville,licensed-practical-nurse-per-diem-prn-rushville-il,44.78,lpn
Rusk,licensed-practical-nurse-per-diem-prn-rusk-tx,46.96,lpn
Ruskin,licensed-practical-nurse-per-diem-prn-ruskin-fl,46.96,lpn
Russellville,licensed-practical-nurse-per-diem-prn-russellville-ar,51.67,lpn
Ruston LA,licensed-practical-nurse-per-diem-prn-ruston-la-6c77e,46.96,lpn
Rutland,licensed-practical-nurse-per-diem-prn-rutland-vt,43.65,lpn
Rutland city,licensed-practical-nurse-per-diem-prn-rutland-city-vt,52.78,lpn
Rye,licensed-practical-nurse-per-diem-prn-rye-nh,42.81,lpn
Sabinal,licensed-practical-nurse-per-diem-prn-sabinal-tx,46.96,lpn
Sacaton,licensed-practical-nurse-per-diem-prn-sacaton-az,44.78,lpn
Sachse,licensed-practical-nurse-per-diem-prn-sachse-tx,47.07,lpn
Saco,licensed-practical-nurse-per-diem-prn-saco-me,52.31,lpn
Sacramento,licensed-practical-nurse-per-diem-prn-sacramento-ca,51.92,lpn
Safety Harbor,licensed-practical-nurse-per-diem-prn-safety-harbor-fl,47.07,lpn
Safford,licensed-practical-nurse-per-diem-prn-safford-az,44.78,lpn
Saginaw,licensed-practical-nurse-per-diem-prn-saginaw-tx,47.07,lpn
Sahuarita,licensed-practical-nurse-per-diem-prn-sahuarita-az,44.78,lpn
Saint Anthony,licensed-practical-nurse-per-diem-prn-saint-anthony-id,47.07,lpn
Saint Augustine,licensed-practical-nurse-per-diem-prn-saint-augustine-fl,47.07,lpn
Saint Cloud,licensed-practical-nurse-per-diem-prn-saint-cloud-fl,47.07,lpn
Saint Helens,licensed-practical-nurse-per-diem-prn-saint-helens-or,44.78,lpn
Saint Ignace,licensed-practical-nurse-per-diem-prn-saint-ignace-mi,47.07,lpn
Saint James City,licensed-practical-nurse-per-diem-prn-saint-james-city-fl,47.07,lpn
Saint Jo,licensed-practical-nurse-per-diem-prn-saint-jo,47.07,lpn
Saint Johns,licensed-practical-nurse-per-diem-prn-saint-johns-az,44.78,lpn
Saint Johnsbury,licensed-practical-nurse-per-diem-prn-saint-johnsbury-vt,43.65,lpn
Saint Louis,licensed-practical-nurse-per-diem-prn-saint-louis-mo,38.87,lpn
Saint Maries,licensed-practical-nurse-per-diem-prn-saint-maries-id,47.07,lpn
Saint Petersburg FL,licensed-practical-nurse-per-diem-prn-saint-petersburg-fl,47.07,lpn
Saint Rose,licensed-practical-nurse-per-diem-prn-saint-rose-la,47.07,lpn
Salem,licensed-practical-nurse-per-diem-prn-salem-ma,48.31,lpn
Salem NJ,licensed-practical-nurse-per-diem-prn-salem-nj,44.78,lpn
Salem OR,licensed-practical-nurse-per-diem-prn-salem-or,44.78,lpn
Salem UT,licensed-practical-nurse-per-diem-prn-salem-ut,44.78,lpn
Salem VA,licensed-practical-nurse-per-diem-prn-salem-va,45.38,lpn
Salem West Salem,licensed-practical-nurse-per-diem-prn-salem-west-salem-or,50.92,lpn
Salida,licensed-practical-nurse-per-diem-prn-salida-co,47.07,lpn
Salina KS,licensed-practical-nurse-per-diem-prn-salina-ks,42.81,lpn
Salina UT,licensed-practical-nurse-per-diem-prn-salina-ut,44.78,lpn
Salinas,licensed-practical-nurse-per-diem-prn-salinas-ca,52.69,lpn
Salisbury,licensed-practical-nurse-per-diem-prn-salisbury-nc,48.67,lpn
Salmon,licensed-practical-nurse-per-diem-prn-salmon-id,47.07,lpn
Salome,licensed-practical-nurse-per-diem-prn-salome-az,44.78,lpn
Salt Flat,licensed-practical-nurse-per-diem-prn-salt-flat-tx,47.07,lpn
Salt Lake City,per-diem-salt-lake-city-ut,41.18,lpn
Salt Lake City Central City,licensed-practical-nurse-per-diem-prn-salt-lake-city-central-city-ut,47.07,lpn
Salt Lake City Sugar House,licensed-practical-nurse-per-diem-prn-salt-lake-city-sugar-house-ut,53.89,lpn
Salt Lake City The Avenues,licensed-practical-nurse-per-diem-prn-salt-lake-city-the-avenues-ut,53.78,lpn
Saluda NC,licensed-practical-nurse-per-diem-prn-saluda-nc,47.07,lpn
Sammamish,licensed-practical-nurse-per-diem-prn-sammamish-wa,48.66,lpn
San Angelo,licensed-practical-nurse-per-diem-prn-san-angelo-tx,47.07,lpn
San Antonio Far West Side,licensed-practical-nurse-per-diem-prn-san-antonio-far-west-side-tx,50.69,lpn
San Antonio Main/Military Plaza,licensed-practical-nurse-per-diem-prn-san-antonio-main-military-plaza-tx,49.58,lpn
San Antonio Northeast Side,licensed-practical-nurse-per-diem-prn-san-antonio-northeast-side-tx,51.98,lpn
San Antonio Northwest Side,licensed-practical-nurse-per-diem-prn-san-antonio-northwest-side-tx,51.95,lpn
San Antonio TX,per-diem-san-antonio-tx,33.47,lpn
San Augustine,licensed-practical-nurse-per-diem-prn-san-augustine-tx,47.07,lpn
San Benito,licensed-practical-nurse-per-diem-prn-san-benito-tx,47.07,lpn
San Bernadino CA,licensed-practical-nurse-per-diem-prn-san-bernadino-ca,44.78,lpn
San Bernardino,licensed-practical-nurse-per-diem-prn-san-bernardino-ca,52.26,lpn
San Clemente,licensed-practical-nurse-per-diem-prn-san-clemente-ca,47.07,lpn
San Diego CA,licensed-practical-nurse-per-diem-prn-san-diego-ca,44.95,lpn
San Diego TX,licensed-practical-nurse-per-diem-prn-san-diego-tx,47.07,lpn
San Elizario,licensed-practical-nurse-per-diem-prn-san-elizario-tx,47.07,lpn
San Francisco,licensed-practical-nurse-per-diem-prn-san-francisco-ca,51.89,lpn
San Francisco Excelsior,licensed-practical-nurse-per-diem-prn-san-francisco-excelsior-ca,50.57,lpn
San Francisco Japantown,licensed-practical-nurse-per-diem-prn-san-francisco-japantown-ca,52.82,lpn
San Francisco Lone Mountain,licensed-practical-nurse-per-diem-prn-san-francisco-lone-mountain-ca,53.57,lpn
San Francisco Lower Nob Hill,licensed-practical-nurse-per-diem-prn-san-francisco-lower-nob-hill-ca,51.33,lpn
San Francisco North Beach,licensed-practical-nurse-per-diem-prn-san-francisco-north-beach-ca,52.73,lpn
San Jose,licensed-practical-nurse-per-diem-prn-san-jose-ca,34.12,lpn
San Juan,licensed-practical-nurse-per-diem-prn-san-juan-tx,47.07,lpn
San Juan Capistrano,licensed-practical-nurse-per-diem-prn-san-juan-capistrano-ca,47.07,lpn
San Luis,licensed-practical-nurse-per-diem-prn-san-luis-az,44.78,lpn
San Manuel,licensed-practical-nurse-per-diem-prn-san-manuel-az,44.78,lpn
San Marcos TX,licensed-practical-nurse-per-diem-prn-san-marcos-tx,47.07,lpn
San Pablo,licensed-practical-nurse-per-diem-prn-san-pablo-ca,47.07,lpn
San Rafael,licensed-practical-nurse-per-diem-prn-san-rafael-ca,47.07,lpn
San Ramon,licensed-practical-nurse-per-diem-prn-san-ramon-ca,47.07,lpn
San Saba,licensed-practical-nurse-per-diem-prn-san-saba-tx,47.07,lpn
San Tan Valley AZ,licensed-practical-nurse-per-diem-prn-san-tan-valley-az,44.78,lpn
Sanderson,licensed-practical-nurse-per-diem-prn-sanderson-tx,47.07,lpn
Sandpoint,licensed-practical-nurse-per-diem-prn-sandpoint-id,47.07,lpn
Sandusky,licensed-practical-nurse-per-diem-prn-sandusky-oh,53.31,lpn
Sandy OR,licensed-practical-nurse-per-diem-prn-sandy-or,44.78,lpn
Sandy Spring,licensed-practical-nurse-per-diem-prn-sandy-spring-md,51.44,lpn
Sandy Springs GA,licensed-practical-nurse-per-diem-prn-sandy-springs-ga,51.58,lpn
Sandy UT,per-diem-sandy-ut,46.78,lpn
Sanford,licensed-practical-nurse-per-diem-prn-sanford-me,44.69,lpn
Sanford CO,licensed-practical-nurse-per-diem-prn-sanford-co,47.07,lpn
Sanford FL,licensed-practical-nurse-per-diem-prn-sanford-fl,47.07,lpn
Sanger,licensed-practical-nurse-per-diem-prn-sanger-tx,47.07,lpn
Sanibel,licensed-practical-nurse-per-diem-prn-sanibel-fl,47.07,lpn
Santa Ana,licensed-practical-nurse-per-diem-prn-santa-ana-ca,44.78,lpn
Santa Barbara,licensed-practical-nurse-per-diem-prn-santa-barbara-ca,47.07,lpn
Santa Clara,licensed-practical-nurse-per-diem-prn-santa-clara-ca,47.07,lpn
Santa Clarita,licensed-practical-nurse-per-diem-prn-santa-clarita-ca,52.57,lpn
Santa Cruz,licensed-practical-nurse-per-diem-prn-santa-cruz-ca,47.07,lpn
Santa Fe,licensed-practical-nurse-per-diem-prn-santa-fe-nm,44.78,lpn
Santa Maria,licensed-practical-nurse-per-diem-prn-santa-maria-ca,47.44,lpn
Santa Rosa CA,licensed-practical-nurse-per-diem-prn-santa-rosa-ca,47.44,lpn
Santa Rosa TX,licensed-practical-nurse-per-diem-prn-santa-rosa-tx,47.44,lpn
Santaquin,licensed-practical-nurse-per-diem-prn-santaquin-ut,47.44,lpn
Santo,licensed-practical-nurse-per-diem-prn-santo-tx,47.44,lpn
Sapulpa,licensed-practical-nurse-per-diem-prn-sapulpa-ok,49.58,lpn
Sarasota FL,licensed-practical-nurse-per-diem-prn-sarasota-fl,47.44,lpn
Saratoga,licensed-practical-nurse-per-diem-prn-saratoga-ca,47.44,lpn
Saratoga Springs,licensed-practical-nurse-per-diem-prn-saratoga-springs-ny,42.81,lpn
Saratoga Springs,licensed-practical-nurse-per-diem-prn-saratoga-springs-ut,52.87,lpn
Sarcoxie,licensed-practical-nurse-per-diem-prn-sarcoxie-mo,46.96,lpn
Satellite Beach,licensed-practical-nurse-per-diem-prn-satellite-beach-fl,47.44,lpn
Sauk City,licensed-practical-nurse-per-diem-prn-sauk-city-wi,43.65,lpn
Savannah GA,licensed-practical-nurse-per-diem-prn-savannah-ga,45.89,lpn
Savoy,licensed-practical-nurse-per-diem-prn-savoy-tx,47.44,lpn
Scappoose,licensed-practical-nurse-per-diem-prn-scappoose-or,44.78,lpn
Scarborough,licensed-practical-nurse-per-diem-prn-scarborough-me,47.44,lpn
Schaumburg IL,licensed-practical-nurse-per-diem-prn-schaumburg-il-85c6c,47.44,lpn
Schenectady,licensed-practical-nurse-per-diem-prn-schenectady-ny,41.93,lpn
Schertz,licensed-practical-nurse-per-diem-prn-schertz-tx,47.44,lpn
Schulenburg,licensed-practical-nurse-per-diem-prn-schulenburg-tx,47.44,lpn
Schurz,licensed-practical-nurse-per-diem-prn-schurz-nv,44.78,lpn
Scobey,licensed-practical-nurse-per-diem-prn-scobey-mt,41.93,lpn
Scotts Valley,licensed-practical-nurse-per-diem-prn-scotts-valley-ca,48.87,lpn
Scottsbluff,licensed-practical-nurse-per-diem-prn-scottsbluff-ne,41.93,lpn
Scottsdale,per-diem-scottsdale-az,46.33,lpn
Scottsdale Central Scottsdale,licensed-practical-nurse-per-diem-prn-scottsdale-central-scottsdale-az,50.75,lpn
Scottsdale Heatherwood,licensed-practical-nurse-per-diem-prn-scottsdale-heatherwood-az,51.78,lpn
Scottsdale North Scottsdale,licensed-practical-nurse-per-diem-prn-scottsdale-north-scottsdale-az,49.73,lpn
Scottsdale The Center At McDowell Mountain,licensed-practical-nurse-per-diem-prn-scottsdale-the-center-at-mcdowell-mountain-az,49.78,lpn
Scottsdale The Park At Flw,licensed-practical-nurse-per-diem-prn-scottsdale-the-park-at-flw-az,53.98,lpn
Scranton,licensed-practical-nurse-per-diem-prn-scranton-pa,51.87,lpn
Scripps Ranch,licensed-practical-nurse-per-diem-prn-san-diego-scripps-ranch-ca,47.07,lpn
Seabrook,licensed-practical-nurse-per-diem-prn-seabrook-tx,47.44,lpn
Seagoville,licensed-practical-nurse-per-diem-prn-seagoville-tx,47.44,lpn
Sealy,licensed-practical-nurse-per-diem-prn-sealy-tx,47.44,lpn
Searcy,licensed-practical-nurse-per-diem-prn-searcy-ar,51.73,lpn
Seaside,licensed-practical-nurse-per-diem-prn-seaside-or,44.78,lpn
Seattle Fremont,licensed-practical-nurse-per-diem-prn-seattle-fremont-wa,49.67,lpn
Seattle WA,licensed-practical-nurse-per-diem-prn-seattle-wa,54.03,lpn
Sebastian,licensed-practical-nurse-per-diem-prn-sebastian-fl,47.44,lpn
Sebring,licensed-practical-nurse-per-diem-prn-sebring-fl,47.44,lpn
Secaucus NJ,licensed-practical-nurse-per-diem-prn-secaucus-nj,47.44,lpn
Security-Widefield,licensed-practical-nurse-per-diem-prn-security-widefield-co,52.95,lpn
Sedalia,licensed-practical-nurse-per-diem-prn-sedalia-mo,48.82,lpn
Sedona,licensed-practical-nurse-per-diem-prn-sedona-az,44.78,lpn
Sedro-Wooley,licensed-practical-nurse-per-diem-prn-sedro-wooley-wa,46.18,lpn
Seguin,licensed-practical-nurse-per-diem-prn-seguin-tx,47.89,lpn
Seligman,licensed-practical-nurse-per-diem-prn-seligman-az,44.78,lpn
Sells,licensed-practical-nurse-per-diem-prn-sells-az,44.78,lpn
Selma,licensed-practical-nurse-per-diem-prn-selma-tx,47.89,lpn
Seminole FL,licensed-practical-nurse-per-diem-prn-seminole-fl,47.89,lpn
Seminole TX,licensed-practical-nurse-per-diem-prn-seminole-tx,47.89,lpn
Seneca SC,licensed-practical-nurse-per-diem-prn-seneca-sc,44.78,lpn
Severn,licensed-practical-nurse-per-diem-prn-severn-md,53.31,lpn
Severna Park,licensed-practical-nurse-per-diem-prn-severna-park-md,53.67,lpn
Sewell,licensed-practical-nurse-per-diem-prn-sewell-nj,45.88,lpn
Seymour,licensed-practical-nurse-per-diem-prn-seymour-in,47.89,lpn
Seymour,licensed-practical-nurse-per-diem-prn-seymour-tx,47.89,lpn
Shady Cove,licensed-practical-nurse-per-diem-prn-shady-cove-or,44.78,lpn
Shaker Heights,licensed-practical-nurse-per-diem-prn-shaker-heights-oh,53.65,lpn
Shakopee,licensed-practical-nurse-per-diem-prn-shakopee-mn,50.43,lpn
Shaler,licensed-practical-nurse-per-diem-prn-shaler-pa,49.75,lpn
Shalimar,licensed-practical-nurse-per-diem-prn-shalimar-fl,47.89,lpn
Shamrock,licensed-practical-nurse-per-diem-prn-shamrock-tx,47.89,lpn
Sharon Springs KS,licensed-practical-nurse-per-diem-prn-sharon-springs-ks,41.93,lpn
Shawnee,licensed-practical-nurse-per-diem-prn-shawnee-ks,50.69,lpn
Shawnee,licensed-practical-nurse-per-diem-prn-shawnee-ok,49.31,lpn
Sheboygan,licensed-practical-nurse-per-diem-prn-sheboygan-wi,49.67,lpn
Sheffield IA,licensed-practical-nurse-per-diem-prn-sheffield-ia,51.11,lpn
Shelburne,licensed-practical-nurse-per-diem-prn-shelburne-vt,53.75,lpn
Shelby NC,licensed-practical-nurse-per-diem-prn-shelby-nc,47.89,lpn
Shelbyville,licensed-practical-nurse-per-diem-prn-shelbyville-tn,52.57,lpn
Shelley,licensed-practical-nurse-per-diem-prn-shelley-id,47.89,lpn
Shelton,licensed-practical-nurse-per-diem-prn-shelton-ct,53.82,lpn
Shelton,licensed-practical-nurse-per-diem-prn-shelton-wa,44.78,lpn
Shenandoah IA,licensed-practical-nurse-per-diem-prn-shenandoah-ia,47.89,lpn
Shenandoah TX,licensed-practical-nurse-per-diem-prn-shenandoah-tx,47.89,lpn
Shepherd,licensed-practical-nurse-per-diem-prn-shepherd-tx,47.89,lpn
Sheppard Afb,licensed-practical-nurse-per-diem-prn-sheppard-afb-tx,47.89,lpn
Sheridan,licensed-practical-nurse-per-diem-prn-sheridan-or,44.78,lpn
Sheridan WY,licensed-practical-nurse-per-diem-prn-sheridan-wy,44.78,lpn
Sherman,licensed-practical-nurse-per-diem-prn-sherman-tx,47.89,lpn
Sherwood,licensed-practical-nurse-per-diem-prn-sherwood-ar,51.43,lpn
Sherwood OR,licensed-practical-nurse-per-diem-prn-sherwood-or,44.78,lpn
Shiner,licensed-practical-nurse-per-diem-prn-shiner-tx,47.89,lpn
Shoreline,licensed-practical-nurse-per-diem-prn-shoreline-wa,47.89,lpn
Shoshone,licensed-practical-nurse-per-diem-prn-shoshone-id,47.89,lpn
Show Low,licensed-practical-nurse-per-diem-prn-show-low-az,44.78,lpn
"Shreveport Caddo Heights, South Highlands",licensed-practical-nurse-per-diem-prn-shreveport-caddo-heights-south-highlands-la,52.58,lpn
Shreveport LA,licensed-practical-nurse-per-diem-prn-shreveport-la,47.89,lpn
Shrewsbury NJ,licensed-practical-nurse-per-diem-prn-shrewsbury-nj,51.44,lpn
Sibley,licensed-practical-nurse-per-diem-prn-sibley-la,47.89,lpn
Sidney OH,licensed-practical-nurse-per-diem-prn-sidney-oh,51.98,lpn
Sierra Blanca,licensed-practical-nurse-per-diem-prn-sierra-blanca-tx,47.89,lpn
Sierra Vista,licensed-practical-nurse-per-diem-prn-sierra-vista-az,44.78,lpn
Silsbee,licensed-practical-nurse-per-diem-prn-silsbee-tx,47.89,lpn
Silver Spring,licensed-practical-nurse-per-diem-prn-silver-spring-md-04ea2,52.33,lpn
Silver Spring MD,licensed-practical-nurse-per-diem-prn-silver-spring-md,41.93,lpn
Silver Springs FL,licensed-practical-nurse-per-diem-prn-silver-springs-fl,47.89,lpn
Silver Springs NV,licensed-practical-nurse-per-diem-prn-silver-springs-nv,44.78,lpn
Silverthorne,licensed-practical-nurse-per-diem-prn-silverthorne-co,47.89,lpn
Silverton ID,licensed-practical-nurse-per-diem-prn-silverton-id,47.89,lpn
Silverton OR,licensed-practical-nurse-per-diem-prn-silverton-or,44.78,lpn
Silverton TX,licensed-practical-nurse-per-diem-prn-silverton-tx,47.89,lpn
Simi Valley,licensed-practical-nurse-per-diem-prn-simi-valley-ca,47.89,lpn
Simla,licensed-practical-nurse-per-diem-prn-simla-co,47.89,lpn
Simpsonville SC,licensed-practical-nurse-per-diem-prn-simpsonville-sc,50.69,lpn
Sinton,licensed-practical-nurse-per-diem-prn-sinton-tx,47.89,lpn
Sioux City IA,licensed-practical-nurse-per-diem-prn-sioux-city-ia,47.89,lpn
Sioux Falls,licensed-practical-nurse-per-diem-prn-sioux-falls-sd,44.78,lpn
Sisseton,licensed-practical-nurse-per-diem-prn-sisseton-sd,44.78,lpn
Sister Bay,licensed-practical-nurse-per-diem-prn-sister-bay-wi,43.65,lpn
Sitka,licensed-practical-nurse-per-diem-prn-sitka-ak,45.89,lpn
Skiatook,licensed-practical-nurse-per-diem-prn-skiatook-ok,46.96,lpn
Skillman,licensed-practical-nurse-per-diem-prn-skillman-nj,51.44,lpn
Skokie,licensed-practical-nurse-per-diem-prn-skokie-il-b12e8,47.89,lpn
Slater-Marietta Marietta,licensed-practical-nurse-per-diem-prn-slater-marietta-marietta-sc,50.65,lpn
Slaton,licensed-practical-nurse-per-diem-prn-slaton-tx,47.89,lpn
Sleepy Hollow,licensed-practical-nurse-per-diem-prn-sleepy-hollow-ny,41.93,lpn
Slidell,licensed-practical-nurse-per-diem-prn-slidell-la,51.67,lpn
Smiley,licensed-practical-nurse-per-diem-prn-smiley-tx,47.89,lpn
Smithfield,licensed-practical-nurse-per-diem-prn-smithfield-ri,47.89,lpn
Smithfield,licensed-practical-nurse-per-diem-prn-smithfield-ut,47.89,lpn
Smithtown,licensed-practical-nurse-per-diem-prn-smithtown-ny,53.89,lpn
Smithville,licensed-practical-nurse-per-diem-prn-smithville-tx,47.89,lpn
Smyrna,licensed-practical-nurse-per-diem-prn-smyrna-de,54.87,lpn
Smyrna GA,licensed-practical-nurse-per-diem-prn-smyrna-ga,50.98,lpn
Smyrna TN,licensed-practical-nurse-per-diem-prn-smyrna-tn,44.78,lpn
Snohomish,licensed-practical-nurse-per-diem-prn-snohomish-wa,44.78,lpn
Snoqualmie,licensed-practical-nurse-per-diem-prn-snoqualmie-wa,44.78,lpn
Snow Hill,licensed-practical-nurse-per-diem-prn-raleigh-north-boylan-nc,50.96,lpn
Snyder,licensed-practical-nurse-per-diem-prn-snyder-tx,47.89,lpn
Socastee SC,licensed-practical-nurse-per-diem-prn-socastee-sc,50.65,lpn
Socorro NM,licensed-practical-nurse-per-diem-prn-socorro-nm,45.38,lpn
Socorro TX,licensed-practical-nurse-per-diem-prn-socorro-tx,47.89,lpn
Soda Springs,licensed-practical-nurse-per-diem-prn-soda-springs-id,47.89,lpn
Solon,licensed-practical-nurse-per-diem-prn-solon-oh,52.73,lpn
Somerset,licensed-practical-nurse-per-diem-prn-somerset-tx,47.89,lpn
Somerton,licensed-practical-nurse-per-diem-prn-somerton-az,44.78,lpn
Somerville,licensed-practical-nurse-per-diem-prn-somerville-ma,54.57,lpn
Somerville,licensed-practical-nurse-per-diem-prn-somerville-tx,47.89,lpn
Sonora CA,licensed-practical-nurse-per-diem-prn-sonora-ca,47.89,lpn
Sonora TX,licensed-practical-nurse-per-diem-prn-sonora-tx,47.89,lpn
Sophia NC,licensed-practical-nurse-per-diem-prn-sophia-nc,47.89,lpn
Sour Lake,licensed-practical-nurse-per-diem-prn-sour-lake-tx,47.89,lpn
South Bend,licensed-practical-nurse-per-diem-prn-south-bend-in,49.26,lpn
South Bend,licensed-practical-nurse-per-diem-prn-south-bend-wa,44.78,lpn
South Burlington,licensed-practical-nurse-per-diem-prn-south-burlington-vt,52.67,lpn
South Charleston,licensed-practical-nurse-per-diem-prn-south-charleston-wv,49.57,lpn
South Daytona,licensed-practical-nurse-per-diem-prn-south-daytona-fl,47.89,lpn
South Euclid,licensed-practical-nurse-per-diem-prn-south-euclid-oh,52.58,lpn
South Fulton GA,licensed-practical-nurse-per-diem-prn-south-fulton-ga,51.43,lpn
South Hill,licensed-practical-nurse-per-diem-prn-south-hill-wa,48.26,lpn
South Jordan UT,licensed-practical-nurse-per-diem-prn-south-jordan-ut,44.78,lpn
South Kingstown,licensed-practical-nurse-per-diem-prn-south-kingstown-ri,49.73,lpn
South Miami,licensed-practical-nurse-per-diem-prn-south-miami-fl,47.89,lpn
South Miami Heights,licensed-practical-nurse-per-diem-prn-south-miami-heights-fl,53.95,lpn
South Milwaukee,licensed-practical-nurse-per-diem-prn-south-milwaukee-wi,47.89,lpn
South Ogden UT,licensed-practical-nurse-per-diem-prn-south-ogden-ut,44.78,lpn
South Paris,licensed-practical-nurse-per-diem-prn-south-paris-me,51.65,lpn
South Pasadena FL,licensed-practical-nurse-per-diem-prn-south-pasadena-fl,47.89,lpn
South Portland,licensed-practical-nurse-per-diem-prn-south-portland-me,47.89,lpn
South Portland Cash Corner,licensed-practical-nurse-per-diem-prn-south-portland-cash-corner-me,48.66,lpn
South Portland Knightville,licensed-practical-nurse-per-diem-prn-south-portland-knightville-me,47.07,lpn
South Salt Lake,licensed-practical-nurse-per-diem-prn-south-salt-lake-ut,44.78,lpn
South Valley,licensed-practical-nurse-per-diem-prn-south-valley-nm,52.98,lpn
South Weber,licensed-practical-nurse-per-diem-prn-south-weber-ut,47.89,lpn
Southampton town,licensed-practical-nurse-per-diem-prn-southampton-town-ny,54.43,lpn
Southaven,licensed-practical-nurse-per-diem-prn-southaven-ms,50.82,lpn
Southbury,licensed-practical-nurse-per-diem-prn-southbury-ct,54.43,lpn
Southfield city,licensed-practical-nurse-per-diem-prn-southfield-city-mi,48.11,lpn
Southington,licensed-practical-nurse-per-diem-prn-southington-ct,53.73,lpn
Southlake,licensed-practical-nurse-per-diem-prn-southlake-tx,47.89,lpn
Spanish Fork,licensed-practical-nurse-per-diem-prn-spanish-fork-ut,44.78,lpn
Spanish Springs,licensed-practical-nurse-per-diem-prn-spanish-springs-nv,44.78,lpn
Sparks,licensed-practical-nurse-per-diem-prn-sparks-nv,44.78,lpn
Spartanburg SC,licensed-practical-nurse-per-diem-prn-spartanburg-sc,44.78,lpn
Spearfish,licensed-practical-nurse-per-diem-prn-spearfish-sd,44.78,lpn
Spearman,licensed-practical-nurse-per-diem-prn-spearman-tx,48.23,lpn
Spencer IA,licensed-practical-nurse-per-diem-prn-spencer-ia,48.23,lpn
Spencer IN,licensed-practical-nurse-per-diem-prn-spencer-in,48.23,lpn
Spokane,licensed-practical-nurse-per-diem-prn-spokane-wa,52.95,lpn
Spokane Valley,licensed-practical-nurse-per-diem-prn-spokane-valley-wa,48.23,lpn
Spooner,licensed-practical-nurse-per-diem-prn-spooner-wi,41.24,lpn
Spray,licensed-practical-nurse-per-diem-prn-spray-or,44.78,lpn
Spring,licensed-practical-nurse-per-diem-prn-spring-tx,48.23,lpn
Spring Branch,licensed-practical-nurse-per-diem-prn-spring-branch-tx,48.23,lpn
Spring Hill,licensed-practical-nurse-per-diem-prn-spring-hill-fl,48.23,lpn
Spring Hill,licensed-practical-nurse-per-diem-prn-spring-hill-tn,51.33,lpn
Spring Valley,licensed-practical-nurse-per-diem-prn-spring-valley-nv,51.98,lpn
Spring Valley,licensed-practical-nurse-per-diem-prn-spring-valley-wi,41.24,lpn
Springdale,licensed-practical-nurse-per-diem-prn-springdale-ar,50.92,lpn
Springer,licensed-practical-nurse-per-diem-prn-springer-nm,45.38,lpn
Springerville AZ,licensed-practical-nurse-per-diem-prn-springerville-az,44.78,lpn
Springettsbury,licensed-practical-nurse-per-diem-prn-springettsbury-pa,49.11,lpn
Springfield CO,licensed-practical-nurse-per-diem-prn-springfield-co,48.23,lpn
Springfield IL,licensed-practical-nurse-per-diem-prn-springfield-il,48.26,lpn
Springfield MA,licensed-practical-nurse-per-diem-prn-springfield-ma,53.82,lpn
Springfield MO,licensed-practical-nurse-per-diem-prn-springfield-mo,49.78,lpn
Springfield OH,licensed-practical-nurse-per-diem-prn-springfield-oh,48.66,lpn
Springfield OR,licensed-practical-nurse-per-diem-prn-springfield-or,44.78,lpn
Springfield TN,licensed-practical-nurse-per-diem-prn-springfield-tn,44.78,lpn
Springfield VA,licensed-practical-nurse-per-diem-prn-springfield-va,48.23,lpn
Springfield VT,licensed-practical-nurse-per-diem-prn-springfield-vt,41.24,lpn
Springville,licensed-practical-nurse-per-diem-prn-springville-ut,44.78,lpn
Spur,licensed-practical-nurse-per-diem-prn-spur-tx,48.23,lpn
St Augustine,licensed-practical-nurse-per-diem-prn-st-augustine-fl,48.23,lpn
St George,per-diem-st-george-ut,46.78,lpn
St Maries,licensed-practical-nurse-per-diem-prn-st-maries-id,48.23,lpn
St Pete Beach,licensed-practical-nurse-per-diem-prn-st-pete-beach-fl,48.23,lpn
St Petersburg,licensed-practical-nurse-per-diem-prn-st-petersburg-fl,48.23,lpn
St. Albans,licensed-practical-nurse-per-diem-prn-st-albans-wv,49.26,lpn
St. Albans city,licensed-practical-nurse-per-diem-prn-st-albans-city-vt,53.58,lpn
St. Albans town,licensed-practical-nurse-per-diem-prn-st-albans-town-vt,53.43,lpn
St. Andrews SC,licensed-practical-nurse-per-diem-prn-st-andrews-sc,50.89,lpn
St. Charles,licensed-practical-nurse-per-diem-prn-st-charles-mo,49.95,lpn
St. Clair Shores,licensed-practical-nurse-per-diem-prn-st-clair-shores-mi,49.31,lpn
St. Cloud,licensed-practical-nurse-per-diem-prn-st-cloud-fl,52.57,lpn
St. Cloud,licensed-practical-nurse-per-diem-prn-st-cloud-mn,49.89,lpn
St. Johnsbury,licensed-practical-nurse-per-diem-prn-st-johnsbury-vt,53.87,lpn
St. Joseph,licensed-practical-nurse-per-diem-prn-st-joseph-mo,49.98,lpn
St. Louis MO,licensed-practical-nurse-per-diem-prn-st-louis-mo,41.93,lpn
St. Louis Park,licensed-practical-nurse-per-diem-prn-st-louis-park-mn,50.75,lpn
St. Paul,licensed-practical-nurse-per-diem-prn-st-paul-in,48.23,lpn
St. Paul,licensed-practical-nurse-per-diem-prn-st-paul-mn,49.43,lpn
St. Peters,licensed-practical-nurse-per-diem-prn-st-peters-mo,49.89,lpn
St. Petersburg Historic Uptown,licensed-practical-nurse-per-diem-prn-des-moines-downtown-des-moines-ia,50.96,lpn
Stacyville,licensed-practical-nurse-per-diem-prn-stacyville-ia,50.75,lpn
Stafford,licensed-practical-nurse-per-diem-prn-stafford-tx,48.23,lpn
Stamford,licensed-practical-nurse-per-diem-prn-stamford-ct,45.88,lpn
Stamford,licensed-practical-nurse-per-diem-prn-stamford-tx,48.23,lpn
Stanley,licensed-practical-nurse-per-diem-prn-stanley-id,48.23,lpn
Stanton,licensed-practical-nurse-per-diem-prn-stanton-tx,48.23,lpn
Starke,licensed-practical-nurse-per-diem-prn-starke-fl,48.23,lpn
Starkville,licensed-practical-nurse-per-diem-prn-starkville-ms,51.87,lpn
State Center AI,licensed-practical-nurse-per-diem-prn-state-center-ia,48.23,lpn
State College,licensed-practical-nurse-per-diem-prn-state-college-pa,44.78,lpn
Staten Island,licensed-practical-nurse-per-diem-prn-staten-island-ny,41.93,lpn
Statesboro,licensed-practical-nurse-per-diem-prn-statesboro-ga,51.87,lpn
Stayton,licensed-practical-nurse-per-diem-prn-stayton-or,45.38,lpn
Steamboat Springs CO,licensed-practical-nurse-per-diem-prn-steamboat-springs-co,48.23,lpn
Steinhatchee,licensed-practical-nurse-per-diem-prn-steinhatchee-fl,48.23,lpn
Stephenville,licensed-practical-nurse-per-diem-prn-stephenville-tx,48.23,lpn
Sterling City,licensed-practical-nurse-per-diem-prn-sterling-city-tx,48.23,lpn
Sterling CO,licensed-practical-nurse-per-diem-prn-sterling-co,48.23,lpn
Sterling Heights,licensed-practical-nurse-per-diem-prn-sterling-heights-mi,48.23,lpn
Sterling IL,licensed-practical-nurse-per-diem-prn-sterling-il,45.38,lpn
Sterling VA,licensed-practical-nurse-per-diem-prn-sterling-va,48.23,lpn
Stevens,licensed-practical-nurse-per-diem-prn-stevens-pa,45.38,lpn
Stevenson,licensed-practical-nurse-per-diem-prn-stevenson-wa,51.44,lpn
Stillwater OK,licensed-practical-nurse-per-diem-prn-stillwater-ok,45.38,lpn
Stinnett,licensed-practical-nurse-per-diem-prn-stinnett-tx,48.23,lpn
Stockdale,licensed-practical-nurse-per-diem-prn-stockdale-tx,48.23,lpn
Stockton,licensed-practical-nurse-per-diem-prn-stockton-ca,48.23,lpn
Stonecrest,licensed-practical-nurse-per-diem-prn-stonecrest-ga,51.75,lpn
Stoughton,licensed-practical-nurse-per-diem-prn-stoughton-ma,48.23,lpn
Stoughton,licensed-practical-nurse-per-diem-prn-stoughton-wi,48.23,lpn
Stow,licensed-practical-nurse-per-diem-prn-stow-oh,53.73,lpn
Stowe,licensed-practical-nurse-per-diem-prn-stowe-vt,53.78,lpn
Strasburg,licensed-practical-nurse-per-diem-prn-strasburg-co,48.23,lpn
Stratford,licensed-practical-nurse-per-diem-prn-stratford-ct,53.65,lpn
Stratford,licensed-practical-nurse-per-diem-prn-stratford-tx,48.23,lpn
Stratton,licensed-practical-nurse-per-diem-prn-stratton-co,48.23,lpn
Strongsville,licensed-practical-nurse-per-diem-prn-strongsville-oh,54.82,lpn
Stuart FL,licensed-practical-nurse-per-diem-prn-stuart-fl,48.23,lpn
Stuart NE,licensed-practical-nurse-per-diem-prn-stuart-ne,41.93,lpn
Sublimity,licensed-practical-nurse-per-diem-prn-sublimity-or,45.38,lpn
Suffolk,licensed-practical-nurse-per-diem-prn-suffolk-va,54.75,lpn
Sugar Land,licensed-practical-nurse-per-diem-prn-sugar-land-tx,48.23,lpn
Sullivan City,licensed-practical-nurse-per-diem-prn-sullivan-city-tx,48.23,lpn
Sulphur,licensed-practical-nurse-per-diem-prn-sulphur-la,51.89,lpn
Sulphur,licensed-practical-nurse-per-diem-prn-sulphur-ok,45.38,lpn
Sulphur Springs,licensed-practical-nurse-per-diem-prn-sulphur-springs-tx,48.23,lpn
Summerfield,licensed-practical-nurse-per-diem-prn-summerfield-fl,48.23,lpn
Summerlin South,licensed-practical-nurse-per-diem-prn-summerlin-south-nv,52.75,lpn
Summersville,licensed-practical-nurse-per-diem-prn-summersville-wv,41.24,lpn
Summerville SC,licensed-practical-nurse-per-diem-prn-summerville-sc,45.38,lpn
Summit,licensed-practical-nurse-per-diem-prn-summit-nj,49.12,lpn
Sumter SC,licensed-practical-nurse-per-diem-prn-sumter-sc,45.38,lpn
Sumterville,licensed-practical-nurse-per-diem-prn-sumterville-fl,48.23,lpn
Sun City,licensed-practical-nurse-per-diem-prn-sun-city-az,44.78,lpn
Sun City Center,licensed-practical-nurse-per-diem-prn-sun-city-center-fl,48.23,lpn
Sun City West AZ,licensed-practical-nurse-per-diem-prn-sun-city-west-az,44.78,lpn
Sun Lakes,licensed-practical-nurse-per-diem-prn-sun-lakes-az,44.78,lpn
Sun Prairie,licensed-practical-nurse-per-diem-prn-sun-prairie-wi,49.98,lpn
Sun Valley,licensed-practical-nurse-per-diem-prn-sun-valley-nv,45.38,lpn
Sun West City,licensed-practical-nurse-per-diem-prn-sun-west-city-az,44.78,lpn
Sundown,licensed-practical-nurse-per-diem-prn-sundown-tx,48.23,lpn
Sunny Isles Beach,licensed-practical-nurse-per-diem-prn-sunny-isles-beach-fl,48.23,lpn
Sunnyside UT,licensed-practical-nurse-per-diem-prn-sunnyside-ut,45.38,lpn
Sunnyvale,licensed-practical-nurse-per-diem-prn-sunnyvale-0-tx,48.23,lpn
Sunnyvale,licensed-practical-nurse-per-diem-prn-sunnyvale-ca,48.23,lpn
Sunrise,licensed-practical-nurse-per-diem-prn-sunrise-fl,48.23,lpn
Sunrise Manor,licensed-practical-nurse-per-diem-prn-sunrise-manor-nv,52.31,lpn
Sunriver,licensed-practical-nurse-per-diem-prn-sunriver-or,45.38,lpn
Superior AZ,licensed-practical-nurse-per-diem-prn-superior-az,44.78,lpn
Superior WI,licensed-practical-nurse-per-diem-prn-superior-wi,41.24,lpn
Surprise,licensed-practical-nurse-per-diem-prn-surprise-az,44.78,lpn
Surprise Bell And Dysart Commerce Center,licensed-practical-nurse-per-diem-prn-surprise-bell-and-dysart-commerce-center-az,50.58,lpn
Susanville,licensed-practical-nurse-per-diem-prn-susanville-ca,48.23,lpn
Sutherlin,licensed-practical-nurse-per-diem-prn-sutherlin-or,40.21,lpn
Swanton town,licensed-practical-nurse-per-diem-prn-swanton-town-vt,53.33,lpn
Sweeny,licensed-practical-nurse-per-diem-prn-sweeny-tx,48.23,lpn
Sweet Home,licensed-practical-nurse-per-diem-prn-sweet-home-or,40.21,lpn
Sweetwater FL,licensed-practical-nurse-per-diem-prn-sweetwater-fl,48.23,lpn
Sweetwater TX,licensed-practical-nurse-per-diem-prn-sweetwater-tx,48.23,lpn
Sykesville,licensed-practical-nurse-per-diem-prn-sykesville-md,48.23,lpn
Syracuse IN,licensed-practical-nurse-per-diem-prn-syracuse-in,48.57,lpn
Syracuse NY,licensed-practical-nurse-per-diem-prn-syracuse-ny,41.93,lpn
Syracuse UT,licensed-practical-nurse-per-diem-prn-syracuse-ut,40.21,lpn
Tacoma WA,licensed-practical-nurse-per-diem-prn-tacoma-wa,40.21,lpn
Taft,licensed-practical-nurse-per-diem-prn-taft-tx,48.57,lpn
Tahoka,licensed-practical-nurse-per-diem-prn-tahoka-tx,48.57,lpn
Talent OR,licensed-practical-nurse-per-diem-prn-talent-or,40.21,lpn
Tallahassee Capitol Hill,licensed-practical-nurse-per-diem-prn-norwich-ct,45.87,lpn
Tallahassee FL,licensed-practical-nurse-per-diem-prn-tallahassee-fl,48.57,lpn
Tamarac,licensed-practical-nurse-per-diem-prn-tamarac-fl,48.57,lpn
Tamiami,licensed-practical-nurse-per-diem-prn-tamiami-fl,53.92,lpn
Tampa Bay,licensed-practical-nurse-per-diem-prn-tampa-bay-fl,31.45,lpn
Tampa FL,per-diem-tampa-fl,34.91,lpn
Tanaina,licensed-practical-nurse-per-diem-prn-tanaina-ak,50.58,lpn
Tarboro NC,licensed-practical-nurse-per-diem-prn-tarboro-nc,41.93,lpn
Tarpon Springs,licensed-practical-nurse-per-diem-prn-tarpon-springs-fl,48.57,lpn
Taunton,licensed-practical-nurse-per-diem-prn-taunton-ma,40.21,lpn
Tavares,licensed-practical-nurse-per-diem-prn-tavares-fl,48.57,lpn
Tavernier,licensed-practical-nurse-per-diem-prn-tavernier-fl,48.57,lpn
Taylor,licensed-practical-nurse-per-diem-prn-taylor-mi,51.97,lpn
Taylor,licensed-practical-nurse-per-diem-prn-taylor-tx,48.57,lpn
Taylors SC,licensed-practical-nurse-per-diem-prn-taylors-sc,50.73,lpn
Taylorsville,licensed-practical-nurse-per-diem-prn-taylorsville-ut,40.21,lpn
Teague,licensed-practical-nurse-per-diem-prn-teague-tx,48.57,lpn
Teaneck,licensed-practical-nurse-per-diem-prn-teaneck-nj,40.21,lpn
Teays Valley,licensed-practical-nurse-per-diem-prn-teays-valley-wv,49.31,lpn
Telluride,licensed-practical-nurse-per-diem-prn-telluride-co,48.57,lpn
Temecula,licensed-practical-nurse-per-diem-prn-temecula-ca-01c7e,48.57,lpn
Tempe AZ,licensed-practical-nurse-per-diem-prn-tempe-az,40.21,lpn
Tempe Kiwanis Park,licensed-practical-nurse-per-diem-prn-tempe-kiwanis-park-az,50.31,lpn
Temple Terrace,licensed-practical-nurse-per-diem-prn-temple-terrace-fl,48.57,lpn
Temple TX,licensed-practical-nurse-per-diem-prn-temple-tx,48.57,lpn
Tenafly,licensed-practical-nurse-per-diem-prn-tenafly-nj,40.21,lpn
Tenaha,licensed-practical-nurse-per-diem-prn-tenaha-tx,48.57,lpn
Tequesta,licensed-practical-nurse-per-diem-prn-tequesta-fl,48.57,lpn
Terre Haute,licensed-practical-nurse-per-diem-prn-terre-haute-in,48.57,lpn
Terrell,licensed-practical-nurse-per-diem-prn-terrell-tx,48.57,lpn
Terrytown,licensed-practical-nurse-per-diem-prn-terrytown-la,51.78,lpn
Texarkana,licensed-practical-nurse-per-diem-prn-texarkana-ar,51.11,lpn
Texarkana,licensed-practical-nurse-per-diem-prn-texarkana-tx,48.57,lpn
Texas City,licensed-practical-nurse-per-diem-prn-texas-city-tx,48.57,lpn
The Acreage,licensed-practical-nurse-per-diem-prn-the-acreage-fl,53.89,lpn
The Colony,licensed-practical-nurse-per-diem-prn-the-colony-tx,48.57,lpn
The Dalles OR,licensed-practical-nurse-per-diem-prn-the-dalles-or,40.21,lpn
The Hammocks,licensed-practical-nurse-per-diem-prn-the-hammocks-fl,53.82,lpn
The Villages,licensed-practical-nurse-per-diem-prn-the-villages-fl,48.57,lpn
The Woodlands,licensed-practical-nurse-per-diem-prn-the-woodlands-tx,48.57,lpn
Thermopolis,licensed-practical-nurse-per-diem-prn-thermopolis-wy,45.89,lpn
Thonotosassa,licensed-practical-nurse-per-diem-prn-thonotosassa-fl,48.57,lpn
Thornton,licensed-practical-nurse-per-diem-prn-thornton-co,48.57,lpn
Thorp,licensed-practical-nurse-per-diem-prn-thorp-wi,41.24,lpn
Thousand Oaks,licensed-practical-nurse-per-diem-prn-thousand-oaks-ca,48.57,lpn
Three Rivers,licensed-practical-nurse-per-diem-prn-three-rivers-tx,48.57,lpn
Throckmorton,licensed-practical-nurse-per-diem-prn-throckmorton-tx,48.57,lpn
Tigard,licensed-practical-nurse-per-diem-prn-tigard-or,40.21,lpn
Tilden,licensed-practical-nurse-per-diem-prn-tilden-tx,48.57,lpn
Tillamook,licensed-practical-nurse-per-diem-prn-tillamook-or,40.21,lpn
Tinley Park,licensed-practical-nurse-per-diem-prn-tinley-park-il,48.89,lpn
Titusville,licensed-practical-nurse-per-diem-prn-titusville-fl,48.57,lpn
Tivoli,licensed-practical-nurse-per-diem-prn-tivoli-tx,48.57,lpn
Tolar,licensed-practical-nurse-per-diem-prn-tolar-tx,48.57,lpn
Toledo IA,licensed-practical-nurse-per-diem-prn-toledo-ia,48.57,lpn
Toledo OH,licensed-practical-nurse-per-diem-prn-toledo-oh,48.11,lpn
Toledo OR,licensed-practical-nurse-per-diem-prn-toledo-or,40.21,lpn
Toledo Southwyck,licensed-practical-nurse-per-diem-prn-toledo-southwyck-oh,52.67,lpn
Tolleson,licensed-practical-nurse-per-diem-prn-tolleson-az,40.21,lpn
Tomahawk,licensed-practical-nurse-per-diem-prn-tomahawk-wi,41.24,lpn
Tomball,licensed-practical-nurse-per-diem-prn-tomball-tx,48.57,lpn
Toms River NJ,licensed-practical-nurse-per-diem-prn-toms-river-nj,31.45,lpn
Tonawanda,licensed-practical-nurse-per-diem-prn-tonawanda-town-ny,54.87,lpn
Tooele UT,licensed-practical-nurse-per-diem-prn-tooele-ut,40.21,lpn
Topeka,licensed-practical-nurse-per-diem-prn-topeka-ks,51.78,lpn
Topeka Southwest Topeka,licensed-practical-nurse-per-diem-prn-topeka-southwest-topeka-ks,39.00,lpn
Toppenish,licensed-practical-nurse-per-diem-prn-toppenish-wa,49.92,lpn
Toquerville,licensed-practical-nurse-per-diem-prn-toquerville-ut,52.43,lpn
Torrington,licensed-practical-nurse-per-diem-prn-torrington-ct,48.57,lpn
Torrington,licensed-practical-nurse-per-diem-prn-torrington-wy,51.26,lpn
Town 'n' Country,licensed-practical-nurse-per-diem-prn-town-n-country-fl,53.73,lpn
Townshend,licensed-practical-nurse-per-diem-prn-townshend-vt,41.24,lpn
Towson,licensed-practical-nurse-per-diem-prn-towson-md,52.95,lpn
Traverse City,licensed-practical-nurse-per-diem-prn-traverse-city-mi,48.57,lpn
Tredyffrin,licensed-practical-nurse-per-diem-prn-tredyffrin-pa,49.89,lpn
Tremonton,licensed-practical-nurse-per-diem-prn-tremonton-ut,40.21,lpn
Trenton,licensed-practical-nurse-per-diem-prn-trenton-fl,48.57,lpn
Trenton Downtown,licensed-practical-nurse-per-diem-prn-trenton-downtown-nj,52.73,lpn
Trexlertown,licensed-practical-nurse-per-diem-prn-trexlertown-pa,53.66,lpn
Trinidad,licensed-practical-nurse-per-diem-prn-trinidad-co,48.57,lpn
Trinity FL,licensed-practical-nurse-per-diem-prn-trinity-fl,48.57,lpn
Trinity TX,licensed-practical-nurse-per-diem-prn-trinity-tx,48.57,lpn
Tripoli,licensed-practical-nurse-per-diem-prn-tripoli-ia,49.26,lpn
Trophy Club,licensed-practical-nurse-per-diem-prn-trophy-club-tx,48.92,lpn
Trotwood,licensed-practical-nurse-per-diem-prn-trotwood-oh,52.75,lpn
Troy,licensed-practical-nurse-per-diem-prn-troy-oh,53.43,lpn
Troy city,licensed-practical-nurse-per-diem-prn-troy-city-mi,48.66,lpn
Troy PA,licensed-practical-nurse-per-diem-prn-troy-pa,40.21,lpn
Trumbull,licensed-practical-nurse-per-diem-prn-trumbull-ct,53.89,lpn
Trussville,licensed-practical-nurse-per-diem-prn-trussville-al,49.82,lpn
Truth Or Consequences,licensed-practical-nurse-per-diem-prn-truth-or-consequences-nm,40.21,lpn
Tualatin,licensed-practical-nurse-per-diem-prn-tualatin-or,40.21,lpn
Tualatin Sherwood - Tualatin South,licensed-practical-nurse-per-diem-prn-tualatin-sherwood-tualatin-south-or,49.95,lpn
Tuba City,licensed-practical-nurse-per-diem-prn-tuba-city-az,40.21,lpn
Tubac,licensed-practical-nurse-per-diem-prn-tubac-az,40.21,lpn
Tuckahoe,licensed-practical-nurse-per-diem-prn-tuckahoe-va,54.65,lpn
Tucker,licensed-practical-nurse-per-diem-prn-tucker-ga,51.66,lpn
Tucson,per-diem-tucson-az,40.41,lpn
Tucson Coronado Foothills Estates,licensed-practical-nurse-per-diem-prn-tucson-coronado-foothills-estates-az,51.67,lpn
Tucson Ventana Canyon Office Park,licensed-practical-nurse-per-diem-prn-tucson-ventana-canyon-office-park-az,50.73,lpn
Tulia,licensed-practical-nurse-per-diem-prn-tulia-tx,48.92,lpn
Tulsa,per-diem-tulsa-ok,34.38,lpn
Tumwater WA,licensed-practical-nurse-per-diem-prn-tumwater-wa,40.21,lpn
Tupelo,licensed-practical-nurse-per-diem-prn-tupelo-ms,45.89,lpn
Turlock,licensed-practical-nurse-per-diem-prn-turlock-ca,48.92,lpn
Turtle Lake,licensed-practical-nurse-per-diem-prn-turtle-lake-nd,41.93,lpn
Tuscaloosa,licensed-practical-nurse-per-diem-prn-tuscaloosa-al,51.95,lpn
Tuttle OK,licensed-practical-nurse-per-diem-prn-tuttle-ok,40.21,lpn
Twin Falls ID,per-diem-twin-falls-id,46.78,lpn
Two Rivers,licensed-practical-nurse-per-diem-prn-two-rivers-wi,41.24,lpn
Tyler,licensed-practical-nurse-per-diem-prn-tyler-tx,48.92,lpn
Umatilla,licensed-practical-nurse-per-diem-prn-umatilla-fl,48.92,lpn
Uncasville,licensed-practical-nurse-per-diem-prn-uncasville-ct,51.87,lpn
Union,licensed-practical-nurse-per-diem-prn-union-or,40.21,lpn
Union Gap,licensed-practical-nurse-per-diem-prn-union-gap-wa,49.89,lpn
Union NJ,licensed-practical-nurse-per-diem-prn-union-nj,40.21,lpn
Uniontown PA,licensed-practical-nurse-per-diem-prn-uniontown-pa,40.21,lpn
Universal City,licensed-practical-nurse-per-diem-prn-universal-city-tx,48.92,lpn
University CDP,licensed-practical-nurse-per-diem-prn-university-cdp-fl,50.75,lpn
University City,licensed-practical-nurse-per-diem-prn-university-city-mo,49.43,lpn
University Park,licensed-practical-nurse-per-diem-prn-university-park-fl,48.92,lpn
Upland,licensed-practical-nurse-per-diem-prn-upland-ca,48.92,lpn
Upper Arlington,licensed-practical-nurse-per-diem-prn-upper-arlington-oh,54.58,lpn
Upper Darby,licensed-practical-nurse-per-diem-prn-upper-darby-pa,51.66,lpn
Upper Dublin,licensed-practical-nurse-per-diem-prn-upper-dublin-pa,49.87,lpn
Upper Macungie,licensed-practical-nurse-per-diem-prn-upper-macungie-pa,49.26,lpn
Upper Merion,licensed-practical-nurse-per-diem-prn-upper-merion-pa,50.87,lpn
Upper Moreland,licensed-practical-nurse-per-diem-prn-upper-moreland-pa,51.95,lpn
Urban Honolulu,licensed-practical-nurse-per-diem-prn-urban-honolulu-hi,54.87,lpn
Urbandale IA,licensed-practical-nurse-per-diem-prn-urbandale-ia,53.58,lpn
Utica,licensed-practical-nurse-per-diem-prn-utica-ny,41.93,lpn
Uvalde,licensed-practical-nurse-per-diem-prn-uvalde-tx,48.92,lpn
Vail AZ,licensed-practical-nurse-per-diem-prn-vail-az,40.21,lpn
Vail CO,licensed-practical-nurse-per-diem-prn-vail-co,48.92,lpn
Valdosta GA,licensed-practical-nurse-per-diem-prn-valdosta-ga,51.26,lpn
Vale,licensed-practical-nurse-per-diem-prn-vale-or,40.21,lpn
Valencia,licensed-practical-nurse-per-diem-prn-valencia-ca,48.92,lpn
Valley City,licensed-practical-nurse-per-diem-prn-valley-city-nd,41.93,lpn
Valley Mills,licensed-practical-nurse-per-diem-prn-valley-mills-tx,48.92,lpn
Valparaiso,licensed-practical-nurse-per-diem-prn-valparaiso-fl,48.92,lpn
Valparaiso,licensed-practical-nurse-per-diem-prn-valparaiso-in,50.66,lpn
Valrico,licensed-practical-nurse-per-diem-prn-valrico-fl,48.92,lpn
Valyemo,licensed-practical-nurse-per-diem-prn-valyemo-ca,48.92,lpn
Valyermo,licensed-practical-nurse-per-diem-prn-valyermo-ca,49.87,lpn
Van,licensed-practical-nurse-per-diem-prn-van-tx,48.92,lpn
Van Alstyne,licensed-practical-nurse-per-diem-prn-van-alstyne-tx,48.92,lpn
Van Buren,licensed-practical-nurse-per-diem-prn-van-buren-ar,48.92,lpn
Van Horn,licensed-practical-nurse-per-diem-prn-van-horn-tx,48.92,lpn
Vancouver Pleasant Valley,licensed-practical-nurse-per-diem-prn-vancouver-pleasant-valley-wa,48.11,lpn
Vancouver WA,per-diem-vancouver-wa,43.50,lpn
Venice FL,licensed-practical-nurse-per-diem-prn-venice-fl,48.92,lpn
Vernal,licensed-practical-nurse-per-diem-prn-vernal-ut,40.21,lpn
Vernon FL,licensed-practical-nurse-per-diem-prn-vernon-fl,49.09,lpn
Vernon Hills IL,licensed-practical-nurse-per-diem-prn-vernon-hills-il,40.21,lpn
Vernon TX,licensed-practical-nurse-per-diem-prn-vernon-tx,49.09,lpn
Vernonia,licensed-practical-nurse-per-diem-prn-vernonia-or,40.21,lpn
Vero Beach FL,licensed-practical-nurse-per-diem-prn-vero-beach-fl,49.09,lpn
Vestavia Hills,licensed-practical-nurse-per-diem-prn-vestavia-hills-al,49.75,lpn
Vian,licensed-practical-nurse-per-diem-prn-vian-ok,49.09,lpn
Victor,licensed-practical-nurse-per-diem-prn-victor-id,49.09,lpn
Victoria,licensed-practical-nurse-per-diem-prn-victoria-tx,49.09,lpn
Victorville,licensed-practical-nurse-per-diem-prn-victorville-ca,49.09,lpn
Vidalia,licensed-practical-nurse-per-diem-prn-vidalia-ga,45.89,lpn
Vidor,licensed-practical-nurse-per-diem-prn-vidor-tx,49.09,lpn
Vienna,licensed-practical-nurse-per-diem-prn-vienna-wv,49.66,lpn
Viera,licensed-practical-nurse-per-diem-prn-viera-fl,49.09,lpn
Vineland NJ,licensed-practical-nurse-per-diem-prn-vineland-nj,49.09,lpn
Virginia Beach,licensed-practical-nurse-per-diem-prn-virginia-beach-va,53.92,lpn
Virginia City,licensed-practical-nurse-per-diem-prn-virginia-city-nv,40.21,lpn
Virginia Gardens,licensed-practical-nurse-per-diem-prn-virginia-gardens-fl,49.09,lpn
Viroqua,licensed-practical-nurse-per-diem-prn-viroqua-wi,41.24,lpn
Vivian,licensed-practical-nurse-per-diem-prn-vivian-la,41.93,lpn
Voorhees NJ,licensed-practical-nurse-per-diem-prn-voorhees-nj,40.21,lpn
Waco,licensed-practical-nurse-per-diem-prn-waco-tx,49.09,lpn
Wadsworth,licensed-practical-nurse-per-diem-prn-wadsworth-oh,52.82,lpn
Waelder,licensed-practical-nurse-per-diem-prn-waelder-tx,49.09,lpn
Wahoo,licensed-practical-nurse-per-diem-prn-wahoo-ne,41.93,lpn
Waimea,licensed-practical-nurse-per-diem-prn-waimea-hi,45.89,lpn
Waipahu,licensed-practical-nurse-per-diem-prn-waipahu-hi,54.11,lpn
Wake Forest,licensed-practical-nurse-per-diem-prn-wake-forest-nc,48.43,lpn
Walden,licensed-practical-nurse-per-diem-prn-walden-co,49.09,lpn
Waldorf,licensed-practical-nurse-per-diem-prn-waldorf-md,49.09,lpn
Waldorf,licensed-practical-nurse-per-diem-prn-waldorf-md-e2b3b,52.11,lpn
Waldport,licensed-practical-nurse-per-diem-prn-waldport-or,40.21,lpn
Walhalla,licensed-practical-nurse-per-diem-prn-walhalla-nd,41.93,lpn
Wall Township,licensed-practical-nurse-per-diem-prn-wall-township-nj,50.75,lpn
Walla Walla,licensed-practical-nurse-per-diem-prn-walla-walla-wa,40.21,lpn
Wallace,licensed-practical-nurse-per-diem-prn-wallace-id,49.09,lpn
Waller,licensed-practical-nurse-per-diem-prn-waller-tx,49.81,lpn
Wallingford CT,licensed-practical-nurse-per-diem-prn-wallingford-ct,45.89,lpn
Walnut Creek,licensed-practical-nurse-per-diem-prn-walnut-creek-ca,49.81,lpn
Walsenburg,licensed-practical-nurse-per-diem-prn-walsenburg-co,49.81,lpn
Walsh,licensed-practical-nurse-per-diem-prn-walsh-co,49.81,lpn
Walterboro SC,licensed-practical-nurse-per-diem-prn-walterboro-sc,40.21,lpn
Waltham,licensed-practical-nurse-per-diem-prn-waltham-ma,54.75,lpn
Warm Springs,licensed-practical-nurse-per-diem-prn-warm-springs-mt,51.87,lpn
Warminster,licensed-practical-nurse-per-diem-prn-warminster-pa,50.75,lpn
Warner Robins GA,licensed-practical-nurse-per-diem-prn-warner-robins-ga,51.57,lpn
Warnersville,licensed-practical-nurse-per-diem-prn-greensboro-warnersville-nc,54.65,lpn
Warranton,licensed-practical-nurse-per-diem-prn-warranton-va,40.21,lpn
Warren,licensed-practical-nurse-per-diem-prn-warren-in,51.87,lpn
Warren,licensed-practical-nurse-per-diem-prn-warren-oh,54.33,lpn
Warren,licensed-practical-nurse-per-diem-prn-warren-pa,40.21,lpn
Warren,licensed-practical-nurse-per-diem-prn-warren-ri,49.81,lpn
Warren city,licensed-practical-nurse-per-diem-prn-warren-city-mi,54.92,lpn
Warrenton,licensed-practical-nurse-per-diem-prn-warrenton-or,40.21,lpn
Warsaw KY,licensed-practical-nurse-per-diem-prn-warsaw-ky,41.93,lpn
Warwick,licensed-practical-nurse-per-diem-prn-warwick-ri,40.21,lpn
Washington,licensed-practical-nurse-per-diem-prn-washington-dc-08039,49.81,lpn
Washington,licensed-practical-nurse-per-diem-prn-washington-ut,49.81,lpn
Washington Court House,licensed-practical-nurse-per-diem-prn-washington-court-house-oh,40.21,lpn
Washington DC,per-diem-washington-dc,37.78,lpn
Washington Terrace,licensed-practical-nurse-per-diem-prn-washington-terrace-ut,40.21,lpn
Washougal,licensed-practical-nurse-per-diem-prn-washougal-wa,51.87,lpn
Wasilla,licensed-practical-nurse-per-diem-prn-wasilla-ak,50.33,lpn
Waskom,licensed-practical-nurse-per-diem-prn-waskom-tx,49.81,lpn
Watauga,licensed-practical-nurse-per-diem-prn-watauga-tx,49.81,lpn
Waterbury,licensed-practical-nurse-per-diem-prn-waterbury-ct,53.26,lpn
Waterbury,licensed-practical-nurse-per-diem-prn-waterbury-vt,53.69,lpn
Waterford,licensed-practical-nurse-per-diem-prn-waterford-ct,47.07,lpn
Waterloo AI,licensed-practical-nurse-per-diem-prn-waterloo-ia,49.81,lpn
Watertown,licensed-practical-nurse-per-diem-prn-watertown-ny,41.93,lpn
Watertown,licensed-practical-nurse-per-diem-prn-watertown-sd,50.95,lpn
Waterville,licensed-practical-nurse-per-diem-prn-waterville-me,46.96,lpn
Watkins CO,licensed-practical-nurse-per-diem-prn-watkins-co,49.81,lpn
Wauchula,licensed-practical-nurse-per-diem-prn-wauchula-fl,49.81,lpn
Wauconda IL,licensed-practical-nurse-per-diem-prn-wauconda-il-89350,49.81,lpn
Waukee AI,licensed-practical-nurse-per-diem-prn-waukee-ia,53.43,lpn
Waukegan,licensed-practical-nurse-per-diem-prn-waukegan-il,48.75,lpn
Waukesha,licensed-practical-nurse-per-diem-prn-waukesha-wi-7e11b,49.81,lpn
Waukesha city,licensed-practical-nurse-per-diem-prn-waukesha-city-wi,49.58,lpn
Waukon IA,licensed-practical-nurse-per-diem-prn-waukon-ia,49.81,lpn
Waupun,licensed-practical-nurse-per-diem-prn-waupun-wi,41.24,lpn
Wausau,licensed-practical-nurse-per-diem-prn-wausau-wi,41.24,lpn
Wauwatosa,licensed-practical-nurse-per-diem-prn-wauwatosa-wi,49.81,lpn
Waverly IA,licensed-practical-nurse-per-diem-prn-waverly-ia,49.81,lpn
Waverly OH,licensed-practical-nurse-per-diem-prn-waverly-oh,40.21,lpn
Waxahachie,licensed-practical-nurse-per-diem-prn-waxahachie-tx,49.81,lpn
Waycross,licensed-practical-nurse-per-diem-prn-waycross-ga,45.89,lpn
Wayne NJ,licensed-practical-nurse-per-diem-prn-wayne-nj,49.81,lpn
Weatherford,licensed-practical-nurse-per-diem-prn-weatherford-tx,49.81,lpn
Weatherly,licensed-practical-nurse-per-diem-prn-weatherly-pa,40.21,lpn
Weaverville CA,licensed-practical-nurse-per-diem-prn-weaverville-ca,49.81,lpn
Weaverville NC,licensed-practical-nurse-per-diem-prn-weaverville-nc,49.81,lpn
Webster,licensed-practical-nurse-per-diem-prn-webster-tx,49.81,lpn
Webster Groves,licensed-practical-nurse-per-diem-prn-webster-groves-mo,48.92,lpn
Weeki Wachee,licensed-practical-nurse-per-diem-prn-weeki-wachee-fl,49.81,lpn
Weimar,licensed-practical-nurse-per-diem-prn-weimar-tx,49.81,lpn
Weirsdale,licensed-practical-nurse-per-diem-prn-weirsdale-fl,50.17,lpn
Weirton,licensed-practical-nurse-per-diem-prn-weirton-wv,41.24,lpn
Weiser,licensed-practical-nurse-per-diem-prn-weiser-id,50.17,lpn
Welaka,licensed-practical-nurse-per-diem-prn-welaka-fl,50.17,lpn
Welches,licensed-practical-nurse-per-diem-prn-welches-or,40.21,lpn
Wellington,licensed-practical-nurse-per-diem-prn-wellington-tx,50.17,lpn
Wellington FL,licensed-practical-nurse-per-diem-prn-wellington-fl,50.17,lpn
Wellington NV,licensed-practical-nurse-per-diem-prn-wellington-nv,40.21,lpn
Wells,licensed-practical-nurse-per-diem-prn-wells-tx,50.17,lpn
Wellsboro,licensed-practical-nurse-per-diem-prn-wellsboro-pa,40.21,lpn
Wellsville,licensed-practical-nurse-per-diem-prn-wellsville-mo,49.69,lpn
Wellton,licensed-practical-nurse-per-diem-prn-wellton-az,40.21,lpn
Wenatchee WA,licensed-practical-nurse-per-diem-prn-wenatchee-wa,40.21,lpn
Wendell,licensed-practical-nurse-per-diem-prn-wendell-id,50.17,lpn
Wentzville,licensed-practical-nurse-per-diem-prn-wentzville-mo,49.67,lpn
Weslaco,licensed-practical-nurse-per-diem-prn-weslaco-tx,50.17,lpn
Wesley Chapel,licensed-practical-nurse-per-diem-prn-wesley-chapel-fl,50.17,lpn
West,licensed-practical-nurse-per-diem-prn-west-tx,50.17,lpn
West Allis,licensed-practical-nurse-per-diem-prn-west-allis-wi,49.11,lpn
West Bend,licensed-practical-nurse-per-diem-prn-west-bend-wi,50.31,lpn
West Bountiful UT,licensed-practical-nurse-per-diem-prn-west-bountiful-ut,40.21,lpn
West Branch,licensed-practical-nurse-per-diem-prn-west-branch-mi,50.17,lpn
West Burlington IA,licensed-practical-nurse-per-diem-prn-west-burlington-ia,50.17,lpn
West Caldwell,licensed-practical-nurse-per-diem-prn-west-caldwell-nj,50.17,lpn
West Columbia,licensed-practical-nurse-per-diem-prn-west-columbia-tx,50.17,lpn
West Des Moines IA,licensed-practical-nurse-per-diem-prn-west-des-moines-ia,50.17,lpn
West Hartford,licensed-practical-nurse-per-diem-prn-west-hartford-ct,53.66,lpn
West Haven,licensed-practical-nurse-per-diem-prn-west-haven-ct,53.11,lpn
West Haven,licensed-practical-nurse-per-diem-prn-west-haven-ut,40.21,lpn
West Hills,licensed-practical-nurse-per-diem-prn-west-hills-ca,50.17,lpn
West Jordan UT,licensed-practical-nurse-per-diem-prn-west-jordan-ut,40.21,lpn
West Lafayette,licensed-practical-nurse-per-diem-prn-west-lafayette-in,49.95,lpn
West Lake Hills,licensed-practical-nurse-per-diem-prn-west-lake-hills-tx,50.17,lpn
West Liberty KY,licensed-practical-nurse-per-diem-prn-west-liberty-ky,41.93,lpn
West Linn,licensed-practical-nurse-per-diem-prn-west-linn-or,40.21,lpn
West Little River,licensed-practical-nurse-per-diem-prn-west-little-river-fl,53.78,lpn
West Melbourne,licensed-practical-nurse-per-diem-prn-west-melbourne-fl,50.17,lpn
West Memphis,licensed-practical-nurse-per-diem-prn-west-memphis-ar,51.78,lpn
West Miami,licensed-practical-nurse-per-diem-prn-west-miami-fl,50.17,lpn
West Monroe,licensed-practical-nurse-per-diem-prn-west-monroe-la,50.17,lpn
West Palm Beach,licensed-practical-nurse-per-diem-prn-west-palm-beach-fl,50.17,lpn
West Park,licensed-practical-nurse-per-diem-prn-west-park-fl,50.17,lpn
West Point TX,licensed-practical-nurse-per-diem-prn-west-point-tx,50.17,lpn
West Point UT,licensed-practical-nurse-per-diem-prn-west-point-ut,40.21,lpn
West Sacramento,licensed-practical-nurse-per-diem-prn-west-sacramento-ca,52.92,lpn
West Salem,licensed-practical-nurse-per-diem-prn-west-salem-wi,41.24,lpn
West Union,licensed-practical-nurse-per-diem-prn-west-union-ia,50.17,lpn
West Valley,licensed-practical-nurse-per-diem-prn-west-valley-ut,50.17,lpn
West Valley City,licensed-practical-nurse-per-diem-prn-west-valley-city-ut,40.21,lpn
West Warwick,licensed-practical-nurse-per-diem-prn-west-warwick-ri,49.82,lpn
West Wendover,licensed-practical-nurse-per-diem-prn-west-wendover-nv,40.21,lpn
Westbrook,licensed-practical-nurse-per-diem-prn-westbrook-me,52.57,lpn
Westchester,licensed-practical-nurse-per-diem-prn-westchester-fl,53.69,lpn
Westcliffe,licensed-practical-nurse-per-diem-prn-westcliffe-co,50.17,lpn
Westerly,licensed-practical-nurse-per-diem-prn-westerly-ri,40.21,lpn
Westerville,licensed-practical-nurse-per-diem-prn-westerville-oh,54.75,lpn
Westfield,licensed-practical-nurse-per-diem-prn-westfield-in,49.92,lpn
Westfield NJ,licensed-practical-nurse-per-diem-prn-asheville-charlotte-street-nc,46.96,lpn
Westhampton,licensed-practical-nurse-per-diem-prn-westhampton-ny,45.88,lpn
Westlake,licensed-practical-nurse-per-diem-prn-westlake-oh,53.98,lpn
Westland,licensed-practical-nurse-per-diem-prn-westland-mi,48.75,lpn
Westminster CO,licensed-practical-nurse-per-diem-prn-westminster-co,37.45,lpn
Westmont,licensed-practical-nurse-per-diem-prn-westmont-il,50.17,lpn
Weston,licensed-practical-nurse-per-diem-prn-weston-fl,50.17,lpn
Wetumpka,licensed-practical-nurse-per-diem-prn-wetumpka-al,50.17,lpn
Wewahitchka,licensed-practical-nurse-per-diem-prn-wewahitchka-fl,50.17,lpn
Weymouth Town,licensed-practical-nurse-per-diem-prn-weymouth-town-ma,54.11,lpn
Wharton,licensed-practical-nurse-per-diem-prn-wharton-tx,50.17,lpn
Wheat Ridge Bel Aire,licensed-practical-nurse-per-diem-prn-wheat-ridge-bel-aire-co,47.07,lpn
Wheat Ridge CO,licensed-practical-nurse-per-diem-prn-wheat-ridge-co,50.17,lpn
Wheaton,licensed-practical-nurse-per-diem-prn-wheaton-md,53.26,lpn
Wheaton IL,licensed-practical-nurse-per-diem-prn-wheaton-il,40.21,lpn
Wheeler OR,licensed-practical-nurse-per-diem-prn-wheeler-or,40.21,lpn
Wheeler TX,licensed-practical-nurse-per-diem-prn-wheeler-tx,50.17,lpn
Wheeling,licensed-practical-nurse-per-diem-prn-wheeling-wv,41.24,lpn
White City,licensed-practical-nurse-per-diem-prn-white-city-or,40.21,lpn
White Plains,licensed-practical-nurse-per-diem-prn-white-plains-ny,54.11,lpn
White River Junction,licensed-practical-nurse-per-diem-prn-white-river-junction-vt,41.24,lpn
White Settlement,licensed-practical-nurse-per-diem-prn-white-settlement-tx,50.17,lpn
White Sulphur Springs,licensed-practical-nurse-per-diem-prn-white-sulphur-springs-mt,41.93,lpn
Whitefish,licensed-practical-nurse-per-diem-prn-whitefish-mt-941dd,45.87,lpn
Whitefish MT,licensed-practical-nurse-per-diem-prn-whitefish-mt,45.87,lpn
Whitehall,licensed-practical-nurse-per-diem-prn-whitehall-oh,51.92,lpn
Whitehouse,licensed-practical-nurse-per-diem-prn-whitehouse-tx,50.17,lpn
Whiteriver,licensed-practical-nurse-per-diem-prn-whiteriver-az,40.21,lpn
Whitesboro,licensed-practical-nurse-per-diem-prn-whitesboro-tx,50.17,lpn
Whiting,licensed-practical-nurse-per-diem-prn-whiting-nj,46.96,lpn
Whitney,licensed-practical-nurse-per-diem-prn-whitney-nv,52.26,lpn
Whitney,licensed-practical-nurse-per-diem-prn-whitney-tx,50.17,lpn
Wichita Falls,licensed-practical-nurse-per-diem-prn-wichita-falls-tx,32.89,lpn
Wichita KS,licensed-practical-nurse-per-diem-prn-wichita-ks,41.93,lpn
Wichita Riverside,licensed-practical-nurse-per-diem-prn-atlanta-south-downtown-ga,50.96,lpn
Wickenburg,licensed-practical-nurse-per-diem-prn-wickenburg-az,40.21,lpn
Wiggins,licensed-practical-nurse-per-diem-prn-wiggins-co,50.17,lpn
Wildwood,licensed-practical-nurse-per-diem-prn-wildwood-fl,50.17,lpn
Wildwood,licensed-practical-nurse-per-diem-prn-wildwood-mo,49.33,lpn
Wiley,licensed-practical-nurse-per-diem-prn-wiley-co,50.17,lpn
Wilkes Barre PA,licensed-practical-nurse-per-diem-prn-wilkes-barre-pa,40.21,lpn
Wilkes-Barre City,licensed-practical-nurse-per-diem-prn-wilkes-barre-city-pa,50.67,lpn
Wilkesboro NC,licensed-practical-nurse-per-diem-prn-wilkesboro-nc,50.17,lpn
Willamina,licensed-practical-nurse-per-diem-prn-willamina-or,40.21,lpn
Willcox,licensed-practical-nurse-per-diem-prn-willcox-az,40.21,lpn
Williams,licensed-practical-nurse-per-diem-prn-williams-az,40.21,lpn
Williamsport,licensed-practical-nurse-per-diem-prn-williamsport-md,41.93,lpn
Williamsport,licensed-practical-nurse-per-diem-prn-williamsport-pa,49.65,lpn
Williamstown,licensed-practical-nurse-per-diem-prn-williamstown-nj,40.21,lpn
Willimantic,licensed-practical-nurse-per-diem-prn-willimantic-ct,48.67,lpn
Willis,licensed-practical-nurse-per-diem-prn-willis-tx,50.17,lpn
Williston,licensed-practical-nurse-per-diem-prn-williston-vt,52.95,lpn
Williston FL,licensed-practical-nurse-per-diem-prn-williston-fl,50.17,lpn
Williston ND,licensed-practical-nurse-per-diem-prn-williston-nd,41.93,lpn
Willoughby,licensed-practical-nurse-per-diem-prn-willoughby-oh,52.78,lpn
Willow Park,licensed-practical-nurse-per-diem-prn-willow-park-tx,50.17,lpn
Wills Point,licensed-practical-nurse-per-diem-prn-wills-point-tx,51.44,lpn
Wilmington DE,per-diem-wilmington-de,52.96,lpn
Wilmington Historic District,licensed-practical-nurse-per-diem-prn-martinez-ca,48.76,lpn
Wilmington Historic District,licensed-practical-nurse-per-diem-prn-wilmington-historic-district-nc,46.96,lpn
Wilmington NC,licensed-practical-nurse-per-diem-prn-wilmington-nc,54.73,lpn
Wilson,licensed-practical-nurse-per-diem-prn-wilson-nc,48.58,lpn
Wilsonville,licensed-practical-nurse-per-diem-prn-wilsonville-or,40.21,lpn
Wilton Manors,licensed-practical-nurse-per-diem-prn-wilton-manors-fl,51.44,lpn
Wimauma,licensed-practical-nurse-per-diem-prn-wimauma-fl,51.44,lpn
Wimberley,licensed-practical-nurse-per-diem-prn-wimberley-tx,51.44,lpn
Winchester,licensed-practical-nurse-per-diem-prn-winchester-ky,51.66,lpn
Winchester,licensed-practical-nurse-per-diem-prn-winchester-nv,52.66,lpn
Windcrest,licensed-practical-nurse-per-diem-prn-windcrest-tx,51.44,lpn
Windham,licensed-practical-nurse-per-diem-prn-windham-me,52.66,lpn
Windsor CO,licensed-practical-nurse-per-diem-prn-windsor-co,51.44,lpn
Windsor VT,licensed-practical-nurse-per-diem-prn-windsor-vt,41.24,lpn
Winnemucca,licensed-practical-nurse-per-diem-prn-winnemucca-nv,40.21,lpn
Winnie,licensed-practical-nurse-per-diem-prn-winnie-tx,51.44,lpn
Winnsboro,licensed-practical-nurse-per-diem-prn-winnsboro-tx,51.44,lpn
Winooski,licensed-practical-nurse-per-diem-prn-winooski-vt,53.57,lpn
Winslow,licensed-practical-nurse-per-diem-prn-winslow-az,40.21,lpn
Winston,licensed-practical-nurse-per-diem-prn-winston-or,43.89,lpn
Winston-Salem,licensed-practical-nurse-per-diem-prn-winston-salem-nc,54.67,lpn
Winter Garden FL,licensed-practical-nurse-per-diem-prn-winter-garden-fl,51.44,lpn
Winter Haven,licensed-practical-nurse-per-diem-prn-winter-haven-fl,51.44,lpn
Winter Park CO,licensed-practical-nurse-per-diem-prn-winter-park-co,51.44,lpn
Winter Park FL,licensed-practical-nurse-per-diem-prn-winter-park-fl,51.44,lpn
Winter Springs,licensed-practical-nurse-per-diem-prn-winter-springs-fl,51.44,lpn
Winters,licensed-practical-nurse-per-diem-prn-winters-tx,51.44,lpn
Winthrop,licensed-practical-nurse-per-diem-prn-winthrop-me,41.93,lpn
Wisconsin Rapids,licensed-practical-nurse-per-diem-prn-wisconsin-rapids-wi,41.24,lpn
Wittmann,licensed-practical-nurse-per-diem-prn-wittmann-az,43.89,lpn
Wolcottville,licensed-practical-nurse-per-diem-prn-wolcottville-in,51.44,lpn
Wolf Point,licensed-practical-nurse-per-diem-prn-wolf-point-mt,41.93,lpn
Wolfforth,licensed-practical-nurse-per-diem-prn-wolfforth-tx,51.44,lpn
Wood Village,licensed-practical-nurse-per-diem-prn-wood-village-or,43.89,lpn
Woodbridge,licensed-practical-nurse-per-diem-prn-woodbridge-va,51.44,lpn
Woodburn,licensed-practical-nurse-per-diem-prn-woodburn-or,43.89,lpn
Woodbury,licensed-practical-nurse-per-diem-prn-woodbury-mn,49.69,lpn
Woodbury,licensed-practical-nurse-per-diem-prn-woodbury-nj,51.44,lpn
Woodcliff Lake,licensed-practical-nurse-per-diem-prn-woodcliff-lake-nj,43.89,lpn
Woodland Park,licensed-practical-nurse-per-diem-prn-woodland-park-co,51.44,lpn
Woodlawn CDP,licensed-practical-nurse-per-diem-prn-woodlawn-cdp-md,53.33,lpn
Woods Cross,licensed-practical-nurse-per-diem-prn-woods-cross-ut,43.89,lpn
Woodsboro,licensed-practical-nurse-per-diem-prn-woodsboro-tx,51.44,lpn
Woodstock,licensed-practical-nurse-per-diem-prn-woodstock-ga,51.31,lpn
Woodsville,licensed-practical-nurse-per-diem-prn-woodsville-nh,41.93,lpn
Woodville TX,licensed-practical-nurse-per-diem-prn-woodville-tx,51.44,lpn
Woodville WI,licensed-practical-nurse-per-diem-prn-woodville-wi,41.24,lpn
Woodway,licensed-practical-nurse-per-diem-prn-woodway-tx,51.44,lpn
Woonsocket,licensed-practical-nurse-per-diem-prn-woonsocket-ri,54.65,lpn
Wooster,licensed-practical-nurse-per-diem-prn-wooster-oh,53.58,lpn
Worcester,licensed-practical-nurse-per-diem-prn-worcester-ma,43.89,lpn
Wrangell,licensed-practical-nurse-per-diem-prn-wrangell-ak,45.89,lpn
Wray,licensed-practical-nurse-per-diem-prn-wray-co,51.87,lpn
Wyckoff,licensed-practical-nurse-per-diem-prn-wyckoff-nj,50.57,lpn
Wylie,licensed-practical-nurse-per-diem-prn-wylie-tx,51.87,lpn
Wyoming,licensed-practical-nurse-per-diem-prn-wyoming-mi,48.33,lpn
Xenia,licensed-practical-nurse-per-diem-prn-xenia-oh,53.66,lpn
Yakima WA,licensed-practical-nurse-per-diem-prn-yakima-wa,43.89,lpn
Yankton,licensed-practical-nurse-per-diem-prn-yankton-sd,43.89,lpn
Yarmouth,licensed-practical-nurse-per-diem-prn-yarmouth-me,53.31,lpn
Yazoo City,licensed-practical-nurse-per-diem-prn-yazoo-city-ms,51.87,lpn
Ybor City,licensed-practical-nurse-per-diem-prn-ybor-city-fl,51.87,lpn
Yelm,licensed-practical-nurse-per-diem-prn-yelm-wa,49.82,lpn
Yerington,licensed-practical-nurse-per-diem-prn-yerington-nv,43.89,lpn
Yoakum,licensed-practical-nurse-per-diem-prn-yoakum-tx,51.87,lpn
Yonkers,licensed-practical-nurse-per-diem-prn-yonkers-ny,53.69,lpn
York City,licensed-practical-nurse-per-diem-prn-york-city-pa,50.69,lpn
York PA,licensed-practical-nurse-per-diem-prn-york-pa,43.89,lpn
Yorktown IN,licensed-practical-nurse-per-diem-prn-yorktown-in,51.87,lpn
Yorktown TX,licensed-practical-nurse-per-diem-prn-yorktown-tx,51.87,lpn
Youngstown,licensed-practical-nurse-per-diem-prn-youngstown-oh,48.75,lpn
Youngtown,licensed-practical-nurse-per-diem-prn-youngtown-az,43.89,lpn
Yuba City,licensed-practical-nurse-per-diem-prn-yuba-city-ca,51.87,lpn
Yucca Valley,licensed-practical-nurse-per-diem-prn-yucca-valley-ca,45.87,lpn
Yukon,licensed-practical-nurse-per-diem-prn-yukon-ok,49.87,lpn
Yulee,licensed-practical-nurse-per-diem-prn-yulee-fl,51.87,lpn
Yuma AZ,licensed-practical-nurse-per-diem-prn-yuma-az,43.89,lpn
Yuma CO,licensed-practical-nurse-per-diem-prn-yuma-co,51.87,lpn
Zachary,licensed-practical-nurse-per-diem-prn-zachary-la,41.93,lpn
Zanesville,licensed-practical-nurse-per-diem-prn-zanesville-oh,43.89,lpn
Zapata,licensed-practical-nurse-per-diem-prn-zapata-tx,51.87,lpn
Zephyr Cove,licensed-practical-nurse-per-diem-prn-zephyr-cove-nv,43.89,lpn
Zephyrhills,licensed-practical-nurse-per-diem-prn-zephyrhills-fl,51.87,lpn
Zion,licensed-practical-nurse-per-diem-prn-zion-il,52.98,lpn
