name,slug,pay,license
700 Smith St,respiratory-therapist-per-diem-prn-700-smith-st-ri,48.21,rt
Aberdeen ID,respiratory-therapist-per-diem-prn-aberdeen-id,48.21,rt
Aberdeen SD,respiratory-therapist-per-diem-prn-aberdeen-sd,48.21,rt
Aberdeen WA,respiratory-therapist-per-diem-prn-aberdeen-wa,49.11,rt
Abernathy,respiratory-therapist-per-diem-prn-abernathy-tx,49.11,rt
Abilene,respiratory-therapist-per-diem-prn-abilene-tx,51.98,rt
Abingdon,respiratory-therapist-per-diem-prn-abingdon-va,51.98,rt
Abington,respiratory-therapist-per-diem-prn-abington-pa,50.95,rt
Absecon,respiratory-therapist-per-diem-prn-absecon-nj,49.73,rt
Addison,respiratory-therapist-per-diem-prn-addison-tx,48.33,rt
Affton,respiratory-therapist-per-diem-prn-affton-mo,48.65,rt
Aiken,respiratory-therapist-per-diem-prn-aiken-sc,47.79,rt
Ajo,respiratory-therapist-per-diem-prn-ajo-az,47.79,rt
Akron,respiratory-therapist-per-diem-prn-akron-co,48.74,rt
Akron,respiratory-therapist-per-diem-prn-akron-oh,47.99,rt
Alabaster,respiratory-therapist-per-diem-prn-alabaster-al,49.58,rt
Alachua,respiratory-therapist-per-diem-prn-alachua-fl,48.54,rt
Alafaya,respiratory-therapist-per-diem-prn-alafaya-fl,48.75,rt
Alamo,respiratory-therapist-per-diem-prn-alamo-tx,48.54,rt
Alamogordo,respiratory-therapist-per-diem-prn-alamogordo-nm,52.98,rt
Alamosa,respiratory-therapist-per-diem-prn-alamosa-co,52.59,rt
Albany,respiratory-therapist-per-diem-prn-albany-ny,53.82,rt
Albany GA,respiratory-therapist-per-diem-prn-albany-ga,52.92,rt
Albany OR,respiratory-therapist-per-diem-prn-albany-or,52.67,rt
Albany TX,respiratory-therapist-per-diem-prn-albany-tx,52.67,rt
Albertville,respiratory-therapist-per-diem-prn-albertville-al,49.95,rt
Albia,respiratory-therapist-per-diem-prn-albia-ia,52.67,rt
Albion,respiratory-therapist-per-diem-prn-albion-mi,50.08,rt
Albuquerque,respiratory-therapist-per-diem-prn-albuquerque-nm,50.08,rt
Aledo IL,respiratory-therapist-per-diem-prn-aledo-il,48.33,rt
Aledo TX,respiratory-therapist-per-diem-prn-aledo-tx,51.74,rt
Alexander City,respiratory-therapist-per-diem-prn-alexander-city-al,48.54,rt
Alexandria LA,respiratory-therapist-per-diem-prn-alexandria-la,48.46,rt
Alexandria VA,respiratory-therapist-per-diem-prn-alexandria-va,51.74,rt
Alhambra,respiratory-therapist-per-diem-prn-alhambra-ca,47.79,rt
Alice,respiratory-therapist-per-diem-prn-alice-tx,49.31,rt
Allen,respiratory-therapist-per-diem-prn-allen-tx,46.94,rt
Allentown,respiratory-therapist-per-diem-prn-allentown-pa,50.73,rt
Alliance,respiratory-therapist-per-diem-prn-alliance-ne,48.79,rt
Alliance,respiratory-therapist-per-diem-prn-alliance-oh,52.43,rt
Alma,respiratory-therapist-per-diem-prn-alma-mi,48.74,rt
Aloha,respiratory-therapist-per-diem-prn-aloha-or,49.58,rt
Alpena,respiratory-therapist-per-diem-prn-alpena-mi,48.74,rt
Alpharetta,respiratory-therapist-per-diem-prn-alpharetta-ga,52.95,rt
Alpine,respiratory-therapist-per-diem-prn-alpine-tx,49.71,rt
Alpine,respiratory-therapist-per-diem-prn-alpine-ut,48.46,rt
Alsea,respiratory-therapist-per-diem-prn-alsea-or,51.38,rt
Altamonte Springs,respiratory-therapist-per-diem-prn-altamonte-springs-fl,51.38,rt
Alto,respiratory-therapist-per-diem-prn-alto-tx,51.98,rt
Alton,respiratory-therapist-per-diem-prn-alton-tx,48.54,rt
Altoona,respiratory-therapist-per-diem-prn-altoona-0-wi,49.71,rt
Altoona,respiratory-therapist-per-diem-prn-altoona-fl,47.79,rt
Altoona,respiratory-therapist-per-diem-prn-altoona-pa,50.11,rt
Altoona IA,respiratory-therapist-per-diem-prn-altoona-ia,52.98,rt
Alturas,respiratory-therapist-per-diem-prn-alturas-ca,47.79,rt
Alvarado,respiratory-therapist-per-diem-prn-alvarado-tx,47.79,rt
Alvin,respiratory-therapist-per-diem-prn-alvin-tx,48.21,rt
Alvord,respiratory-therapist-per-diem-prn-alvord-tx,48.21,rt
Amado,respiratory-therapist-per-diem-prn-amado-az,48.21,rt
Amargosa Valley,respiratory-therapist-per-diem-prn-amargosa-valley-nv,51.59,rt
Amarillo,respiratory-therapist-per-diem-prn-amarillo-tx,47.99,rt
American Falls,respiratory-therapist-per-diem-prn-american-falls-id,51.11,rt
American Fork,respiratory-therapist-per-diem-prn-american-fork-ut,51.11,rt
Ames,respiratory-therapist-per-diem-prn-ames-ia,48.54,rt
Amherst,respiratory-therapist-per-diem-prn-amherst-8-va,49.71,rt
Amherst,respiratory-therapist-per-diem-prn-amherst-ny,53.78,rt
Amherst,respiratory-therapist-per-diem-prn-amherst-tx,52.67,rt
Ammon ID,respiratory-therapist-per-diem-prn-ammon-id,51.59,rt
Amsterdam,respiratory-therapist-per-diem-prn-amsterdam-ny,51.59,rt
Anaconda,respiratory-therapist-per-diem-prn-anaconda-mt,46.94,rt
Anacortes,respiratory-therapist-per-diem-prn-anacortes-wa,46.94,rt
Anaheim,respiratory-therapist-per-diem-prn-anaheim-ca,46.94,rt
Anahuac,respiratory-therapist-per-diem-prn-anahuac-tx,47.34,rt
Anchorage,respiratory-therapist-per-diem-prn-anchorage-ak,49.31,rt
Anderson,respiratory-therapist-per-diem-prn-anderson-in,49.67,rt
Anderson,respiratory-therapist-per-diem-prn-anderson-sc,50.66,rt
Andover,respiratory-therapist-per-diem-prn-andover-mn,50.67,rt
Andrews,respiratory-therapist-per-diem-prn-andrews-tx,46.96,rt
Aneta,respiratory-therapist-per-diem-prn-aneta-nd,50.61,rt
Angelus Oaks,respiratory-therapist-per-diem-prn-angelus-oaks-ca,48.54,rt
Angleton,respiratory-therapist-per-diem-prn-angleton-tx,48.54,rt
Anita,respiratory-therapist-per-diem-prn-anita-ia,49.87,rt
Ankeny,respiratory-therapist-per-diem-prn-ankeny-ia,53.67,rt
Ann Arbor,respiratory-therapist-per-diem-prn-ann-arbor-mi,54.95,rt
Annandale,respiratory-therapist-per-diem-prn-annandale-va,52.94,rt
Annapolis,respiratory-therapist-per-diem-prn-annapolis-md-19650,53.65,rt
Annapolis MD,respiratory-therapist-per-diem-prn-annapolis-md,48.79,rt
Anniston,respiratory-therapist-per-diem-prn-anniston-al,50.57,rt
Anson,respiratory-therapist-per-diem-prn-anson-tx,45.79,rt
Anthem,respiratory-therapist-per-diem-prn-anthem-az,51.11,rt
Antigo,respiratory-therapist-per-diem-prn-antigo-wi,52.67,rt
Antonito,respiratory-therapist-per-diem-prn-antonito-co,52.67,rt
Any City,respiratory-therapist-per-diem-prn-any-city-or,49.71,rt
Apache Junction AZ,respiratory-therapist-per-diem-prn-apache-junction-az,46.94,rt
Apalachicola,respiratory-therapist-per-diem-prn-apalachicola-fl,55.73,rt
Apex,respiratory-therapist-per-diem-prn-apex-nc,54.92,rt
Apollo Beach,respiratory-therapist-per-diem-prn-apollo-beach-fl,47.99,rt
Apopka,respiratory-therapist-per-diem-prn-apopka-fl,47.08,rt
Apple Valley,respiratory-therapist-per-diem-prn-apple-valley-mn,49.98,rt
Appleton,respiratory-therapist-per-diem-prn-appleton-wi,49.26,rt
Aransas Pass,respiratory-therapist-per-diem-prn-aransas-pass-tx,48.54,rt
Arcadia,respiratory-therapist-per-diem-prn-arcadia-fl,49.71,rt
Arcata,respiratory-therapist-per-diem-prn-arcata-ca,48.74,rt
Archer,respiratory-therapist-per-diem-prn-archer-fl,48.74,rt
Archer City,respiratory-therapist-per-diem-prn-archer-city-tx,48.74,rt
Arco,respiratory-therapist-per-diem-prn-arco-id,48.46,rt
Ardmore,respiratory-therapist-per-diem-prn-ardmore-ok,49.57,rt
Arivaca,respiratory-therapist-per-diem-prn-arivaca-az,48.54,rt
Arizona City,respiratory-therapist-per-diem-prn-arizona-city-az,47.08,rt
Arlington,respiratory-therapist-per-diem-prn-arlington-ma,54.89,rt
Arlington,respiratory-therapist-per-diem-prn-arlington-tx,51.78,rt
Arlington Heights,respiratory-therapist-per-diem-prn-arlington-heights-il,48.11,rt
Arlington VA,respiratory-therapist-per-diem-prn-arlington-va,48.21,rt
Arlington WA,respiratory-therapist-per-diem-prn-arlington-wa,48.21,rt
Arnold,respiratory-therapist-per-diem-prn-arnold-mo,48.69,rt
Artesia,respiratory-therapist-per-diem-prn-artesia-nm,48.21,rt
Arvada,respiratory-therapist-per-diem-prn-arvada-co,45.79,rt
Ash Fork,respiratory-therapist-per-diem-prn-ash-fork-az,55.73,rt
Ashburn,respiratory-therapist-per-diem-prn-ashburn-va,52.59,rt
Asheville Charlotte Street,respiratory-therapist-per-diem-prn-asheville-charlotte-street-nc,51.38,rt
Asheville NC,respiratory-therapist-per-diem-prn-asheville-nc,51.11,rt
Ashland,respiratory-therapist-per-diem-prn-ashland-ky,51.31,rt
Ashland City,respiratory-therapist-per-diem-prn-ashland-city-tn,49.11,rt
Ashland OR,respiratory-therapist-per-diem-prn-ashland-or,49.11,rt
Ashland WI,respiratory-therapist-per-diem-prn-ashland-wi,49.11,rt
Ashley,respiratory-therapist-per-diem-prn-ashley-nd,49.11,rt
Ashley,respiratory-therapist-per-diem-prn-ashley-oh,48.54,rt
Ashton,respiratory-therapist-per-diem-prn-ashton-id,48.54,rt
Aspen CO,respiratory-therapist-per-diem-prn-aspen-co,48.54,rt
Aspen Hill,respiratory-therapist-per-diem-prn-aspen-hill-md,53.57,rt
Aspermont,respiratory-therapist-per-diem-prn-aspermont-tx,46.96,rt
Astoria OR,respiratory-therapist-per-diem-prn-astoria-or,48.33,rt
Athens,respiratory-therapist-per-diem-prn-athens-al,49.78,rt
Athens,respiratory-therapist-per-diem-prn-athens-ga,52.73,rt
Athens,respiratory-therapist-per-diem-prn-athens-oh,52.11,rt
Athens,respiratory-therapist-per-diem-prn-athens-tx,48.33,rt
Atlanta,respiratory-therapist-per-diem-prn-atlanta-tx,52.94,rt
Atlanta Buckhead,respiratory-therapist-per-diem-prn-atlanta-buckhead-ga,48.33,rt
Atlanta Buckhead,respiratory-therapist-per-diem-prn-atlanta-buckhead-ga-7e55a,48.69,rt
Atlanta GA,respiratory-therapist-per-diem-prn-atlanta-ga,52.82,rt
Atlanta South Downtown,respiratory-therapist-per-diem-prn-atlanta-south-downtown-ga,50.61,rt
Atlantic,respiratory-therapist-per-diem-prn-atlantic-ia,48.54,rt
Atlantic Beach,respiratory-therapist-per-diem-prn-atlantic-beach-fl,48.54,rt
Atlantic City,respiratory-therapist-per-diem-prn-atlantic-city-nj,49.14,rt
Atlantis,respiratory-therapist-per-diem-prn-atlantis-fl,50.08,rt
Attalla,respiratory-therapist-per-diem-prn-attalla-al,45.79,rt
Attleboro,respiratory-therapist-per-diem-prn-attleboro-ma,54.82,rt
Atwood KS,respiratory-therapist-per-diem-prn-atwood-ks,48.79,rt
Aubrey,respiratory-therapist-per-diem-prn-aubrey-tx,48.79,rt
Auburn,respiratory-therapist-per-diem-prn-auburn-al,49.31,rt
Auburn,respiratory-therapist-per-diem-prn-auburn-me,51.95,rt
Auburn IN,respiratory-therapist-per-diem-prn-auburn-in,48.79,rt
Auburn NY,respiratory-therapist-per-diem-prn-auburn-ny,50.08,rt
Auburn WA,respiratory-therapist-per-diem-prn-auburn-wa,51.11,rt
Auburndale,respiratory-therapist-per-diem-prn-auburndale-fl,49.71,rt
Augusta,respiratory-therapist-per-diem-prn-augusta-ga,52.89,rt
Augusta,respiratory-therapist-per-diem-prn-augusta-me,52.26,rt
Aumsville,respiratory-therapist-per-diem-prn-aumsville-or,49.71,rt
Aurora,respiratory-therapist-per-diem-prn-aurora-co,49.71,rt
Aurora,respiratory-therapist-per-diem-prn-aurora-il,54.98,rt
Aurora East Ridge - Ptarmigan Park,respiratory-therapist-per-diem-prn-aurora-east-ridge-ptarmigan-park-co,48.21,rt
Aurora Heather Gardens,respiratory-therapist-per-diem-prn-aurora-heather-gardens-co,47.08,rt
Austin,respiratory-therapist-per-diem-prn-austin-tx,51.78,rt
Austin NV,respiratory-therapist-per-diem-prn-austin-nv,51.59,rt
Austintown,respiratory-therapist-per-diem-prn-austintown-oh,53.78,rt
Avalon,respiratory-therapist-per-diem-prn-avalon-ca,51.59,rt
Ave Maria,respiratory-therapist-per-diem-prn-ave-maria-fl,51.59,rt
Aventura,respiratory-therapist-per-diem-prn-aventura-fl,52.67,rt
Avinger,respiratory-therapist-per-diem-prn-avinger-tx,47.34,rt
Avon,respiratory-therapist-per-diem-prn-avon-oh,52.95,rt
Avon CO,respiratory-therapist-per-diem-prn-avon-co,55.73,rt
Avon CT,respiratory-therapist-per-diem-prn-avon-ct,47.79,rt
Avon Lake,respiratory-therapist-per-diem-prn-avon-lake-oh,53.26,rt
Avon Park,respiratory-therapist-per-diem-prn-avon-park-fl,47.79,rt
Avondale AZ,respiratory-therapist-per-diem-prn-avondale-az,47.79,rt
Avondale CO,respiratory-therapist-per-diem-prn-avondale-co,46.96,rt
Axtell,respiratory-therapist-per-diem-prn-axtell-ne,48.46,rt
Azle,respiratory-therapist-per-diem-prn-azle-tx,48.46,rt
Babylon town,respiratory-therapist-per-diem-prn-babylon-town-ny,53.33,rt
Bacliff,respiratory-therapist-per-diem-prn-bacliff-tx,48.46,rt
Bad Axe,respiratory-therapist-per-diem-prn-bad-axe-mi,49.11,rt
Badger,respiratory-therapist-per-diem-prn-badger-ak,50.66,rt
Bagdad,respiratory-therapist-per-diem-prn-bagdad-az,49.11,rt
Bailey,respiratory-therapist-per-diem-prn-bailey-co,49.31,rt
BAINBRIDGE ISLAND,respiratory-therapist-per-diem-prn-bainbridge-island-wa,49.31,rt
Baird,respiratory-therapist-per-diem-prn-baird-tx,49.31,rt
Baker,respiratory-therapist-per-diem-prn-baker-wv,45.79,rt
Baker City,respiratory-therapist-per-diem-prn-baker-city-or,47.99,rt
Bakersfield,respiratory-therapist-per-diem-prn-bakersfield-ca,51.95,rt
Balch Springs,respiratory-therapist-per-diem-prn-balch-springs-tx,46.94,rt
Ballinger,respiratory-therapist-per-diem-prn-ballinger-tx,49.71,rt
Ballwin,respiratory-therapist-per-diem-prn-ballwin-mo,48.21,rt
Baltimore,respiratory-therapist-per-diem-prn-baltimore-md-aa152,52.87,rt
Baltimore MD,respiratory-therapist-per-diem-prn-baltimore-md,48.21,rt
Bandera,respiratory-therapist-per-diem-prn-bandera-tx,50.61,rt
Bandon,respiratory-therapist-per-diem-prn-bandon-or,48.54,rt
Bangor,respiratory-therapist-per-diem-prn-bangor-me,52.94,rt
Bangs,respiratory-therapist-per-diem-prn-bangs-tx,47.08,rt
Bar Harbor,respiratory-therapist-per-diem-prn-bar-harbor-me,48.74,rt
Barberton,respiratory-therapist-per-diem-prn-barberton-oh,53.57,rt
Bardstown,respiratory-therapist-per-diem-prn-bardstown-ky,52.67,rt
Barnsdall,respiratory-therapist-per-diem-prn-barnsdall-ok,52.67,rt
Barnstable Town,respiratory-therapist-per-diem-prn-barnstable-town-ma,54.78,rt
Barre,respiratory-therapist-per-diem-prn-barre-vt,47.99,rt
Barre city,respiratory-therapist-per-diem-prn-barre-city-vt,52.95,rt
Barre town,respiratory-therapist-per-diem-prn-barre-town-vt,53.57,rt
Bartlesville,respiratory-therapist-per-diem-prn-bartlesville-ok,48.89,rt
Bartlett,respiratory-therapist-per-diem-prn-bartlett-tn,51.87,rt
Bartlett,respiratory-therapist-per-diem-prn-bartlett-tx,52.38,rt
Barton,respiratory-therapist-per-diem-prn-barton-vt,51.38,rt
Bartow,respiratory-therapist-per-diem-prn-bartow-fl,55.73,rt
Basalt,respiratory-therapist-per-diem-prn-basalt-co,46.94,rt
Basking Ridge,respiratory-therapist-per-diem-prn-basking-ridge-nj,51.11,rt
Bastrop,respiratory-therapist-per-diem-prn-bastrop-tx,51.11,rt
Batavia,respiratory-therapist-per-diem-prn-batavia-ny,51.11,rt
Batesville,respiratory-therapist-per-diem-prn-batesville-ar,49.71,rt
Baton Rouge,respiratory-therapist-per-diem-prn-baton-rouge-la,49.71,rt
Battle Creek,respiratory-therapist-per-diem-prn-battle-creek-mi,51.74,rt
Battle Ground WA,respiratory-therapist-per-diem-prn-battle-ground-wa,50.08,rt
Battle Mountain,respiratory-therapist-per-diem-prn-battle-mountain-nv,45.79,rt
Bay City MI,respiratory-therapist-per-diem-prn-bay-city-mi,51.76,rt
Bay City TX,respiratory-therapist-per-diem-prn-bay-city-tx,47.34,rt
Bay Harbor Islands,respiratory-therapist-per-diem-prn-bay-harbor-islands-fl,47.34,rt
Bayou Cane,respiratory-therapist-per-diem-prn-bayou-cane-la,51.92,rt
Baytown,respiratory-therapist-per-diem-prn-baytown-tx,51.38,rt
Bayville,respiratory-therapist-per-diem-prn-bayville-nj,54.87,rt
Bear,respiratory-therapist-per-diem-prn-bear-de,54.66,rt
Beatrice,respiratory-therapist-per-diem-prn-beatrice-ne,51.38,rt
Beatty,respiratory-therapist-per-diem-prn-beatty-nv,51.38,rt
Beaumont,respiratory-therapist-per-diem-prn-beaumont-tx,46.96,rt
Beaver,respiratory-therapist-per-diem-prn-beaver-ut,46.96,rt
Beavercreek,respiratory-therapist-per-diem-prn-beavercreek-oh,54.89,rt
Beaverton,respiratory-therapist-per-diem-prn-beaverton-or,48.21,rt
Becket,respiratory-therapist-per-diem-prn-becket-ma,51.59,rt
Beckley,respiratory-therapist-per-diem-prn-beckley-wv,48.69,rt
Bedford NH,respiratory-therapist-per-diem-prn-bedford-nh,47.08,rt
Bedford TX,respiratory-therapist-per-diem-prn-bedford-tx,52.59,rt
Bedias,respiratory-therapist-per-diem-prn-bedias-tx,52.38,rt
Bee Cave,respiratory-therapist-per-diem-prn-bee-cave-tx,48.46,rt
Beecher,respiratory-therapist-per-diem-prn-beecher-il,48.46,rt
Beeville,respiratory-therapist-per-diem-prn-beeville-tx,48.74,rt
Bel Air South,respiratory-therapist-per-diem-prn-bel-air-south-md,52.98,rt
Belfast,respiratory-therapist-per-diem-prn-belfast-me,50.61,rt
Belgrade,respiratory-therapist-per-diem-prn-belgrade-mt,51.11,rt
Bell,respiratory-therapist-per-diem-prn-bell-ca,49.71,rt
Bell,respiratory-therapist-per-diem-prn-bell-fl,49.71,rt
Bella Vista,respiratory-therapist-per-diem-prn-bella-vista-ar,51.58,rt
Bellaire,respiratory-therapist-per-diem-prn-bellaire-tx,47.99,rt
Belle Fourche,respiratory-therapist-per-diem-prn-belle-fourche-sd,52.94,rt
Belle Glade,respiratory-therapist-per-diem-prn-belle-glade-fl,48.54,rt
Belle Plaine,respiratory-therapist-per-diem-prn-belle-plaine-ia,55.73,rt
Belleair,respiratory-therapist-per-diem-prn-belleair-fl,48.54,rt
Belleview,respiratory-therapist-per-diem-prn-belleview-fl,52.38,rt
Belleville,respiratory-therapist-per-diem-prn-belleville-il-4ef76,48.21,rt
Belleville KS,respiratory-therapist-per-diem-prn-belleville-ks,50.08,rt
Bellevue,respiratory-therapist-per-diem-prn-bellevue-ne,51.65,rt
Bellevue IA,respiratory-therapist-per-diem-prn-bellevue-ia,45.79,rt
Bellevue ID,respiratory-therapist-per-diem-prn-bellevue-id,47.08,rt
Bellevue WA,respiratory-therapist-per-diem-prn-bellevue-wa,48.54,rt
Bellflower,respiratory-therapist-per-diem-prn-bellflower-ca,52.94,rt
Bellingham,respiratory-therapist-per-diem-prn-bellingham-wa,54.92,rt
Bellmead,respiratory-therapist-per-diem-prn-bellmead-tx,51.76,rt
Bellville,respiratory-therapist-per-diem-prn-bellville-tx,51.76,rt
Bellvue,respiratory-therapist-per-diem-prn-bellvue-id,51.76,rt
Beloit,respiratory-therapist-per-diem-prn-beloit-wi,51.76,rt
Belton MO,respiratory-therapist-per-diem-prn-belton-mo,48.79,rt
Belton TX,respiratory-therapist-per-diem-prn-belton-tx,48.79,rt
Benavides,respiratory-therapist-per-diem-prn-benavides-tx,48.46,rt
Benbrook,respiratory-therapist-per-diem-prn-benbrook-tx,48.46,rt
Bend,respiratory-therapist-per-diem-prn-bend-or,54.19,rt
Bennington,respiratory-therapist-per-diem-prn-bennington-vt,52.69,rt
Bensalem,respiratory-therapist-per-diem-prn-bensalem-pa,51.31,rt
Benson,respiratory-therapist-per-diem-prn-benson-az,47.34,rt
Benton,respiratory-therapist-per-diem-prn-benton-ar,51.87,rt
Bentonville,respiratory-therapist-per-diem-prn-bentonville-ar,51.26,rt
Bergenfield,respiratory-therapist-per-diem-prn-bergenfield-nj,49.11,rt
Berlin,respiratory-therapist-per-diem-prn-berlin-nh,49.11,rt
Berryville,respiratory-therapist-per-diem-prn-berryville-va,51.11,rt
Berthoud CO,respiratory-therapist-per-diem-prn-berthoud-co,47.79,rt
Bertram,respiratory-therapist-per-diem-prn-bertram-tx,47.79,rt
Berwyn,respiratory-therapist-per-diem-prn-berwyn-il,48.73,rt
Bessemer,respiratory-therapist-per-diem-prn-bessemer-al,49.73,rt
Bethany,respiratory-therapist-per-diem-prn-bethany-ok,47.79,rt
Bethany,respiratory-therapist-per-diem-prn-bethany-or,49.33,rt
Bethel,respiratory-therapist-per-diem-prn-bethel-ak,48.21,rt
Bethel Park,respiratory-therapist-per-diem-prn-bethel-park-pa,50.66,rt
Bethesda,respiratory-therapist-per-diem-prn-bethesda-md-6f7a2,52.89,rt
Bethesda MD,respiratory-therapist-per-diem-prn-bethesda-md,50.61,rt
Bethlehem,respiratory-therapist-per-diem-prn-bethlehem-pa,55.73,rt
Bethlehem City,respiratory-therapist-per-diem-prn-bethlehem-city-pa,50.89,rt
Bethlehem West Side,respiratory-therapist-per-diem-prn-bethlehem-west-side-pa,50.73,rt
Bettendorf IA,respiratory-therapist-per-diem-prn-bettendorf-ia,48.54,rt
Beverly,respiratory-therapist-per-diem-prn-beverly-ma,48.21,rt
Beverly Hills,respiratory-therapist-per-diem-prn-beverly-hills-fl,48.54,rt
Bicknell,respiratory-therapist-per-diem-prn-bicknell-in-4ec7e,51.38,rt
Bicknell,respiratory-therapist-per-diem-prn-bicknell-ut,48.54,rt
Biddeford,respiratory-therapist-per-diem-prn-biddeford-me,54.19,rt
Big Bear,respiratory-therapist-per-diem-prn-big-bear-ca,48.74,rt
Big Lake,respiratory-therapist-per-diem-prn-big-lake-tx,52.38,rt
Big Spring,respiratory-therapist-per-diem-prn-big-spring-tx,52.59,rt
Big Wells,respiratory-therapist-per-diem-prn-big-wells-tx,52.59,rt
Billings MT,respiratory-therapist-per-diem-prn-billings-mt,52.38,rt
Biloxi,respiratory-therapist-per-diem-prn-biloxi-ms,50.73,rt
Birmingham,respiratory-therapist-per-diem-prn-birmingham-al,51.74,rt
Bisbee,respiratory-therapist-per-diem-prn-bisbee-az,51.74,rt
Biscoe,respiratory-therapist-per-diem-prn-biscoe-nc,51.74,rt
Bishopville,respiratory-therapist-per-diem-prn-bishopville-sc,45.79,rt
Bismarck,respiratory-therapist-per-diem-prn-bismarck-nd,50.08,rt
Bixby,respiratory-therapist-per-diem-prn-bixby-ok,48.98,rt
Black Hawk,respiratory-therapist-per-diem-prn-black-hawk-co,55.73,rt
Blackfoot ID,respiratory-therapist-per-diem-prn-blackfoot-id,49.31,rt
Blacksburg,respiratory-therapist-per-diem-prn-blacksburg-va,46.96,rt
Blaine,respiratory-therapist-per-diem-prn-blaine-mn,49.78,rt
Blanding,respiratory-therapist-per-diem-prn-blanding-ut,46.96,rt
Bloomfield,respiratory-therapist-per-diem-prn-bloomfield-ct,51.76,rt
Bloomington,respiratory-therapist-per-diem-prn-bloomington-il,48.58,rt
Bloomington,respiratory-therapist-per-diem-prn-bloomington-in,49.75,rt
Bloomington,respiratory-therapist-per-diem-prn-bloomington-mn,49.43,rt
Bloomsburg,respiratory-therapist-per-diem-prn-bloomsburg-pa,53.77,rt
Blountstown,respiratory-therapist-per-diem-prn-blountstown-fl,52.67,rt
Blowing Rock,respiratory-therapist-per-diem-prn-blowing-rock-nc,49.71,rt
Blue River,respiratory-therapist-per-diem-prn-blue-river-or,48.54,rt
Blue Springs,respiratory-therapist-per-diem-prn-blue-springs-mo,49.92,rt
Bluffton,respiratory-therapist-per-diem-prn-bluffton-sc,50.26,rt
Bly,respiratory-therapist-per-diem-prn-bly-or,47.79,rt
Boardman,respiratory-therapist-per-diem-prn-boardman-or,47.79,rt
Boca Raton,respiratory-therapist-per-diem-prn-boca-raton-fl,47.79,rt
Boerne,respiratory-therapist-per-diem-prn-boerne-tx,52.94,rt
Bogata,respiratory-therapist-per-diem-prn-bogata-tx,48.54,rt
Boise City,respiratory-therapist-per-diem-prn-boise-city-id,54.95,rt
Boise ID,respiratory-therapist-per-diem-prn-boise-id,48.54,rt
Bolingbrook,respiratory-therapist-per-diem-prn-bolingbrook-il,47.93,rt
Bonham,respiratory-therapist-per-diem-prn-bonham-tx,49.71,rt
Bonifay,respiratory-therapist-per-diem-prn-bonifay-fl,49.11,rt
Bonita Springs,respiratory-therapist-per-diem-prn-bonita-springs-fl,49.11,rt
Bonners Ferry,respiratory-therapist-per-diem-prn-bonners-ferry-id,49.11,rt
Booker,respiratory-therapist-per-diem-prn-booker-tx,47.34,rt
Boone NC,respiratory-therapist-per-diem-prn-boone-nc,47.34,rt
Borger,respiratory-therapist-per-diem-prn-borger-tx,47.34,rt
Bossier City,respiratory-therapist-per-diem-prn-bossier-city-la,51.76,rt
Boston,respiratory-therapist-per-diem-prn-boston-ma,51.59,rt
Bothell,respiratory-therapist-per-diem-prn-bothell-wa,48.75,rt
Boulder,respiratory-therapist-per-diem-prn-boulder-co,48.21,rt
Boulder City,respiratory-therapist-per-diem-prn-boulder-city-nv,51.59,rt
Bountiful,respiratory-therapist-per-diem-prn-bountiful-ut,50.61,rt
Bourbon,respiratory-therapist-per-diem-prn-bourbon-mo,48.21,rt
Bouse,respiratory-therapist-per-diem-prn-bouse-az,53.77,rt
Bowie,respiratory-therapist-per-diem-prn-bowie-md,52.92,rt
Bowie,respiratory-therapist-per-diem-prn-bowie-tx,48.33,rt
Bowling Green,respiratory-therapist-per-diem-prn-bowling-green-ky,48.33,rt
Bowling Green,respiratory-therapist-per-diem-prn-bowling-green-oh,53.67,rt
Boynton Beach,respiratory-therapist-per-diem-prn-boynton-beach-fl,48.33,rt
Bozeman MT,respiratory-therapist-per-diem-prn-bozeman-mt,48.79,rt
Bozrah,respiratory-therapist-per-diem-prn-bozrah-ct,48.79,rt
Brackenridge,respiratory-therapist-per-diem-prn-brackenridge-pa,50.08,rt
Brackenridge,respiratory-therapist-per-diem-prn-brackenridge-pa-ac454,48.65,rt
Brackettville,respiratory-therapist-per-diem-prn-brackettville-tx,45.79,rt
Braden River,respiratory-therapist-per-diem-prn-braden-river-fl,48.74,rt
Bradenton FL,respiratory-therapist-per-diem-prn-bradenton-fl,48.74,rt
Brady,respiratory-therapist-per-diem-prn-brady-tx,48.74,rt
Brandon,respiratory-therapist-per-diem-prn-brandon-fl,51.11,rt
Brandon,respiratory-therapist-per-diem-prn-brandon-ms,51.57,rt
Branford,respiratory-therapist-per-diem-prn-branford-ct,55.73,rt
Branford,respiratory-therapist-per-diem-prn-branford-fl,49.11,rt
Brattleboro,respiratory-therapist-per-diem-prn-brattleboro-vt,49.11,rt
Breckenridge CO,respiratory-therapist-per-diem-prn-breckenridge-co,48.46,rt
Breckenridge TX,respiratory-therapist-per-diem-prn-breckenridge-tx,48.46,rt
Bremerton,respiratory-therapist-per-diem-prn-bremerton-wa,48.87,rt
Bremond,respiratory-therapist-per-diem-prn-bremond-tx,48.46,rt
Brenham,respiratory-therapist-per-diem-prn-brenham-tx,50.08,rt
Brentwood,respiratory-therapist-per-diem-prn-brentwood-nh,55.73,rt
Brentwood,respiratory-therapist-per-diem-prn-brentwood-tn,51.65,rt
Brevard,respiratory-therapist-per-diem-prn-brevard-nc,50.08,rt
Brick NJ,respiratory-therapist-per-diem-prn-brick-nj,51.74,rt
Brick Township,respiratory-therapist-per-diem-prn-brick-township-nj,45.79,rt
Bridge City,respiratory-therapist-per-diem-prn-bridge-city-tx,51.76,rt
Bridgeport,respiratory-therapist-per-diem-prn-bridgeport-ct,53.57,rt
Bridgeport TX,respiratory-therapist-per-diem-prn-bridgeport-tx,51.76,rt
Bridgeport WV,respiratory-therapist-per-diem-prn-bridgeport-wv,51.76,rt
Bridgeton,respiratory-therapist-per-diem-prn-bridgeton-nj,52.38,rt
Bridgewater NJ,respiratory-therapist-per-diem-prn-bridgewater-nj,48.54,rt
Brigham City UT,respiratory-therapist-per-diem-prn-brigham-city-ut,52.94,rt
Brighton,respiratory-therapist-per-diem-prn-brighton-co,54.98,rt
Bristol,respiratory-therapist-per-diem-prn-bristol-ct,53.58,rt
Bristol,respiratory-therapist-per-diem-prn-bristol-ri,49.82,rt
Bristol FL,respiratory-therapist-per-diem-prn-bristol-fl,48.54,rt
Bristol TN,respiratory-therapist-per-diem-prn-bristol-tn,48.54,rt
Brockton,respiratory-therapist-per-diem-prn-brockton-ma,48.54,rt
Broken Arrow,respiratory-therapist-per-diem-prn-broken-arrow-ok,47.79,rt
Bronte,respiratory-therapist-per-diem-prn-bronte-tx,47.79,rt
Brookeland,respiratory-therapist-per-diem-prn-brookeland-tx,47.79,rt
Brooker,respiratory-therapist-per-diem-prn-brooker-fl,47.79,rt
Brookfield,respiratory-therapist-per-diem-prn-brookfield-wi,49.11,rt
Brookhaven,respiratory-therapist-per-diem-prn-brookhaven-ga,52.78,rt
Brookhaven,respiratory-therapist-per-diem-prn-brookhaven-ny,53.66,rt
Brookings OR,respiratory-therapist-per-diem-prn-brookings-or,47.79,rt
Brookings SD,respiratory-therapist-per-diem-prn-brookings-sd,47.79,rt
Brookline,respiratory-therapist-per-diem-prn-brookline-ma,54.87,rt
Brooklyn,respiratory-therapist-per-diem-prn-brooklyn-ct,49.89,rt
Brooklyn,respiratory-therapist-per-diem-prn-brooklyn-ny,49.71,rt
Brooklyn Center,respiratory-therapist-per-diem-prn-brooklyn-center-mn,50.65,rt
Brooklyn Park,respiratory-therapist-per-diem-prn-brooklyn-park-mn,49.33,rt
Brookshire,respiratory-therapist-per-diem-prn-brookshire-tx,51.38,rt
Brooksville,respiratory-therapist-per-diem-prn-brooksville-fl,51.38,rt
Broomfield CO,respiratory-therapist-per-diem-prn-broomfield-co,51.38,rt
Brownfield,respiratory-therapist-per-diem-prn-brownfield-tx,48.54,rt
Brownsville,respiratory-therapist-per-diem-prn-brownsville-5-or,48.54,rt
Brownsville,respiratory-therapist-per-diem-prn-brownsville-tx,48.54,rt
Brownwood,respiratory-therapist-per-diem-prn-brownwood-tx,51.59,rt
Bruce,respiratory-therapist-per-diem-prn-bruce-fl,51.59,rt
Brunswick,respiratory-therapist-per-diem-prn-brunswick-me,51.98,rt
Brunswick,respiratory-therapist-per-diem-prn-brunswick-mo,49.98,rt
Brunswick,respiratory-therapist-per-diem-prn-brunswick-oh,53.89,rt
Brush,respiratory-therapist-per-diem-prn-brush-co,48.74,rt
Bryan,respiratory-therapist-per-diem-prn-bryan-tx,51.11,rt
Bryant,respiratory-therapist-per-diem-prn-bryant-ar,51.82,rt
Bryn Athyn Huntingdon Valley,respiratory-therapist-per-diem-prn-bryn-athyn-huntingdon-valley-pa,49.69,rt
Buckeye,respiratory-therapist-per-diem-prn-buckeye-az,51.11,rt
Buda,respiratory-therapist-per-diem-prn-buda-tx,48.21,rt
Buena Ventura Lakes,respiratory-therapist-per-diem-prn-buena-ventura-lakes-fl,47.34,rt
Buena Vista,respiratory-therapist-per-diem-prn-buena-vista-co,49.31,rt
Buenaventura Lakes,respiratory-therapist-per-diem-prn-buenaventura-lakes-fl,54.98,rt
Buffalo,respiratory-therapist-per-diem-prn-buffalo-ny,53.43,rt
Buhl,respiratory-therapist-per-diem-prn-buhl-id,49.31,rt
Bullhead City,respiratory-therapist-per-diem-prn-bullhead-city-az,49.31,rt
Bulverde,respiratory-therapist-per-diem-prn-bulverde-tx,49.31,rt
Buna,respiratory-therapist-per-diem-prn-buna-tx,50.08,rt
Bunnell,respiratory-therapist-per-diem-prn-bunnell-fl,45.79,rt
Burbank CA,respiratory-therapist-per-diem-prn-burbank-ca,47.79,rt
Burbank IL,respiratory-therapist-per-diem-prn-burbank-il,47.93,rt
Burien,respiratory-therapist-per-diem-prn-burien-wa,48.66,rt
Burkburnett,respiratory-therapist-per-diem-prn-burkburnett-tx,53.77,rt
Burke,respiratory-therapist-per-diem-prn-burke-va,54.67,rt
Burleson,respiratory-therapist-per-diem-prn-burleson-tx,53.77,rt
Burley ID,respiratory-therapist-per-diem-prn-burley-id,53.77,rt
Burlingame,respiratory-therapist-per-diem-prn-burlingame-ca-5cbac,48.74,rt
Burlington,respiratory-therapist-per-diem-prn-burlington-co,48.74,rt
Burlington,respiratory-therapist-per-diem-prn-burlington-nc,48.31,rt
Burlington,respiratory-therapist-per-diem-prn-burlington-vt,52.58,rt
Burlington IA,respiratory-therapist-per-diem-prn-burlington-ia,53.26,rt
Burnet,respiratory-therapist-per-diem-prn-burnet-tx,48.74,rt
Burns,respiratory-therapist-per-diem-prn-burns-or,45.79,rt
Burnsville,respiratory-therapist-per-diem-prn-burnsville-mn,49.89,rt
Bushnell,respiratory-therapist-per-diem-prn-bushnell-fl,55.73,rt
Butte Falls,respiratory-therapist-per-diem-prn-butte-falls-or,52.59,rt
Butte MT,respiratory-therapist-per-diem-prn-butte-mt,50.08,rt
Butte-Silver Bow,respiratory-therapist-per-diem-prn-butte-silver-bow-mt,51.58,rt
Buzzards Bay,respiratory-therapist-per-diem-prn-buzzards-bay-ma,47.08,rt
Cabot,respiratory-therapist-per-diem-prn-cabot-ar,51.69,rt
Calais,respiratory-therapist-per-diem-prn-calais-me,52.67,rt
Caldwell ID,respiratory-therapist-per-diem-prn-caldwell-id,48.79,rt
Caldwell TX,respiratory-therapist-per-diem-prn-caldwell-tx,48.79,rt
Calhan,respiratory-therapist-per-diem-prn-calhan-co,48.21,rt
Caliente,respiratory-therapist-per-diem-prn-caliente-nv,48.21,rt
Callaway,respiratory-therapist-per-diem-prn-callaway-fl,50.08,rt
Camas WA,respiratory-therapist-per-diem-prn-camas-wa,45.79,rt
Cambridge,respiratory-therapist-per-diem-prn-cambridge-ma,53.89,rt
Cambridge,respiratory-therapist-per-diem-prn-cambridge-md,50.61,rt
Cameron,respiratory-therapist-per-diem-prn-cameron-tx,52.67,rt
Camp Hill PA,respiratory-therapist-per-diem-prn-camp-hill-pa,49.71,rt
Camp Verde,respiratory-therapist-per-diem-prn-camp-verde-az,49.71,rt
Camp Wood,respiratory-therapist-per-diem-prn-camp-wood-tx,48.54,rt
Campbell,respiratory-therapist-per-diem-prn-campbell-ca,48.54,rt
Canadian,respiratory-therapist-per-diem-prn-canadian-tx,52.94,rt
Canby,respiratory-therapist-per-diem-prn-canby-or,52.38,rt
Cando,respiratory-therapist-per-diem-prn-cando-nd,47.79,rt
Canistota,respiratory-therapist-per-diem-prn-canistota-sd,47.79,rt
Cannonville,respiratory-therapist-per-diem-prn-cannonville-ut,55.73,rt
Canon City CO,respiratory-therapist-per-diem-prn-canon-city-co,51.38,rt
Canton,respiratory-therapist-per-diem-prn-canton-oh,48.58,rt
Canton GA,respiratory-therapist-per-diem-prn-canton-ga,52.69,rt
Canton IL,respiratory-therapist-per-diem-prn-canton-il,45.79,rt
Canton TX,respiratory-therapist-per-diem-prn-canton-tx,48.21,rt
Cantonment,respiratory-therapist-per-diem-prn-cantonment-fl,52.94,rt
Canutillo,respiratory-therapist-per-diem-prn-canutillo-tx,51.11,rt
Canyon,respiratory-therapist-per-diem-prn-canyon-tx,51.11,rt
Canyonville,respiratory-therapist-per-diem-prn-canyonville-or,51.11,rt
Cape Coral FL,respiratory-therapist-per-diem-prn-cape-coral-fl,48.54,rt
Cape Girardeau,respiratory-therapist-per-diem-prn-cape-girardeau-mo,49.11,rt
Cape May,respiratory-therapist-per-diem-prn-cape-may-nj,50.43,rt
Carbondale,respiratory-therapist-per-diem-prn-carbondale-co,48.54,rt
Carefree,respiratory-therapist-per-diem-prn-carefree-az,47.34,rt
Caribou,respiratory-therapist-per-diem-prn-caribou-me,51.74,rt
Carlin,respiratory-therapist-per-diem-prn-carlin-nv,51.74,rt
Carlinville,respiratory-therapist-per-diem-prn-carlinville-il,51.74,rt
Carlsbad,respiratory-therapist-per-diem-prn-carlsbad-nm,52.95,rt
Carlsbad,respiratory-therapist-per-diem-prn-carlsbad-tx,48.74,rt
Carmel,respiratory-therapist-per-diem-prn-carmel-in,48.54,rt
Carnegie,respiratory-therapist-per-diem-prn-carnegie-ok,48.54,rt
Caro,respiratory-therapist-per-diem-prn-caro-mi,52.06,rt
Carolina Forest,respiratory-therapist-per-diem-prn-carolina-forest-sc,50.58,rt
Carrabelle,respiratory-therapist-per-diem-prn-carrabelle-fl,52.06,rt
Carrizo Springs,respiratory-therapist-per-diem-prn-carrizo-springs-tx,53.77,rt
Carroll,respiratory-therapist-per-diem-prn-carroll-ia,48.33,rt
Carrollton,respiratory-therapist-per-diem-prn-carrollton-tx,48.46,rt
Carrollwood,respiratory-therapist-per-diem-prn-carrollwood-fl,48.46,rt
Carson City,respiratory-therapist-per-diem-prn-carson-city-nv,48.46,rt
Carthage,respiratory-therapist-per-diem-prn-carthage-3-tx,48.21,rt
Carthage,respiratory-therapist-per-diem-prn-carthage-ny,48.21,rt
Cary,respiratory-therapist-per-diem-prn-cary-nc,54.67,rt
Casa Blanca,respiratory-therapist-per-diem-prn-casa-blanca-nm,50.61,rt
Casa Grande,respiratory-therapist-per-diem-prn-casa-grande-az,48.54,rt
Casas Adobes,respiratory-therapist-per-diem-prn-casas-adobes-az,50.69,rt
Cascade,respiratory-therapist-per-diem-prn-cascade-id,47.08,rt
Casper,respiratory-therapist-per-diem-prn-casper-wy,48.74,rt
Casselberry,respiratory-therapist-per-diem-prn-casselberry-fl,52.38,rt
Castle Dale,respiratory-therapist-per-diem-prn-castle-dale-ut,51.76,rt
Castle Pines,respiratory-therapist-per-diem-prn-castle-pines-co,50.08,rt
Castle Rock,respiratory-therapist-per-diem-prn-castle-rock-co,55.73,rt
Castroville,respiratory-therapist-per-diem-prn-castroville-tx,51.98,rt
Catalina Foothills,respiratory-therapist-per-diem-prn-catalina-foothills-az,50.78,rt
Catonsville,respiratory-therapist-per-diem-prn-catonsville-md,51.98,rt
Catonsville,respiratory-therapist-per-diem-prn-catonsville-md-ecd0e,53.58,rt
Cave Junction,respiratory-therapist-per-diem-prn-cave-junction-or,52.94,rt
Cedar City,respiratory-therapist-per-diem-prn-cedar-city-ut,52.06,rt
Cedar Crest,respiratory-therapist-per-diem-prn-cedar-crest-nm,51.59,rt
Cedar Falls,respiratory-therapist-per-diem-prn-cedar-falls-ia,51.59,rt
Cedar Grove,respiratory-therapist-per-diem-prn-cedar-grove-nj,51.59,rt
Cedar Hill,respiratory-therapist-per-diem-prn-cedar-hill-tx,48.74,rt
Cedar Hills,respiratory-therapist-per-diem-prn-cedar-hills-ut,52.87,rt
Cedar Park,respiratory-therapist-per-diem-prn-cedar-park-tx,49.31,rt
Cedar Rapids,respiratory-therapist-per-diem-prn-cedar-rapids-ia,49.31,rt
Cedar Rapids Oakhill Jackson,respiratory-therapist-per-diem-prn-cedar-rapids-oakhill-jackson-ia,48.79,rt
Cedaredge,respiratory-therapist-per-diem-prn-cedaredge-co,48.79,rt
Celebration,respiratory-therapist-per-diem-prn-celebration-fl,48.79,rt
Celina,respiratory-therapist-per-diem-prn-celina-tx,48.74,rt
Centennial,respiratory-therapist-per-diem-prn-centennial-co-4850a,49.71,rt
Centennial CO,respiratory-therapist-per-diem-prn-centennial-co,49.71,rt
Center CO,respiratory-therapist-per-diem-prn-center-co,51.38,rt
Center Tuftonboro,respiratory-therapist-per-diem-prn-center-tuftonboro-nh,51.38,rt
Center TX,respiratory-therapist-per-diem-prn-center-tx,51.38,rt
Centerfield,respiratory-therapist-per-diem-prn-centerfield-ut,51.38,rt
Centerville,respiratory-therapist-per-diem-prn-centerville-b-ia,47.08,rt
Centerville OH,respiratory-therapist-per-diem-prn-centerville-oh,52.89,rt
Centerville TX,respiratory-therapist-per-diem-prn-centerville-tx,50.08,rt
Centerville UT,respiratory-therapist-per-diem-prn-centerville-ut,47.34,rt
Central,respiratory-therapist-per-diem-prn-central-la,51.11,rt
Central Falls,respiratory-therapist-per-diem-prn-central-falls-ri,50.08,rt
Central Point,respiratory-therapist-per-diem-prn-central-point-or,48.74,rt
Centreville,respiratory-therapist-per-diem-prn-centreville-va,54.87,rt
Century,respiratory-therapist-per-diem-prn-century-fl,50.08,rt
Cetreville,respiratory-therapist-per-diem-prn-cetreville-md,52.38,rt
Challis,respiratory-therapist-per-diem-prn-challis-id,48.74,rt
Chalmette,respiratory-therapist-per-diem-prn-chalmette-la,51.73,rt
Chamberlain,respiratory-therapist-per-diem-prn-chamberlain-sd,51.74,rt
Champaign,respiratory-therapist-per-diem-prn-champaign-il,48.87,rt
Chandler,respiratory-therapist-per-diem-prn-chandler-az,55.73,rt
Channelview,respiratory-therapist-per-diem-prn-channelview-tx,49.71,rt
Chantilly,respiratory-therapist-per-diem-prn-chantily-va,50.14,rt
Chapel Hill,respiratory-therapist-per-diem-prn-chapel-hill-nc,54.98,rt
Charleston,respiratory-therapist-per-diem-prn-charleston-sc,50.14,rt
Charleston,respiratory-therapist-per-diem-prn-charleston-wv,48.33,rt
Charlotte Elizabeth,respiratory-therapist-per-diem-prn-charlotte-elizabeth-nc,53.65,rt
Charlotte Myers Park,respiratory-therapist-per-diem-prn-charlotte-myers-park-nc,53.73,rt
Charlotte NC,respiratory-therapist-per-diem-prn-charlotte-nc,50.14,rt
Charlotte Plaza-Shamrock,respiratory-therapist-per-diem-prn-charlotte-plaza-shamrock-nc,53.67,rt
Charlotte Sherwood Forest,respiratory-therapist-per-diem-prn-charlotte-sherwood-forest-nc,53.69,rt
Charlottesville,respiratory-therapist-per-diem-prn-charlottesville-va,54.11,rt
Chatsworth,respiratory-therapist-per-diem-prn-chatsworth-ga,50.61,rt
Chattahoochee,respiratory-therapist-per-diem-prn-chattahoochee-fl,48.54,rt
Chattanooga,respiratory-therapist-per-diem-prn-chattanooga-tn,48.54,rt
Cheektowaga,respiratory-therapist-per-diem-prn-cheektowaga-ny,53.95,rt
Cheltenham,respiratory-therapist-per-diem-prn-cheltenham-pa,50.33,rt
Cheney,respiratory-therapist-per-diem-prn-cheney-ks,49.69,rt
Cherokee,respiratory-therapist-per-diem-prn-cherokee-ia,48.54,rt
Cherry Hill NJ,respiratory-therapist-per-diem-prn-cherry-hill-nj,51.76,rt
Cherry Hills Village,respiratory-therapist-per-diem-prn-cherry-hills-village-co,51.76,rt
Chesapeake,respiratory-therapist-per-diem-prn-chesapeake-va,53.89,rt
Chester,respiratory-therapist-per-diem-prn-chester-tx,51.76,rt
Chester City,respiratory-therapist-per-diem-prn-chester-city-pa,50.31,rt
Chesterfield,respiratory-therapist-per-diem-prn-chesterfield-mo,49.69,rt
Chesterville,respiratory-therapist-per-diem-prn-chesterville-oh,54.58,rt
Chestnut Ridge,respiratory-therapist-per-diem-prn-chestnut-ridge-nj,53.77,rt
Cheyenne,respiratory-therapist-per-diem-prn-cheyenne-wy,49.31,rt
Cheyenne Wells,respiratory-therapist-per-diem-prn-cheyenne-wells-co,52.94,rt
Chicago Heights IL,respiratory-therapist-per-diem-prn-chicago-heights-il,47.08,rt
Chicago Portage Park,respiratory-therapist-per-diem-prn-chicago-portage-park-il,50.08,rt
Chicago Ridge,respiratory-therapist-per-diem-prn-chicago-ridge-il,48.74,rt
Chicago Rogers Park,respiratory-therapist-per-diem-prn-chicago-rogers-park-il,48.54,rt
"Chicago, IL",respiratory-therapist-per-diem-prn-chicago-il,47.93,rt
Chico,respiratory-therapist-per-diem-prn-chico-ca,48.54,rt
Chicopee,respiratory-therapist-per-diem-prn-chicopee-ma,54.65,rt
Chiefland,respiratory-therapist-per-diem-prn-chiefland-fl,48.54,rt
Chilchinbito,respiratory-therapist-per-diem-prn-chilchinbito-az,48.21,rt
Childress,respiratory-therapist-per-diem-prn-childress-tx,52.38,rt
Chillicothe OH,respiratory-therapist-per-diem-prn-chillicothe-oh,50.14,rt
Chillicothe TX,respiratory-therapist-per-diem-prn-chillicothe-tx,48.79,rt
Chillum,respiratory-therapist-per-diem-prn-chillum-md,53.73,rt
Chiloquin,respiratory-therapist-per-diem-prn-chiloquin-or,48.33,rt
Chinle,respiratory-therapist-per-diem-prn-chinle-az,54.19,rt
Chino,respiratory-therapist-per-diem-prn-chino-ca,51.59,rt
Chipley,respiratory-therapist-per-diem-prn-chipley-fl,51.38,rt
Chippewa Falls,respiratory-therapist-per-diem-prn-chippewa-falls-wi,47.08,rt
Christmas Valley,respiratory-therapist-per-diem-prn-christmas-valley-or,45.79,rt
Chubbuck,respiratory-therapist-per-diem-prn-chubbuck-id,51.38,rt
Chula Vista,respiratory-therapist-per-diem-prn-chula-vista-ca,52.31,rt
Cicero,respiratory-therapist-per-diem-prn-cicero-il,48.43,rt
Cincinnati OH,respiratory-therapist-per-diem-prn-cincinnati-nd,48.74,rt
Circleville,respiratory-therapist-per-diem-prn-circleville-ut,54.19,rt
Cisco,respiratory-therapist-per-diem-prn-cisco-tx,47.34,rt
Citra,respiratory-therapist-per-diem-prn-citra-fl,48.74,rt
Citrus Springs,respiratory-therapist-per-diem-prn-citrus-springs-fl,50.61,rt
Clackamas,respiratory-therapist-per-diem-prn-clackamas-or,52.59,rt
Clancy,respiratory-therapist-per-diem-prn-clancy-mt,49.71,rt
Clare,respiratory-therapist-per-diem-prn-clare-mi,49.71,rt
Claremont,respiratory-therapist-per-diem-prn-claremont-nh,47.99,rt
Claremore,respiratory-therapist-per-diem-prn-claremore-ok,52.38,rt
Clarendon,respiratory-therapist-per-diem-prn-clarendon-tx,51.74,rt
Clarinda,respiratory-therapist-per-diem-prn-clarinda-ia,55.73,rt
Clark,respiratory-therapist-per-diem-prn-clark-nj,52.67,rt
Clarksburg,respiratory-therapist-per-diem-prn-clarksburg-wv,48.69,rt
Clarkston,respiratory-therapist-per-diem-prn-clarkston-wa,47.08,rt
Clarkstown,respiratory-therapist-per-diem-prn-clarkstown-ny,53.98,rt
Clarksville,respiratory-therapist-per-diem-prn-clarksville-tn,51.26,rt
Clarksville,respiratory-therapist-per-diem-prn-clarksville-tx,50.14,rt
Clatskanie,respiratory-therapist-per-diem-prn-clatskanie-or,54.19,rt
Claude,respiratory-therapist-per-diem-prn-claude-tx,48.74,rt
Clay,respiratory-therapist-per-diem-prn-clay-ny,54.87,rt
Cle Elum WA,respiratory-therapist-per-diem-prn-cle-elum-wa,51.11,rt
Clearfield,respiratory-therapist-per-diem-prn-clearfield-ut,48.54,rt
Clearlake,respiratory-therapist-per-diem-prn-clearlake-ca,48.54,rt
Clearwater,respiratory-therapist-per-diem-prn-clearwater-fl,48.21,rt
Cleburne,respiratory-therapist-per-diem-prn-cleburne-tx,48.21,rt
Clermont FL,respiratory-therapist-per-diem-prn-clermont-fl,51.76,rt
Cleveland,respiratory-therapist-per-diem-prn-cleveland-tn,51.33,rt
Cleveland Heights,respiratory-therapist-per-diem-prn-cleveland-heights-oh,54.73,rt
Cleveland OH,respiratory-therapist-per-diem-prn-cleveland-oh,47.34,rt
Cleveland TX,respiratory-therapist-per-diem-prn-cleveland-tx,47.34,rt
Clewiston,respiratory-therapist-per-diem-prn-clewiston-fl,47.34,rt
Clifton AZ,respiratory-therapist-per-diem-prn-clifton-az,48.74,rt
Clifton Forge,respiratory-therapist-per-diem-prn-clifton-forge-va,48.74,rt
Clifton NJ,respiratory-therapist-per-diem-prn-clifton-nj,48.74,rt
Clifton TX,respiratory-therapist-per-diem-prn-clifton-tx,52.94,rt
Climax,respiratory-therapist-per-diem-prn-climax-co,52.94,rt
Clint,respiratory-therapist-per-diem-prn-clint-tx,49.31,rt
Clinton,respiratory-therapist-per-diem-prn-clinton-md-91387,53.69,rt
Clinton,respiratory-therapist-per-diem-prn-clinton-ms,50.92,rt
Clinton IA,respiratory-therapist-per-diem-prn-clinton-ia,53.87,rt
Clinton MD,respiratory-therapist-per-diem-prn-clinton-md,53.77,rt
Clinton OH,respiratory-therapist-per-diem-prn-clinton-oh,53.77,rt
Clinton UT,respiratory-therapist-per-diem-prn-clinton-c-ut,49.31,rt
Clinton UT,respiratory-therapist-per-diem-prn-clinton-ut,53.77,rt
Clovis NM,respiratory-therapist-per-diem-prn-clovis-nm,47.34,rt
Clute,respiratory-therapist-per-diem-prn-clute-tx,51.98,rt
Clyde,respiratory-therapist-per-diem-prn-clyde-tx,51.98,rt
Coalville,respiratory-therapist-per-diem-prn-coalville-ut,51.98,rt
Cobleskill,respiratory-therapist-per-diem-prn-cobleskill-ny,48.54,rt
Cockeysville,respiratory-therapist-per-diem-prn-cockeysville-md,48.54,rt
Cocoa,respiratory-therapist-per-diem-prn-cocoa-fl,48.46,rt
Cocoa Beach,respiratory-therapist-per-diem-prn-cocoa-beach-fl,48.54,rt
Coconut Creek,respiratory-therapist-per-diem-prn-coconut-creek-fl,48.74,rt
Coconut Grove,respiratory-therapist-per-diem-prn-coconut-grove-fl,51.38,rt
Cody,respiratory-therapist-per-diem-prn-cody-wy,50.87,rt
Coeur D Alene,respiratory-therapist-per-diem-prn-coeur-d-alene-id,48.33,rt
Coeur D'Alene,respiratory-therapist-per-diem-prn-coeur-dalene-id,48.21,rt
Colchester,respiratory-therapist-per-diem-prn-colchester-ct,48.21,rt
Colchester,respiratory-therapist-per-diem-prn-colchester-vt,52.65,rt
Coldspring,respiratory-therapist-per-diem-prn-coldspring-tx,48.21,rt
Coleman,respiratory-therapist-per-diem-prn-coleman-tx,52.38,rt
Coleridge,respiratory-therapist-per-diem-prn-coleridge-ne,49.71,rt
Colfax,respiratory-therapist-per-diem-prn-colfax-wa,49.71,rt
College,respiratory-therapist-per-diem-prn-college-ak,50.87,rt
College Station,respiratory-therapist-per-diem-prn-college-station-tx,51.59,rt
Colleyville,respiratory-therapist-per-diem-prn-colleyville-tx,51.98,rt
Collierville,respiratory-therapist-per-diem-prn-collierville-tn,51.58,rt
Collinsville,respiratory-therapist-per-diem-prn-collinsville-tx,51.98,rt
Colonial Beach,respiratory-therapist-per-diem-prn-colonial-beach-va,51.98,rt
Colonie town,respiratory-therapist-per-diem-prn-colonie-town-ny,54.31,rt
Colorado City,respiratory-therapist-per-diem-prn-colorado-city-tx,47.08,rt
Colorado Springs,respiratory-therapist-per-diem-prn-colorado-springs-co,45.79,rt
Colton,respiratory-therapist-per-diem-prn-colton-ca,50.61,rt
Columbia,respiratory-therapist-per-diem-prn-columbia-md,52.43,rt
Columbia,respiratory-therapist-per-diem-prn-columbia-sc,49.89,rt
Columbia Falls,respiratory-therapist-per-diem-prn-columbia-falls-mt,53.26,rt
Columbia Midtown - Downtown,respiratory-therapist-per-diem-prn-columbia-midtown-downtown-sc,47.99,rt
Columbia MO,respiratory-therapist-per-diem-prn-columbia-mo,52.94,rt
Columbia TN,respiratory-therapist-per-diem-prn-columbia-tn,51.76,rt
Columbus,respiratory-therapist-per-diem-prn-columbus-in,49.73,rt
Columbus,respiratory-therapist-per-diem-prn-columbus-ms,51.75,rt
Columbus,respiratory-therapist-per-diem-prn-columbus-ne,51.78,rt
Columbus GA,respiratory-therapist-per-diem-prn-columbus-ga,52.65,rt
Columbus OH,respiratory-therapist-per-diem-prn-columbus-oh,51.11,rt
Columbus TX,respiratory-therapist-per-diem-prn-columbus-tx,49.71,rt
Comanche,respiratory-therapist-per-diem-prn-comanche-tx,48.54,rt
Comfort,respiratory-therapist-per-diem-prn-comfort-tx,48.54,rt
Commerce,respiratory-therapist-per-diem-prn-commerce-tx,47.79,rt
Commerce City,respiratory-therapist-per-diem-prn-commerce-city-co,48.21,rt
Concord,respiratory-therapist-per-diem-prn-concord-nc,54.73,rt
Concord MA,respiratory-therapist-per-diem-prn-concord-ma,47.79,rt
Concord NH,respiratory-therapist-per-diem-prn-concord-nh,47.79,rt
Condon,respiratory-therapist-per-diem-prn-condon-or,53.77,rt
Congress,respiratory-therapist-per-diem-prn-congress-az,48.74,rt
Conifer,respiratory-therapist-per-diem-prn-conifer-co,51.74,rt
Conneaut,respiratory-therapist-per-diem-prn-conneaut-oh,51.74,rt
Conrad,respiratory-therapist-per-diem-prn-conrad-mt,51.74,rt
Conroe,respiratory-therapist-per-diem-prn-conroe-tx,51.74,rt
Converse,respiratory-therapist-per-diem-prn-converse-tx,48.79,rt
Conway,respiratory-therapist-per-diem-prn-conway-ar,51.31,rt
Conway,respiratory-therapist-per-diem-prn-conway-sc,50.43,rt
Cookeville,respiratory-therapist-per-diem-prn-cookeville-tn,51.82,rt
Coolidge,respiratory-therapist-per-diem-prn-coolidge-az,48.79,rt
Coon Rapids,respiratory-therapist-per-diem-prn-coon-rapids-mn,49.95,rt
Cooper,respiratory-therapist-per-diem-prn-cooper-tx,47.99,rt
Cooper City,respiratory-therapist-per-diem-prn-cooper-city-fl,48.79,rt
Cooperstown,respiratory-therapist-per-diem-prn-cooperstown-ny,49.71,rt
Coos Bay,respiratory-therapist-per-diem-prn-coos-bay-or,50.14,rt
Coppell,respiratory-therapist-per-diem-prn-coppell-tx,50.14,rt
Copperas Cove,respiratory-therapist-per-diem-prn-copperas-cove-tx,48.46,rt
Coquille,respiratory-therapist-per-diem-prn-coquille-or,48.46,rt
Coral Gables,respiratory-therapist-per-diem-prn-coral-gables-fl,48.21,rt
Coral Springs,respiratory-therapist-per-diem-prn-coral-springs-fl,48.21,rt
Coralville,respiratory-therapist-per-diem-prn-coralville-ia,53.57,rt
Corinth,respiratory-therapist-per-diem-prn-corinth-tx,48.21,rt
Cornelius,respiratory-therapist-per-diem-prn-cornelius-nc,51.38,rt
Corona,respiratory-therapist-per-diem-prn-corona-ca,52.78,rt
Corona NY,respiratory-therapist-per-diem-prn-corona-ny,51.38,rt
Corpus Christi,respiratory-therapist-per-diem-prn-corpus-christi-tx,48.74,rt
Corpus Christi Central City,respiratory-therapist-per-diem-prn-corpus-christi-central-city-tx,51.82,rt
Corrigan,respiratory-therapist-per-diem-prn-corrigan-tx,51.59,rt
Corsicana,respiratory-therapist-per-diem-prn-corsicana-tx,51.59,rt
Cortez,respiratory-therapist-per-diem-prn-cortez-co,51.76,rt
Corvallis,respiratory-therapist-per-diem-prn-corvallis-or,51.76,rt
Corydon,respiratory-therapist-per-diem-prn-corydon-ia,47.34,rt
Coshocton,respiratory-therapist-per-diem-prn-coshocton-nd,55.73,rt
Cottage Grove,respiratory-therapist-per-diem-prn-cottage-grove-mn,50.43,rt
Cottage Grove OR,respiratory-therapist-per-diem-prn-cottage-grove-or,50.08,rt
Cottonwood AZ,respiratory-therapist-per-diem-prn-cottonwood-az,50.14,rt
Cottonwood Heights,respiratory-therapist-per-diem-prn-cottonwood-heights-ut,47.08,rt
Cottonwood ID,respiratory-therapist-per-diem-prn-cottonwood-id,48.33,rt
Cotulla,respiratory-therapist-per-diem-prn-cotulla-tx,48.33,rt
Council,respiratory-therapist-per-diem-prn-council-id,45.79,rt
Council Bluffs,respiratory-therapist-per-diem-prn-council-bluffs-ia,52.38,rt
Country Club,respiratory-therapist-per-diem-prn-country-club-fl,48.26,rt
Coventry,respiratory-therapist-per-diem-prn-coventry-ri,49.31,rt
Covina,respiratory-therapist-per-diem-prn-covina-ca-1213a,49.31,rt
Covington,respiratory-therapist-per-diem-prn-covington-ky,50.33,rt
Covington,respiratory-therapist-per-diem-prn-covington-la,49.31,rt
Craig,respiratory-therapist-per-diem-prn-craig-co,52.94,rt
Crane,respiratory-therapist-per-diem-prn-crane-tx,50.61,rt
Cranston,respiratory-therapist-per-diem-prn-cranston-ri,49.71,rt
Crawfordville,respiratory-therapist-per-diem-prn-crawfordville-fl,49.71,rt
Creede,respiratory-therapist-per-diem-prn-creede-co,48.74,rt
Crescent City,respiratory-therapist-per-diem-prn-crescent-city-fl,50.14,rt
Cresco,respiratory-therapist-per-diem-prn-cresco-ia,51.38,rt
Cresskill,respiratory-therapist-per-diem-prn-cresskill-nj,51.38,rt
Crestview,respiratory-therapist-per-diem-prn-crestview-fl,51.38,rt
Creswell,respiratory-therapist-per-diem-prn-creswell-or,51.38,rt
Crete,respiratory-therapist-per-diem-prn-crete-il,48.74,rt
Creve Coeur,respiratory-therapist-per-diem-prn-creve-coeur-mo,48.74,rt
Cripple Creek,respiratory-therapist-per-diem-prn-cripple-creek-co,48.74,rt
Crockett,respiratory-therapist-per-diem-prn-crockett-tx,48.74,rt
Cromwell,respiratory-therapist-per-diem-prn-cromwell-ct,51.11,rt
Crosby,respiratory-therapist-per-diem-prn-crosby-tx,51.76,rt
Crosbyton,respiratory-therapist-per-diem-prn-crosbyton-tx,51.59,rt
Cross City,respiratory-therapist-per-diem-prn-cross-city-fl,55.73,rt
Cross Plains,respiratory-therapist-per-diem-prn-cross-plains-tx,50.14,rt
Crossville TN,respiratory-therapist-per-diem-prn-crossville-tn,53.77,rt
Croton On Hudson,respiratory-therapist-per-diem-prn-croton-on-hudson-ny,51.74,rt
Crowell,respiratory-therapist-per-diem-prn-crowell-tx,51.74,rt
Crowley,respiratory-therapist-per-diem-prn-crowley-tx,51.74,rt
Crown Point,respiratory-therapist-per-diem-prn-crown-point-in,51.74,rt
Crownsville,respiratory-therapist-per-diem-prn-crownsville-md,51.11,rt
Crystal City,respiratory-therapist-per-diem-prn-crystal-city-tx,47.34,rt
Crystal River,respiratory-therapist-per-diem-prn-crystal-river-fl,48.74,rt
Cuba City,respiratory-therapist-per-diem-prn-cuba-city-wi,48.74,rt
Cuero,respiratory-therapist-per-diem-prn-cuero-tx,47.08,rt
Culbertson,respiratory-therapist-per-diem-prn-culbertson-mt,55.73,rt
Cullman,respiratory-therapist-per-diem-prn-cullman-al,52.94,rt
Cumberland,respiratory-therapist-per-diem-prn-cumberland-ri,50.14,rt
Cupertino,respiratory-therapist-per-diem-prn-cupertino-ca,52.38,rt
Cutler Bay,respiratory-therapist-per-diem-prn-cutler-bay-fl,50.08,rt
Cuyahoga Falls,respiratory-therapist-per-diem-prn-cuyahoga-falls-oh,51.73,rt
Cypress,respiratory-therapist-per-diem-prn-cypress-tx,48.46,rt
Dade City,respiratory-therapist-per-diem-prn-dade-city-fl,48.46,rt
Dadeville,respiratory-therapist-per-diem-prn-dadeville-al,48.46,rt
Dahlonega,respiratory-therapist-per-diem-prn-dahlonega-ga,47.99,rt
Daingerfield,respiratory-therapist-per-diem-prn-daingerfield-tx,49.31,rt
Dakota Ridge,respiratory-therapist-per-diem-prn-dakota-ridge-co,52.98,rt
Dale City,respiratory-therapist-per-diem-prn-dale-city-va,54.75,rt
Dalhart,respiratory-therapist-per-diem-prn-dalhart-tx,49.31,rt
Dallas,respiratory-therapist-per-diem-prn-dallas-tx,51.78,rt
Dallas Lake Highlands,respiratory-therapist-per-diem-prn-dallas-lake-highlands-tx,49.31,rt
Dallas Oak Cliff,respiratory-therapist-per-diem-prn-dallas-oak-cliff-tx,49.66,rt
Dallas OR,respiratory-therapist-per-diem-prn-dallas-or,48.79,rt
Dallastown,respiratory-therapist-per-diem-prn-dallastown-pa,48.79,rt
Dalton,respiratory-therapist-per-diem-prn-dalton-ga,52.67,rt
Dalworthington Gardens,respiratory-therapist-per-diem-prn-dalworthington-gardens-tx,50.61,rt
Daly City,respiratory-therapist-per-diem-prn-daly-city-ca,50.61,rt
Danbury,respiratory-therapist-per-diem-prn-danbury-ct,50.61,rt
Dania,respiratory-therapist-per-diem-prn-dania-fl,48.33,rt
Dania Beach,respiratory-therapist-per-diem-prn-dania-beach-fl,52.39,rt
Danielson,respiratory-therapist-per-diem-prn-danielson-ct,49.31,rt
Danville,respiratory-therapist-per-diem-prn-danville-va,54.78,rt
Daphne,respiratory-therapist-per-diem-prn-daphne-al,49.67,rt
Darlington,respiratory-therapist-per-diem-prn-darlington-wi,51.76,rt
Davenport FL,respiratory-therapist-per-diem-prn-davenport-fl,49.71,rt
Davenport IA,respiratory-therapist-per-diem-prn-davenport-ia,53.65,rt
Davidson NC,respiratory-therapist-per-diem-prn-davidson-nc,50.14,rt
Davie,respiratory-therapist-per-diem-prn-davie-fl,48.79,rt
Dayton OH,respiratory-therapist-per-diem-prn-dayton-oh,48.74,rt
Dayton TX,respiratory-therapist-per-diem-prn-dayton-tx,51.38,rt
Daytona Beach FL,respiratory-therapist-per-diem-prn-daytona-beach-fl,51.38,rt
De Kalb,respiratory-therapist-per-diem-prn-de-kalb-tx,51.38,rt
De Leon,respiratory-therapist-per-diem-prn-de-leon-tx,48.21,rt
De Smet,respiratory-therapist-per-diem-prn-de-smet-sd,51.11,rt
Dearborn,respiratory-therapist-per-diem-prn-dearborn-mi,54.98,rt
Dearborn Heights,respiratory-therapist-per-diem-prn-dearborn-heights-mi,51.78,rt
Debary,respiratory-therapist-per-diem-prn-debary-fl,51.11,rt
Decatur,respiratory-therapist-per-diem-prn-decatur-al,49.57,rt
Decatur IL,respiratory-therapist-per-diem-prn-decatur-il,48.21,rt
Decatur TX,respiratory-therapist-per-diem-prn-decatur-tx,47.34,rt
Deer Park,respiratory-therapist-per-diem-prn-deer-park-tx,53.77,rt
Deerfield Beach,respiratory-therapist-per-diem-prn-deerfield-beach-fl,48.46,rt
Deerfield IL,respiratory-therapist-per-diem-prn-deerfield-il,48.46,rt
Defuniak Springs,respiratory-therapist-per-diem-prn-defuniak-springs-fl,48.74,rt
Del City,respiratory-therapist-per-diem-prn-del-city-ok,49.43,rt
Del Norte,respiratory-therapist-per-diem-prn-del-norte-co,45.79,rt
Del Rio,respiratory-therapist-per-diem-prn-del-rio-tx,49.71,rt
Del Valle,respiratory-therapist-per-diem-prn-del-valle-tx,49.71,rt
Deland,respiratory-therapist-per-diem-prn-deland-fl,50.14,rt
Delaware,respiratory-therapist-per-diem-prn-delaware-oh,54.65,rt
Delray Beach,respiratory-therapist-per-diem-prn-delray-beach-fl,55.73,rt
Delta CO,respiratory-therapist-per-diem-prn-delta-co,48.74,rt
Delta UT,respiratory-therapist-per-diem-prn-delta-ut,51.59,rt
Deltona,respiratory-therapist-per-diem-prn-deltona-fl,51.59,rt
Denison,respiratory-therapist-per-diem-prn-denison-tx,51.59,rt
Denton,respiratory-therapist-per-diem-prn-denton-tx,49.42,rt
Denver City,respiratory-therapist-per-diem-prn-denver-city-tx,52.94,rt
Denver City Park West,respiratory-therapist-per-diem-prn-denver-city-park-west-co,49.42,rt
Denver CO,respiratory-therapist-per-diem-prn-denver-co,81.97,rt
Denver West,respiratory-therapist-per-diem-prn-denver-west-co,50.08,rt
Denville,respiratory-therapist-per-diem-prn-denville-nj,48.33,rt
Depoe Bay,respiratory-therapist-per-diem-prn-depoe-bay-or,50.61,rt
Derby,respiratory-therapist-per-diem-prn-derby-ks,50.33,rt
Deridder,respiratory-therapist-per-diem-prn-deridder-la,47.99,rt
Derry NH,respiratory-therapist-per-diem-prn-derry-nh,51.11,rt
Des Moines Downtown Des Moines,respiratory-therapist-per-diem-prn-des-moines-downtown-des-moines-ia,51.76,rt
Des Moines IA,respiratory-therapist-per-diem-prn-des-moines-ia,51.76,rt
Des Plaines,respiratory-therapist-per-diem-prn-des-plaines-il,48.67,rt
Desoto,respiratory-therapist-per-diem-prn-desoto-tx,51.38,rt
Destin,respiratory-therapist-per-diem-prn-destin-fl,51.38,rt
Detroit,respiratory-therapist-per-diem-prn-detroit-mi,51.38,rt
Devils Lake,respiratory-therapist-per-diem-prn-devils-lake-nd,52.59,rt
Devine,respiratory-therapist-per-diem-prn-devine-tx,48.46,rt
Dewey,respiratory-therapist-per-diem-prn-dewey-az,55.73,rt
Dexter,respiratory-therapist-per-diem-prn-dexter-mo,48.21,rt
Dexter,respiratory-therapist-per-diem-prn-dexter-or,48.21,rt
Diboll,respiratory-therapist-per-diem-prn-diboll-tx,48.21,rt
Dickinson,respiratory-therapist-per-diem-prn-dickinson-tx,48.21,rt
Dickson,respiratory-therapist-per-diem-prn-dickson-tn,47.34,rt
Dilley,respiratory-therapist-per-diem-prn-dilley-tx,47.34,rt
Dillon CO,respiratory-therapist-per-diem-prn-dillon-co,48.74,rt
Dillon MT,respiratory-therapist-per-diem-prn-dillon-mt,52.38,rt
Dimmitt,respiratory-therapist-per-diem-prn-dimmitt-tx,45.79,rt
Divide,respiratory-therapist-per-diem-prn-divide-co,50.08,rt
Dodge City,respiratory-therapist-per-diem-prn-dodge-city-ks,50.11,rt
Donna,respiratory-therapist-per-diem-prn-donna-tx,47.08,rt
Doral,respiratory-therapist-per-diem-prn-doral-fl,50.08,rt
Dothan,respiratory-therapist-per-diem-prn-dothan-al,48.74,rt
Double Oak,respiratory-therapist-per-diem-prn-double-oak-tx,52.94,rt
Douglas,respiratory-therapist-per-diem-prn-douglas-az,48.33,rt
Douglas,respiratory-therapist-per-diem-prn-douglas-wy,50.11,rt
Douglasville,respiratory-therapist-per-diem-prn-douglasville-ga,52.11,rt
Dousman,respiratory-therapist-per-diem-prn-dousman-wi,51.59,rt
Dove Creek CO,respiratory-therapist-per-diem-prn-dove-creek-co,52.39,rt
Dover,respiratory-therapist-per-diem-prn-dover-de,54.57,rt
Dover FL,respiratory-therapist-per-diem-prn-dover-fl,53.77,rt
Dover NH,respiratory-therapist-per-diem-prn-dover-nh,52.38,rt
Dover NJ,respiratory-therapist-per-diem-prn-dover-nj,48.21,rt
Downers Grove,respiratory-therapist-per-diem-prn-downers-grove-il,49.31,rt
Downey,respiratory-therapist-per-diem-prn-downey-id,48.79,rt
Downington,respiratory-therapist-per-diem-prn-downington-pa,48.69,rt
Draper,respiratory-therapist-per-diem-prn-draper-ut,52.59,rt
Drasco,respiratory-therapist-per-diem-prn-drasco-ar,52.94,rt
Drew,respiratory-therapist-per-diem-prn-drew-ms,45.79,rt
Driggs,respiratory-therapist-per-diem-prn-driggs-id,48.74,rt
Dripping Springs,respiratory-therapist-per-diem-prn-dripping-springs-tx,47.08,rt
Dublin,respiratory-therapist-per-diem-prn-dublin-nh,51.11,rt
Dublin,respiratory-therapist-per-diem-prn-dublin-oh,50.61,rt
Dublin GA,respiratory-therapist-per-diem-prn-dublin-ga,52.59,rt
Dublin TX,respiratory-therapist-per-diem-prn-dublin-tx,52.59,rt
Dubuque,respiratory-therapist-per-diem-prn-dubuque-ia,51.38,rt
Duchesne,respiratory-therapist-per-diem-prn-duchesne-ut,51.76,rt
Dugway,respiratory-therapist-per-diem-prn-dugway-ut,48.74,rt
Dulles,respiratory-therapist-per-diem-prn-dulles-va,50.14,rt
Duluth,respiratory-therapist-per-diem-prn-duluth-ga,52.33,rt
Duluth,respiratory-therapist-per-diem-prn-duluth-mn,49.58,rt
Dumas,respiratory-therapist-per-diem-prn-dumas-tx,50.14,rt
Duncan,respiratory-therapist-per-diem-prn-duncan-az,49.42,rt
Duncan,respiratory-therapist-per-diem-prn-duncan-ok,49.75,rt
Duncanville,respiratory-therapist-per-diem-prn-duncanville-tx,55.73,rt
Dundalk,respiratory-therapist-per-diem-prn-dundalk-md,52.82,rt
Dundee,respiratory-therapist-per-diem-prn-dundee-fl,48.54,rt
Dunedin,respiratory-therapist-per-diem-prn-dunedin-fl,48.54,rt
Dunlap,respiratory-therapist-per-diem-prn-dunlap-ia,47.34,rt
Dunnellon,respiratory-therapist-per-diem-prn-dunnellon-fl,48.74,rt
Dunwoody,respiratory-therapist-per-diem-prn-dunwoody-ga,52.58,rt
Durand,respiratory-therapist-per-diem-prn-durand-wi,49.71,rt
Durango CO,respiratory-therapist-per-diem-prn-durango-co,49.71,rt
Durham CT,respiratory-therapist-per-diem-prn-durham-ct,49.71,rt
Durham NC,respiratory-therapist-per-diem-prn-durham-nc,52.06,rt
Dyess Afb,respiratory-therapist-per-diem-prn-dyess-afb-tx,52.06,rt
Eads,respiratory-therapist-per-diem-prn-eads-co,52.06,rt
Eagan,respiratory-therapist-per-diem-prn-eagan-mn,49.82,rt
Eagle Butte,respiratory-therapist-per-diem-prn-eagle-butte-sd,51.59,rt
Eagle CO,respiratory-therapist-per-diem-prn-eagle-co,48.21,rt
Eagle Grove,respiratory-therapist-per-diem-prn-eagle-grove-ia,52.38,rt
Eagle ID,respiratory-therapist-per-diem-prn-eagle-id,52.59,rt
Eagle Lake,respiratory-therapist-per-diem-prn-eagle-lake-tx,50.08,rt
Eagle Mountain,respiratory-therapist-per-diem-prn-eagle-mountain-ut,52.26,rt
Eagle Pass,respiratory-therapist-per-diem-prn-eagle-pass-tx,45.79,rt
Eagle Point,respiratory-therapist-per-diem-prn-eagle-point-or,48.33,rt
Early,respiratory-therapist-per-diem-prn-early-tx,47.08,rt
Easley,respiratory-therapist-per-diem-prn-easley-sc,50.67,rt
East Bernard,respiratory-therapist-per-diem-prn-east-bernard-tx,47.99,rt
East Brunswick,respiratory-therapist-per-diem-prn-east-brunswick-nj,45.79,rt
east greenwich,respiratory-therapist-per-diem-prn-east-greenwich-ri,51.11,rt
East Hartford,respiratory-therapist-per-diem-prn-east-hartford-ct,53.69,rt
East Hempfield,respiratory-therapist-per-diem-prn-east-hempfield-pa,49.57,rt
East Honolulu,respiratory-therapist-per-diem-prn-east-honolulu-hi,54.43,rt
East Lake,respiratory-therapist-per-diem-prn-east-lake-fl,48.31,rt
East Orange,respiratory-therapist-per-diem-prn-east-orange-nj,48.21,rt
East Peoria,respiratory-therapist-per-diem-prn-east-peoria-il,50.61,rt
East Point,respiratory-therapist-per-diem-prn-east-point-ga,52.43,rt
East Providence,respiratory-therapist-per-diem-prn-east-providence-ri,48.21,rt
East Providence Riverside,respiratory-therapist-per-diem-prn-east-providence-riverside-ri,54.19,rt
East Wenatchee,respiratory-therapist-per-diem-prn-east-wenatchee-or,51.74,rt
Eastland,respiratory-therapist-per-diem-prn-eastland-tx,51.74,rt
Easton,respiratory-therapist-per-diem-prn-easton-ks,52.59,rt
Easton,respiratory-therapist-per-diem-prn-easton-md,53.77,rt
Easton,respiratory-therapist-per-diem-prn-easton-pa,49.69,rt
Eastpoint,respiratory-therapist-per-diem-prn-eastpoint-fl,53.77,rt
Eau Claire,respiratory-therapist-per-diem-prn-eau-claire-wi,49.75,rt
Eckert,respiratory-therapist-per-diem-prn-eckert-co,52.59,rt
Edcouch,respiratory-therapist-per-diem-prn-edcouch-tx,52.94,rt
Eden,respiratory-therapist-per-diem-prn-eden-tx,47.08,rt
Eden Prairie,respiratory-therapist-per-diem-prn-eden-prairie-mn,49.92,rt
Edina,respiratory-therapist-per-diem-prn-edina-mn,50.57,rt
Edinburg,respiratory-therapist-per-diem-prn-edinburg-tx,49.71,rt
Edison,respiratory-therapist-per-diem-prn-edison-nj,50.14,rt
Edmond,respiratory-therapist-per-diem-prn-edmond-ok,50.14,rt
Edmonds,respiratory-therapist-per-diem-prn-edmonds-wa,52.94,rt
Edna,respiratory-therapist-per-diem-prn-edna-tx,47.34,rt
Edwards,respiratory-therapist-per-diem-prn-edwards-co,51.11,rt
Edwardsville,respiratory-therapist-per-diem-prn-edwardsville-il,50.08,rt
Effingham,respiratory-therapist-per-diem-prn-effingham-il,50.08,rt
Egg Harbor Township,respiratory-therapist-per-diem-prn-egg-harbor-township-nj,53.43,rt
Egypt Lake-Leto,respiratory-therapist-per-diem-prn-egypt-lake-leto-fl,48.66,rt
El Cajon,respiratory-therapist-per-diem-prn-el-cajon-ca,50.08,rt
El Campo,respiratory-therapist-per-diem-prn-el-campo-tx,51.59,rt
El Cenizo,respiratory-therapist-per-diem-prn-el-cenizo-tx,51.59,rt
El Cerrito,respiratory-therapist-per-diem-prn-el-cerrito-ca,51.66,rt
El Paso,respiratory-therapist-per-diem-prn-el-paso-tx,51.76,rt
El Paso West Central El Paso,respiratory-therapist-per-diem-prn-el-paso-west-central-el-paso-tx,51.89,rt
Elbert,respiratory-therapist-per-diem-prn-elbert-co,51.69,rt
Eldorado,respiratory-therapist-per-diem-prn-eldorado-tx,50.61,rt
Electra,respiratory-therapist-per-diem-prn-electra-tx,51.38,rt
Elfrida,respiratory-therapist-per-diem-prn-elfrida-az,51.38,rt
Elgin,respiratory-therapist-per-diem-prn-elgin-il,48.66,rt
Elgin OR,respiratory-therapist-per-diem-prn-elgin-or,47.99,rt
Elgin TX,respiratory-therapist-per-diem-prn-elgin-5-tx,51.38,rt
Elizabethton,respiratory-therapist-per-diem-prn-elizabethton-tn,55.73,rt
Elizabethtown,respiratory-therapist-per-diem-prn-elizabethtown-ky,50.69,rt
Elizaville,respiratory-therapist-per-diem-prn-elizaville-ny,52.38,rt
Elk Grove,respiratory-therapist-per-diem-prn-elk-grove-ca,52.58,rt
Elk Horn,respiratory-therapist-per-diem-prn-elk-horn-ia,52.94,rt
Elkhart,respiratory-therapist-per-diem-prn-elkhart-in,49.69,rt
Elkhart,respiratory-therapist-per-diem-prn-elkhart-tx,48.46,rt
Elko,respiratory-therapist-per-diem-prn-elko-nv,48.46,rt
Ellenton,respiratory-therapist-per-diem-prn-ellenton-fl,50.14,rt
Ellicott City,respiratory-therapist-per-diem-prn-ellicott-city-md,50.14,rt
Ellicott City,respiratory-therapist-per-diem-prn-ellicott-city-md-408ec,52.67,rt
Ellsworth,respiratory-therapist-per-diem-prn-ellsworth-me,50.14,rt
Elmhurst IL,respiratory-therapist-per-diem-prn-elmhurst-il,48.79,rt
Elmwood Park,respiratory-therapist-per-diem-prn-elmwood-park-il,48.79,rt
Eloy,respiratory-therapist-per-diem-prn-eloy-az,52.59,rt
Elsa,respiratory-therapist-per-diem-prn-elsa-tx,47.34,rt
Ely,respiratory-therapist-per-diem-prn-ely-nv,47.34,rt
Elyria,respiratory-therapist-per-diem-prn-elyria-nd,52.59,rt
Emerson,respiratory-therapist-per-diem-prn-emerson-nj,51.59,rt
Emlenton,respiratory-therapist-per-diem-prn-emlenton-pa,50.61,rt
Emmett ID,respiratory-therapist-per-diem-prn-emmett-id,48.21,rt
Emory,respiratory-therapist-per-diem-prn-emory-tx,53.77,rt
Emporia,respiratory-therapist-per-diem-prn-emporia-ks,50.87,rt
Encinal,respiratory-therapist-per-diem-prn-encinal-tx,49.42,rt
Encinitas,respiratory-therapist-per-diem-prn-encinitas-ca,51.11,rt
Enfield,respiratory-therapist-per-diem-prn-enfield-ct,51.74,rt
englewood,respiratory-therapist-per-diem-prn-englewood-nj,49.71,rt
Englewood CO,respiratory-therapist-per-diem-prn-englewood-co,52.38,rt
Englewood FL,respiratory-therapist-per-diem-prn-englewood-fl,48.74,rt
Englishtown,respiratory-therapist-per-diem-prn-englishtown-nj,52.95,rt
Enid,respiratory-therapist-per-diem-prn-enid-ok,48.73,rt
Ennis,respiratory-therapist-per-diem-prn-ennis-tx,52.06,rt
Enterprise,respiratory-therapist-per-diem-prn-enterprise-al,49.65,rt
Enterprise,respiratory-therapist-per-diem-prn-enterprise-nv,51.89,rt
Enterprise OR,respiratory-therapist-per-diem-prn-enterprise-or,47.08,rt
Enterprise UT,respiratory-therapist-per-diem-prn-enterprise-ut,49.71,rt
Erie,respiratory-therapist-per-diem-prn-erie-pa,51.57,rt
Erlanger,respiratory-therapist-per-diem-prn-erlanger-ky,51.57,rt
Escalante,respiratory-therapist-per-diem-prn-escalante-ut,49.71,rt
Escondido CA,respiratory-therapist-per-diem-prn-escondido-ca,50.14,rt
Espanola,respiratory-therapist-per-diem-prn-espanola-nm,52.38,rt
Essex,respiratory-therapist-per-diem-prn-essex-md,53.11,rt
Essex,respiratory-therapist-per-diem-prn-essex-vt,52.33,rt
Essex Junction,respiratory-therapist-per-diem-prn-essex-junction-vt,52.82,rt
Estacada,respiratory-therapist-per-diem-prn-estacada-or,51.38,rt
Estero,respiratory-therapist-per-diem-prn-estero-fl,48.74,rt
Estes Park,respiratory-therapist-per-diem-prn-estes-park-co,48.74,rt
Euclid,respiratory-therapist-per-diem-prn-euclid-oh,54.98,rt
Eugene,respiratory-therapist-per-diem-prn-eugene-or,51.11,rt
Euless,respiratory-therapist-per-diem-prn-euless-tx,48.74,rt
Eureka,respiratory-therapist-per-diem-prn-eureka-mo,55.73,rt
Eureka,respiratory-therapist-per-diem-prn-eureka-nv,52.94,rt
Eustis,respiratory-therapist-per-diem-prn-eustis-fl,48.21,rt
Evans,respiratory-therapist-per-diem-prn-evans-co,47.34,rt
Evans GA,respiratory-therapist-per-diem-prn-evans-ga,52.87,rt
Evanston,respiratory-therapist-per-diem-prn-evanston-il,48.33,rt
Evanston,respiratory-therapist-per-diem-prn-evanston-wy,47.34,rt
Evansville,respiratory-therapist-per-diem-prn-evansville-in,49.57,rt
Everett,respiratory-therapist-per-diem-prn-everett-ma,54.73,rt
Everett WA,respiratory-therapist-per-diem-prn-everett-wa,47.34,rt
Evergreen,respiratory-therapist-per-diem-prn-evergreen-co,47.34,rt
Everman,respiratory-therapist-per-diem-prn-everman-tx,50.14,rt
Ewa Gentry,respiratory-therapist-per-diem-prn-ewa-gentry-hi,54.78,rt
Fabens,respiratory-therapist-per-diem-prn-fabens-tx,51.11,rt
Fair Lawn,respiratory-therapist-per-diem-prn-fair-lawn-nj,50.61,rt
Fairbanks,respiratory-therapist-per-diem-prn-fairbanks-ak,50.26,rt
Fairborn,respiratory-therapist-per-diem-prn-fairborn-oh,54.31,rt
Fairfax,respiratory-therapist-per-diem-prn-fairfax-vt,53.78,rt
Fairfax OK,respiratory-therapist-per-diem-prn-fairfax-ok,48.54,rt
Fairfax VA,respiratory-therapist-per-diem-prn-fairfax-va,47.08,rt
Fairfield,respiratory-therapist-per-diem-prn-fairfield-ct,53.87,rt
Fairfield,respiratory-therapist-per-diem-prn-fairfield-oh,54.78,rt
Fairfield ID,respiratory-therapist-per-diem-prn-fairfield-id,52.59,rt
Fairfield ME,respiratory-therapist-per-diem-prn-fairfield-me,55.73,rt
Fairfield TX,respiratory-therapist-per-diem-prn-fairfield-tx,47.99,rt
Fairhope,respiratory-therapist-per-diem-prn-fairhope-al,49.92,rt
Fairmont,respiratory-therapist-per-diem-prn-fairmont-wv,50.08,rt
Fairplay,respiratory-therapist-per-diem-prn-fairplay-co,52.94,rt
Falfurrias,respiratory-therapist-per-diem-prn-falfurrias-tx,48.21,rt
Fall Creek,respiratory-therapist-per-diem-prn-fall-creek-or,48.21,rt
Fall River,respiratory-therapist-per-diem-prn-fall-river-ma,48.21,rt
Fall River Mills,respiratory-therapist-per-diem-prn-fall-river-mills-ca,48.21,rt
Fallon,respiratory-therapist-per-diem-prn-fallon-nv,53.77,rt
Falls Church VA,respiratory-therapist-per-diem-prn-falls-church-va,53.77,rt
Falmouth,respiratory-therapist-per-diem-prn-falmouth-ma,52.06,rt
Fargo,respiratory-therapist-per-diem-prn-fargo-nd,52.06,rt
Fargo Woodhaven,respiratory-therapist-per-diem-prn-fargo-woodhaven-nd,50.33,rt
Farmers Branch,respiratory-therapist-per-diem-prn-farmers-branch-tx,51.74,rt
Farmersville,respiratory-therapist-per-diem-prn-farmersville-tx,51.74,rt
Farmington,respiratory-therapist-per-diem-prn-farmington-nm,52.82,rt
Farmington Hills,respiratory-therapist-per-diem-prn-farmington-hills-mi,48.87,rt
Farmington ME,respiratory-therapist-per-diem-prn-farmington-me,51.74,rt
Farmington UT,respiratory-therapist-per-diem-prn-farmington-ut,48.74,rt
Farr West,respiratory-therapist-per-diem-prn-farr-west-ut,51.11,rt
Farragut,respiratory-therapist-per-diem-prn-farragut-tn,51.95,rt
Farwell,respiratory-therapist-per-diem-prn-farwell-tx,51.38,rt
Fayetteville,respiratory-therapist-per-diem-prn-fayetteville-ar,50.89,rt
Fayetteville,respiratory-therapist-per-diem-prn-fayetteville-nc,54.65,rt
Federal Way,respiratory-therapist-per-diem-prn-federal-way-wa,51.38,rt
Fellsmere,respiratory-therapist-per-diem-prn-fellsmere-fl,50.14,rt
Fenton,respiratory-therapist-per-diem-prn-fenton-mi,51.59,rt
Fern Park,respiratory-therapist-per-diem-prn-fern-park-fl,48.21,rt
Fernandina Beach,respiratory-therapist-per-diem-prn-fernandina-beach-fl,48.21,rt
Ferndale,respiratory-therapist-per-diem-prn-ferndale-wa,49.71,rt
Fernley,respiratory-therapist-per-diem-prn-fernley-nv,49.71,rt
Ferron,respiratory-therapist-per-diem-prn-ferron-ut,49.71,rt
Ferry Pass,respiratory-therapist-per-diem-prn-ferry-pass-fl,48.57,rt
Fillmore,respiratory-therapist-per-diem-prn-fillmore-ut,48.74,rt
Findlay,respiratory-therapist-per-diem-prn-findlay-oh,51.78,rt
Firestone,respiratory-therapist-per-diem-prn-firestone-co,47.34,rt
Fishers,respiratory-therapist-per-diem-prn-fishers-in,49.66,rt
Fitchburg,respiratory-therapist-per-diem-prn-fitchburg-wi,49.92,rt
Flagler,respiratory-therapist-per-diem-prn-flagler-co,48.46,rt
Flagstaff,respiratory-therapist-per-diem-prn-flagstaff-az,48.46,rt
Flatonia,respiratory-therapist-per-diem-prn-flatonia-tx,48.46,rt
Fleming Island,respiratory-therapist-per-diem-prn-fleming-island-fl,51.76,rt
Flint,respiratory-therapist-per-diem-prn-flint-mi,48.43,rt
Florence,respiratory-therapist-per-diem-prn-florence-al,49.66,rt
Florence,respiratory-therapist-per-diem-prn-florence-ky,50.67,rt
Florence AZ,respiratory-therapist-per-diem-prn-florence-az,52.94,rt
Florence CO,respiratory-therapist-per-diem-prn-florence-co,47.08,rt
Florence OR,respiratory-therapist-per-diem-prn-florence-or,45.79,rt
Florence SC,respiratory-therapist-per-diem-prn-florence-sc,51.74,rt
Floresville,respiratory-therapist-per-diem-prn-floresville-tx,50.08,rt
Florham Park,respiratory-therapist-per-diem-prn-florham-park-nj,52.38,rt
Florida City,respiratory-therapist-per-diem-prn-florida-city-fl,48.21,rt
Florissant,respiratory-therapist-per-diem-prn-florissant-co,51.59,rt
Florissant,respiratory-therapist-per-diem-prn-florissant-mo,49.82,rt
Flower Mound,respiratory-therapist-per-diem-prn-flower-mound-tx,51.59,rt
Flowery Branch,respiratory-therapist-per-diem-prn-flowery-branch-ga,52.06,rt
Fond du Lac,respiratory-therapist-per-diem-prn-fond-du-lac-wi,49.33,rt
Fontana,respiratory-therapist-per-diem-prn-fontana-ca,52.75,rt
Fontanelle,respiratory-therapist-per-diem-prn-fontanelle-ia,52.06,rt
Forest Grove,respiratory-therapist-per-diem-prn-forest-grove-or,51.38,rt
Forest Hill MD,respiratory-therapist-per-diem-prn-forest-hill-md-43963,51.38,rt
Forest Hill TX,respiratory-therapist-per-diem-prn-forest-hill-tx,52.59,rt
Forest Park,respiratory-therapist-per-diem-prn-forest-park-oh,51.89,rt
Foresthill,respiratory-therapist-per-diem-prn-foresthill-ca,48.79,rt
Forks,respiratory-therapist-per-diem-prn-forks-wa,48.79,rt
Forney,respiratory-therapist-per-diem-prn-forney-tx,48.74,rt
Fort Carson CO,respiratory-therapist-per-diem-prn-fort-carson-co,48.74,rt
Fort Collins,respiratory-therapist-per-diem-prn-fort-collins-co,48.74,rt
Fort Defiance,respiratory-therapist-per-diem-prn-fort-defiance-az,47.79,rt
Fort Dodge,respiratory-therapist-per-diem-prn-fort-dodge-ia,47.79,rt
Fort Hancock,respiratory-therapist-per-diem-prn-fort-hancock-tx,47.79,rt
Fort Hood,respiratory-therapist-per-diem-prn-fort-hood-tx,52.39,rt
Fort Huachuca,respiratory-therapist-per-diem-prn-fort-huachuca-az,52.39,rt
Fort Lauderdale FL,respiratory-therapist-per-diem-prn-fort-lauderdale-fl,52.39,rt
Fort Lupton CO,respiratory-therapist-per-diem-prn-fort-lupton-co,52.39,rt
Fort Lyon,respiratory-therapist-per-diem-prn-fort-lyon-co,52.39,rt
Fort Madison,respiratory-therapist-per-diem-prn-fort-madison-ia,45.79,rt
Fort Mc Coy,respiratory-therapist-per-diem-prn-fort-mc-coy-fl,52.94,rt
Fort Mill,respiratory-therapist-per-diem-prn-fort-mill-sc,50.75,rt
Fort Mohave,respiratory-therapist-per-diem-prn-fort-mohave-az,51.76,rt
Fort Morgan,respiratory-therapist-per-diem-prn-fort-morgan-co,47.08,rt
Fort Myers FL,respiratory-therapist-per-diem-prn-fort-myers-fl,50.14,rt
Fort Myers The Forum,respiratory-therapist-per-diem-prn-fort-myers-the-forum-fl,53.77,rt
Fort Pierce FL,respiratory-therapist-per-diem-prn-fort-pierce-fl,49.71,rt
Fort Smith,respiratory-therapist-per-diem-prn-fort-smith-ar,52.59,rt
Fort Stockton,respiratory-therapist-per-diem-prn-fort-stockton-tx,50.61,rt
Fort Thomas,respiratory-therapist-per-diem-prn-fort-thomas-ky,50.61,rt
Fort Walton Beach,respiratory-therapist-per-diem-prn-fort-walton-beach-fl,50.61,rt
Fort Washakie,respiratory-therapist-per-diem-prn-fort-washakie-wy,49.11,rt
Fort Wayne,respiratory-therapist-per-diem-prn-fort-wayne-in,49.11,rt
Fort Worth,respiratory-therapist-per-diem-prn-fort-worth-tx,49.11,rt
Fort Worth Shaw Clarke,respiratory-therapist-per-diem-prn-fort-worth-shaw-clarke-tx,52.57,rt
Fossil,respiratory-therapist-per-diem-prn-fossil-or,50.08,rt
Fountain,respiratory-therapist-per-diem-prn-fountain-co,55.73,rt
Fountain Hills,respiratory-therapist-per-diem-prn-fountain-hills-az,51.11,rt
Fountain Inn,respiratory-therapist-per-diem-prn-fountain-inn-sc,50.67,rt
Fountain Valley,respiratory-therapist-per-diem-prn-fountain-valley-ca,51.11,rt
Fountainebleau,respiratory-therapist-per-diem-prn-fountainebleau-fl,54.95,rt
Four Corners,respiratory-therapist-per-diem-prn-four-corners-fl,54.65,rt
Fowler,respiratory-therapist-per-diem-prn-fowler-co,48.74,rt
Framingham,respiratory-therapist-per-diem-prn-framingham-ma,54.26,rt
Frankfort,respiratory-therapist-per-diem-prn-frankfort-in,52.38,rt
Frankfort KS,respiratory-therapist-per-diem-prn-frankfort-ks,52.06,rt
Frankfort KY,respiratory-therapist-per-diem-prn-frankfort-ky,45.79,rt
Franklin,respiratory-therapist-per-diem-prn-franklin-tn,51.75,rt
Franklin,respiratory-therapist-per-diem-prn-franklin-wi,49.78,rt
Franklin TX,respiratory-therapist-per-diem-prn-franklin-tx,49.42,rt
Franklin WV,respiratory-therapist-per-diem-prn-franklin-wv,46.94,rt
Frankston,respiratory-therapist-per-diem-prn-frankston-tx,51.76,rt
Fred,respiratory-therapist-per-diem-prn-fred-tx,47.34,rt
Frederick,respiratory-therapist-per-diem-prn-frederick-md-1f9c9,52.65,rt
Frederick CO,respiratory-therapist-per-diem-prn-frederick-co,47.34,rt
Frederick MD,respiratory-therapist-per-diem-prn-frederick-md,47.34,rt
Fredericksburg TX,respiratory-therapist-per-diem-prn-fredericksburg-tx,48.74,rt
Fredericksburg VA,respiratory-therapist-per-diem-prn-fredericksburg-va,52.94,rt
Fredonia,respiratory-therapist-per-diem-prn-fredonia-wi,52.59,rt
Freehold,respiratory-therapist-per-diem-prn-freehold-nj,53.77,rt
Freeport FL,respiratory-therapist-per-diem-prn-freeport-fl,53.77,rt
Freeport IL,respiratory-therapist-per-diem-prn-freeport-il,53.77,rt
Freeport TX,respiratory-therapist-per-diem-prn-freeport-tx,48.54,rt
Freer,respiratory-therapist-per-diem-prn-freer-tx,48.54,rt
Fremont,respiratory-therapist-per-diem-prn-fremont-ca,48.54,rt
Fremont,respiratory-therapist-per-diem-prn-fremont-ne,50.61,rt
Fresno CA,respiratory-therapist-per-diem-prn-fresno-ca,50.61,rt
Fresno TX,respiratory-therapist-per-diem-prn-fresno-tx,50.14,rt
Friendswood,respiratory-therapist-per-diem-prn-friendswood-tx,47.08,rt
Fries,respiratory-therapist-per-diem-prn-fries-va,51.74,rt
Friona,respiratory-therapist-per-diem-prn-friona-tx,51.74,rt
Frisco CO,respiratory-therapist-per-diem-prn-frisco-co,54.19,rt
Frisco TX,respiratory-therapist-per-diem-prn-frisco-tx,52.59,rt
Fritch,respiratory-therapist-per-diem-prn-fritch-tx,51.11,rt
Frostproof,respiratory-therapist-per-diem-prn-frostproof-fl,51.76,rt
Fruit Cove,respiratory-therapist-per-diem-prn-fruit-cove-fl,54.89,rt
Fruita,respiratory-therapist-per-diem-prn-fruita-co,49.71,rt
Fruitland,respiratory-therapist-per-diem-prn-fruitland-fl,49.71,rt
Fruitland,respiratory-therapist-per-diem-prn-fruitland-id,49.71,rt
Fruitland Park,respiratory-therapist-per-diem-prn-fruitland-park-fl,52.38,rt
Ft. Worth,respiratory-therapist-per-diem-prn-ft-worth-tx,52.94,rt
Fulshear,respiratory-therapist-per-diem-prn-fulshear-tx,48.74,rt
Fuquay-Varina,respiratory-therapist-per-diem-prn-fuquay-varina-nc,48.65,rt
Gadsden,respiratory-therapist-per-diem-prn-gadsden-al,49.43,rt
Gahanna,respiratory-therapist-per-diem-prn-gahanna-oh,54.19,rt
Gainesville FL,respiratory-therapist-per-diem-prn-gainesville-fl,45.79,rt
Gainesville GA,respiratory-therapist-per-diem-prn-gainesville-ga,52.66,rt
Gainesville TX,respiratory-therapist-per-diem-prn-gainesville-tx,49.02,rt
Gaithersburg,respiratory-therapist-per-diem-prn-gaithersburg-md,52.78,rt
Gallatin,respiratory-therapist-per-diem-prn-gallatin-tn,51.11,rt
Gallup,respiratory-therapist-per-diem-prn-gallup-nm,53.31,rt
Galveston,respiratory-therapist-per-diem-prn-galveston-tx,52.94,rt
Ganado AZ,respiratory-therapist-per-diem-prn-ganado-az,55.73,rt
Ganado TX,respiratory-therapist-per-diem-prn-ganado-tx,45.79,rt
Garden City,respiratory-therapist-per-diem-prn-garden-city-ks,50.67,rt
Garden City ID,respiratory-therapist-per-diem-prn-garden-city-id,52.59,rt
Garden City UT,respiratory-therapist-per-diem-prn-garden-city-ut,50.08,rt
Garden Grove,respiratory-therapist-per-diem-prn-garden-grove-ca,52.11,rt
Gardner,respiratory-therapist-per-diem-prn-gardner-ks,50.58,rt
Gardner,respiratory-therapist-per-diem-prn-gardner-ma,47.08,rt
Gardnerville,respiratory-therapist-per-diem-prn-gardnerville-nv,53.06,rt
Garfield Heights,respiratory-therapist-per-diem-prn-garfield-heights-oh,53.69,rt
Garland,respiratory-therapist-per-diem-prn-garland-tx,48.46,rt
Garrison,respiratory-therapist-per-diem-prn-garrison-tx,48.46,rt
Gary,respiratory-therapist-per-diem-prn-gary-in,49.33,rt
Gastonia NC,respiratory-therapist-per-diem-prn-gastonia-nc,48.46,rt
Gatesville,respiratory-therapist-per-diem-prn-gatesville-tx,52.94,rt
Gaylord,respiratory-therapist-per-diem-prn-gaylord-mi,48.74,rt
Geneva,respiratory-therapist-per-diem-prn-geneva-il,47.93,rt
Geneva,respiratory-therapist-per-diem-prn-geneva-ne,48.74,rt
George,respiratory-therapist-per-diem-prn-george-ia,48.74,rt
George West,respiratory-therapist-per-diem-prn-george-west-tx,51.38,rt
Georgetown,respiratory-therapist-per-diem-prn-georgetown-de,52.92,rt
Georgetown,respiratory-therapist-per-diem-prn-georgetown-ky,50.11,rt
Georgetown,respiratory-therapist-per-diem-prn-georgetown-tx,49.02,rt
Gerlach,respiratory-therapist-per-diem-prn-gerlach-nv,53.77,rt
Germantown,respiratory-therapist-per-diem-prn-germantown-md,52.58,rt
Germantown,respiratory-therapist-per-diem-prn-germantown-tn,51.67,rt
Germantown,respiratory-therapist-per-diem-prn-germantown-wi,50.14,rt
Giddings,respiratory-therapist-per-diem-prn-giddings-tx,55.73,rt
Gifford,respiratory-therapist-per-diem-prn-gifford-il,51.74,rt
Gig Harbor,respiratory-therapist-per-diem-prn-gig-harbor-wa,52.94,rt
Gila Bend,respiratory-therapist-per-diem-prn-gila-bend-az,51.76,rt
Gilber,respiratory-therapist-per-diem-prn-gilber-az,51.76,rt
Gilbert AZ,respiratory-therapist-per-diem-prn-gilbert-az,51.76,rt
Gilbert Gilbert Medical Center,respiratory-therapist-per-diem-prn-gilbert-gilbert-medical-center-az,49.43,rt
Gilchrist,respiratory-therapist-per-diem-prn-gilchrist-or,51.76,rt
Gillette,respiratory-therapist-per-diem-prn-gillette-wy,50.31,rt
Gilmer,respiratory-therapist-per-diem-prn-gilmer-tx,49.71,rt
Gladewater,respiratory-therapist-per-diem-prn-gladewater-tx,48.54,rt
Gladstone,respiratory-therapist-per-diem-prn-gladstone-mo,49.57,rt
Gladstone OR,respiratory-therapist-per-diem-prn-gladstone-or,51.59,rt
Glasgow,respiratory-therapist-per-diem-prn-glasgow-de,54.75,rt
Glastonbury,respiratory-therapist-per-diem-prn-glastonbury-ct,53.92,rt
Glen Burnie,respiratory-therapist-per-diem-prn-glen-burnie-md,47.34,rt
Glen Burnie,respiratory-therapist-per-diem-prn-glen-burnie-md-68651,52.69,rt
Glen Cove,respiratory-therapist-per-diem-prn-glen-cove-ny,47.34,rt
Glen Rose,respiratory-therapist-per-diem-prn-glen-rose-tx,47.99,rt
Glen Saint Mary,respiratory-therapist-per-diem-prn-glen-saint-mary-fl,47.99,rt
Glencoe IL,respiratory-therapist-per-diem-prn-glencoe-il,47.99,rt
Glendale AZ,respiratory-therapist-per-diem-prn-glendale-az,52.59,rt
Glendale CA,respiratory-therapist-per-diem-prn-glendale-ca,49.31,rt
Glendale CO,respiratory-therapist-per-diem-prn-glendale-co,49.31,rt
Glendale Rovey Farm Estates,respiratory-therapist-per-diem-prn-glendale-rovey-farm-estates-az,54.33,rt
Glendive,respiratory-therapist-per-diem-prn-glendive-mt,50.08,rt
Glenns Ferry,respiratory-therapist-per-diem-prn-glenns-ferry-id,50.08,rt
Glenpool,respiratory-therapist-per-diem-prn-glenpool-ok,51.11,rt
Glens Falls,respiratory-therapist-per-diem-prn-glens-falls-ny,51.76,rt
Glenwood,respiratory-therapist-per-diem-prn-glenwood-ia,50.61,rt
Glenwood Springs,respiratory-therapist-per-diem-prn-glenwood-springs-co,53.77,rt
Glide,respiratory-therapist-per-diem-prn-glide-or,47.79,rt
Globe,respiratory-therapist-per-diem-prn-globe-az,47.79,rt
Godley,respiratory-therapist-per-diem-prn-godley-tx,47.79,rt
Goffstown,respiratory-therapist-per-diem-prn-goffstown-nh,52.11,rt
Gold Beach,respiratory-therapist-per-diem-prn-gold-beach-or,52.38,rt
Gold Canyon,respiratory-therapist-per-diem-prn-gold-canyon-az,46.94,rt
Golden CO,respiratory-therapist-per-diem-prn-golden-co,48.79,rt
Golden Glades,respiratory-therapist-per-diem-prn-golden-glades-fl,54.92,rt
Golden Valley,respiratory-therapist-per-diem-prn-golden-valley-az,48.79,rt
Goldendale,respiratory-therapist-per-diem-prn-goldendale-wa,50.14,rt
Goldsboro,respiratory-therapist-per-diem-prn-goldsboro-nc,48.69,rt
Goldthwaite,respiratory-therapist-per-diem-prn-goldthwaite-tx,47.08,rt
Goliad,respiratory-therapist-per-diem-prn-goliad-tx,51.76,rt
Gonzales,respiratory-therapist-per-diem-prn-gonzales-tx,50.08,rt
Goochland,respiratory-therapist-per-diem-prn-goochland-va,52.94,rt
Gooding,respiratory-therapist-per-diem-prn-gooding-id,48.74,rt
Goodyear,respiratory-therapist-per-diem-prn-goodyear-az,55.73,rt
Goose Creek,respiratory-therapist-per-diem-prn-goose-creek-sc,49.98,rt
Gordon,respiratory-therapist-per-diem-prn-gordon-tx,51.74,rt
Gorham,respiratory-therapist-per-diem-prn-gorham-me,52.75,rt
Goshen,respiratory-therapist-per-diem-prn-goshen-in,45.79,rt
Gothenburg,respiratory-therapist-per-diem-prn-gothenburg-ne,52.94,rt
Graceville,respiratory-therapist-per-diem-prn-graceville-fl,50.61,rt
Grafton,respiratory-therapist-per-diem-prn-grafton-nd,49.71,rt
Graham,respiratory-therapist-per-diem-prn-graham-tx,49.71,rt
Granbury,respiratory-therapist-per-diem-prn-granbury-tx,48.74,rt
Granby CO,respiratory-therapist-per-diem-prn-granby-co,52.38,rt
Grand Canyon,respiratory-therapist-per-diem-prn-grand-canyon-az,47.79,rt
Grand Forks,respiratory-therapist-per-diem-prn-grand-forks-nd,47.79,rt
Grand Island,respiratory-therapist-per-diem-prn-grand-island-ne,51.67,rt
Grand Junction,respiratory-therapist-per-diem-prn-grand-junction-co,47.34,rt
Grand Prairie,respiratory-therapist-per-diem-prn-grand-prairie-tx,47.08,rt
Grand Rapids MI,respiratory-therapist-per-diem-prn-grand-rapids-mi,52.59,rt
Grand Saline,respiratory-therapist-per-diem-prn-grand-saline-tx,51.38,rt
Grand View,respiratory-therapist-per-diem-prn-grand-view-id,49.02,rt
Grandview,respiratory-therapist-per-diem-prn-grandview-mo,48.95,rt
Grandview,respiratory-therapist-per-diem-prn-grandview-tx,49.02,rt
Granger IN,respiratory-therapist-per-diem-prn-granger-in,51.59,rt
Granger TX,respiratory-therapist-per-diem-prn-granger-tx,51.59,rt
Grangeville,respiratory-therapist-per-diem-prn-grangeville-id,52.39,rt
Grants Pass,respiratory-therapist-per-diem-prn-grants-pass-or,48.74,rt
Grapevine,respiratory-therapist-per-diem-prn-grapevine-tx,52.38,rt
Great Barrington,respiratory-therapist-per-diem-prn-great-barrington-ma,55.73,rt
Great Falls,respiratory-therapist-per-diem-prn-great-falls-mt,52.94,rt
Great Falls,respiratory-therapist-per-diem-prn-great-falls-va,51.76,rt
Greece,respiratory-therapist-per-diem-prn-greece-ny,53.89,rt
Greeley,respiratory-therapist-per-diem-prn-greeley-co,51.76,rt
Green,respiratory-therapist-per-diem-prn-green-oh,53.33,rt
Green Bay,respiratory-therapist-per-diem-prn-green-bay-wi,51.76,rt
Green Cove Springs,respiratory-therapist-per-diem-prn-green-cove-springs-fl,51.76,rt
Green River,respiratory-therapist-per-diem-prn-green-river-ut,50.61,rt
Green River,respiratory-therapist-per-diem-prn-green-river-wy,50.26,rt
Green Valley,respiratory-therapist-per-diem-prn-green-valley-az,53.77,rt
Greenacres,respiratory-therapist-per-diem-prn-greenacres-fl,53.77,rt
Greenacres WA,respiratory-therapist-per-diem-prn-greenacres-wa,51.74,rt
Greenbrae,respiratory-therapist-per-diem-prn-greenbrae-ca,51.74,rt
Greenburgh,respiratory-therapist-per-diem-prn-greenburgh-ny,53.92,rt
Greenehaven,respiratory-therapist-per-diem-prn-greenehaven-az,50.08,rt
Greeneville,respiratory-therapist-per-diem-prn-greeneville-tn,55.73,rt
Greenfield,respiratory-therapist-per-diem-prn-greenfield-wi,49.69,rt
Greenport,respiratory-therapist-per-diem-prn-greenport-ny,45.79,rt
Greensboro,respiratory-therapist-per-diem-prn-greensboro-vt,51.11,rt
Greensboro NC,respiratory-therapist-per-diem-prn-greensboro-nc-643ff,49.31,rt
Greensboro Warnersville,respiratory-therapist-per-diem-prn-greensboro-warnersville-nc,49.11,rt
Greenville,respiratory-therapist-per-diem-prn-greenville-ms,50.89,rt
Greenville,respiratory-therapist-per-diem-prn-greenville-nc,54.82,rt
Greenville FL,respiratory-therapist-per-diem-prn-greenville-fl,49.11,rt
Greenville SC,respiratory-therapist-per-diem-prn-greenville-sc,49.11,rt
Greenville TX,respiratory-therapist-per-diem-prn-greenville-tx,47.79,rt
Greenwich,respiratory-therapist-per-diem-prn-greenwich-ct,53.75,rt
Greenwood,respiratory-therapist-per-diem-prn-greenwood-in,47.79,rt
Greenwood,respiratory-therapist-per-diem-prn-greenwood-sc,50.78,rt
Greenwood Village CO,respiratory-therapist-per-diem-prn-greenwood-village-co,52.59,rt
Greer,respiratory-therapist-per-diem-prn-greer-sc,50.57,rt
Gresham OR,respiratory-therapist-per-diem-prn-gresham-or,48.74,rt
Griswold,respiratory-therapist-per-diem-prn-griswold-ia,50.61,rt
Grizzly Flats,respiratory-therapist-per-diem-prn-grizzly-flats-ca,50.61,rt
Groesbeck,respiratory-therapist-per-diem-prn-groesbeck-tx,50.61,rt
Groton,respiratory-therapist-per-diem-prn-groton-ct,50.14,rt
Grove,respiratory-therapist-per-diem-prn-grove-ok,47.08,rt
Grove City,respiratory-therapist-per-diem-prn-grove-city-oh,54.43,rt
Groveland,respiratory-therapist-per-diem-prn-groveland-fl,51.38,rt
Groves,respiratory-therapist-per-diem-prn-groves-tx,48.74,rt
Groveton,respiratory-therapist-per-diem-prn-groveton-tx,47.34,rt
Grulla,respiratory-therapist-per-diem-prn-grulla-tx,49.71,rt
Guilford,respiratory-therapist-per-diem-prn-guilford-ct,49.02,rt
Gulf Breeze,respiratory-therapist-per-diem-prn-gulf-breeze-fl,49.02,rt
Gulfport,respiratory-therapist-per-diem-prn-gulfport-fl,49.02,rt
Gulfport,respiratory-therapist-per-diem-prn-gulfport-ms,50.69,rt
Gun Barrel City,respiratory-therapist-per-diem-prn-gun-barrel-city-tx,50.08,rt
Gunnison CO,respiratory-therapist-per-diem-prn-gunnison-co,55.73,rt
Gunnison UT,respiratory-therapist-per-diem-prn-gunnison-ut,51.59,rt
Gunter,respiratory-therapist-per-diem-prn-gunter-tx,51.59,rt
Guttenberg,respiratory-therapist-per-diem-prn-guttenberg-ia,45.79,rt
Hackensack,respiratory-therapist-per-diem-prn-hackensack-nj,51.76,rt
Hackettstown,respiratory-therapist-per-diem-prn-hackettstown-nj,52.94,rt
Hagerman,respiratory-therapist-per-diem-prn-hagerman-id,48.54,rt
Hagerstown,respiratory-therapist-per-diem-prn-hagerstown-md,48.54,rt
Hagerstown,respiratory-therapist-per-diem-prn-hagerstown-md-4adde,53.43,rt
Hailey,respiratory-therapist-per-diem-prn-hailey-id,53.77,rt
Haines City,respiratory-therapist-per-diem-prn-haines-city-fl,48.74,rt
Hale Center,respiratory-therapist-per-diem-prn-hale-center-tx,51.11,rt
Halfway,respiratory-therapist-per-diem-prn-halfway-or,58.06,rt
Hallandale,respiratory-therapist-per-diem-prn-hallandale-fl,51.76,rt
Hallandale Beach,respiratory-therapist-per-diem-prn-hallandale-beach-fl,51.76,rt
Hallettsville,respiratory-therapist-per-diem-prn-hallettsville-tx,51.76,rt
Hallowell,respiratory-therapist-per-diem-prn-hallowell-me,48.79,rt
Hamburg,respiratory-therapist-per-diem-prn-hamburg-town-ny,54.43,rt
Hamden,respiratory-therapist-per-diem-prn-hamden-ct,53.43,rt
Hamilton,respiratory-therapist-per-diem-prn-hamilton-oh,48.87,rt
Hamilton MT,respiratory-therapist-per-diem-prn-hamilton-mt,48.79,rt
Hamilton Square,respiratory-therapist-per-diem-prn-hamilton-square-nj,52.59,rt
Hamilton TX,respiratory-therapist-per-diem-prn-hamilton-tx,52.59,rt
Hamlin,respiratory-therapist-per-diem-prn-hamlin-tx,52.59,rt
Hammond,respiratory-therapist-per-diem-prn-hammond-in,49.87,rt
Hammond,respiratory-therapist-per-diem-prn-hammond-la,47.08,rt
Hampden,respiratory-therapist-per-diem-prn-hampden-pa,49.98,rt
Hampton,respiratory-therapist-per-diem-prn-hampton-va,53.98,rt
Hanceville,respiratory-therapist-per-diem-prn-hanceville-al,47.79,rt
Hanford,respiratory-therapist-per-diem-prn-hanford-ca,47.79,rt
Hanksville,respiratory-therapist-per-diem-prn-hanksville-ut,52.94,rt
Hannibal,respiratory-therapist-per-diem-prn-hannibal-mo,52.38,rt
Hanover,respiratory-therapist-per-diem-prn-hanover-md,58.06,rt
Happy Valley,respiratory-therapist-per-diem-prn-happy-valley-or,58.06,rt
Hardin,respiratory-therapist-per-diem-prn-hardin-mt,51.76,rt
Harker Heights,respiratory-therapist-per-diem-prn-harker-heights-tx,47.08,rt
Harlan,respiratory-therapist-per-diem-prn-harlan-ky,55.73,rt
Harlingen,respiratory-therapist-per-diem-prn-harlingen-tx,48.74,rt
Harrah,respiratory-therapist-per-diem-prn-harrah-ok,49.31,rt
Harrington Park,respiratory-therapist-per-diem-prn-harrington-park-nj,49.31,rt
Harrisburg,respiratory-therapist-per-diem-prn-harrisburg-pa,50.78,rt
Harrisonburg,respiratory-therapist-per-diem-prn-harrisonburg-va,54.43,rt
Hartfield,respiratory-therapist-per-diem-prn-hartfield-va,49.31,rt
Hartford,respiratory-therapist-per-diem-prn-hartford-ct,51.59,rt
Hartford,respiratory-therapist-per-diem-prn-hartford-vt,52.73,rt
Hartland,respiratory-therapist-per-diem-prn-hartland-me,53.92,rt
Harvey,respiratory-therapist-per-diem-prn-harvey-il,51.59,rt
Harvey,respiratory-therapist-per-diem-prn-harvey-la,51.82,rt
Harwich,respiratory-therapist-per-diem-prn-harwich-ma,50.14,rt
Haskell,respiratory-therapist-per-diem-prn-haskell-tx,50.14,rt
Hastings FL,respiratory-therapist-per-diem-prn-hastings-fl,50.14,rt
Hastings NE,respiratory-therapist-per-diem-prn-hastings-ne,51.11,rt
Hattiesburg,respiratory-therapist-per-diem-prn-hattiesburg-ms,51.11,rt
Havana,respiratory-therapist-per-diem-prn-havana-fl,51.76,rt
Haverford,respiratory-therapist-per-diem-prn-haverford-pa,50.82,rt
Haverhill FL,respiratory-therapist-per-diem-prn-haverhill-fl,51.76,rt
Haverhill MA,respiratory-therapist-per-diem-prn-haverhill-ma,51.76,rt
Havre,respiratory-therapist-per-diem-prn-havre-mt,49.71,rt
Havre De Grace MD,respiratory-therapist-per-diem-prn-havre-de-grace-md,49.71,rt
Hawkins,respiratory-therapist-per-diem-prn-hawkins-tx,49.71,rt
Hawthorne,respiratory-therapist-per-diem-prn-hawthorne-ca,48.74,rt
Hawthorne,respiratory-therapist-per-diem-prn-hawthorne-f-nv,48.74,rt
Hawthorne,respiratory-therapist-per-diem-prn-hawthorne-nv,50.61,rt
Hawthorne FL,respiratory-therapist-per-diem-prn-hawthorne-fl,48.74,rt
Haxtun,respiratory-therapist-per-diem-prn-haxtun-co,48.33,rt
Hayden,respiratory-therapist-per-diem-prn-hayden-id,53.77,rt
Hayesville,respiratory-therapist-per-diem-prn-hayesville-or,49.11,rt
Haymarket,respiratory-therapist-per-diem-prn-haymarket-va,50.08,rt
Hays KS,respiratory-therapist-per-diem-prn-hays-ks,52.94,rt
Hayward CA,respiratory-therapist-per-diem-prn-hayward-ca,48.74,rt
Hayward WI,respiratory-therapist-per-diem-prn-hayward-wi,47.34,rt
Hazard,respiratory-therapist-per-diem-prn-hazard-ky,53.77,rt
Hazel Crest,respiratory-therapist-per-diem-prn-hazel-crest-il,53.77,rt
Hazelwood,respiratory-therapist-per-diem-prn-hazelwood-mo,48.98,rt
Hazleton,respiratory-therapist-per-diem-prn-hazleton-pa,49.73,rt
Hearne,respiratory-therapist-per-diem-prn-hearne-tx,53.77,rt
Heartland,respiratory-therapist-per-diem-prn-heartland-tx,49.42,rt
Heath,respiratory-therapist-per-diem-prn-heath-tx,47.08,rt
Hebbronville,respiratory-therapist-per-diem-prn-hebbronville-tx,51.74,rt
Heber City,respiratory-therapist-per-diem-prn-heber-city-ut,51.74,rt
Hebron,respiratory-therapist-per-diem-prn-hebron-ne,50.08,rt
Helena MT,respiratory-therapist-per-diem-prn-helena-mt,52.38,rt
Helena OR,respiratory-therapist-per-diem-prn-helena-or,50.14,rt
Helper,respiratory-therapist-per-diem-prn-helper-ut,50.14,rt
Hemet CA,respiratory-therapist-per-diem-prn-hemet-ca,55.73,rt
Hemphill,respiratory-therapist-per-diem-prn-hemphill-tx,55.73,rt
Hempstead,respiratory-therapist-per-diem-prn-hempstead-tx,55.73,rt
Hempstead town,respiratory-therapist-per-diem-prn-hempstead-town-ny,53.26,rt
Henderson,respiratory-therapist-per-diem-prn-henderson-ky,50.92,rt
Henderson Green Valley Ranch,respiratory-therapist-per-diem-prn-henderson-green-valley-ranch-nv,49.11,rt
Henderson Midway,respiratory-therapist-per-diem-prn-henderson-midway-nv,52.73,rt
Henderson NV,respiratory-therapist-per-diem-prn-henderson-nv,49.11,rt
Henderson Pittmann,respiratory-therapist-per-diem-prn-henderson-pittman-nv,49.73,rt
Henderson Silverado Ranch,respiratory-therapist-per-diem-prn-henderson-silverado-ranch-nv,49.78,rt
Henderson TX,respiratory-therapist-per-diem-prn-henderson-tx,48.54,rt
Hendersonville,respiratory-therapist-per-diem-prn-hendersonville-nc,48.54,rt
Hendersonville,respiratory-therapist-per-diem-prn-hendersonville-tn,48.54,rt
Henrietta,respiratory-therapist-per-diem-prn-henrietta-tx,50.61,rt
Heppner,respiratory-therapist-per-diem-prn-heppner-or,48.74,rt
Hereford AZ,respiratory-therapist-per-diem-prn-hereford-az,53.77,rt
Hereford TX,respiratory-therapist-per-diem-prn-hereford-tx,53.77,rt
Hermiston,respiratory-therapist-per-diem-prn-hermiston-or,49.09,rt
Hermitage,respiratory-therapist-per-diem-prn-hermitage-tn,52.94,rt
Hernando,respiratory-therapist-per-diem-prn-hernando-fl,52.75,rt
Herriman,respiratory-therapist-per-diem-prn-herriman-ut,47.34,rt
Hersey,respiratory-therapist-per-diem-prn-hersey-mi,49.26,rt
Hettinger,respiratory-therapist-per-diem-prn-hettinger-nd,52.39,rt
Hewitt,respiratory-therapist-per-diem-prn-hewitt-tx,49.02,rt
Hialeah FL,respiratory-therapist-per-diem-prn-hialeah-fl,49.02,rt
Hialeah Gardens,respiratory-therapist-per-diem-prn-hialeah-gardens-fl,49.02,rt
Hickory,respiratory-therapist-per-diem-prn-hickory-nc,48.43,rt
Hico,respiratory-therapist-per-diem-prn-hico-tx,52.59,rt
High Point,respiratory-therapist-per-diem-prn-high-point-nc,54.78,rt
High Springs,respiratory-therapist-per-diem-prn-high-springs-fl,51.59,rt
Highland,respiratory-therapist-per-diem-prn-highland-ut,58.06,rt
Highland Village,respiratory-therapist-per-diem-prn-highland-village-tx,58.06,rt
Highlands Ranch CO,respiratory-therapist-per-diem-prn-highlands-ranch-co,48.74,rt
Hill AFB,respiratory-therapist-per-diem-prn-hill-afb-ut,51.76,rt
Hilliard,respiratory-therapist-per-diem-prn-hilliard-fl,51.76,rt
Hilliard,respiratory-therapist-per-diem-prn-hilliard-oh,54.87,rt
Hillsboro OR,respiratory-therapist-per-diem-prn-hillsboro-or,48.79,rt
Hillsboro TX,respiratory-therapist-per-diem-prn-hillsboro-tx,51.98,rt
Hillsborough NJ,respiratory-therapist-per-diem-prn-hillsborough-nj,51.98,rt
Hillsdale,respiratory-therapist-per-diem-prn-hillsdale-mi,47.79,rt
Hillside IL,respiratory-therapist-per-diem-prn-hillside-il,50.14,rt
Hilo,respiratory-therapist-per-diem-prn-hilo-hi,49.31,rt
Hilton Head Island,respiratory-therapist-per-diem-prn-hilton-head-island-sc,50.31,rt
Hinesville,respiratory-therapist-per-diem-prn-hinesville-ga,52.75,rt
Hitchcock,respiratory-therapist-per-diem-prn-hitchcock-tx,48.74,rt
Hixson,respiratory-therapist-per-diem-prn-hixson-tn,50.61,rt
Hobart,respiratory-therapist-per-diem-prn-hobart-in,50.61,rt
Hobbs,respiratory-therapist-per-diem-prn-hobbs-nm,52.89,rt
Hobe Sound,respiratory-therapist-per-diem-prn-hobe-sound-fl,50.61,rt
Hoffman Estates,respiratory-therapist-per-diem-prn-hoffman-estates-il,48.98,rt
Holbrook,respiratory-therapist-per-diem-prn-holbrook-az,48.33,rt
Holdrege,respiratory-therapist-per-diem-prn-holdrege-ne,48.33,rt
Holiday,respiratory-therapist-per-diem-prn-holiday-fl,48.33,rt
Holladay,respiratory-therapist-per-diem-prn-holladay-ut,50.08,rt
Holland,respiratory-therapist-per-diem-prn-holland-oh,52.33,rt
Holly,respiratory-therapist-per-diem-prn-holly-co,50.08,rt
Holly Hill,respiratory-therapist-per-diem-prn-holly-hill-fl,50.08,rt
Holly Springs,respiratory-therapist-per-diem-prn-holly-springs-nc,48.58,rt
Hollywood,respiratory-therapist-per-diem-prn-hollywood-fl,49.09,rt
Holmdel,respiratory-therapist-per-diem-prn-holmdel-nj,49.09,rt
Holstein,respiratory-therapist-per-diem-prn-holstein-ia,52.94,rt
Holyoke CO,respiratory-therapist-per-diem-prn-holyoke-co,45.79,rt
Holyoke MA,respiratory-therapist-per-diem-prn-holyoke-ma,51.76,rt
Homedale,respiratory-therapist-per-diem-prn-homedale-id,52.38,rt
Homestead,respiratory-therapist-per-diem-prn-homestead-fl,48.74,rt
Homewood,respiratory-therapist-per-diem-prn-homewood-al,49.69,rt
Homosassa,respiratory-therapist-per-diem-prn-homosassa-fl,52.94,rt
Hondo,respiratory-therapist-per-diem-prn-hondo-tx,50.14,rt
Honey Grove,respiratory-therapist-per-diem-prn-honey-grove-tx,47.08,rt
Honokaa,respiratory-therapist-per-diem-prn-honokaa-hi,51.11,rt
Honolulu,respiratory-therapist-per-diem-prn-honolulu-hi,52.38,rt
Hood River OR,respiratory-therapist-per-diem-prn-hood-river-or,49.11,rt
Hoover,respiratory-therapist-per-diem-prn-hoover-al-b1c00,49.11,rt
Hope,respiratory-therapist-per-diem-prn-hope-nj,54.66,rt
Hopedale,respiratory-therapist-per-diem-prn-hopedale-ma,49.11,rt
Hopewell,respiratory-therapist-per-diem-prn-hopewell-va,49.11,rt
Hopkinsville,respiratory-therapist-per-diem-prn-hopkinsville-ky,50.73,rt
Horizon City,respiratory-therapist-per-diem-prn-horizon-city-tx,53.77,rt
Horizon West,respiratory-therapist-per-diem-prn-horizon-west-fl,54.82,rt
Horn Lake,respiratory-therapist-per-diem-prn-horn-lake-ms,51.31,rt
Horseshoe Bay,respiratory-therapist-per-diem-prn-horseshoe-bay-tx,53.77,rt
Horsham,respiratory-therapist-per-diem-prn-horsham-pa,49.66,rt
Hosford,respiratory-therapist-per-diem-prn-hosford-fl,51.74,rt
Hot Springs,respiratory-therapist-per-diem-prn-hot-springs-ar,51.75,rt
Hot Springs,respiratory-therapist-per-diem-prn-hot-springs-mt,45.79,rt
Hot Springs,respiratory-therapist-per-diem-prn-hot-springs-sd,52.94,rt
Houma,respiratory-therapist-per-diem-prn-houma-la,51.33,rt
Houston,respiratory-therapist-per-diem-prn-houston-tx,51.78,rt
Houston Kingwood,respiratory-therapist-per-diem-prn-houston-kingwood-tx,53.82,rt
Houston Northside,respiratory-therapist-per-diem-prn-houston-northside-tx,51.92,rt
Houston Southeast Houston,respiratory-therapist-per-diem-prn-houston-southeast-houston-tx,53.75,rt
Houston Westside,respiratory-therapist-per-diem-prn-houston-westside-tx,48.54,rt
Howey In The Hills,respiratory-therapist-per-diem-prn-howey-in-the-hills-fl,48.54,rt
Huber Heights,respiratory-therapist-per-diem-prn-huber-heights-oh,54.67,rt
Hudson,respiratory-therapist-per-diem-prn-hudson-nh,52.58,rt
Hudson FL,respiratory-therapist-per-diem-prn-hudson-fl,55.73,rt
Hudson NY,respiratory-therapist-per-diem-prn-hudson-ny,50.08,rt
Hudson OH,respiratory-therapist-per-diem-prn-hudson-oh,52.65,rt
Huffman,respiratory-therapist-per-diem-prn-huffman-tx,48.74,rt
Hughes Springs,respiratory-therapist-per-diem-prn-hughes-springs-tx,51.59,rt
Hugo,respiratory-therapist-per-diem-prn-hugo-co,51.59,rt
Hull,respiratory-therapist-per-diem-prn-hull-tx,51.76,rt
Humble,respiratory-therapist-per-diem-prn-humble-tx,50.61,rt
Humble Iah / Airport Area,respiratory-therapist-per-diem-prn-humble-iah-airport-area-tx,51.78,rt
Humboldt,respiratory-therapist-per-diem-prn-humboldt-tn,47.99,rt
Huntersville,respiratory-therapist-per-diem-prn-huntersville-nc,54.95,rt
Huntington,respiratory-therapist-per-diem-prn-huntington-ny,53.67,rt
Huntington,respiratory-therapist-per-diem-prn-huntington-tx,47.79,rt
Huntington,respiratory-therapist-per-diem-prn-huntington-wv,48.11,rt
Huntington Beach,respiratory-therapist-per-diem-prn-huntington-beach-ca,52.43,rt
Huntsville,respiratory-therapist-per-diem-prn-huntsville-al,51.11,rt
Huntsville TX,respiratory-therapist-per-diem-prn-huntsville-tx,47.79,rt
Huntsville UT,respiratory-therapist-per-diem-prn-huntsville-ut,47.08,rt
Huron,respiratory-therapist-per-diem-prn-huron-sd,51.11,rt
Hurricane UT,respiratory-therapist-per-diem-prn-hurricane-ut,54.19,rt
Hurst,respiratory-therapist-per-diem-prn-hurst-tx,50.14,rt
Hutchinson,respiratory-therapist-per-diem-prn-hutchinson-ks,50.73,rt
Hutto,respiratory-therapist-per-diem-prn-hutto-tx,52.38,rt
Hyannis,respiratory-therapist-per-diem-prn-hyannis-ma,51.11,rt
Hyattsville,respiratory-therapist-per-diem-prn-hyattsville-md,47.34,rt
Hyrum,respiratory-therapist-per-diem-prn-hyrum-ut,48.74,rt
Idaho Falls,respiratory-therapist-per-diem-prn-idaho-falls-id,48.74,rt
Idaho Springs,respiratory-therapist-per-diem-prn-idaho-springs-co,48.74,rt
Idalou,respiratory-therapist-per-diem-prn-idalou-tx,48.74,rt
Idleyld Park,respiratory-therapist-per-diem-prn-idleyld-park-or,48.74,rt
Ignacio,respiratory-therapist-per-diem-prn-ignacio-co,48.79,rt
Immokalee,respiratory-therapist-per-diem-prn-immokalee-fl,49.42,rt
Incline Village,respiratory-therapist-per-diem-prn-incline-village-nv,52.94,rt
Independence,respiratory-therapist-per-diem-prn-independence-ky,50.89,rt
Independence MO,respiratory-therapist-per-diem-prn-independence-mo,48.33,rt
Independence OR,respiratory-therapist-per-diem-prn-independence-or,52.75,rt
Indian Harbour Beach,respiratory-therapist-per-diem-prn-indian-harbour-beach-fl,52.75,rt
Indian Trail,respiratory-therapist-per-diem-prn-indian-trail-nc,48.33,rt
Indianapolis,respiratory-therapist-per-diem-prn-indianapolis-in,52.75,rt
Indianapolis Downtown,respiratory-therapist-per-diem-prn-indianapolis-downtown-in,52.26,rt
Indianola,respiratory-therapist-per-diem-prn-indianola-ia,52.39,rt
Indiantown,respiratory-therapist-per-diem-prn-indiantown-fl,52.39,rt
Inglewood,respiratory-therapist-per-diem-prn-inglewood-ca-38c5b,47.34,rt
Inglis,respiratory-therapist-per-diem-prn-inglis-fl,51.11,rt
Inland Empire,respiratory-therapist-per-diem-prn-inland-empire-ca,47.99,rt
Interlachen,respiratory-therapist-per-diem-prn-interlachen-fl,45.79,rt
Inver Grove Heights,respiratory-therapist-per-diem-prn-inver-grove-heights-mn,50.11,rt
Inverness,respiratory-therapist-per-diem-prn-inverness-fl,50.14,rt
Inwood,respiratory-therapist-per-diem-prn-inwood-ia,55.73,rt
Ione,respiratory-therapist-per-diem-prn-ione-or,47.08,rt
Iowa City IA,respiratory-therapist-per-diem-prn-iowa-city-ia,51.76,rt
Iowa Park,respiratory-therapist-per-diem-prn-iowa-park-tx,51.76,rt
Iraan,respiratory-therapist-per-diem-prn-iraan-tx,52.38,rt
Irene,respiratory-therapist-per-diem-prn-irene-sd,52.94,rt
Irrigon,respiratory-therapist-per-diem-prn-irrigon-or,49.31,rt
Irvine,respiratory-therapist-per-diem-prn-irvine-ca,51.98,rt
Irving,respiratory-therapist-per-diem-prn-irving-tx,49.31,rt
Island City,respiratory-therapist-per-diem-prn-island-city-or,49.31,rt
Islip,respiratory-therapist-per-diem-prn-islip-ny,53.75,rt
Issaquah,respiratory-therapist-per-diem-prn-issaquah-wa,50.08,rt
Italy,respiratory-therapist-per-diem-prn-italy-tx,45.79,rt
Itasca,respiratory-therapist-per-diem-prn-itasca-tx,50.14,rt
Iva,respiratory-therapist-per-diem-prn-iva-sc,51.11,rt
Ivins,respiratory-therapist-per-diem-prn-ivins-ut,53.77,rt
Jacinto City,respiratory-therapist-per-diem-prn-jacinto-city-tx,51.76,rt
Jackpot,respiratory-therapist-per-diem-prn-jackpot-nv,51.76,rt
Jacksboro,respiratory-therapist-per-diem-prn-jacksboro-tx,51.76,rt
Jackson,respiratory-therapist-per-diem-prn-jackson-ms,50.61,rt
Jackson,respiratory-therapist-per-diem-prn-jackson-tn,51.59,rt
Jackson,respiratory-therapist-per-diem-prn-jackson-wy,50.66,rt
Jacksonville,respiratory-therapist-per-diem-prn-jacksonville-ar,51.65,rt
Jacksonville,respiratory-therapist-per-diem-prn-jacksonville-nc,54.89,rt
Jacksonville Beach,respiratory-therapist-per-diem-prn-jacksonville-beach-fl,51.59,rt
Jacksonville Englewood,respiratory-therapist-per-diem-prn-jacksonville-englewood-fl,52.66,rt
Jacksonville FL,respiratory-therapist-per-diem-prn-jacksonville-fl,51.59,rt
Jacksonville TX,respiratory-therapist-per-diem-prn-jacksonville-tx,47.79,rt
Janesville,respiratory-therapist-per-diem-prn-janesville-wi,51.11,rt
Jarrell,respiratory-therapist-per-diem-prn-jarrell-tx,51.11,rt
Jasper FL,respiratory-therapist-per-diem-prn-jasper-fl,51.11,rt
Jasper TX,respiratory-therapist-per-diem-prn-jasper-tx,48.46,rt
Jay,respiratory-therapist-per-diem-prn-jay-fl,48.46,rt
Jay,respiratory-therapist-per-diem-prn-jay-ok,47.99,rt
Jayton,respiratory-therapist-per-diem-prn-jayton-tx,47.99,rt
Jbsa Ft Sam Houston,respiratory-therapist-per-diem-prn-jbsa-ft-sam-houston-tx,54.19,rt
Jbsa Lackland,respiratory-therapist-per-diem-prn-jbsa-lackland-tx,48.33,rt
Jbsa Randolph,respiratory-therapist-per-diem-prn-jbsa-randolph-tx,47.08,rt
Jefferson,respiratory-therapist-per-diem-prn-jefferson-tx,51.74,rt
Jefferson City,respiratory-therapist-per-diem-prn-jefferson-city-mo,49.65,rt
Jeffersontown,respiratory-therapist-per-diem-prn-jeffersontown-ky,50.82,rt
Jeffersonville,respiratory-therapist-per-diem-prn-jeffersonville-in,49.82,rt
Jena,respiratory-therapist-per-diem-prn-jena-la,50.08,rt
Jenks,respiratory-therapist-per-diem-prn-jenks-ok,49.31,rt
Jensen Beach,respiratory-therapist-per-diem-prn-jensen-beach-fl,52.38,rt
Jericho,respiratory-therapist-per-diem-prn-jericho-vt,53.69,rt
Jerome,respiratory-therapist-per-diem-prn-jerome-id,47.58,rt
Jersey City,respiratory-therapist-per-diem-prn-jersey-city-nj,51.11,rt
Jersey Village,respiratory-therapist-per-diem-prn-jersey-village-tx,55.73,rt
Jetmore KS,respiratory-therapist-per-diem-prn-jetmore-ks,45.79,rt
John Day,respiratory-therapist-per-diem-prn-john-day-or,47.79,rt
Johns Creek,respiratory-therapist-per-diem-prn-johns-creek-ga,52.26,rt
Johnson City TN,respiratory-therapist-per-diem-prn-johnson-city-tn,47.79,rt
Johnson City TX,respiratory-therapist-per-diem-prn-johnson-city-tx,52.75,rt
Johnston,respiratory-therapist-per-diem-prn-johnston-ri,51.11,rt
Johnston IA,respiratory-therapist-per-diem-prn-johnston-ia,53.75,rt
Johnstown,respiratory-therapist-per-diem-prn-johnstown-co,52.94,rt
Joliet,respiratory-therapist-per-diem-prn-joliet-il,48.31,rt
Jones,respiratory-therapist-per-diem-prn-jones-ok,49.09,rt
Jonesboro,respiratory-therapist-per-diem-prn-jonesboro-ar,50.95,rt
Jonestown,respiratory-therapist-per-diem-prn-jonestown-tx,49.31,rt
Joplin,respiratory-therapist-per-diem-prn-joplin-mo,49.73,rt
Joseph,respiratory-therapist-per-diem-prn-joseph-or,49.31,rt
Joshua,respiratory-therapist-per-diem-prn-joshua-tx,49.31,rt
Jourdanton,respiratory-therapist-per-diem-prn-jourdanton-tx,51.59,rt
Julesburg,respiratory-therapist-per-diem-prn-julesburg-co,52.75,rt
Junction,respiratory-therapist-per-diem-prn-junction-tx,47.34,rt
Junction City,respiratory-therapist-per-diem-prn-junction-city-ks,50.66,rt
Junction City,respiratory-therapist-per-diem-prn-junction-city-or,52.75,rt
Juneau,respiratory-therapist-per-diem-prn-juneau-ak,50.61,rt
Juno Beach,respiratory-therapist-per-diem-prn-juno-beach-fl,49.09,rt
Jupiter,respiratory-therapist-per-diem-prn-jupiter-fl,48.79,rt
Jupiter Abacoa,respiratory-therapist-per-diem-prn-jupiter-abacoa-fl,52.87,rt
Justin,respiratory-therapist-per-diem-prn-justin-tx,47.08,rt
Kahului,respiratory-therapist-per-diem-prn-kahului-hi,54.69,rt
Kailua CDP,respiratory-therapist-per-diem-prn-kailua-cdp-hi,54.33,rt
Kalamazoo,respiratory-therapist-per-diem-prn-kalamazoo-mi,48.67,rt
Kalifornsky,respiratory-therapist-per-diem-prn-kalifornsky-ak,50.65,rt
Kalispell,respiratory-therapist-per-diem-prn-kalispell-mt,51.33,rt
Kamas,respiratory-therapist-per-diem-prn-kamas-ut,49.02,rt
Kamuela,respiratory-therapist-per-diem-prn-kamuela-hi,52.38,rt
Kanab,respiratory-therapist-per-diem-prn-kanab-ut,55.73,rt
Kane,respiratory-therapist-per-diem-prn-kane-pa,52.94,rt
Kaneohe,respiratory-therapist-per-diem-prn-kaneohe-hi,54.65,rt
Kannapolis,respiratory-therapist-per-diem-prn-kannapolis-nc,48.26,rt
Kanosh,respiratory-therapist-per-diem-prn-kanosh-ut,47.58,rt
Kansas City KS,respiratory-therapist-per-diem-prn-kansas-city-ks,47.58,rt
Kansas City MO,respiratory-therapist-per-diem-prn-kansas-city-mo,45.79,rt
Kapolei,respiratory-therapist-per-diem-prn-kapolei-hi,54.73,rt
Karnes City,respiratory-therapist-per-diem-prn-karnes-city-tx,45.79,rt
Katy,respiratory-therapist-per-diem-prn-katy-tx,45.79,rt
Kaufman,respiratory-therapist-per-diem-prn-kaufman-tx,47.79,rt
Kayenta,respiratory-therapist-per-diem-prn-kayenta-az,47.79,rt
Kaysville,respiratory-therapist-per-diem-prn-kaysville-ut,48.33,rt
Kealakekua,respiratory-therapist-per-diem-prn-kealakekua-hi,48.33,rt
Kearney,respiratory-therapist-per-diem-prn-kearney-ne,51.69,rt
Kearns,respiratory-therapist-per-diem-prn-kearns-ut,48.33,rt
Kearny,respiratory-therapist-per-diem-prn-kearny-az,48.33,rt
Kearny,respiratory-therapist-per-diem-prn-kearny-nj,48.33,rt
Keene,respiratory-therapist-per-diem-prn-keene-nh,52.33,rt
Keene,respiratory-therapist-per-diem-prn-keene-tx,53.77,rt
Keizer,respiratory-therapist-per-diem-prn-keizer-or,53.77,rt
Keller,respiratory-therapist-per-diem-prn-keller-tx,53.77,rt
Kellogg,respiratory-therapist-per-diem-prn-kellogg-id,48.54,rt
Kelso WA,respiratory-therapist-per-diem-prn-kelso-wa,48.54,rt
Kemp,respiratory-therapist-per-diem-prn-kemp-tx,48.54,rt
Ken Caryl,respiratory-therapist-per-diem-prn-ken-caryl-co,53.31,rt
Kenansville,respiratory-therapist-per-diem-prn-kenansville-nc,48.54,rt
Kendale Lakes,respiratory-therapist-per-diem-prn-kendale-lakes-fl,54.73,rt
Kendall,respiratory-therapist-per-diem-prn-kendall-fl,54.78,rt
Kendall West,respiratory-therapist-per-diem-prn-kendall-west-fl,54.69,rt
Kendrick,respiratory-therapist-per-diem-prn-kendrick-id,50.61,rt
Kenedy,respiratory-therapist-per-diem-prn-kenedy-tx,51.11,rt
Kennard,respiratory-therapist-per-diem-prn-kennard-tx,51.59,rt
Kennedale,respiratory-therapist-per-diem-prn-kennedale-tx,51.59,rt
Kenner,respiratory-therapist-per-diem-prn-kenner-la,51.43,rt
Kennesaw,respiratory-therapist-per-diem-prn-kennesaw-ga,52.31,rt
Kenneth City,respiratory-therapist-per-diem-prn-kenneth-city-fl,51.59,rt
Kennewick,respiratory-therapist-per-diem-prn-kennewick-wa,54.95,rt
Kenosha,respiratory-therapist-per-diem-prn-kenosha-wi,49.31,rt
Kent,respiratory-therapist-per-diem-prn-kent-oh,53.11,rt
Kent,respiratory-therapist-per-diem-prn-kent-wa,54.82,rt
Kentwood,respiratory-therapist-per-diem-prn-kentwood-mi,49.57,rt
Keosauqua,respiratory-therapist-per-diem-prn-keosauqua-ia,47.08,rt
Kerens,respiratory-therapist-per-diem-prn-kerens-tx,51.98,rt
Kermit,respiratory-therapist-per-diem-prn-kermit-tx,51.98,rt
Kerrville,respiratory-therapist-per-diem-prn-kerrville-tx,51.98,rt
Ketchikan,respiratory-therapist-per-diem-prn-ketchikan-ak,50.67,rt
Ketchum,respiratory-therapist-per-diem-prn-ketchum-id,52.94,rt
Kettering,respiratory-therapist-per-diem-prn-kettering-oh,48.57,rt
Kewaunee,respiratory-therapist-per-diem-prn-kewaunee-wi,52.38,rt
Key Biscayne,respiratory-therapist-per-diem-prn-key-biscayne-fl,47.79,rt
Key Largo,respiratory-therapist-per-diem-prn-key-largo-fl,50.08,rt
Key West,respiratory-therapist-per-diem-prn-key-west-fl,52.94,rt
Keystone Heights,respiratory-therapist-per-diem-prn-keystone-heights-fl,50.14,rt
Kihei,respiratory-therapist-per-diem-prn-kihei-hi,54.82,rt
Kilgore,respiratory-therapist-per-diem-prn-kilgore-tx,50.14,rt
Killeen,respiratory-therapist-per-diem-prn-killeen-tx,47.08,rt
Kimberly,respiratory-therapist-per-diem-prn-kimberly-id,55.73,rt
Kinder,respiratory-therapist-per-diem-prn-kinder-la,54.19,rt
King City,respiratory-therapist-per-diem-prn-king-city-ca,51.11,rt
Kingman,respiratory-therapist-per-diem-prn-kingman-az,45.79,rt
Kingsland,respiratory-therapist-per-diem-prn-kingsland-tx,49.09,rt
Kingsport,respiratory-therapist-per-diem-prn-kingsport-tn,52.94,rt
Kingsville,respiratory-therapist-per-diem-prn-kingsville-tx,49.42,rt
Kingwood,respiratory-therapist-per-diem-prn-kingwood-tx,49.42,rt
Kiowa,respiratory-therapist-per-diem-prn-kiowa-co,49.42,rt
Kirby,respiratory-therapist-per-diem-prn-kirby-tx,47.34,rt
Kirbyville,respiratory-therapist-per-diem-prn-kirbyville-tx,51.76,rt
Kirkland,respiratory-therapist-per-diem-prn-kirkland-wa,54.89,rt
Kirkwood,respiratory-therapist-per-diem-prn-kirkwood-mo,49.75,rt
Kissimmee,respiratory-therapist-per-diem-prn-kissimmee-fl,48.33,rt
Kit Carson,respiratory-therapist-per-diem-prn-kit-carson-co,47.08,rt
Kittery,respiratory-therapist-per-diem-prn-kittery-me,47.58,rt
Klamath Falls OR,respiratory-therapist-per-diem-prn-klamath-falls-or,58.06,rt
Knik-Fairview,respiratory-therapist-per-diem-prn-knik-fairview-ak,50.75,rt
Knox City,respiratory-therapist-per-diem-prn-knox-city-tx,58.06,rt
Knoxville,respiratory-therapist-per-diem-prn-knoxville-tn,51.57,rt
Knoxville IA,respiratory-therapist-per-diem-prn-knoxville-ia,58.06,rt
Knoxville IL,respiratory-therapist-per-diem-prn-knoxville-il,52.06,rt
Kokomo,respiratory-therapist-per-diem-prn-kokomo-in,49.65,rt
Kooskia,respiratory-therapist-per-diem-prn-kooskia-id,52.06,rt
Kountze,respiratory-therapist-per-diem-prn-kountze-tx,51.11,rt
Kremmling,respiratory-therapist-per-diem-prn-kremmling-co,49.31,rt
Krum,respiratory-therapist-per-diem-prn-krum-tx,50.61,rt
Kuna,respiratory-therapist-per-diem-prn-kuna-id,50.14,rt
Kyle,respiratory-therapist-per-diem-prn-kyle-tx,50.08,rt
La Crosse,respiratory-therapist-per-diem-prn-la-crosse-wi,49.43,rt
La Feria,respiratory-therapist-per-diem-prn-la-feria-tx,55.73,rt
La Grande,respiratory-therapist-per-diem-prn-la-grande-or,48.46,rt
La Grange,respiratory-therapist-per-diem-prn-la-grange-il,52.75,rt
La Grange,respiratory-therapist-per-diem-prn-la-grange-tx,52.75,rt
La Grange Park,respiratory-therapist-per-diem-prn-la-grange-park-il,52.75,rt
La Honda,respiratory-therapist-per-diem-prn-la-honda-ca,53.77,rt
La Jara,respiratory-therapist-per-diem-prn-la-jara-co,50.14,rt
La Joya,respiratory-therapist-per-diem-prn-la-joya-tx,51.59,rt
La Junta,respiratory-therapist-per-diem-prn-la-junta-co,52.59,rt
La Marque,respiratory-therapist-per-diem-prn-la-marque-tx,48.79,rt
La Mesa,respiratory-therapist-per-diem-prn-la-mesa-ca,53.06,rt
La Pine,respiratory-therapist-per-diem-prn-la-pine-or,45.79,rt
La Place,respiratory-therapist-per-diem-prn-la-place-la,51.76,rt
La Porte,respiratory-therapist-per-diem-prn-la-porte-tx,49.71,rt
La Pryor,respiratory-therapist-per-diem-prn-la-pryor-tx,47.58,rt
La Tuna,respiratory-therapist-per-diem-prn-la-tuna-tx,50.14,rt
La Vergne,respiratory-therapist-per-diem-prn-la-vergne-tn,51.73,rt
La Vernia,respiratory-therapist-per-diem-prn-la-vernia-tx,49.02,rt
La Vista,respiratory-therapist-per-diem-prn-la-vista-ne,51.82,rt
Labelle,respiratory-therapist-per-diem-prn-labelle-fl,50.08,rt
Lacey,respiratory-therapist-per-diem-prn-lacey-wa,52.94,rt
Lady Lake,respiratory-therapist-per-diem-prn-lady-lake-fl,48.33,rt
Lafayette,respiratory-therapist-per-diem-prn-lafayette-co,55.98,rt
Lafayette,respiratory-therapist-per-diem-prn-lafayette-in,49.43,rt
Lafayette LA,respiratory-therapist-per-diem-prn-lafayette-la,51.11,rt
LaGrange,respiratory-therapist-per-diem-prn-lagrange-ga,51.95,rt
Lake Butler,respiratory-therapist-per-diem-prn-lake-butler-fl,48.54,rt
Lake Charles,respiratory-therapist-per-diem-prn-lake-charles-la,51.87,rt
Lake City CO,respiratory-therapist-per-diem-prn-lake-city-co,48.54,rt
Lake City FL,respiratory-therapist-per-diem-prn-lake-city-fl,47.99,rt
Lake Clarke Shores,respiratory-therapist-per-diem-prn-lake-clarke-shores-fl,47.99,rt
Lake Forest IL,respiratory-therapist-per-diem-prn-lake-forest-il,47.99,rt
Lake Havasu,respiratory-therapist-per-diem-prn-lake-havasu-az,47.34,rt
Lake Havasu City,respiratory-therapist-per-diem-prn-lake-havasu-city-az,47.34,rt
Lake Isabella,respiratory-therapist-per-diem-prn-lake-isabella-ca,51.74,rt
Lake Jackson,respiratory-therapist-per-diem-prn-lake-jackson-tx,50.08,rt
Lake Magdalene,respiratory-therapist-per-diem-prn-lake-magdalene-fl,54.67,rt
Lake Mary,respiratory-therapist-per-diem-prn-lake-mary-fl,52.38,rt
Lake Oswego,respiratory-therapist-per-diem-prn-lake-oswego-or,49.09,rt
Lake Park,respiratory-therapist-per-diem-prn-lake-park-fl,47.08,rt
Lake Placid,respiratory-therapist-per-diem-prn-lake-placid-fl,49.31,rt
Lake Ridge,respiratory-therapist-per-diem-prn-lake-ridge-va,54.65,rt
Lake Wales,respiratory-therapist-per-diem-prn-lake-wales-fl,49.31,rt
Lake Worth Beach,respiratory-therapist-per-diem-prn-lake-worth-beach-fl,54.11,rt
Lake Worth FL,respiratory-therapist-per-diem-prn-lake-worth-fl,49.31,rt
Lake Worth TX,respiratory-therapist-per-diem-prn-lake-worth-tx,45.79,rt
Lakeland,respiratory-therapist-per-diem-prn-lakeland-fl,50.08,rt
Lakeport,respiratory-therapist-per-diem-prn-lakeport-ca,52.59,rt
Lakeside AZ,respiratory-therapist-per-diem-prn-lakeside-az,52.59,rt
Lakeside FL,respiratory-therapist-per-diem-prn-lakeside-fl,54.58,rt
Lakeside TX,respiratory-therapist-per-diem-prn-lakeside-tx,53.77,rt
Lakeview,respiratory-therapist-per-diem-prn-lakeview-or,53.77,rt
Lakeville,respiratory-therapist-per-diem-prn-lakeville-mn,49.67,rt
Lakeway,respiratory-therapist-per-diem-prn-lakeway-tx,50.61,rt
Lakewood,respiratory-therapist-per-diem-prn-lakewood-ca,50.61,rt
Lakewood,respiratory-therapist-per-diem-prn-lakewood-nj,52.75,rt
Lakewood,respiratory-therapist-per-diem-prn-lakewood-oh,48.26,rt
Lakewood,respiratory-therapist-per-diem-prn-lakewood-wa,48.26,rt
Lakewood CO,respiratory-therapist-per-diem-prn-lakewood-co,50.61,rt
Lakewood Lasley,respiratory-therapist-per-diem-prn-lakewood-lasley-co,51.95,rt
Lakewood Marston Slopes,respiratory-therapist-per-diem-prn-lakewood-marston-slopes-co,49.31,rt
Lakewood Molholm/Two Creeks,respiratory-therapist-per-diem-prn-lakewood-molholm-two-creeks-co,49.57,rt
Lakewood Ranch,respiratory-therapist-per-diem-prn-lakewood-ranch-fl,52.75,rt
Lakota,respiratory-therapist-per-diem-prn-lakota-nd,52.75,rt
Lamar,respiratory-therapist-per-diem-prn-lamar-co,52.75,rt
Lamesa,respiratory-therapist-per-diem-prn-lamesa-tx,48.33,rt
Lampasas,respiratory-therapist-per-diem-prn-lampasas-tx,47.08,rt
Lancaster,respiratory-therapist-per-diem-prn-lancaster-ca,52.65,rt
Lancaster City,respiratory-therapist-per-diem-prn-lancaster-city-pa,50.98,rt
Lancaster NH,respiratory-therapist-per-diem-prn-lancaster-nh,53.06,rt
Lancaster OH,respiratory-therapist-per-diem-prn-lancaster-oh,51.11,rt
Lancaster TX,respiratory-therapist-per-diem-prn-lancaster-tx,55.73,rt
Lancaster WI,respiratory-therapist-per-diem-prn-lancaster-wi,54.19,rt
Land O Lakes,respiratory-therapist-per-diem-prn-land-o-lakes-fl,52.94,rt
Lander,respiratory-therapist-per-diem-prn-lander-wy,50.58,rt
Lansdale,respiratory-therapist-per-diem-prn-lansdale-pa,48.69,rt
Lansing MI,respiratory-therapist-per-diem-prn-lansing-mi,52.39,rt
Lantana,respiratory-therapist-per-diem-prn-lantana-fl,52.39,rt
Lapeer,respiratory-therapist-per-diem-prn-lapeer-mi,52.39,rt
Laplace,respiratory-therapist-per-diem-prn-laplace-la,51.65,rt
Laramie,respiratory-therapist-per-diem-prn-laramie-wy,48.79,rt
Laredo,respiratory-therapist-per-diem-prn-laredo-tx,48.79,rt
Largo,respiratory-therapist-per-diem-prn-largo-fl,48.79,rt
Las Animas,respiratory-therapist-per-diem-prn-las-animas-co,51.76,rt
Las Cruces,respiratory-therapist-per-diem-prn-las-cruces-nm,52.78,rt
Las Vegas,respiratory-therapist-per-diem-prn-las-vegas-nv,51.76,rt
Las Vegas Angel Park,respiratory-therapist-per-diem-prn-las-vegas-angel-park-nv,54.26,rt
Las Vegas Centennial Hills,respiratory-therapist-per-diem-prn-las-vegas-centennial-hills-nv,51.58,rt
Las Vegas Rancho Oakey,respiratory-therapist-per-diem-prn-las-vegas-rancho-oakey-nv,51.76,rt
Las Vegas Twin Lakes,respiratory-therapist-per-diem-prn-las-vegas-twin-lakes-nv,51.67,rt
Lauderdale Lakes,respiratory-therapist-per-diem-prn-lauderdale-lakes-fl,51.76,rt
Lauderhill,respiratory-therapist-per-diem-prn-lauderhill-fl,50.08,rt
Laughlin Afb,respiratory-therapist-per-diem-prn-laughlin-afb-tx,45.79,rt
Laurel,respiratory-therapist-per-diem-prn-laurel-md,53.06,rt
Lava Hot Springs,respiratory-therapist-per-diem-prn-lava-hot-springs-id,47.34,rt
Laveen,respiratory-therapist-per-diem-prn-laveen-az,52.38,rt
Lawrence,respiratory-therapist-per-diem-prn-lawrence-in,49.89,rt
Lawrence,respiratory-therapist-per-diem-prn-lawrence-ks,50.89,rt
Lawrence,respiratory-therapist-per-diem-prn-lawrence-ma,55.73,rt
Lawrenceburg,respiratory-therapist-per-diem-prn-lawrenceburg-in,49.71,rt
Lawrenceville,respiratory-therapist-per-diem-prn-lawrenceville-ga,51.98,rt
Lawton,respiratory-therapist-per-diem-prn-lawton-ok,52.59,rt
Layton,respiratory-therapist-per-diem-prn-layton-ut,51.11,rt
Le Mars,respiratory-therapist-per-diem-prn-le-mars-ia,52.75,rt
Leadville,respiratory-therapist-per-diem-prn-leadville-co,47.08,rt
League City,respiratory-therapist-per-diem-prn-league-city-tx,49.09,rt
Leakey,respiratory-therapist-per-diem-prn-leakey-tx,49.09,rt
Leander,respiratory-therapist-per-diem-prn-leander-tx,49.09,rt
Leavenworth,respiratory-therapist-per-diem-prn-leavenworth-ks,50.78,rt
Leavenworth,respiratory-therapist-per-diem-prn-leavenworth-wa,48.43,rt
Leawood,respiratory-therapist-per-diem-prn-leawood-ks,50.65,rt
Lebanon,respiratory-therapist-per-diem-prn-lebanon-7-nh,53.77,rt
Lebanon,respiratory-therapist-per-diem-prn-lebanon-oh,52.66,rt
Lebanon,respiratory-therapist-per-diem-prn-lebanon-or,48.46,rt
Lebanon,respiratory-therapist-per-diem-prn-lebanon-tn,51.69,rt
Lebanon City,respiratory-therapist-per-diem-prn-lebanon-city-pa,49.43,rt
Lecanto,respiratory-therapist-per-diem-prn-lecanto-fl,48.46,rt
Lee's Summit,respiratory-therapist-per-diem-prn-lee-s-summit-mo,48.43,rt
Lees Summit,respiratory-therapist-per-diem-prn-lees-summit-mo,45.79,rt
Leesburg FL,respiratory-therapist-per-diem-prn-leesburg-fl,48.33,rt
Leesburg VA,respiratory-therapist-per-diem-prn-leesburg-va,47.34,rt
Lehi UT,respiratory-therapist-per-diem-prn-lehi-ut,51.76,rt
Lehigh Acres,respiratory-therapist-per-diem-prn-lehigh-acres-fl,53.77,rt
Leland,respiratory-therapist-per-diem-prn-leland-nc,52.06,rt
Lenexa,respiratory-therapist-per-diem-prn-lenexa-ks,50.82,rt
Lenox,respiratory-therapist-per-diem-prn-lenox-ia,49.65,rt
Lenox,respiratory-therapist-per-diem-prn-lenox-ma,52.06,rt
Leonard,respiratory-therapist-per-diem-prn-leonard-tx,52.06,rt
Levelland,respiratory-therapist-per-diem-prn-levelland-tx,52.94,rt
Lewiston ID,respiratory-therapist-per-diem-prn-lewiston-id,52.94,rt
Lewiston ME,respiratory-therapist-per-diem-prn-lewiston-me,52.59,rt
Lewistown,respiratory-therapist-per-diem-prn-lewistown-mt,50.61,rt
Lewisville,respiratory-therapist-per-diem-prn-lewisville-tx,49.02,rt
Lexington OK,respiratory-therapist-per-diem-prn-lexington-ok,50.08,rt
Lexington SC,respiratory-therapist-per-diem-prn-lexington-sc,50.08,rt
Lexington-Fayette,respiratory-therapist-per-diem-prn-lexington-fayette-ky,50.43,rt
Libby,respiratory-therapist-per-diem-prn-libby-mt,50.08,rt
Liberty,respiratory-therapist-per-diem-prn-liberty-mo,49.58,rt
Liberty,respiratory-therapist-per-diem-prn-liberty-tx,52.75,rt
Lighthouse Point,respiratory-therapist-per-diem-prn-lighthouse-point-fl,52.75,rt
Lima,respiratory-therapist-per-diem-prn-lima-oh,54.66,rt
Limon,respiratory-therapist-per-diem-prn-limon-co,47.08,rt
Lincoln,respiratory-therapist-per-diem-prn-lincoln-ri,51.11,rt
Lincoln City,respiratory-therapist-per-diem-prn-lincoln-city-or,53.06,rt
Lincoln ME,respiratory-therapist-per-diem-prn-lincoln-me,52.38,rt
Lincoln NE,respiratory-therapist-per-diem-prn-lincoln-ne,45.79,rt
Lincoln Park,respiratory-therapist-per-diem-prn-lincoln-park-nj,51.74,rt
Lincolnshire IL,respiratory-therapist-per-diem-prn-lincolnshire-il,51.11,rt
Lindale,respiratory-therapist-per-diem-prn-lindale-tx,51.11,rt
Linden,respiratory-therapist-per-diem-prn-linden-tx,58.06,rt
Lindon UT,respiratory-therapist-per-diem-prn-lindon-ut,52.59,rt
Linthicum,respiratory-therapist-per-diem-prn-linthicum-md,52.59,rt
Linton Hall,respiratory-therapist-per-diem-prn-linton-hall-va,54.69,rt
Linwood,respiratory-therapist-per-diem-prn-linwood-nj,52.65,rt
Lisbon,respiratory-therapist-per-diem-prn-lisbon-nd,51.11,rt
Litchfield Park,respiratory-therapist-per-diem-prn-litchfield-park-az,50.08,rt
Little Elm,respiratory-therapist-per-diem-prn-little-elm-tx,58.06,rt
Little Falls,respiratory-therapist-per-diem-prn-little-falls-ny,58.06,rt
Little Rock,respiratory-therapist-per-diem-prn-little-rock-ar,50.82,rt
Littlefield,respiratory-therapist-per-diem-prn-littlefield-tx,49.09,rt
Littleton CO,respiratory-therapist-per-diem-prn-littleton-co,49.71,rt
Littleton NH,respiratory-therapist-per-diem-prn-littleton-nh,49.71,rt
Live Oak FL,respiratory-therapist-per-diem-prn-live-oak-fl,49.71,rt
Live Oak TX,respiratory-therapist-per-diem-prn-live-oak-tx,51.76,rt
Livingston,respiratory-therapist-per-diem-prn-livingston-nj,47.08,rt
Livingston,respiratory-therapist-per-diem-prn-livingston-tx,52.06,rt
Livingston MT,respiratory-therapist-per-diem-prn-livingston-mt,52.94,rt
Livonia,respiratory-therapist-per-diem-prn-livonia-mi,52.06,rt
Llano,respiratory-therapist-per-diem-prn-llano-tx,52.06,rt
Lockhart,respiratory-therapist-per-diem-prn-lockhart-tx,48.79,rt
Lockney,respiratory-therapist-per-diem-prn-lockney-tx,48.79,rt
Logan,respiratory-therapist-per-diem-prn-logan-ut,48.79,rt
Lomita,respiratory-therapist-per-diem-prn-lomita-ca,49.09,rt
Londonderry,respiratory-therapist-per-diem-prn-londonderry-nh,52.43,rt
Lone Tree CO,respiratory-therapist-per-diem-prn-lone-tree-co,47.08,rt
Long Beach,respiratory-therapist-per-diem-prn-long-beach-ca,52.75,rt
Long Branch,respiratory-therapist-per-diem-prn-long-branch-nj,50.26,rt
Longmont,respiratory-therapist-per-diem-prn-longmont-co,55.73,rt
Longview Third Avenue,respiratory-therapist-per-diem-prn-longview-third-avenue-wa,53.58,rt
Longview TX,respiratory-therapist-per-diem-prn-longview-tx,45.79,rt
Longwood,respiratory-therapist-per-diem-prn-longwood-fl,50.61,rt
Lorain,respiratory-therapist-per-diem-prn-lorain-oh,48.43,rt
Lorton,respiratory-therapist-per-diem-prn-lorton-va,53.06,rt
Los Altos,respiratory-therapist-per-diem-prn-los-altos-ca,53.77,rt
Los Angeles CA,respiratory-therapist-per-diem-prn-los-angeles-ca,53.77,rt
Los Fresnos,respiratory-therapist-per-diem-prn-los-fresnos-tx,53.77,rt
Los Gatos,respiratory-therapist-per-diem-prn-los-gatos-ca,48.54,rt
Los Lunas,respiratory-therapist-per-diem-prn-los-lunas-nm,53.57,rt
Loudoun County,respiratory-therapist-per-diem-prn-loudoun-county-va,52.59,rt
Louisville CO,respiratory-therapist-per-diem-prn-louisville-co,53.76,rt
Louisville KY,respiratory-therapist-per-diem-prn-louisville-ky,52.38,rt
Louisville University,respiratory-therapist-per-diem-prn-louisville-university-ky,48.58,rt
Loup City,respiratory-therapist-per-diem-prn-loup-city-ne,50.08,rt
Loveland CO,respiratory-therapist-per-diem-prn-loveland-co,49.42,rt
Lovelock,respiratory-therapist-per-diem-prn-lovelock-nv,52.94,rt
Lowell,respiratory-therapist-per-diem-prn-lowell-ma,52.94,rt
Lower Macungie,respiratory-therapist-per-diem-prn-lower-macungie-pa,49.95,rt
Lower Makefield,respiratory-therapist-per-diem-prn-lower-makefield-pa,51.97,rt
Lower Merion,respiratory-therapist-per-diem-prn-lower-merion-pa,51.26,rt
Lower Paxton,respiratory-therapist-per-diem-prn-lower-paxton-pa,50.92,rt
Lower Providence,respiratory-therapist-per-diem-prn-lower-providence-pa,49.31,rt
Lower Towamensing Township,respiratory-therapist-per-diem-prn-lower-towamensing-township-pa,49.11,rt
Lowesville,respiratory-therapist-per-diem-prn-lowesville-va,52.94,rt
Lowville,respiratory-therapist-per-diem-prn-lowville-ny,49.09,rt
Loxahatchee,respiratory-therapist-per-diem-prn-loxahatchee-fl,54.19,rt
Lubbock,respiratory-therapist-per-diem-prn-lubbock-tx,55.73,rt
Luck,respiratory-therapist-per-diem-prn-luck-wi,52.67,rt
Lufkin,respiratory-therapist-per-diem-prn-lufkin-tx,50.08,rt
Luling,respiratory-therapist-per-diem-prn-luling-tx,47.08,rt
Lumberton,respiratory-therapist-per-diem-prn-lumberton-tx,47.99,rt
Lutherville,respiratory-therapist-per-diem-prn-lutherville-md,47.99,rt
Lutz,respiratory-therapist-per-diem-prn-lutz-fl,47.99,rt
Lynchburg,respiratory-therapist-per-diem-prn-lynchburg-va,54.66,rt
Lyndon,respiratory-therapist-per-diem-prn-lyndon-vt,53.33,rt
Lyndonville,respiratory-therapist-per-diem-prn-lyndonville-vt,47.99,rt
Lynn,respiratory-therapist-per-diem-prn-lynn-ma,53.95,rt
Lynn Haven,respiratory-therapist-per-diem-prn-lynn-haven-fl,45.79,rt
Lyons,respiratory-therapist-per-diem-prn-lyons-il,51.87,rt
Lytle,respiratory-therapist-per-diem-prn-lytle-tx,51.76,rt
Mabank,respiratory-therapist-per-diem-prn-mabank-tx,51.76,rt
Mableton,respiratory-therapist-per-diem-prn-mableton-ga,51.73,rt
Macclenny,respiratory-therapist-per-diem-prn-macclenny-fl,51.76,rt
Machias,respiratory-therapist-per-diem-prn-machias-me,52.38,rt
Mackay,respiratory-therapist-per-diem-prn-mackay-id,52.75,rt
Macomb,respiratory-therapist-per-diem-prn-macomb-il,53.76,rt
Macomb,respiratory-therapist-per-diem-prn-macomb-mi,48.26,rt
Macon,respiratory-therapist-per-diem-prn-macon-ga,51.92,rt
Madera,respiratory-therapist-per-diem-prn-madera-ca,53.76,rt
Madison,respiratory-therapist-per-diem-prn-madison-al,49.26,rt
Madison,respiratory-therapist-per-diem-prn-madison-me,54.19,rt
Madison,respiratory-therapist-per-diem-prn-madison-ms,50.95,rt
Madison FL,respiratory-therapist-per-diem-prn-madison-fl,50.08,rt
Madison WI,respiratory-therapist-per-diem-prn-madison-wi,55.73,rt
Madisonville,respiratory-therapist-per-diem-prn-madisonville-ky,51.26,rt
Madisonville,respiratory-therapist-per-diem-prn-madisonville-tx,48.28,rt
Madras,respiratory-therapist-per-diem-prn-madras-or,48.28,rt
Magna,respiratory-therapist-per-diem-prn-magna-ut,53.77,rt
Magnolia,respiratory-therapist-per-diem-prn-magnolia-tx,52.38,rt
Maitland,respiratory-therapist-per-diem-prn-maitland-fl,53.06,rt
Makakilo,respiratory-therapist-per-diem-prn-makakilo-hi,54.92,rt
Malad City,respiratory-therapist-per-diem-prn-malad-city-id,45.79,rt
Malakoff,respiratory-therapist-per-diem-prn-malakoff-tx,49.31,rt
Malden,respiratory-therapist-per-diem-prn-malden-ma,54.66,rt
Mammoth Lakes,respiratory-therapist-per-diem-prn-mammoth-lakes-ca,49.31,rt
Manalapan Township,respiratory-therapist-per-diem-prn-manalapan-township-nj,51.65,rt
Manassas,respiratory-therapist-per-diem-prn-manassas-va,49.31,rt
Manchaca,respiratory-therapist-per-diem-prn-manchaca-tx,49.31,rt
Manchester,respiratory-therapist-per-diem-prn-manchester-ct,53.33,rt
Manchester NH,respiratory-therapist-per-diem-prn-manchester-nh,51.11,rt
Manchester Township Whiting,respiratory-therapist-per-diem-prn-manchester-township-whiting-nj,50.87,rt
Mancos,respiratory-therapist-per-diem-prn-mancos-co,50.61,rt
Mandan,respiratory-therapist-per-diem-prn-mandan-nd,48.28,rt
Mandeville,respiratory-therapist-per-diem-prn-mandeville-la-2a319,50.08,rt
Mangonia Park,respiratory-therapist-per-diem-prn-mangonia-park-fl,47.08,rt
Manhattan,respiratory-therapist-per-diem-prn-manhattan-ks,50.57,rt
Manitowoc,respiratory-therapist-per-diem-prn-manitowoc-wi,49.02,rt
Mankato,respiratory-therapist-per-diem-prn-mankato-mn,51.76,rt
Manor,respiratory-therapist-per-diem-prn-manor-tx,51.76,rt
Mansfield,respiratory-therapist-per-diem-prn-mansfield-oh,54.92,rt
Mansfield,respiratory-therapist-per-diem-prn-mansfield-tx,51.76,rt
Manville,respiratory-therapist-per-diem-prn-manville-ri,51.76,rt
Maple Grove,respiratory-therapist-per-diem-prn-maple-grove-mn,49.69,rt
Maple Heights,respiratory-therapist-per-diem-prn-maple-heights-oh,52.67,rt
Mapleton,respiratory-therapist-per-diem-prn-mapleton-ut,52.94,rt
Maplewood,respiratory-therapist-per-diem-prn-maplewood-mn,50.87,rt
Maquoketa,respiratory-therapist-per-diem-prn-maquoketa-ia,52.94,rt
Marana,respiratory-therapist-per-diem-prn-marana-az,52.94,rt
Marathon FL,respiratory-therapist-per-diem-prn-marathon-fl,49.09,rt
Marathon TX,respiratory-therapist-per-diem-prn-marathon-tx,49.09,rt
Marble Falls,respiratory-therapist-per-diem-prn-marble-falls-tx,49.09,rt
Marcus,respiratory-therapist-per-diem-prn-marcus-ia,45.79,rt
Marengo,respiratory-therapist-per-diem-prn-marengo-ia,51.74,rt
Marfa,respiratory-therapist-per-diem-prn-marfa-tx,51.74,rt
Margate,respiratory-therapist-per-diem-prn-margate-fl,53.77,rt
Marianna,respiratory-therapist-per-diem-prn-marianna-fl,48.28,rt
Maricopa,respiratory-therapist-per-diem-prn-maricopa-az,54.19,rt
Marietta,respiratory-therapist-per-diem-prn-marietta-ga,48.54,rt
Marion,respiratory-therapist-per-diem-prn-marion-nc,48.54,rt
Marion,respiratory-therapist-per-diem-prn-marion-oh,53.92,rt
Marion,respiratory-therapist-per-diem-prn-marion-va,48.54,rt
Marion IA,respiratory-therapist-per-diem-prn-marion-ia,53.11,rt
Mariposa,respiratory-therapist-per-diem-prn-mariposa-ca,47.08,rt
Marlin,respiratory-therapist-per-diem-prn-marlin-tx,55.73,rt
Marrero,respiratory-therapist-per-diem-prn-marrero-la,52.06,rt
Marshall MI,respiratory-therapist-per-diem-prn-marshall-mi,53.76,rt
Marshall TX,respiratory-therapist-per-diem-prn-marshall-tx,53.76,rt
Marshalltown,respiratory-therapist-per-diem-prn-marshalltown-ia,53.06,rt
Marshville,respiratory-therapist-per-diem-prn-marshville-nc,52.38,rt
Marsing,respiratory-therapist-per-diem-prn-marsing-id,49.71,rt
Martinez,respiratory-therapist-per-diem-prn-martinez-ca,49.71,rt
Martinez GA,respiratory-therapist-per-diem-prn-martinez-ga,51.89,rt
Martinsburg,respiratory-therapist-per-diem-prn-martinsburg-wv,48.69,rt
Maryland Heights,respiratory-therapist-per-diem-prn-maryland-heights-mo,49.31,rt
Marylhurst,respiratory-therapist-per-diem-prn-marylhurst-or,49.71,rt
Marysville,respiratory-therapist-per-diem-prn-marysville-ca,52.06,rt
Marysville,respiratory-therapist-per-diem-prn-marysville-oh,53.75,rt
Marysville,respiratory-therapist-per-diem-prn-marysville-wa,52.06,rt
Maryville,respiratory-therapist-per-diem-prn-maryville-tn,51.89,rt
Mascotte,respiratory-therapist-per-diem-prn-mascotte-fl,50.61,rt
Mashpee,respiratory-therapist-per-diem-prn-mashpee-ma,50.61,rt
Mason,respiratory-therapist-per-diem-prn-mason-oh,54.26,rt
Mason,respiratory-therapist-per-diem-prn-mason-tx,50.61,rt
Mason City,respiratory-therapist-per-diem-prn-mason-city-ia,50.61,rt
Massillon,respiratory-therapist-per-diem-prn-massillon-oh,53.95,rt
Matador,respiratory-therapist-per-diem-prn-matador-tx,50.08,rt
Matawan,respiratory-therapist-per-diem-prn-matawan-nj,50.66,rt
Mathis,respiratory-therapist-per-diem-prn-mathis-tx,45.79,rt
Mauldin,respiratory-therapist-per-diem-prn-mauldin-sc,50.87,rt
Maumee,respiratory-therapist-per-diem-prn-maumee-nd,48.28,rt
Mauston,respiratory-therapist-per-diem-prn-mauston-wi,51.76,rt
Mayfield Heights,respiratory-therapist-per-diem-prn-mayfield-heights-oh,51.95,rt
Mayo,respiratory-therapist-per-diem-prn-mayo-fl,51.76,rt
Mc Camey,respiratory-therapist-per-diem-prn-mc-camey-tx,51.76,rt
Mc Gregor IA,respiratory-therapist-per-diem-prn-mc-gregor-ia,53.77,rt
Mc Gregor TX,respiratory-therapist-per-diem-prn-mc-gregor-tx,53.77,rt
McAllen,respiratory-therapist-per-diem-prn-mcallen-tx,50.08,rt
McCall,respiratory-therapist-per-diem-prn-mccall-id,52.94,rt
McCammon,respiratory-therapist-per-diem-prn-mccammon-id,52.06,rt
McCandless,respiratory-therapist-per-diem-prn-mccandless-pa,49.78,rt
McCormick,respiratory-therapist-per-diem-prn-mccormick-sc,51.33,rt
McKinney,respiratory-therapist-per-diem-prn-mc-kinney-tx,49.02,rt
McKinney,respiratory-therapist-per-diem-prn-mckinney-tx,52.06,rt
McLean,respiratory-therapist-per-diem-prn-mclean-va,54.58,rt
Mclean TX,respiratory-therapist-per-diem-prn-mclean-tx,52.06,rt
McLeod,respiratory-therapist-per-diem-prn-mcleod-mt,52.06,rt
McMinnville,respiratory-therapist-per-diem-prn-mcminnville-or,52.06,rt
Mead,respiratory-therapist-per-diem-prn-mead-co,53.77,rt
Meadow Lakes,respiratory-therapist-per-diem-prn-meadow-lakes-ak,50.11,rt
Meadow Woods,respiratory-therapist-per-diem-prn-meadow-woods-fl,54.33,rt
Meadows Place,respiratory-therapist-per-diem-prn-meadows-place-tx,49.09,rt
Mechanicsville,respiratory-therapist-per-diem-prn-mechanicsville-va,54.73,rt
Medford,respiratory-therapist-per-diem-prn-medford-ma,54.43,rt
Medford,respiratory-therapist-per-diem-prn-medford-or,49.09,rt
Medina,respiratory-therapist-per-diem-prn-medina-oh,53.87,rt
Medley,respiratory-therapist-per-diem-prn-medley-fl,50.61,rt
Meeker,respiratory-therapist-per-diem-prn-meeker-co,51.11,rt
Mehlville,respiratory-therapist-per-diem-prn-mehlville-mo,49.26,rt
Melba,respiratory-therapist-per-diem-prn-melba-id,53.06,rt
Melbourne,respiratory-therapist-per-diem-prn-melbourne-fl,53.06,rt
Melrose FL,respiratory-therapist-per-diem-prn-melrose-fl,53.06,rt
Melrose MA,respiratory-therapist-per-diem-prn-melrose-ma,53.06,rt
Memphis,respiratory-therapist-per-diem-prn-memphis-tn,51.31,rt
Memphis,respiratory-therapist-per-diem-prn-memphis-tx,53.06,rt
Menard,respiratory-therapist-per-diem-prn-menard-tx,55.73,rt
Menomonee Falls,respiratory-therapist-per-diem-prn-menomonee-falls-wi,49.67,rt
Mentone,respiratory-therapist-per-diem-prn-mentone-ca,49.33,rt
Mentor,respiratory-therapist-per-diem-prn-mentor-oh,54.69,rt
Merced,respiratory-therapist-per-diem-prn-merced-ca,47.08,rt
Mercedes,respiratory-therapist-per-diem-prn-mercedes-tx,52.39,rt
Meriden,respiratory-therapist-per-diem-prn-meriden-ct,53.98,rt
Meridian,respiratory-therapist-per-diem-prn-meridian-id,45.79,rt
Meridian,respiratory-therapist-per-diem-prn-meridian-ms,45.79,rt
Merkel,respiratory-therapist-per-diem-prn-merkel-tx,45.79,rt
Merrillville,respiratory-therapist-per-diem-prn-merrillville-in,54.19,rt
Merrimack,respiratory-therapist-per-diem-prn-merrimack-nh,52.87,rt
Merritt Island,respiratory-therapist-per-diem-prn-merritt-island-fl,48.54,rt
Mesa,respiratory-therapist-per-diem-prn-mesa-az,48.54,rt
Mesa Villa Royale III,respiratory-therapist-per-diem-prn-mesa-villa-royale-iii-az,53.33,rt
Mesquite,respiratory-therapist-per-diem-prn-mesquite-9-nv,52.38,rt
Mesquite city,respiratory-therapist-per-diem-prn-mesquite-city-tx,52.31,rt
Mesquite TX,respiratory-therapist-per-diem-prn-mesquite-tx,50.08,rt
Metairie,respiratory-therapist-per-diem-prn-metairie-la,51.75,rt
Methuen Town,respiratory-therapist-per-diem-prn-methuen-town-ma,54.69,rt
Metropolis,respiratory-therapist-per-diem-prn-metropolis-il,48.28,rt
Mexia,respiratory-therapist-per-diem-prn-mexia-tx,45.79,rt
Miami Beach,respiratory-therapist-per-diem-prn-miami-beach-fl,49.09,rt
Miami FL,respiratory-therapist-per-diem-prn-miami-fl,53.77,rt
Miami Gardens,respiratory-therapist-per-diem-prn-miami-gardens-fl,51.74,rt
Miami Lakes,respiratory-therapist-per-diem-prn-miami-lakes-fl,51.74,rt
Miami Shores,respiratory-therapist-per-diem-prn-miami-shores-fl,54.19,rt
Miami Springs,respiratory-therapist-per-diem-prn-miami-springs-fl,55.73,rt
Miamisburg,respiratory-therapist-per-diem-prn-miamisburg-oh,52.69,rt
Middle Township Cape May Court House,respiratory-therapist-per-diem-prn-middle-township-cape-may-court-house-nj,51.43,rt
Middleburg,respiratory-therapist-per-diem-prn-middleburg-fl,52.75,rt
Middlebury,respiratory-therapist-per-diem-prn-middlebury-vt,52.92,rt
Middleton,respiratory-therapist-per-diem-prn-middleton-id,52.75,rt
Middletown,respiratory-therapist-per-diem-prn-middletown-ct,53.78,rt
Middletown,respiratory-therapist-per-diem-prn-middletown-de,54.26,rt
Middletown,respiratory-therapist-per-diem-prn-middletown-oh,48.31,rt
Middletown,respiratory-therapist-per-diem-prn-middletown-ri,47.08,rt
Midland,respiratory-therapist-per-diem-prn-midland-tx,49.42,rt
Midlothian,respiratory-therapist-per-diem-prn-midlothian-tx,48.79,rt
Midvale,respiratory-therapist-per-diem-prn-midvale-ut,51.76,rt
Midwest City,respiratory-therapist-per-diem-prn-midwest-city-ok,52.94,rt
Milan,respiratory-therapist-per-diem-prn-milan-mo,52.06,rt
Milbank,respiratory-therapist-per-diem-prn-milbank-sd,51.11,rt
Miles City MT,respiratory-therapist-per-diem-prn-miles-city-mt,48.11,rt
Milford,respiratory-therapist-per-diem-prn-milford-ct,53.67,rt
Milford MA,respiratory-therapist-per-diem-prn-milford-ma,54.19,rt
Milford UT,respiratory-therapist-per-diem-prn-milford-ut,52.38,rt
Mililani Mauka,respiratory-therapist-per-diem-prn-mililani-mauka-hi,54.89,rt
Mililani Town,respiratory-therapist-per-diem-prn-mililani-town-hi,54.67,rt
Mill City,respiratory-therapist-per-diem-prn-mill-city-or,50.08,rt
Millbrae,respiratory-therapist-per-diem-prn-millbrae-ca,50.08,rt
Millcreek,respiratory-therapist-per-diem-prn-millcreek-ut,50.08,rt
Miller,respiratory-therapist-per-diem-prn-miller-sd,53.76,rt
Milpitas CA,respiratory-therapist-per-diem-prn-milpitas-ca,53.76,rt
Milton,respiratory-therapist-per-diem-prn-milton-ga,51.82,rt
Milton,respiratory-therapist-per-diem-prn-milton-vt,52.78,rt
Milton Freewater,respiratory-therapist-per-diem-prn-milton-fl,49.71,rt
Milton Freewater,respiratory-therapist-per-diem-prn-milton-freewater-or,53.77,rt
Milwaukee,respiratory-therapist-per-diem-prn-milwaukee-wi,48.28,rt
Milwaukie Linwood,respiratory-therapist-per-diem-prn-milwaukie-linwood-or,50.89,rt
Milwaukie OR,respiratory-therapist-per-diem-prn-milwaukie-or,45.79,rt
Minden,respiratory-therapist-per-diem-prn-minden-nv,53.06,rt
Mineola,respiratory-therapist-per-diem-prn-mineola-tx,52.38,rt
Mineral Wells,respiratory-therapist-per-diem-prn-mineral-wells-tx,55.73,rt
Minneapolis,respiratory-therapist-per-diem-prn-minneapolis-mn,49.66,rt
Minnetonka,respiratory-therapist-per-diem-prn-minnetonka-mn,50.31,rt
Minot,respiratory-therapist-per-diem-prn-minot-nd,49.71,rt
Miramar Beach,respiratory-therapist-per-diem-prn-miramar-beach-fl,49.71,rt
Miramar Beach,respiratory-therapist-per-diem-prn-miramar-fl,52.94,rt
Miramonte,respiratory-therapist-per-diem-prn-miramonte-ca,52.06,rt
Mishawaka,respiratory-therapist-per-diem-prn-mishawaka-in,49.78,rt
Mission,respiratory-therapist-per-diem-prn-mission-tx,52.06,rt
Missoula,respiratory-therapist-per-diem-prn-missoula-mt,51.43,rt
Missouri,respiratory-therapist-per-diem-prn-missouri-mo,45.79,rt
Missouri City,respiratory-therapist-per-diem-prn-missouri-city-tx,52.06,rt
Mitchell,respiratory-therapist-per-diem-prn-mitchell-or,45.79,rt
Mitchell,respiratory-therapist-per-diem-prn-mitchell-sd,50.92,rt
Moab,respiratory-therapist-per-diem-prn-moab-ut,45.79,rt
Mobile,respiratory-therapist-per-diem-prn-mobile-al,51.97,rt
Modesto,respiratory-therapist-per-diem-prn-modesto-ca,47.79,rt
Moffat,respiratory-therapist-per-diem-prn-moffat-co,47.79,rt
Molalla,respiratory-therapist-per-diem-prn-molalla-or,47.79,rt
Moline IL,respiratory-therapist-per-diem-prn-moline-il,50.61,rt
Monahans,respiratory-therapist-per-diem-prn-monahans-tx,50.61,rt
Monmouth,respiratory-therapist-per-diem-prn-monmouth-or,50.08,rt
Monmouth Junction,respiratory-therapist-per-diem-prn-monmouth-junction-nj,51.74,rt
Monroe,respiratory-therapist-per-diem-prn-monroe-nc,48.67,rt
Monroe LA,respiratory-therapist-per-diem-prn-monroe-la,50.08,rt
Monroe OR,respiratory-therapist-per-diem-prn-monroe-or,50.08,rt
Monroe Township,respiratory-therapist-per-diem-prn-monroe-township-nj,48.28,rt
Monroe WA,respiratory-therapist-per-diem-prn-monroe-wa,51.11,rt
Monroeville,respiratory-therapist-per-diem-prn-monroeville-pa,49.67,rt
Monrovia,respiratory-therapist-per-diem-prn-monrovia-ca,52.67,rt
Mont Belvieu,respiratory-therapist-per-diem-prn-mont-belvieu-tx,45.79,rt
Montclair NJ,respiratory-therapist-per-diem-prn-montclair-nj,53.06,rt
Monte Vista,respiratory-therapist-per-diem-prn-monte-vista-co,53.06,rt
Montebello,respiratory-therapist-per-diem-prn-montebello-va,53.06,rt
Monterey,respiratory-therapist-per-diem-prn-monterey-ca,53.06,rt
Montezuma,respiratory-therapist-per-diem-prn-montezuma-ia,58.06,rt
Montezuma Creek,respiratory-therapist-per-diem-prn-montezuma-creek-ut,53.76,rt
Montgomery,respiratory-therapist-per-diem-prn-montgomery-al,51.78,rt
Montgomery,respiratory-therapist-per-diem-prn-montgomery-tx,58.06,rt
Monticello FL,respiratory-therapist-per-diem-prn-monticello-fl,58.06,rt
Monticello UT,respiratory-therapist-per-diem-prn-monticello-ut,58.06,rt
Montpelier,respiratory-therapist-per-diem-prn-montpelier-id,49.09,rt
Montpelier,respiratory-therapist-per-diem-prn-montpelier-vt,53.31,rt
Montrose,respiratory-therapist-per-diem-prn-montrose-co,49.09,rt
Montvale,respiratory-therapist-per-diem-prn-montvale-nj,49.09,rt
Monument,respiratory-therapist-per-diem-prn-monument-co,53.77,rt
Monument Valley,respiratory-therapist-per-diem-prn-monument-valley-ut,53.77,rt
Moodus,respiratory-therapist-per-diem-prn-moodus-ct,53.77,rt
Moody,respiratory-therapist-per-diem-prn-moody-tx,51.76,rt
Moon,respiratory-therapist-per-diem-prn-moon-pa,49.58,rt
Moore,respiratory-therapist-per-diem-prn-moore-ok,48.78,rt
Moore Haven,respiratory-therapist-per-diem-prn-moore-haven-fl,52.39,rt
Mooreland,respiratory-therapist-per-diem-prn-mooreland-ok,52.94,rt
Mooresville,respiratory-therapist-per-diem-prn-mooresville-nc,48.66,rt
Moorhead,respiratory-therapist-per-diem-prn-moorhead-mn,50.66,rt
Morehead,respiratory-therapist-per-diem-prn-morehead-ky,51.73,rt
Moreno Valley,respiratory-therapist-per-diem-prn-moreno-valley-ca,52.66,rt
Morgan,respiratory-therapist-per-diem-prn-morgan-ut,52.38,rt
Morgantown,respiratory-therapist-per-diem-prn-morgantown-in,53.06,rt
Morgantown,respiratory-therapist-per-diem-prn-morgantown-wv,48.65,rt
Moro,respiratory-therapist-per-diem-prn-moro-or,47.08,rt
Morris,respiratory-therapist-per-diem-prn-morris-il,49.02,rt
Morrison,respiratory-therapist-per-diem-prn-morrison-co,49.02,rt
Morristown,respiratory-therapist-per-diem-prn-morristown-tn,51.92,rt
Morristown,respiratory-therapist-per-diem-prn-morristown-vt,53.11,rt
Morrisville VT,respiratory-therapist-per-diem-prn-morrisville-vt,45.79,rt
Morton TX,respiratory-therapist-per-diem-prn-morton-tx,49.31,rt
Morton WA,respiratory-therapist-per-diem-prn-morton-wa,49.31,rt
Moscow,respiratory-therapist-per-diem-prn-moscow-id,53.06,rt
Moulton,respiratory-therapist-per-diem-prn-moulton-tx,50.08,rt
Mount Angel,respiratory-therapist-per-diem-prn-mount-angel-or,55.73,rt
Mount Clemens,respiratory-therapist-per-diem-prn-mount-clemens-mi,49.71,rt
Mount Dora,respiratory-therapist-per-diem-prn-mount-dora-fl,50.61,rt
Mount Enterprise,respiratory-therapist-per-diem-prn-mount-enterprise-tx,51.76,rt
Mount Juliet,respiratory-therapist-per-diem-prn-mount-juliet-tn,51.78,rt
Mount Lebanon,respiratory-therapist-per-diem-prn-mount-lebanon-pa,50.58,rt
Mount Pleasant,respiratory-therapist-per-diem-prn-mount-pleasant-sc,49.92,rt
Mount Pleasant,respiratory-therapist-per-diem-prn-mount-pleasant-wi,49.95,rt
Mount Pleasant TX,respiratory-therapist-per-diem-prn-mount-pleasant-tx,52.38,rt
Mount Pleasant UT,respiratory-therapist-per-diem-prn-mount-pleasant-ut,51.74,rt
Mount Pleasant-IA,respiratory-therapist-per-diem-prn-mount-pleasant-ia,53.76,rt
Mount Prospect,respiratory-therapist-per-diem-prn-mount-prospect-il,48.82,rt
Mount Vernon,respiratory-therapist-per-diem-prn-mount-vernon-ny,54.26,rt
Mount Vernon,respiratory-therapist-per-diem-prn-mount-vernon-oh,52.82,rt
Mount Vernon TX,respiratory-therapist-per-diem-prn-mount-vernon-tx,50.08,rt
Mount Vernon WA,respiratory-therapist-per-diem-prn-mount-vernon-wa,52.06,rt
Mountain Brook,respiratory-therapist-per-diem-prn-mountain-brook-al,49.98,rt
Mountain City,respiratory-therapist-per-diem-prn-mountain-city-tn,52.06,rt
Mountain Home AR,respiratory-therapist-per-diem-prn-mountain-home-ar,54.19,rt
Mountain Home ID,respiratory-therapist-per-diem-prn-mountain-home-id,51.11,rt
Mountain Home IDA,respiratory-therapist-per-diem-prn-mountain-home-ida-id,48.54,rt
Mountain View AR,respiratory-therapist-per-diem-prn-mountain-view-ar,47.08,rt
Mountain View CA,respiratory-therapist-per-diem-prn-mountain-view-ca,52.75,rt
Mt Pleasant,respiratory-therapist-per-diem-prn-mt-pleasant-ut,52.75,rt
Muenster,respiratory-therapist-per-diem-prn-muenster-tx,52.75,rt
Mulberry,respiratory-therapist-per-diem-prn-mulberry-fl,45.79,rt
Muleshoe,respiratory-therapist-per-diem-prn-muleshoe-tx,48.33,rt
Muncie,respiratory-therapist-per-diem-prn-muncie-in,49.11,rt
Munday,respiratory-therapist-per-diem-prn-munday-tx,48.33,rt
Munster,respiratory-therapist-per-diem-prn-munster-in,48.33,rt
Murfreesboro,respiratory-therapist-per-diem-prn-murfreesboro-tn,51.66,rt
Murphy,respiratory-therapist-per-diem-prn-murphy-tx,48.33,rt
Murray UT,respiratory-therapist-per-diem-prn-murray-ut,67.29,rt
Muscatine,respiratory-therapist-per-diem-prn-muscatine-ia,53.66,rt
Muskegon,respiratory-therapist-per-diem-prn-muskegon-mi,53.77,rt
Muskogee,respiratory-therapist-per-diem-prn-muskogee-ok,48.92,rt
Mustang,respiratory-therapist-per-diem-prn-mustang-ok,52.38,rt
Myakka City,respiratory-therapist-per-diem-prn-myakka-city-fl,49.09,rt
Myrtle Beach,respiratory-therapist-per-diem-prn-myrtle-beach-sc,48.46,rt
Myrtle Creek,respiratory-therapist-per-diem-prn-myrtle-creek-or,48.46,rt
Myrtle Point,respiratory-therapist-per-diem-prn-myrtle-point-or,48.46,rt
Mystic,respiratory-therapist-per-diem-prn-mystic-ct,48.46,rt
N Ft Myers,respiratory-therapist-per-diem-prn-n-ft-myers-fl,53.06,rt
N Las Vegas,respiratory-therapist-per-diem-prn-n-las-vegas-nv,53.06,rt
Nacogdoches,respiratory-therapist-per-diem-prn-nacogdoches-tx,53.06,rt
Nampa,respiratory-therapist-per-diem-prn-nampa-id,53.06,rt
Napa,respiratory-therapist-per-diem-prn-napa-ca,45.79,rt
Naperville,respiratory-therapist-per-diem-prn-naperville-il,48.57,rt
Naples,respiratory-therapist-per-diem-prn-naples-fl,51.76,rt
Naranja,respiratory-therapist-per-diem-prn-naranja-fl,49.71,rt
Nash,respiratory-therapist-per-diem-prn-nash-tx,49.71,rt
Nashua NH,respiratory-therapist-per-diem-prn-nashua-nh,48.79,rt
Nashville Madison,respiratory-therapist-per-diem-prn-nashville-madison-tn,50.31,rt
Nashville South Nashville,respiratory-therapist-per-diem-prn-nashville-south-nashville-tn,50.26,rt
Nashville TN,respiratory-therapist-per-diem-prn-nashville-tn,52.06,rt
Nashville-Davidson,respiratory-therapist-per-diem-prn-nashville-davidson-tn,50.98,rt
Natchitoches,respiratory-therapist-per-diem-prn-natchitoches-la,52.06,rt
National City,respiratory-therapist-per-diem-prn-national-city-ca,52.06,rt
Naturita,respiratory-therapist-per-diem-prn-naturita-co,53.76,rt
Naugatuck,respiratory-therapist-per-diem-prn-naugatuck-ct,53.95,rt
Naval Air Station Jrb,respiratory-therapist-per-diem-prn-naval-air-station-jrb-tx,50.61,rt
Navarre,respiratory-therapist-per-diem-prn-navarre-fl,51.11,rt
Navasota,respiratory-therapist-per-diem-prn-navasota-tx,47.08,rt
Nederland CO,respiratory-therapist-per-diem-prn-nederland-co,48.28,rt
Nederland TX,respiratory-therapist-per-diem-prn-nederland-tx,50.08,rt
Needham,respiratory-therapist-per-diem-prn-needham-ma,54.19,rt
Needville,respiratory-therapist-per-diem-prn-needville-tx,48.33,rt
Neenah,respiratory-therapist-per-diem-prn-neenah-wi,49.98,rt
Negaunee,respiratory-therapist-per-diem-prn-negaunee-mi,52.94,rt
Nehalem,respiratory-therapist-per-diem-prn-nehalem-or,53.76,rt
Nephi,respiratory-therapist-per-diem-prn-nephi-ut,50.61,rt
Neptune,respiratory-therapist-per-diem-prn-neptune-nj,52.39,rt
Neptune Beach,respiratory-therapist-per-diem-prn-neptune-beach-fl,50.08,rt
Ness City KS,respiratory-therapist-per-diem-prn-ness-city-ks,45.79,rt
Nevada City,respiratory-therapist-per-diem-prn-nevada-city-ca,49.75,rt
Nevada City,respiratory-therapist-per-diem-prn-nevada-city-nv,55.73,rt
New Albany,respiratory-therapist-per-diem-prn-new-albany-in,50.31,rt
New Bedford,respiratory-therapist-per-diem-prn-new-bedford-ma,53.98,rt
New Berlin,respiratory-therapist-per-diem-prn-new-berlin-wi,49.65,rt
New Boston,respiratory-therapist-per-diem-prn-new-boston-tx,51.74,rt
New Braunfels,respiratory-therapist-per-diem-prn-new-braunfels-tx,51.74,rt
New Britain,respiratory-therapist-per-diem-prn-new-britain-ct,52.94,rt
New Caney,respiratory-therapist-per-diem-prn-new-caney-tx,52.94,rt
New Castle,respiratory-therapist-per-diem-prn-new-castle-in,52.94,rt
New Glarus,respiratory-therapist-per-diem-prn-new-glarus-wi,48.28,rt
New Hampton,respiratory-therapist-per-diem-prn-new-hampton-ia,48.28,rt
New Haven,respiratory-therapist-per-diem-prn-new-haven-ct,47.08,rt
New Holland,respiratory-therapist-per-diem-prn-new-holland-pa,49.65,rt
New Holstein,respiratory-therapist-per-diem-prn-new-holstein-wi,51.74,rt
New Iberia,respiratory-therapist-per-diem-prn-new-iberia-la,51.69,rt
New Lenox,respiratory-therapist-per-diem-prn-new-lenox-il,51.74,rt
New Lisbon,respiratory-therapist-per-diem-prn-new-lisbon-wi,51.74,rt
New London,respiratory-therapist-per-diem-prn-new-london-nh,47.08,rt
New Orleans LA,respiratory-therapist-per-diem-prn-new-orleans-la,49.31,rt
New Orleans Mid-City,respiratory-therapist-per-diem-prn-new-orleans-mid-city-la,52.43,rt
New Plymouth,respiratory-therapist-per-diem-prn-new-plymouth-id,51.11,rt
New Port Richey,respiratory-therapist-per-diem-prn-new-port-richey-fl,47.79,rt
New Providence,respiratory-therapist-per-diem-prn-new-providence-nj,53.95,rt
NEW PRT RCHY,respiratory-therapist-per-diem-prn-new-prt-rchy-fl,52.38,rt
New Richmond,respiratory-therapist-per-diem-prn-new-richmond-wi,54.19,rt
New Rochelle,respiratory-therapist-per-diem-prn-new-rochelle-ny,54.57,rt
New Smyrna Beach,respiratory-therapist-per-diem-prn-new-smyrna-beach-fl,52.06,rt
New Town,respiratory-therapist-per-diem-prn-new-town-nd,58.06,rt
New york,respiratory-therapist-per-diem-prn-new-york-ny,58.06,rt
New York City,respiratory-therapist-per-diem-prn-new-york-city-ny,42.05,rt
Newark,respiratory-therapist-per-diem-prn-newark-nj,51.11,rt
Newark,respiratory-therapist-per-diem-prn-newark-oh,54.95,rt
Newark DE,respiratory-therapist-per-diem-prn-newark-de,52.38,rt
Newberg,respiratory-therapist-per-diem-prn-newberg-or,51.98,rt
Newberry,respiratory-therapist-per-diem-prn-newberry-sc,51.98,rt
Newburyport,respiratory-therapist-per-diem-prn-newburyport-ma,51.98,rt
Newgulf,respiratory-therapist-per-diem-prn-newgulf-tx,51.98,rt
Newman,respiratory-therapist-per-diem-prn-newman-ca,45.79,rt
Newnan,respiratory-therapist-per-diem-prn-newnan-ga,51.78,rt
Newport,respiratory-therapist-per-diem-prn-newport-ri,53.76,rt
Newport News,respiratory-therapist-per-diem-prn-newport-news-va,53.95,rt
Newport OR,respiratory-therapist-per-diem-prn-newport-or,51.76,rt
Newport VT,respiratory-therapist-per-diem-prn-newport-vt,53.76,rt
Newton,respiratory-therapist-per-diem-prn-newton-ma,54.31,rt
Newton,respiratory-therapist-per-diem-prn-newton-tx,48.28,rt
Newville,respiratory-therapist-per-diem-prn-newville-pa,50.08,rt
Niceville,respiratory-therapist-per-diem-prn-niceville-fl,50.08,rt
Nicholasville,respiratory-therapist-per-diem-prn-nicholasville-ky,50.78,rt
Nisswa,respiratory-therapist-per-diem-prn-nisswa-mn,50.08,rt
Nixa,respiratory-therapist-per-diem-prn-nixa-mo,48.89,rt
Nixon NV,respiratory-therapist-per-diem-prn-nixon-nv,52.75,rt
Nixon TX,respiratory-therapist-per-diem-prn-nixon-tx,52.75,rt
Noblesville,respiratory-therapist-per-diem-prn-noblesville-in,49.58,rt
Nocona,respiratory-therapist-per-diem-prn-nocona-tx,55.73,rt
Nogales,respiratory-therapist-per-diem-prn-nogales-az,53.77,rt
Nokomis,respiratory-therapist-per-diem-prn-nokomis-fl,47.08,rt
Nome,respiratory-therapist-per-diem-prn-nome-ak,49.71,rt
Norfolk,respiratory-therapist-per-diem-prn-norfolk-va,53.92,rt
Norfolk NE,respiratory-therapist-per-diem-prn-norfolk-ne,49.71,rt
Normal,respiratory-therapist-per-diem-prn-normal-il,48.95,rt
Norman,respiratory-therapist-per-diem-prn-norman-co,49.71,rt
Norman OK,respiratory-therapist-per-diem-prn-norman-ok,52.39,rt
Norristown,respiratory-therapist-per-diem-prn-norristown-pa,50.43,rt
North Augusta,respiratory-therapist-per-diem-prn-north-augusta-sc,50.11,rt
North Bay Village,respiratory-therapist-per-diem-prn-north-bay-village-fl,52.94,rt
North Bend,respiratory-therapist-per-diem-prn-north-bend-or,54.19,rt
North Bend,respiratory-therapist-per-diem-prn-north-bend-wa,51.11,rt
North Bergen,respiratory-therapist-per-diem-prn-north-bergen-nj,51.11,rt
North Bethesda,respiratory-therapist-per-diem-prn-north-bethesda-md,53.66,rt
North Brunswick,respiratory-therapist-per-diem-prn-north-brunswick-nj,51.11,rt
North Charleston,respiratory-therapist-per-diem-prn-north-charleston-sc,51.11,rt
North East,respiratory-therapist-per-diem-prn-north-east-md,47.08,rt
North Fayette Township,respiratory-therapist-per-diem-prn-north-fayette-township-pa,50.11,rt
North Fort Myers,respiratory-therapist-per-diem-prn-north-fort-myers-fl,54.43,rt
North Haven,respiratory-therapist-per-diem-prn-north-haven-ct,52.06,rt
North Hempstead,respiratory-therapist-per-diem-prn-north-hempstead-ny,53.58,rt
North Hollywood,respiratory-therapist-per-diem-prn-north-hollywood-ca-7036f,45.79,rt
North Huntingdon,respiratory-therapist-per-diem-prn-north-huntingdon-pa,49.92,rt
North Kingstown,respiratory-therapist-per-diem-prn-north-kingstown-ri,49.73,rt
North Lakes,respiratory-therapist-per-diem-prn-north-lakes-ak,50.43,rt
North Las Vegas,respiratory-therapist-per-diem-prn-north-las-vegas-nv,45.79,rt
North Lauderdale,respiratory-therapist-per-diem-prn-north-lauderdale-fl,54.31,rt
North Liberty,respiratory-therapist-per-diem-prn-north-liberty-ia,53.31,rt
North Little Rock,respiratory-therapist-per-diem-prn-north-little-rock-ar,51.57,rt
North Logan,respiratory-therapist-per-diem-prn-north-logan-ut,45.79,rt
North Manchester,respiratory-therapist-per-diem-prn-north-manchester-in,45.79,rt
North Miami,respiratory-therapist-per-diem-prn-north-miami-fl,50.08,rt
North Miami Beach,respiratory-therapist-per-diem-prn-north-miami-beach-fl,50.08,rt
North Olmsted,respiratory-therapist-per-diem-prn-north-olmsted-oh,50.08,rt
North Palm Beach,respiratory-therapist-per-diem-prn-north-palm-beach-fl,52.38,rt
North Platte,respiratory-therapist-per-diem-prn-north-platte-ne,50.08,rt
North Port,respiratory-therapist-per-diem-prn-north-port-fl,51.74,rt
North Providence,respiratory-therapist-per-diem-prn-north-providence-ri,55.73,rt
North Richland Hills,respiratory-therapist-per-diem-prn-north-richland-hills-tx,49.31,rt
North Ridgeville,respiratory-therapist-per-diem-prn-north-ridgeville-oh,54.57,rt
North Royalton,respiratory-therapist-per-diem-prn-north-royalton-oh,53.82,rt
Northbrook IL,respiratory-therapist-per-diem-prn-northbrook-il,45.79,rt
Northfield,respiratory-therapist-per-diem-prn-northfield-vt,53.58,rt
Northglenn,respiratory-therapist-per-diem-prn-northglenn-co,51.76,rt
Northport,respiratory-therapist-per-diem-prn-northport-al,49.11,rt
Northwood,respiratory-therapist-per-diem-prn-northwood-ia,51.11,rt
Norton,respiratory-therapist-per-diem-prn-norton-ma,53.76,rt
Norton,respiratory-therapist-per-diem-prn-norton-va,53.76,rt
Norwalk,respiratory-therapist-per-diem-prn-norwalk-ct,53.76,rt
Norway Norway,respiratory-therapist-per-diem-prn-norway-norway-me,54.75,rt
Norwich,respiratory-therapist-per-diem-prn-norwich-ct,49.42,rt
Norwood,respiratory-therapist-per-diem-prn-norwood-co,48.79,rt
Norwood,respiratory-therapist-per-diem-prn-norwood-nj,48.79,rt
Novi city,respiratory-therapist-per-diem-prn-novi-city-mi,48.69,rt
Nyssa,respiratory-therapist-per-diem-prn-nyssa-or,48.79,rt
O'Fallon,respiratory-therapist-per-diem-prn-o-fallon-il,48.33,rt
O'Fallon MO,respiratory-therapist-per-diem-prn-ofallon-mo,50.31,rt
Oak Brook IL,respiratory-therapist-per-diem-prn-oak-brook-il,48.33,rt
Oak Creek,respiratory-therapist-per-diem-prn-oak-creek-wi,49.73,rt
Oak Hill,respiratory-therapist-per-diem-prn-oak-hill-fl,50.61,rt
Oak Lawn,respiratory-therapist-per-diem-prn-oak-lawn-il,48.78,rt
Oak Park,respiratory-therapist-per-diem-prn-oak-park-il,48.92,rt
Oak Point,respiratory-therapist-per-diem-prn-oak-point-tx,50.61,rt
Oak Ridge TN,respiratory-therapist-per-diem-prn-oak-ridge-tn,53.77,rt
Oakland,respiratory-therapist-per-diem-prn-oakland-ca,47.08,rt
Oakland Park,respiratory-therapist-per-diem-prn-oakland-park-fl,51.74,rt
Oakley,respiratory-therapist-per-diem-prn-oakley-ut,51.74,rt
Oakridge,respiratory-therapist-per-diem-prn-oakridge-or,52.06,rt
Oakville,respiratory-therapist-per-diem-prn-oakville-mo,49.66,rt
Oberlin,respiratory-therapist-per-diem-prn-oberlin-la,53.77,rt
Ocala FL,respiratory-therapist-per-diem-prn-ocala-fl,48.28,rt
Ocean Grove NJ,respiratory-therapist-per-diem-prn-ocean-grove-nj,52.94,rt
Ocean Shores,respiratory-therapist-per-diem-prn-ocean-shores-wa,52.94,rt
Oceanside,respiratory-therapist-per-diem-prn-oceanside-ca,52.33,rt
Ocoee,respiratory-therapist-per-diem-prn-ocoee-fl,52.94,rt
Odenton,respiratory-therapist-per-diem-prn-odenton-md,53.87,rt
Odessa FL,respiratory-therapist-per-diem-prn-odessa-fl,52.94,rt
Odessa TX,respiratory-therapist-per-diem-prn-odessa-tx,52.94,rt
Ogden,respiratory-therapist-per-diem-prn-ogden-ut,51.11,rt
Okeechobee,respiratory-therapist-per-diem-prn-okeechobee-fl,52.75,rt
Oklahoma City,respiratory-therapist-per-diem-prn-oklahoma-city-ok,52.75,rt
Oklahoma City Central Oklahoma City,respiratory-therapist-per-diem-prn-oklahoma-city-central-oklahoma-city-ok,50.78,rt
Oklahoma City Northwest Oklahoma City,respiratory-therapist-per-diem-prn-oklahoma-city-northwest-oklahoma-city-ok,53.11,rt
Oklahoma City Preston Hills,respiratory-therapist-per-diem-prn-oklahoma-city-preston-hills-ok,50.08,rt
Oklahoma City Rock Knoll,respiratory-therapist-per-diem-prn-oklahoma-city-rock-knoll-ok,48.33,rt
"Oklahoma City,",respiratory-therapist-per-diem-prn-oklahoma-city-ok-edbc1,52.75,rt
Olathe,respiratory-therapist-per-diem-prn-olathe-co,45.79,rt
Olathe,respiratory-therapist-per-diem-prn-olathe-ks,50.92,rt
Old Jamestown,respiratory-therapist-per-diem-prn-old-jamestown-mo,48.67,rt
Oldsmar,respiratory-therapist-per-diem-prn-oldsmar-fl,50.61,rt
Olive Branch,respiratory-therapist-per-diem-prn-olive-branch-ms,50.82,rt
Olmito,respiratory-therapist-per-diem-prn-olmito-tx,50.61,rt
Olney,respiratory-therapist-per-diem-prn-olney-md,50.61,rt
Olney,respiratory-therapist-per-diem-prn-olney-tx,48.28,rt
Olton,respiratory-therapist-per-diem-prn-olton-tx,55.73,rt
Olympia WA,respiratory-therapist-per-diem-prn-olympia-wa,51.74,rt
Omaha,respiratory-therapist-per-diem-prn-omaha-ne,51.74,rt
Oneonta,respiratory-therapist-per-diem-prn-oneonta-ny,51.74,rt
Ontario,respiratory-therapist-per-diem-prn-ontario-ca,49.71,rt
Ontario OR,respiratory-therapist-per-diem-prn-ontario-or,49.71,rt
Opa Locka,respiratory-therapist-per-diem-prn-opa-locka-fl,49.71,rt
Opelika,respiratory-therapist-per-diem-prn-opelika-al,49.33,rt
Oracle,respiratory-therapist-per-diem-prn-oracle-az,52.06,rt
Oradell,respiratory-therapist-per-diem-prn-oradell-nj,52.06,rt
Orange,respiratory-therapist-per-diem-prn-orange-tx,52.94,rt
Orange City,respiratory-therapist-per-diem-prn-orange-city-fl,51.11,rt
Orange City Orangedale,respiratory-therapist-per-diem-prn-orange-city-orangedale-fl,52.11,rt
Orange County CA,respiratory-therapist-per-diem-prn-orange-county-ca,50.08,rt
Orange NJ,respiratory-therapist-per-diem-prn-orange-nj,45.79,rt
Orange Park,respiratory-therapist-per-diem-prn-orange-park-fl,47.08,rt
Orangeburg,respiratory-therapist-per-diem-prn-orangeburg-nj,49.02,rt
Ordway,respiratory-therapist-per-diem-prn-ordway-co,49.02,rt
Oregon City,respiratory-therapist-per-diem-prn-oregon-city-or,52.38,rt
Oregon City Rivercrest,respiratory-therapist-per-diem-prn-oregon-city-rivercrest-or,50.95,rt
Oregon OH,respiratory-therapist-per-diem-prn-oregon-oh,51.82,rt
Orem,respiratory-therapist-per-diem-prn-orem-ut,51.11,rt
Orem Hillcrest,respiratory-therapist-per-diem-prn-orem-hillcrest-ut,49.65,rt
Orem Orchard South,respiratory-therapist-per-diem-prn-orem-orchard-south-ut,52.43,rt
Orem Orem Park,respiratory-therapist-per-diem-prn-orem-orem-park-ut,52.31,rt
Orinda Claremont,respiratory-therapist-per-diem-prn-orinda-claremont-ca,54.31,rt
Orland Park,respiratory-therapist-per-diem-prn-orland-park-il,48.69,rt
Orlando FL,respiratory-therapist-per-diem-prn-orlando-fl,54.19,rt
Orlando Windhover,respiratory-therapist-per-diem-prn-orlando-windhover-fl,55.73,rt
Ormond Beach,respiratory-therapist-per-diem-prn-ormond-beach-fl,49.42,rt
Oro Valley AZ,respiratory-therapist-per-diem-prn-oro-valley-az,49.42,rt
Orofino,respiratory-therapist-per-diem-prn-orofino-id,53.77,rt
Osage,respiratory-therapist-per-diem-prn-osage-ia,49.78,rt
Osage Beach,respiratory-therapist-per-diem-prn-osage-beach-mo,53.77,rt
Oshkosh,respiratory-therapist-per-diem-prn-oshkosh-wi,47.79,rt
Osprey,respiratory-therapist-per-diem-prn-osprey-fl,47.79,rt
Osseo,respiratory-therapist-per-diem-prn-osseo-wi,47.79,rt
Oswego,respiratory-therapist-per-diem-prn-oswego-ny,48.33,rt
Othello WA,respiratory-therapist-per-diem-prn-othello-wa,48.33,rt
Otis,respiratory-therapist-per-diem-prn-otis-or,48.33,rt
Ottumwa,respiratory-therapist-per-diem-prn-ottumwa-ia,53.33,rt
Overgaard,respiratory-therapist-per-diem-prn-overgaard-az,48.33,rt
Overland Park,respiratory-therapist-per-diem-prn-overland-park-ks,50.95,rt
Overton,respiratory-therapist-per-diem-prn-overton-tx,51.74,rt
Oviedo,respiratory-therapist-per-diem-prn-oviedo-fl,51.74,rt
Owasso,respiratory-therapist-per-diem-prn-owasso-ok,48.82,rt
Owensboro,respiratory-therapist-per-diem-prn-owensboro-ky,50.58,rt
Owyhee,respiratory-therapist-per-diem-prn-owyhee-nv,47.08,rt
Oxford,respiratory-therapist-per-diem-prn-oxford-al,50.31,rt
Oxford,respiratory-therapist-per-diem-prn-oxford-fl,48.28,rt
Oxford,respiratory-therapist-per-diem-prn-oxford-ms,53.76,rt
Oxford,respiratory-therapist-per-diem-prn-oxford-pa,53.76,rt
Oxford OH,respiratory-therapist-per-diem-prn-oxford-oh,52.33,rt
Oxnard,respiratory-therapist-per-diem-prn-oxnard-ca,52.87,rt
Oyster Bay,respiratory-therapist-per-diem-prn-oyster-bay-ny,53.87,rt
Ozark,respiratory-therapist-per-diem-prn-ozark-mo,48.78,rt
Ozona,respiratory-therapist-per-diem-prn-ozona-tx,51.76,rt
Pace,respiratory-therapist-per-diem-prn-pace-fl,51.76,rt
Pacific City,respiratory-therapist-per-diem-prn-pacific-city-or,51.76,rt
Paducah,respiratory-therapist-per-diem-prn-paducah-ky,50.95,rt
Page,respiratory-therapist-per-diem-prn-page-az,49.71,rt
Pagosa Springs,respiratory-therapist-per-diem-prn-pagosa-springs-co,49.71,rt
Pahala,respiratory-therapist-per-diem-prn-pahala-hi,49.71,rt
Pahokee,respiratory-therapist-per-diem-prn-pahokee-fl,49.71,rt
Pahrump,respiratory-therapist-per-diem-prn-pahrump-nv,50.08,rt
Painesville,respiratory-therapist-per-diem-prn-painesville-oh,52.31,rt
Palacios,respiratory-therapist-per-diem-prn-palacios-tx,45.79,rt
Palatine,respiratory-therapist-per-diem-prn-palatine-il,48.65,rt
Palatka,respiratory-therapist-per-diem-prn-palatka-fl,52.39,rt
Palestine,respiratory-therapist-per-diem-prn-palestine-tx,52.39,rt
Palisade,respiratory-therapist-per-diem-prn-palisade-co,52.94,rt
Palm Bay FL,respiratory-therapist-per-diem-prn-palm-bay-fl,52.38,rt
Palm Beach,respiratory-therapist-per-diem-prn-palm-beach-fl,52.06,rt
Palm Beach Gardens,respiratory-therapist-per-diem-prn-palm-beach-gardens-fl,52.06,rt
Palm City,respiratory-therapist-per-diem-prn-palm-city-fl,47.08,rt
Palm Coast,respiratory-therapist-per-diem-prn-palm-coast-fl,55.73,rt
Palm Harbor,respiratory-therapist-per-diem-prn-palm-harbor-fl,52.38,rt
Palm Springs,respiratory-therapist-per-diem-prn-palm-springs-fl,52.75,rt
Palmdale,respiratory-therapist-per-diem-prn-palmdale-ca,52.67,rt
Palmer,respiratory-therapist-per-diem-prn-palmer-tx,52.75,rt
Palmetto,respiratory-therapist-per-diem-prn-palmetto-fl,48.79,rt
Palmetto Bay,respiratory-therapist-per-diem-prn-palmetto-bay-fl,52.75,rt
Palmhurst,respiratory-therapist-per-diem-prn-palmhurst-tx,48.79,rt
Palmview,respiratory-therapist-per-diem-prn-palmview-tx,51.98,rt
Palo Alto,respiratory-therapist-per-diem-prn-palo-alto-ca,51.98,rt
Pampa,respiratory-therapist-per-diem-prn-pampa-tx,51.74,rt
Panacea,respiratory-therapist-per-diem-prn-panacea-fl,50.61,rt
Panama City Beach FL,respiratory-therapist-per-diem-prn-panama-city-beach-fl,52.67,rt
Panama City FL,respiratory-therapist-per-diem-prn-panama-city-fl,52.67,rt
Panguitch,respiratory-therapist-per-diem-prn-panguitch-ut,51.11,rt
Pantego,respiratory-therapist-per-diem-prn-pantego-tx,51.11,rt
Paonia,respiratory-therapist-per-diem-prn-paonia-co,51.11,rt
Papillion,respiratory-therapist-per-diem-prn-papillion-ne,51.73,rt
Parachute,respiratory-therapist-per-diem-prn-parachute-co,51.74,rt
Paradise,respiratory-therapist-per-diem-prn-paradise-nv,51.98,rt
Paragould,respiratory-therapist-per-diem-prn-paragould-ar,51.33,rt
Paramus,respiratory-therapist-per-diem-prn-paramus-nj,51.74,rt
Paris,respiratory-therapist-per-diem-prn-paris-tx,45.79,rt
Paris South Paris,respiratory-therapist-per-diem-prn-paris-south-paris-me,51.74,rt
Park City,respiratory-therapist-per-diem-prn-park-city-ut,50.08,rt
Park Forest IL,respiratory-therapist-per-diem-prn-park-forest-il,48.33,rt
Park River,respiratory-therapist-per-diem-prn-park-river-nd,47.08,rt
Parker AZ,respiratory-therapist-per-diem-prn-parker-az,49.31,rt
Parker CO,respiratory-therapist-per-diem-prn-parker-co,49.31,rt
Parkersburg,respiratory-therapist-per-diem-prn-parkersburg-wv,48.67,rt
Parkland,respiratory-therapist-per-diem-prn-parkland-fl,49.31,rt
Parkville MD,respiratory-therapist-per-diem-prn-parkville-md,48.28,rt
Parma,respiratory-therapist-per-diem-prn-parma-oh,48.33,rt
Parma Heights,respiratory-therapist-per-diem-prn-parma-heights-oh,52.26,rt
Parowan,respiratory-therapist-per-diem-prn-parowan-ut,49.71,rt
Parrish,respiratory-therapist-per-diem-prn-parrish-fl,53.77,rt
Parsons,respiratory-therapist-per-diem-prn-parsons-tn-3bd68,52.06,rt
Pasadena,respiratory-therapist-per-diem-prn-pasadena-tx,52.06,rt
Pasadena CA,respiratory-therapist-per-diem-prn-pasadena-ca,52.06,rt
Pasadenaa TX,respiratory-therapist-per-diem-prn-pasadenaa-tx,52.94,rt
Pascagoula,respiratory-therapist-per-diem-prn-pascagoula-ms,51.87,rt
Pasco WA,respiratory-therapist-per-diem-prn-pasco-wa,52.94,rt
Passaic,respiratory-therapist-per-diem-prn-passaic-nj,52.94,rt
Patagonia,respiratory-therapist-per-diem-prn-patagonia-az,52.94,rt
Patchogue,respiratory-therapist-per-diem-prn-patchogue-ny,47.79,rt
Paterson,respiratory-therapist-per-diem-prn-paterson-nj,55.73,rt
Pattison,respiratory-therapist-per-diem-prn-pattison-tx,51.11,rt
Pawtucket,respiratory-therapist-per-diem-prn-pawtucket-ri,47.08,rt
Payette,respiratory-therapist-per-diem-prn-payette-id,45.79,rt
Paynesville,respiratory-therapist-per-diem-prn-paynesville-mn,48.33,rt
Payson AZ,respiratory-therapist-per-diem-prn-payson-az,47.99,rt
Payson UT,respiratory-therapist-per-diem-prn-payson-ut,47.99,rt
Peabody,respiratory-therapist-per-diem-prn-peabody-ma,54.67,rt
Peachtree City,respiratory-therapist-per-diem-prn-peachtree-city-ga,51.69,rt
Peachtree Corners,respiratory-therapist-per-diem-prn-peachtree-corners-ga,51.65,rt
Pearblossom,respiratory-therapist-per-diem-prn-pearblossom-ca,47.99,rt
Pearce,respiratory-therapist-per-diem-prn-pearce-az,47.99,rt
Pearl,respiratory-therapist-per-diem-prn-pearl-ms,50.98,rt
Pearl City,respiratory-therapist-per-diem-prn-pearl-city-hi,54.58,rt
Pearland,respiratory-therapist-per-diem-prn-pearland-tx,52.38,rt
Pearsall,respiratory-therapist-per-diem-prn-pearsall-tx,49.31,rt
Pecos,respiratory-therapist-per-diem-prn-pecos-tx,49.31,rt
Pekin,respiratory-therapist-per-diem-prn-pekin-il,50.61,rt
Pelham,respiratory-therapist-per-diem-prn-pelham-al,49.89,rt
Pella,respiratory-therapist-per-diem-prn-pella-ia,50.61,rt
Pembroke Pines,respiratory-therapist-per-diem-prn-pembroke-pines-fl,50.61,rt
Pendleton,respiratory-therapist-per-diem-prn-pendleton-or,48.33,rt
Penitas,respiratory-therapist-per-diem-prn-penitas-tx,50.08,rt
Penn Hills,respiratory-therapist-per-diem-prn-penn-hills-pa,50.65,rt
Pennington Gap,respiratory-therapist-per-diem-prn-pennington-gap-va,50.08,rt
Pensacola FL,respiratory-therapist-per-diem-prn-pensacola-fl,50.08,rt
Pensacola North Central Pensacola,respiratory-therapist-per-diem-prn-pensacola-north-central-pensacola-fl,52.75,rt
Peoria AZ,respiratory-therapist-per-diem-prn-peoria-az,50.08,rt
Peoria IL,respiratory-therapist-per-diem-prn-peoria-il,47.93,rt
Peridot,respiratory-therapist-per-diem-prn-peridot-az,47.08,rt
Perrine,respiratory-therapist-per-diem-prn-perrine-fl,52.06,rt
Perry,respiratory-therapist-per-diem-prn-perry-fl,52.94,rt
Perrysburg,respiratory-therapist-per-diem-prn-perrysburg-oh,52.98,rt
Perryton,respiratory-therapist-per-diem-prn-perryton-tx,45.79,rt
Perryville,respiratory-therapist-per-diem-prn-perryville-ky,51.11,rt
Petaluma,respiratory-therapist-per-diem-prn-petaluma-ca,53.76,rt
Peterborough,respiratory-therapist-per-diem-prn-peterborough-nh,53.76,rt
Petoskey,respiratory-therapist-per-diem-prn-petoskey-mi,52.06,rt
Peyton,respiratory-therapist-per-diem-prn-peyton-co,54.19,rt
Pflugerville,respiratory-therapist-per-diem-prn-pflugerville-tx,55.73,rt
Pharr,respiratory-therapist-per-diem-prn-pharr-tx,49.09,rt
Phenix City,respiratory-therapist-per-diem-prn-phenix-city-al-033c0,47.08,rt
Philadelphia North Philadelphia,respiratory-therapist-per-diem-prn-philadelphia-north-philadelphia-pa,49.67,rt
Philadelphia Northeast Philadelphia,respiratory-therapist-per-diem-prn-philadelphia-northeast-philadelphia-pa,49.67,rt
Philadelphia PA,respiratory-therapist-per-diem-prn-philadelphia-pa,36.44,rt
Phillipsburg KS,respiratory-therapist-per-diem-prn-phillipsburg-ks,47.79,rt
Phoenix,respiratory-therapist-per-diem-prn-phoenix-az,51.45,rt
Phoenix Camelback East Village,respiratory-therapist-per-diem-prn-phoenix-camelback-east-village-az,49.98,rt
Phoenix Deer Valley,respiratory-therapist-per-diem-prn-phoenix-deer-valley-az,52.78,rt
Phoenix Denali Financial Center,respiratory-therapist-per-diem-prn-phoenix-denali-financial-center-az,52.89,rt
Phoenix Estrella Village,respiratory-therapist-per-diem-prn-phoenix-estrella-village-az,52.57,rt
Phoenix Midtown,respiratory-therapist-per-diem-prn-phoenix-midtown-az,51.11,rt
Phoenix North Mountain Village,respiratory-therapist-per-diem-prn-phoenix-north-mountain-village-az,49.65,rt
Phoenix Paradise Valley Village,respiratory-therapist-per-diem-prn-phoenix-paradise-valley-village-az,51.97,rt
Pickerington,respiratory-therapist-per-diem-prn-pickerington-oh,52.69,rt
Pierce,respiratory-therapist-per-diem-prn-pierce-id,52.75,rt
Pierceton,respiratory-therapist-per-diem-prn-pierceton-in,51.74,rt
Pierre,respiratory-therapist-per-diem-prn-pierre-sd,50.95,rt
Pierson,respiratory-therapist-per-diem-prn-pierson-fl,52.06,rt
Pigeon,respiratory-therapist-per-diem-prn-pigeon-mi,50.61,rt
Pikeville,respiratory-therapist-per-diem-prn-pikeville-ky,48.28,rt
Pilot Point,respiratory-therapist-per-diem-prn-pilot-point-tx,48.28,rt
Pine Bluff,respiratory-therapist-per-diem-prn-pine-bluff-ar,51.66,rt
Pine Hills,respiratory-therapist-per-diem-prn-pine-hills-fl,54.87,rt
Pineland,respiratory-therapist-per-diem-prn-pineland-tx,48.28,rt
Pinellas Park,respiratory-therapist-per-diem-prn-pinellas-park-fl,48.28,rt
Pipestone,respiratory-therapist-per-diem-prn-pipestone-mn,48.28,rt
Piqua,respiratory-therapist-per-diem-prn-piqua-oh,52.57,rt
Pittsburg,respiratory-therapist-per-diem-prn-pittsburg-ks,50.26,rt
Pittsburg,respiratory-therapist-per-diem-prn-pittsburg-tx,53.77,rt
Pittsburgh PA,respiratory-therapist-per-diem-prn-pittsburgh-pa,52.75,rt
Pittsfield,respiratory-therapist-per-diem-prn-pittsfield-ma,47.08,rt
Plainfield,respiratory-therapist-per-diem-prn-plainfield-ct,53.06,rt
Plainfield,respiratory-therapist-per-diem-prn-plainfield-in,50.26,rt
Plains,respiratory-therapist-per-diem-prn-plains-tx,53.06,rt
Plainview,respiratory-therapist-per-diem-prn-plainview-tx,52.94,rt
Plano,respiratory-therapist-per-diem-prn-plano-tx,54.19,rt
Plant City,respiratory-therapist-per-diem-prn-plant-city-fl,58.06,rt
Plantation,respiratory-therapist-per-diem-prn-plantation-fl,58.06,rt
Plantation City,respiratory-therapist-per-diem-prn-plantation-city-fl,54.75,rt
Platte,respiratory-therapist-per-diem-prn-platte-sd,51.74,rt
Pleasant Grove,respiratory-therapist-per-diem-prn-pleasant-grove-ut,45.79,rt
Pleasant View,respiratory-therapist-per-diem-prn-pleasant-view-ut,52.38,rt
Pleasanton,respiratory-therapist-per-diem-prn-pleasanton-tx,52.06,rt
Pleasantville,respiratory-therapist-per-diem-prn-pleasantville-tn,47.08,rt
Pleasantville NJ,respiratory-therapist-per-diem-prn-pleasantville-nj,52.94,rt
Plentywood,respiratory-therapist-per-diem-prn-plentywood-mt,55.73,rt
Plum borough,respiratory-therapist-per-diem-prn-plum-borough-pa,49.33,rt
Plummer,respiratory-therapist-per-diem-prn-plummer-id,53.06,rt
Plymouth,respiratory-therapist-per-diem-prn-plymouth-ma,54.58,rt
Plymouth,respiratory-therapist-per-diem-prn-plymouth-mn,49.11,rt
Plymouth,respiratory-therapist-per-diem-prn-plymouth-nh,49.09,rt
Pocatello ID,respiratory-therapist-per-diem-prn-pocatello-id,50.08,rt
Poinciana,respiratory-therapist-per-diem-prn-poinciana-fl,54.66,rt
Polacca,respiratory-therapist-per-diem-prn-polacca-az,49.71,rt
Pompano Beach,respiratory-therapist-per-diem-prn-pompano-beach-fl,51.76,rt
Ponca City,respiratory-therapist-per-diem-prn-ponca-city-ok,49.26,rt
Ponderay,respiratory-therapist-per-diem-prn-ponderay-id,51.76,rt
Ponte Vedra,respiratory-therapist-per-diem-prn-ponte-vedra-fl,52.38,rt
Ponte Vedra Beach,respiratory-therapist-per-diem-prn-ponte-vedra-beach-fl,51.76,rt
Pontiac IL,respiratory-therapist-per-diem-prn-pontiac-il,48.46,rt
Pontiac MI,respiratory-therapist-per-diem-prn-pontiac-mi,48.46,rt
Port Angeles,respiratory-therapist-per-diem-prn-port-angeles-wa,52.39,rt
Port Arthur,respiratory-therapist-per-diem-prn-port-arthur-tx,52.39,rt
Port Bolivar,respiratory-therapist-per-diem-prn-port-bolivar-tx,52.39,rt
Port Charlotte FL,respiratory-therapist-per-diem-prn-port-charlotte-fl,52.94,rt
Port Huron,respiratory-therapist-per-diem-prn-port-huron-mi,52.06,rt
Port Isabel,respiratory-therapist-per-diem-prn-port-isabel-tx,52.06,rt
Port Lavaca,respiratory-therapist-per-diem-prn-port-lavaca-tx,50.61,rt
Port Murray,respiratory-therapist-per-diem-prn-port-murray-nj,49.42,rt
Port Orange,respiratory-therapist-per-diem-prn-port-orange-fl,49.42,rt
Port Orford,respiratory-therapist-per-diem-prn-port-orford-or,49.42,rt
Port Richey,respiratory-therapist-per-diem-prn-port-richey-fl,45.79,rt
Port Saint Joe,respiratory-therapist-per-diem-prn-port-saint-joe-fl,51.11,rt
Port Saint Lucie,respiratory-therapist-per-diem-prn-port-saint-lucie-fl,47.08,rt
Port St. Lucie,respiratory-therapist-per-diem-prn-port-st-lucie-fl,54.26,rt
Portage,respiratory-therapist-per-diem-prn-portage-in,49.98,rt
Porter,respiratory-therapist-per-diem-prn-porter-tx,49.31,rt
Portland Creston - Kenilworth,respiratory-therapist-per-diem-prn-portland-creston-kenilworth-or,51.57,rt
Portland Cully,respiratory-therapist-per-diem-prn-portland-cully-or,51.31,rt
Portland Hazelwood,respiratory-therapist-per-diem-prn-portland-hazelwood-or,51.26,rt
Portland ME,respiratory-therapist-per-diem-prn-portland-me,49.31,rt
Portland Northeast Portland,respiratory-therapist-per-diem-prn-portland-northeast-portland-or,50.98,rt
Portland Northwest Portland,respiratory-therapist-per-diem-prn-portland-northwest-portland-or,49.31,rt
Portland OR,respiratory-therapist-per-diem-prn-portland-or,49.31,rt
Portland Powellhurst-Gilbert,respiratory-therapist-per-diem-prn-portland-powellhurst-gilbert-or,50.82,rt
Portland Wilkes Community Group,respiratory-therapist-per-diem-prn-portland-wilkes-community-group-or,51.75,rt
Portola Valley,respiratory-therapist-per-diem-prn-portola-valley-ca,53.77,rt
Portsmouth,respiratory-therapist-per-diem-prn-portsmouth-va,54.57,rt
Portsmouth NH,respiratory-therapist-per-diem-prn-portsmouth-nh,53.77,rt
Post,respiratory-therapist-per-diem-prn-post-tx,50.08,rt
Post Falls,respiratory-therapist-per-diem-prn-post-falls-id,53.77,rt
Poteet,respiratory-therapist-per-diem-prn-poteet-tx,55.73,rt
Poth,respiratory-therapist-per-diem-prn-poth-tx,48.33,rt
Potlatch,respiratory-therapist-per-diem-prn-potlatch-id,48.33,rt
Potomac,respiratory-therapist-per-diem-prn-potomac-md,53.75,rt
Powell,respiratory-therapist-per-diem-prn-powell-wy,50.33,rt
Powers MI,respiratory-therapist-per-diem-prn-powers-mi,47.08,rt
Powers OR,respiratory-therapist-per-diem-prn-powers-or,55.73,rt
Prairie City,respiratory-therapist-per-diem-prn-prairie-city-or,52.94,rt
Prairie Farm,respiratory-therapist-per-diem-prn-prairie-farm-wi,53.06,rt
Prairie Village,respiratory-therapist-per-diem-prn-prairie-village-ks,50.43,rt
Prairieville,respiratory-therapist-per-diem-prn-prairieville-la,51.58,rt
Prattville,respiratory-therapist-per-diem-prn-prattville-al,49.87,rt
Premont,respiratory-therapist-per-diem-prn-premont-tx,52.38,rt
Prescott,respiratory-therapist-per-diem-prn-prescott-az,52.06,rt
Prescott Valley,respiratory-therapist-per-diem-prn-prescott-valley-az,47.08,rt
Presidio,respiratory-therapist-per-diem-prn-presidio-tx,50.61,rt
Preston,respiratory-therapist-per-diem-prn-preston-id,54.19,rt
Price,respiratory-therapist-per-diem-prn-price-ut,49.42,rt
Priest River,respiratory-therapist-per-diem-prn-priest-river-id,52.38,rt
Primghar,respiratory-therapist-per-diem-prn-primghar-ia,52.67,rt
Prince Frederick,respiratory-therapist-per-diem-prn-prince-frederick-md-b8201,47.08,rt
Princess Anne,respiratory-therapist-per-diem-prn-princess-anne-md,47.79,rt
Princeton,respiratory-therapist-per-diem-prn-princeton-in,47.79,rt
Princeton,respiratory-therapist-per-diem-prn-princeton-nj,45.79,rt
Princeton,respiratory-therapist-per-diem-prn-princeton-wv,45.79,rt
Princeton FL,respiratory-therapist-per-diem-prn-princeton-fl,54.57,rt
Prineville,respiratory-therapist-per-diem-prn-prineville-or,45.79,rt
Prospect,respiratory-therapist-per-diem-prn-prospect-or,49.09,rt
Prospect Heights,respiratory-therapist-per-diem-prn-prospect-heights-ny,51.69,rt
Prosser WA,respiratory-therapist-per-diem-prn-prosser-wa,49.09,rt
Providence RI,respiratory-therapist-per-diem-prn-providence-ri,54.19,rt
Providence UT,respiratory-therapist-per-diem-prn-providence-ut,55.73,rt
Provo,respiratory-therapist-per-diem-prn-provo-ut,51.74,rt
Provo Foot Hills,respiratory-therapist-per-diem-prn-provo-foot-hills-ut,51.43,rt
Pueblo,respiratory-therapist-per-diem-prn-pueblo-co,51.74,rt
Pueblo West CO,respiratory-therapist-per-diem-prn-pueblo-west-co,48.33,rt
Pulaski,respiratory-therapist-per-diem-prn-pulaski-va,53.77,rt
Pullman,respiratory-therapist-per-diem-prn-pullman-wa,54.19,rt
Punta Gorda,respiratory-therapist-per-diem-prn-punta-gorda-fl,52.06,rt
Puyallup,respiratory-therapist-per-diem-prn-puyallup-wa,52.06,rt
Quanah,respiratory-therapist-per-diem-prn-quanah-tx,52.94,rt
Queen Creek,respiratory-therapist-per-diem-prn-queen-creek-az,53.06,rt
Quincy,respiratory-therapist-per-diem-prn-quincy-ma,53.92,rt
Quincy CA,respiratory-therapist-per-diem-prn-quincy-ca,53.06,rt
Quincy FL,respiratory-therapist-per-diem-prn-quincy-fl,45.79,rt
Quinlan,respiratory-therapist-per-diem-prn-quinlan-tx,50.61,rt
Quitman,respiratory-therapist-per-diem-prn-quitman-tx,51.11,rt
Racine,respiratory-therapist-per-diem-prn-racine-wi,49.57,rt
Radcliff,respiratory-therapist-per-diem-prn-radcliff-ky,50.98,rt
Radnor,respiratory-therapist-per-diem-prn-radnor-pa,50.57,rt
Raleigh,respiratory-therapist-per-diem-prn-raleigh-nc,54.33,rt
Raleigh North Boylan,respiratory-therapist-per-diem-prn-raleigh-north-boylan-nc,58.06,rt
Raleigh North Hills,respiratory-therapist-per-diem-prn-raleigh-north-hills-nc,49.92,rt
Ralls,respiratory-therapist-per-diem-prn-ralls-tx,52.94,rt
Ramapo,respiratory-therapist-per-diem-prn-ramapo-ny,53.69,rt
Rancho Cucamonga,respiratory-therapist-per-diem-prn-rancho-cucamonga-ca-e32ed,52.06,rt
Rancho Mission Viejo,respiratory-therapist-per-diem-prn-rancho-mission-viejo-ca,52.06,rt
Randallstown,respiratory-therapist-per-diem-prn-randallstown-md,53.78,rt
Randolph,respiratory-therapist-per-diem-prn-randolph-vt,52.06,rt
Rangely,respiratory-therapist-per-diem-prn-rangely-co,49.31,rt
Ranger,respiratory-therapist-per-diem-prn-ranger-tx,49.31,rt
Rank,respiratory-therapist-per-diem-prn-rank-de,54.31,rt
Rankin,respiratory-therapist-per-diem-prn-rankin-tx,49.31,rt
Ranshaw,respiratory-therapist-per-diem-prn-ranshaw-pa,50.08,rt
Ranson,respiratory-therapist-per-diem-prn-ranson-wv,48.28,rt
Rapid City,respiratory-therapist-per-diem-prn-rapid-city-sd,50.82,rt
Rathdrum,respiratory-therapist-per-diem-prn-rathdrum-id,48.28,rt
Rawlins,respiratory-therapist-per-diem-prn-rawlins-wy,50.43,rt
Raymond,respiratory-therapist-per-diem-prn-raymond-wa,48.28,rt
Raymondville,respiratory-therapist-per-diem-prn-raymondville-tx,55.73,rt
Raymore,respiratory-therapist-per-diem-prn-raymore-mo,48.73,rt
Raytown,respiratory-therapist-per-diem-prn-raytown-mo,49.87,rt
Reading City,respiratory-therapist-per-diem-prn-reading-city-pa,51.75,rt
Red Cloud,respiratory-therapist-per-diem-prn-red-cloud-ne,49.71,rt
Red Oak,respiratory-therapist-per-diem-prn-red-oak-tx,53.76,rt
Redan,respiratory-therapist-per-diem-prn-redan-ga,51.67,rt
Reddick,respiratory-therapist-per-diem-prn-reddick-fl,53.76,rt
Redding,respiratory-therapist-per-diem-prn-redding-ca,53.76,rt
Redlands South Redlands,respiratory-therapist-per-diem-prn-redlands-south-redlands-ca,52.89,rt
Redmond,respiratory-therapist-per-diem-prn-redmond-or,52.06,rt
Redmond,respiratory-therapist-per-diem-prn-redmond-wa,54.98,rt
Redwood City,respiratory-therapist-per-diem-prn-redwood-city-ca,48.46,rt
Reedsburg,respiratory-therapist-per-diem-prn-reedsburg-wi,48.46,rt
Reedsport,respiratory-therapist-per-diem-prn-reedsport-or,51.98,rt
Refugio,respiratory-therapist-per-diem-prn-refugio-tx,51.98,rt
Reno,respiratory-therapist-per-diem-prn-reno-nv,52.75,rt
Renton,respiratory-therapist-per-diem-prn-renton-wa,53.77,rt
Republic,respiratory-therapist-per-diem-prn-republic-wa,47.99,rt
Reston VA,respiratory-therapist-per-diem-prn-reston-va,47.99,rt
Revere,respiratory-therapist-per-diem-prn-revere-ma,54.33,rt
Rexburg ID,respiratory-therapist-per-diem-prn-rexburg-id,47.08,rt
Reynoldsburg,respiratory-therapist-per-diem-prn-reynoldsburg-oh,54.11,rt
Rhinebeck,respiratory-therapist-per-diem-prn-rhinebeck-ny,47.79,rt
Rib Lake,respiratory-therapist-per-diem-prn-rib-lake-wi,50.08,rt
Riceville,respiratory-therapist-per-diem-prn-riceville-ia,50.08,rt
Richardson,respiratory-therapist-per-diem-prn-richardson-tx,50.08,rt
Richfield,respiratory-therapist-per-diem-prn-richfield-mn,50.58,rt
Richfield UT,respiratory-therapist-per-diem-prn-richfield-ut,52.67,rt
Richland,respiratory-therapist-per-diem-prn-richland-wa,50.61,rt
Richland Center,respiratory-therapist-per-diem-prn-richland-center-wi,52.67,rt
Richland Hills,respiratory-therapist-per-diem-prn-richland-hills-tx,48.28,rt
Richmond,respiratory-therapist-per-diem-prn-richmond-in,50.57,rt
Richmond,respiratory-therapist-per-diem-prn-richmond-ky,50.65,rt
RICHMOND,respiratory-therapist-per-diem-prn-richmond,50.61,rt
Richmond TX,respiratory-therapist-per-diem-prn-richmond-tx,50.61,rt
Richmond VA,respiratory-therapist-per-diem-prn-richmond-va,53.06,rt
Richmond West,respiratory-therapist-per-diem-prn-richmond-west-fl,53.98,rt
Richwood,respiratory-therapist-per-diem-prn-richwood-tx,45.79,rt
Ridge Manor,respiratory-therapist-per-diem-prn-ridge-manor-fl,54.19,rt
Ridgeland,respiratory-therapist-per-diem-prn-ridgeland-ms,51.26,rt
Ridley,respiratory-therapist-per-diem-prn-ridley-pa,49.82,rt
Rifle,respiratory-therapist-per-diem-prn-rifle-co,49.02,rt
Rigby,respiratory-therapist-per-diem-prn-rigby-id,49.02,rt
Riggins,respiratory-therapist-per-diem-prn-riggins-id,52.38,rt
Rio Grande City,respiratory-therapist-per-diem-prn-rio-grande-city-tx,52.06,rt
Rio Hondo,respiratory-therapist-per-diem-prn-rio-hondo-tx,50.61,rt
Rio Rancho,respiratory-therapist-per-diem-prn-rio-rancho-nm,51.11,rt
Rio Rico,respiratory-therapist-per-diem-prn-rio-rico-az,51.11,rt
Ripley,respiratory-therapist-per-diem-prn-ripley-wv,51.11,rt
Rising Star,respiratory-therapist-per-diem-prn-rising-star-tx,51.11,rt
Riverdale,respiratory-therapist-per-diem-prn-riverdale-ut,51.76,rt
Riverside CA,respiratory-therapist-per-diem-prn-riverside-ca,45.79,rt
Riverside OH,respiratory-therapist-per-diem-prn-riverside-oh,52.92,rt
Riverside RI,respiratory-therapist-per-diem-prn-riverside-ri,54.19,rt
Riverton,respiratory-therapist-per-diem-prn-riverton-ut,64.68,rt
Riverton,respiratory-therapist-per-diem-prn-riverton-wy,49.71,rt
Riverview,respiratory-therapist-per-diem-prn-riverview-fl,55.73,rt
Riviera Beach,respiratory-therapist-per-diem-prn-riviera-beach-fl,47.08,rt
Roanoke,respiratory-therapist-per-diem-prn-roanoke-va,54.31,rt
Robert Lee,respiratory-therapist-per-diem-prn-robert-lee-tx,52.94,rt
Roberts,respiratory-therapist-per-diem-prn-roberts-id,48.33,rt
Robinson,respiratory-therapist-per-diem-prn-robinson-tx,48.33,rt
Robstown,respiratory-therapist-per-diem-prn-robstown-tx,53.77,rt
Roby,respiratory-therapist-per-diem-prn-roby-tx,51.11,rt
Rochdale,respiratory-therapist-per-diem-prn-rochdale-ma,47.79,rt
Rochelle Park,respiratory-therapist-per-diem-prn-rochelle-park-nj,47.79,rt
Rochester,respiratory-therapist-per-diem-prn-rochester-mn,49.87,rt
Rochester,respiratory-therapist-per-diem-prn-rochester-nh,52.66,rt
Rochester city,respiratory-therapist-per-diem-prn-rochester-city-ny,53.11,rt
Rochester Hills,respiratory-therapist-per-diem-prn-rochester-hills-mi,48.65,rt
Rock Hill,respiratory-therapist-per-diem-prn-rock-hill-sc,49.95,rt
Rock Island IL,respiratory-therapist-per-diem-prn-rock-island-il,52.38,rt
Rock Point,respiratory-therapist-per-diem-prn-rock-point-az,50.08,rt
Rock Springs,respiratory-therapist-per-diem-prn-rock-springs-wy,50.57,rt
Rockaway,respiratory-therapist-per-diem-prn-rockaway-or,49.31,rt
Rockdale,respiratory-therapist-per-diem-prn-rockdale-tx,51.74,rt
Rockford,respiratory-therapist-per-diem-prn-rockford-il,47.93,rt
Rockingham,respiratory-therapist-per-diem-prn-rockingham-vt,53.73,rt
Rockledge,respiratory-therapist-per-diem-prn-rockledge-fl,51.74,rt
Rockport,respiratory-therapist-per-diem-prn-rockport-tx,51.74,rt
Rockville,respiratory-therapist-per-diem-prn-rockville-md,52.73,rt
Rockwall,respiratory-therapist-per-diem-prn-rockwall-tx,52.06,rt
Rockwell,respiratory-therapist-per-diem-prn-rockwell-ia,51.58,rt
Rocky Ford,respiratory-therapist-per-diem-prn-rocky-ford-co,52.06,rt
Rocky Mount,respiratory-therapist-per-diem-prn-rocky-mount-nc,48.57,rt
Rocky River,respiratory-therapist-per-diem-prn-rocky-river-oh,52.87,rt
Rogers,respiratory-therapist-per-diem-prn-rogers-ar,50.98,rt
Rolla,respiratory-therapist-per-diem-prn-rolla-mo,58.06,rt
Roma,respiratory-therapist-per-diem-prn-roma-tx,58.06,rt
Rome,respiratory-therapist-per-diem-prn-rome-ny,52.39,rt
Rome GA,respiratory-therapist-per-diem-prn-rome-ga,51.11,rt
Roosevelt,respiratory-therapist-per-diem-prn-roosevelt-ut,45.79,rt
Rose City,respiratory-therapist-per-diem-prn-rose-city-mi,52.75,rt
Rosebud,respiratory-therapist-per-diem-prn-rosebud-tx,53.06,rt
Roseburg OR,respiratory-therapist-per-diem-prn-roseburg-or,53.06,rt
Rosenberg,respiratory-therapist-per-diem-prn-rosenberg-tx,53.76,rt
Roseville,respiratory-therapist-per-diem-prn-roseville-mn,50.33,rt
Ross township,respiratory-therapist-per-diem-prn-ross-township-pa,50.26,rt
Roswell,respiratory-therapist-per-diem-prn-roswell-ga,51.33,rt
Roswell,respiratory-therapist-per-diem-prn-roswell-nm,52.73,rt
Rotan,respiratory-therapist-per-diem-prn-rotan-tx,53.76,rt
Round Rock,respiratory-therapist-per-diem-prn-round-rock-tx,49.71,rt
Rowlett,respiratory-therapist-per-diem-prn-rowlett-tx,55.73,rt
Roy,respiratory-therapist-per-diem-prn-roy-ut,49.02,rt
Royal Oak,respiratory-therapist-per-diem-prn-royal-oak-mi,51.95,rt
Royal Palm Beach,respiratory-therapist-per-diem-prn-royal-palm-beach-fl,50.08,rt
Royse City,respiratory-therapist-per-diem-prn-royse-city-tx,51.74,rt
Ruidoso,respiratory-therapist-per-diem-prn-ruidoso-nm,47.08,rt
Ruleville,respiratory-therapist-per-diem-prn-ruleville-ms,45.79,rt
Rupert,respiratory-therapist-per-diem-prn-rupert-id,48.28,rt
Rural Retreat,respiratory-therapist-per-diem-prn-rural-retreat-va,54.19,rt
Rushville,respiratory-therapist-per-diem-prn-rushville-il,58.06,rt
Rusk,respiratory-therapist-per-diem-prn-rusk-tx,58.06,rt
Ruskin,respiratory-therapist-per-diem-prn-ruskin-fl,51.11,rt
Russellville,respiratory-therapist-per-diem-prn-russellville-ar,51.67,rt
Ruston,respiratory-therapist-per-diem-prn-ruston-la-6c77e,48.33,rt
Rutland,respiratory-therapist-per-diem-prn-rutland-vt,47.08,rt
Rutland city,respiratory-therapist-per-diem-prn-rutland-city-vt,52.67,rt
Rye,respiratory-therapist-per-diem-prn-rye-nh,55.73,rt
Sabinal,respiratory-therapist-per-diem-prn-sabinal-tx,52.06,rt
Sacaton,respiratory-therapist-per-diem-prn-sacaton-az,52.38,rt
Sachse,respiratory-therapist-per-diem-prn-sachse-tx,52.75,rt
Saco,respiratory-therapist-per-diem-prn-saco-me,52.31,rt
Sacramento,respiratory-therapist-per-diem-prn-sacramento-ca,51.92,rt
Safety Harbor,respiratory-therapist-per-diem-prn-safety-harbor-fl,52.75,rt
Safford,respiratory-therapist-per-diem-prn-safford-az,52.75,rt
Saginaw,respiratory-therapist-per-diem-prn-saginaw-tx,52.75,rt
Sahuarita,respiratory-therapist-per-diem-prn-sahuarita-az,50.08,rt
Saint Anthony,respiratory-therapist-per-diem-prn-saint-anthony-id,52.94,rt
Saint Augustine,respiratory-therapist-per-diem-prn-saint-augustine-fl,54.19,rt
Saint Cloud,respiratory-therapist-per-diem-prn-saint-cloud-fl,47.79,rt
Saint George,respiratory-therapist-per-diem-prn-saint-george-ut-f6d0d,52.67,rt
Saint Helens,respiratory-therapist-per-diem-prn-saint-helens-or,51.11,rt
Saint Ignace,respiratory-therapist-per-diem-prn-saint-ignace-mi,51.11,rt
Saint James City,respiratory-therapist-per-diem-prn-saint-james-city-fl,52.06,rt
Saint Jo,respiratory-therapist-per-diem-prn-saint-jo,52.06,rt
Saint Johns,respiratory-therapist-per-diem-prn-saint-johns-az,53.77,rt
Saint Johnsbury,respiratory-therapist-per-diem-prn-saint-johnsbury-vt,48.28,rt
Saint Louis,respiratory-therapist-per-diem-prn-saint-louis-mo,48.33,rt
Saint Maries,respiratory-therapist-per-diem-prn-saint-maries-id,52.94,rt
Saint Petersburg FL,respiratory-therapist-per-diem-prn-saint-petersburg-fl,55.73,rt
Saint Rose,respiratory-therapist-per-diem-prn-saint-rose-la,51.76,rt
Salem,respiratory-therapist-per-diem-prn-salem-ma,50.57,rt
Salem,respiratory-therapist-per-diem-prn-salem-or,50.98,rt
Salem NJ,respiratory-therapist-per-diem-prn-salem-nj,51.76,rt
Salem UT,respiratory-therapist-per-diem-prn-salem-ut,49.71,rt
Salem VA,respiratory-therapist-per-diem-prn-salem-va,50.08,rt
Salem West Salem,respiratory-therapist-per-diem-prn-salem-west-salem-or,50.92,rt
Salida,respiratory-therapist-per-diem-prn-salida-co,47.08,rt
Salina KS,respiratory-therapist-per-diem-prn-salina-ks,47.79,rt
Salina UT,respiratory-therapist-per-diem-prn-salina-ut,45.79,rt
Salinas,respiratory-therapist-per-diem-prn-salinas-ca,52.69,rt
Salisbury,respiratory-therapist-per-diem-prn-salisbury-nc,48.11,rt
Salmon,respiratory-therapist-per-diem-prn-salmon-id,45.79,rt
Salome,respiratory-therapist-per-diem-prn-salome-az,45.79,rt
Salt Flat,respiratory-therapist-per-diem-prn-salt-flat-tx,52.06,rt
Salt Lake City,respiratory-therapist-per-diem-prn-salt-lake-city-ut,51.11,rt
Salt Lake City Central City,respiratory-therapist-per-diem-prn-salt-lake-city-central-city-ut,55.73,rt
Salt Lake City Sugar House,respiratory-therapist-per-diem-prn-salt-lake-city-sugar-house-ut,53.89,rt
Salt Lake City The Avenues,respiratory-therapist-per-diem-prn-salt-lake-city-the-avenues-ut,53.78,rt
Saluda,respiratory-therapist-per-diem-prn-saluda-nc,54.19,rt
Sammamish,respiratory-therapist-per-diem-prn-sammamish-wa,48.57,rt
San Angelo,respiratory-therapist-per-diem-prn-san-angelo-tx,49.02,rt
San Antonio,respiratory-therapist-per-diem-prn-san-antonio-tx,51.78,rt
San Antonio Far West Side,respiratory-therapist-per-diem-prn-san-antonio-far-west-side-tx,50.69,rt
San Antonio Main/Military Plaza,respiratory-therapist-per-diem-prn-san-antonio-main-military-plaza-tx,49.58,rt
San Antonio Northeast Side,respiratory-therapist-per-diem-prn-san-antonio-northeast-side-tx,51.98,rt
San Antonio Northwest Side,respiratory-therapist-per-diem-prn-san-antonio-northwest-side-tx,51.95,rt
San Augustine,respiratory-therapist-per-diem-prn-san-augustine-tx,47.08,rt
San Benito,respiratory-therapist-per-diem-prn-san-benito-tx,51.74,rt
San Bernadino CA,respiratory-therapist-per-diem-prn-san-bernadino-ca,52.38,rt
San Bernardino,respiratory-therapist-per-diem-prn-san-bernardino-ca,52.26,rt
San Clemente,respiratory-therapist-per-diem-prn-san-clemente-ca,55.73,rt
San Diego CA,respiratory-therapist-per-diem-prn-san-diego-ca,48.33,rt
San Diego Scripps Ranch,respiratory-therapist-per-diem-prn-san-diego-scripps-ranch-ca,54.19,rt
San Diego TX,respiratory-therapist-per-diem-prn-san-diego-tx,47.08,rt
San Elizario,respiratory-therapist-per-diem-prn-san-elizario-tx,53.06,rt
San Francisco,respiratory-therapist-per-diem-prn-san-francisco-ca,51.89,rt
San Francisco Excelsior,respiratory-therapist-per-diem-prn-san-francisco-excelsior-ca,50.57,rt
San Francisco Japantown,respiratory-therapist-per-diem-prn-san-francisco-japantown-ca,52.82,rt
San Francisco Lone Mountain,respiratory-therapist-per-diem-prn-san-francisco-lone-mountain-ca,53.57,rt
San Francisco Lower Nob Hill,respiratory-therapist-per-diem-prn-san-francisco-lower-nob-hill-ca,51.33,rt
San Francisco North Beach,respiratory-therapist-per-diem-prn-san-francisco-north-beach-ca,52.73,rt
San Jose,respiratory-therapist-per-diem-prn-san-jose-ca,52.38,rt
San Juan,respiratory-therapist-per-diem-prn-san-juan-tx,50.61,rt
San Juan Capistrano,respiratory-therapist-per-diem-prn-san-juan-capistrano-ca,52.75,rt
San Luis,respiratory-therapist-per-diem-prn-san-luis-az,50.61,rt
San Manuel,respiratory-therapist-per-diem-prn-san-manuel-az,50.61,rt
San Marcos TX,respiratory-therapist-per-diem-prn-san-marcos-tx,52.75,rt
San Pablo,respiratory-therapist-per-diem-prn-san-pablo-ca,52.75,rt
San Rafael,respiratory-therapist-per-diem-prn-san-rafael-ca,52.75,rt
San Ramon,respiratory-therapist-per-diem-prn-san-ramon-ca,49.31,rt
San Saba,respiratory-therapist-per-diem-prn-san-saba-tx,51.74,rt
San Tan Valley,respiratory-therapist-per-diem-prn-san-tan-valley-az,53.76,rt
Sanderson,respiratory-therapist-per-diem-prn-sanderson-tx,48.28,rt
Sandpoint,respiratory-therapist-per-diem-prn-sandpoint-id,53.77,rt
Sandusky,respiratory-therapist-per-diem-prn-sandusky-oh,53.31,rt
Sandy OR,respiratory-therapist-per-diem-prn-sandy-or,52.67,rt
Sandy Spring,respiratory-therapist-per-diem-prn-sandy-spring-md,52.94,rt
Sandy Springs,respiratory-therapist-per-diem-prn-sandy-springs-ga,51.58,rt
Sandy UT,respiratory-therapist-per-diem-prn-sandy-ut,45.79,rt
Sanford,respiratory-therapist-per-diem-prn-sanford-me,49.71,rt
Sanford CO,respiratory-therapist-per-diem-prn-sanford-co,48.33,rt
Sanford FL,respiratory-therapist-per-diem-prn-sanford-fl,55.73,rt
Sanger,respiratory-therapist-per-diem-prn-sanger-tx,50.08,rt
Sanibel,respiratory-therapist-per-diem-prn-sanibel-fl,47.99,rt
Santa Ana,respiratory-therapist-per-diem-prn-santa-ana-ca,47.99,rt
Santa Barbara,respiratory-therapist-per-diem-prn-santa-barbara-ca,47.99,rt
Santa Clara,respiratory-therapist-per-diem-prn-santa-clara-ca,47.99,rt
Santa Clarita,respiratory-therapist-per-diem-prn-santa-clarita-ca,52.57,rt
Santa Cruz,respiratory-therapist-per-diem-prn-santa-cruz-ca,47.99,rt
Santa Fe,respiratory-therapist-per-diem-prn-santa-fe-nm,47.99,rt
Santa Maria,respiratory-therapist-per-diem-prn-santa-maria-ca,45.79,rt
Santa Rosa CA,respiratory-therapist-per-diem-prn-santa-rosa-ca,49.09,rt
Santa Rosa TX,respiratory-therapist-per-diem-prn-santa-rosa-tx,47.08,rt
Santaquin,respiratory-therapist-per-diem-prn-santaquin-ut,52.39,rt
Santo,respiratory-therapist-per-diem-prn-santo-tx,50.08,rt
Sapulpa,respiratory-therapist-per-diem-prn-sapulpa-ok,49.87,rt
Sarasota FL,respiratory-therapist-per-diem-prn-sarasota-fl,54.19,rt
Saratoga,respiratory-therapist-per-diem-prn-saratoga-ca,51.76,rt
Saratoga Springs,respiratory-therapist-per-diem-prn-saratoga-springs-ny,52.38,rt
Saratoga Springs,respiratory-therapist-per-diem-prn-saratoga-springs-ut,52.66,rt
Sarcoxie,respiratory-therapist-per-diem-prn-sarcoxie-mo,58.06,rt
Satellite Beach,respiratory-therapist-per-diem-prn-satellite-beach-fl,52.94,rt
Sauk City,respiratory-therapist-per-diem-prn-sauk-city-wi,53.06,rt
Savannah GA,respiratory-therapist-per-diem-prn-savannah-ga,53.06,rt
Savoy,respiratory-therapist-per-diem-prn-savoy-tx,53.76,rt
Scappoose,respiratory-therapist-per-diem-prn-scappoose-or,53.76,rt
Scarborough,respiratory-therapist-per-diem-prn-scarborough-me,52.75,rt
Schaumburg IL,respiratory-therapist-per-diem-prn-schaumburg-il-85c6c,51.11,rt
Schenectady,respiratory-therapist-per-diem-prn-schenectady-ny,51.11,rt
Schertz,respiratory-therapist-per-diem-prn-schertz-tx,51.11,rt
Schulenburg,respiratory-therapist-per-diem-prn-schulenburg-tx,58.06,rt
Schurz,respiratory-therapist-per-diem-prn-schurz-nv,58.06,rt
Scobey,respiratory-therapist-per-diem-prn-scobey-mt,58.06,rt
Scotts Valley,respiratory-therapist-per-diem-prn-scotts-valley-ca,48.87,rt
Scottsbluff,respiratory-therapist-per-diem-prn-scottsbluff-ne,52.06,rt
Scottsdale,respiratory-therapist-per-diem-prn-scottsdale-az,58.14,rt
Scottsdale Central Scottsdale,respiratory-therapist-per-diem-prn-scottsdale-central-scottsdale-az,49.95,rt
Scottsdale Heatherwood,respiratory-therapist-per-diem-prn-scottsdale-heatherwood-az,51.78,rt
Scottsdale North Scottsdale,respiratory-therapist-per-diem-prn-scottsdale-north-scottsdale-az,49.33,rt
Scottsdale The Center At McDowell Mountain,respiratory-therapist-per-diem-prn-scottsdale-the-center-at-mcdowell-mountain-az,49.58,rt
Scottsdale The Park At Flw,respiratory-therapist-per-diem-prn-scottsdale-the-park-at-flw-az,53.98,rt
Scranton,respiratory-therapist-per-diem-prn-scranton-pa,51.87,rt
Seabrook,respiratory-therapist-per-diem-prn-seabrook-tx,55.73,rt
Seagoville,respiratory-therapist-per-diem-prn-seagoville-tx,47.79,rt
Sealy,respiratory-therapist-per-diem-prn-sealy-tx,52.94,rt
Searcy,respiratory-therapist-per-diem-prn-searcy-ar,51.73,rt
Seaside,respiratory-therapist-per-diem-prn-seaside-or,51.74,rt
Seattle Fremont,respiratory-therapist-per-diem-prn-seattle-fremont-wa,49.67,rt
Seattle WA,respiratory-therapist-per-diem-prn-seattle-wa,48.33,rt
Sebastian,respiratory-therapist-per-diem-prn-sebastian-fl,52.67,rt
Sebastopol,respiratory-therapist-per-diem-prn-sebastopol-ca,53.77,rt
Sebring,respiratory-therapist-per-diem-prn-sebring-fl,49.42,rt
Secaucus,respiratory-therapist-per-diem-prn-secaucus-nj,49.42,rt
Security-Widefield,respiratory-therapist-per-diem-prn-security-widefield-co,52.95,rt
Sedalia,respiratory-therapist-per-diem-prn-sedalia-mo,48.82,rt
Sedona,respiratory-therapist-per-diem-prn-sedona-az,49.09,rt
Sedro-Wooley,respiratory-therapist-per-diem-prn-sedro-wooley-wa,55.73,rt
Seguin,respiratory-therapist-per-diem-prn-seguin-tx,48.28,rt
Seligman,respiratory-therapist-per-diem-prn-seligman-az,50.61,rt
Sells,respiratory-therapist-per-diem-prn-sells-az,50.61,rt
Selma,respiratory-therapist-per-diem-prn-selma-tx,48.33,rt
Seminole FL,respiratory-therapist-per-diem-prn-seminole-fl,50.08,rt
Seminole TX,respiratory-therapist-per-diem-prn-seminole-tx,51.74,rt
Seneca,respiratory-therapist-per-diem-prn-seneca-sc,48.46,rt
Severn,respiratory-therapist-per-diem-prn-severn-md,53.31,rt
Severna Park,respiratory-therapist-per-diem-prn-severna-park-md,53.67,rt
Sewell,respiratory-therapist-per-diem-prn-sewell-nj,48.46,rt
Seymour,respiratory-therapist-per-diem-prn-seymour-in,52.39,rt
Seymour,respiratory-therapist-per-diem-prn-seymour-tx,49.71,rt
Shady Cove,respiratory-therapist-per-diem-prn-shady-cove-or,55.73,rt
Shaker Heights,respiratory-therapist-per-diem-prn-shaker-heights-oh,53.65,rt
Shakopee,respiratory-therapist-per-diem-prn-shakopee-mn,50.75,rt
Shaler,respiratory-therapist-per-diem-prn-shaler-pa,49.75,rt
Shalimar,respiratory-therapist-per-diem-prn-shalimar-fl,52.67,rt
Shamrock,respiratory-therapist-per-diem-prn-shamrock-tx,52.67,rt
Sharon Springs KS,respiratory-therapist-per-diem-prn-sharon-springs-ks,45.79,rt
Shawnee,respiratory-therapist-per-diem-prn-shawnee-ks,50.69,rt
Shawnee,respiratory-therapist-per-diem-prn-shawnee-ok,48.95,rt
Sheboygan,respiratory-therapist-per-diem-prn-sheboygan-wi,49.58,rt
Sheffield,respiratory-therapist-per-diem-prn-sheffield-ia,51.11,rt
Shelburne,respiratory-therapist-per-diem-prn-shelburne-vt,53.26,rt
Shelby,respiratory-therapist-per-diem-prn-shelby-nc,52.06,rt
Shelbyville,respiratory-therapist-per-diem-prn-shelbyville-tn,51.98,rt
Shelley,respiratory-therapist-per-diem-prn-shelley-id,52.06,rt
Shelton,respiratory-therapist-per-diem-prn-shelton-ct,53.82,rt
Shelton WA,respiratory-therapist-per-diem-prn-shelton-wa,52.94,rt
Shenandoah IA,respiratory-therapist-per-diem-prn-shenandoah-ia,53.77,rt
Shenandoah TX,respiratory-therapist-per-diem-prn-shenandoah-tx,47.99,rt
Shepherd,respiratory-therapist-per-diem-prn-shepherd-tx,53.76,rt
Sheppard Afb,respiratory-therapist-per-diem-prn-sheppard-afb-tx,53.06,rt
Sheridan OR,respiratory-therapist-per-diem-prn-sheridan-or,51.11,rt
Sheridan WY,respiratory-therapist-per-diem-prn-sheridan-wy,49.31,rt
Sherman,respiratory-therapist-per-diem-prn-sherman-tx,49.31,rt
Sherwood,respiratory-therapist-per-diem-prn-sherwood-ar,51.43,rt
Sherwood,respiratory-therapist-per-diem-prn-sherwood-or,49.31,rt
Shiner,respiratory-therapist-per-diem-prn-shiner-tx,48.28,rt
Shoreline,respiratory-therapist-per-diem-prn-shoreline-wa,48.28,rt
Shoshone,respiratory-therapist-per-diem-prn-shoshone-3-id,48.28,rt
Shoshone,respiratory-therapist-per-diem-prn-shoshone-id,58.06,rt
Show Low,respiratory-therapist-per-diem-prn-show-low-az,58.06,rt
Shreveport,respiratory-therapist-per-diem-prn-shreveport-la-4da2f,48.33,rt
"Shreveport Caddo Heights, South Highlands",respiratory-therapist-per-diem-prn-shreveport-caddo-heights-south-highlands-la,52.58,rt
Shrewsbury NJ,respiratory-therapist-per-diem-prn-shrewsbury-nj,48.33,rt
Sibley,respiratory-therapist-per-diem-prn-sibley-la,48.33,rt
Sidney OH,respiratory-therapist-per-diem-prn-sidney-oh,51.98,rt
Sierra Blanca,respiratory-therapist-per-diem-prn-sierra-blanca-tx,49.71,rt
Sierra Vista,respiratory-therapist-per-diem-prn-sierra-vista-az,47.99,rt
Silsbee,respiratory-therapist-per-diem-prn-silsbee-tx,52.75,rt
Silver Spring,respiratory-therapist-per-diem-prn-silver-spring-md-878ca,52.33,rt
Silver Spring MD,respiratory-therapist-per-diem-prn-silver-spring-md,49.09,rt
Silver Springs FL,respiratory-therapist-per-diem-prn-silver-springs-fl,49.09,rt
Silver Springs NV,respiratory-therapist-per-diem-prn-silver-springs-nv,50.08,rt
Silverthorne,respiratory-therapist-per-diem-prn-silverthorne-co,45.79,rt
Silverton ID,respiratory-therapist-per-diem-prn-silverton-id,52.67,rt
Silverton OR,respiratory-therapist-per-diem-prn-silverton-or,55.73,rt
Silverton TX,respiratory-therapist-per-diem-prn-silverton-tx,52.06,rt
Simi Valley,respiratory-therapist-per-diem-prn-simi-valley-ca,52.06,rt
Simla,respiratory-therapist-per-diem-prn-simla-co,52.06,rt
Simpsonville,respiratory-therapist-per-diem-prn-simpsonville-sc,50.65,rt
Sinton,respiratory-therapist-per-diem-prn-sinton-tx,52.94,rt
Sioux City,respiratory-therapist-per-diem-prn-sioux-city-ia,51.76,rt
Sioux Falls,respiratory-therapist-per-diem-prn-sioux-falls-sd,53.77,rt
Sisseton,respiratory-therapist-per-diem-prn-sisseton-sd,50.08,rt
Sister Bay,respiratory-therapist-per-diem-prn-sister-bay-wi,50.08,rt
Sitka,respiratory-therapist-per-diem-prn-sitka-ak,50.08,rt
Skiatook,respiratory-therapist-per-diem-prn-skiatook-ok,50.08,rt
Skillman,respiratory-therapist-per-diem-prn-skillman-nj,47.99,rt
Skokie,respiratory-therapist-per-diem-prn-skokie-il-b12e8,49.71,rt
Slater-Marietta Marietta,respiratory-therapist-per-diem-prn-slater-marietta-marietta-sc,50.65,rt
Slaton,respiratory-therapist-per-diem-prn-slaton-tx,58.06,rt
Sleepy Hollow,respiratory-therapist-per-diem-prn-sleepy-hollow-ny,58.06,rt
Slidell,respiratory-therapist-per-diem-prn-slidell-la,51.67,rt
Smiley,respiratory-therapist-per-diem-prn-smiley-tx,58.06,rt
Smithfield,respiratory-therapist-per-diem-prn-smithfield-ri,53.06,rt
Smithfield,respiratory-therapist-per-diem-prn-smithfield-ut,53.06,rt
Smithtown,respiratory-therapist-per-diem-prn-smithtown-ny,53.73,rt
Smithville,respiratory-therapist-per-diem-prn-smithville-tx,51.11,rt
Smyrna,respiratory-therapist-per-diem-prn-smyrna-tn,51.11,rt
Smyrna GA,respiratory-therapist-per-diem-prn-smyrna-ga,50.98,rt
Snohomish WA,respiratory-therapist-per-diem-prn-snohomish-wa,51.74,rt
Snoqualmie,respiratory-therapist-per-diem-prn-snoqualmie-wa,51.74,rt
Snow Hill,respiratory-therapist-per-diem-prn-snow-hill-md,47.79,rt
Snyder,respiratory-therapist-per-diem-prn-snyder-tx,50.61,rt
Socastee,respiratory-therapist-per-diem-prn-socastee-sc,50.33,rt
Socorro NM,respiratory-therapist-per-diem-prn-socorro-nm,50.61,rt
Socorro TX,respiratory-therapist-per-diem-prn-socorro-tx,49.09,rt
Soda Springs,respiratory-therapist-per-diem-prn-soda-springs-id,49.09,rt
Solon,respiratory-therapist-per-diem-prn-solon-oh,52.73,rt
Somerset,respiratory-therapist-per-diem-prn-somerset-tx,50.08,rt
Somerton,respiratory-therapist-per-diem-prn-somerton-az,50.08,rt
Somerville,respiratory-therapist-per-diem-prn-somerville-ma,54.57,rt
Somerville,respiratory-therapist-per-diem-prn-somerville-tx,55.73,rt
Sonora CA,respiratory-therapist-per-diem-prn-sonora-ca,45.79,rt
Sonora TX,respiratory-therapist-per-diem-prn-sonora-tx,52.06,rt
Sophia,respiratory-therapist-per-diem-prn-sophia-nc,52.06,rt
Sour Lake,respiratory-therapist-per-diem-prn-sour-lake-tx,47.08,rt
South Bend,respiratory-therapist-per-diem-prn-south-bend-in,49.26,rt
South Bend,respiratory-therapist-per-diem-prn-south-bend-wa,53.77,rt
South Burlington,respiratory-therapist-per-diem-prn-south-burlington-vt,52.11,rt
South Charleston,respiratory-therapist-per-diem-prn-south-charleston-wv,51.78,rt
South Daytona,respiratory-therapist-per-diem-prn-south-daytona-fl,52.94,rt
South Euclid,respiratory-therapist-per-diem-prn-south-euclid-oh,52.58,rt
South Fulton,respiratory-therapist-per-diem-prn-south-fulton-ga,51.43,rt
South Hill,respiratory-therapist-per-diem-prn-south-hill-wa,48.31,rt
South Jordan UT,respiratory-therapist-per-diem-prn-south-jordan-ut,49.31,rt
South Kingstown,respiratory-therapist-per-diem-prn-south-kingstown-ri,49.69,rt
South Miami,respiratory-therapist-per-diem-prn-south-miami-fl,53.76,rt
South Miami Heights,respiratory-therapist-per-diem-prn-south-miami-heights-fl,53.95,rt
South Milwaukee,respiratory-therapist-per-diem-prn-south-milwaukee-wi,53.76,rt
South Ogden,respiratory-therapist-per-diem-prn-south-ogden-ut,53.76,rt
South Paris,respiratory-therapist-per-diem-prn-south-paris-me,51.65,rt
South Pasadena,respiratory-therapist-per-diem-prn-south-pasadena-fl,52.75,rt
South Portland,respiratory-therapist-per-diem-prn-south-portland-me,52.75,rt
South Portland Cash Corner,respiratory-therapist-per-diem-prn-south-portland-cash-corner-me,49.67,rt
South Portland Knightville,respiratory-therapist-per-diem-prn-south-portland-knightville-me,52.75,rt
South Salt Lake,respiratory-therapist-per-diem-prn-south-salt-lake-ut,51.11,rt
South Valley,respiratory-therapist-per-diem-prn-south-valley-nm,52.92,rt
South Weber,respiratory-therapist-per-diem-prn-south-weber-ut,52.67,rt
Southampton town,respiratory-therapist-per-diem-prn-southampton-town-ny,54.75,rt
Southaven,respiratory-therapist-per-diem-prn-southaven-ms,50.78,rt
Southbury,respiratory-therapist-per-diem-prn-southbury-ct,54.43,rt
Southfield city,respiratory-therapist-per-diem-prn-southfield-city-mi,48.11,rt
Southington,respiratory-therapist-per-diem-prn-southington-ct,53.73,rt
Southlake,respiratory-therapist-per-diem-prn-southlake-tx,52.67,rt
Spanish Fork,respiratory-therapist-per-diem-prn-spanish-fork-ut,50.61,rt
Spanish Springs,respiratory-therapist-per-diem-prn-spanish-springs-nv,53.06,rt
Sparks,respiratory-therapist-per-diem-prn-sparks-nv,45.79,rt
Spartanburg,respiratory-therapist-per-diem-prn-spartanburg-sc,52.94,rt
Spearfish,respiratory-therapist-per-diem-prn-spearfish-sd,47.79,rt
Spearman,respiratory-therapist-per-diem-prn-spearman-tx,47.08,rt
Spencer IA,respiratory-therapist-per-diem-prn-spencer-ia,47.99,rt
Spencer IN,respiratory-therapist-per-diem-prn-spencer-in,55.73,rt
Spokane,respiratory-therapist-per-diem-prn-spokane-wa,50.98,rt
Spokane Valley,respiratory-therapist-per-diem-prn-spokane-valley-wa,45.79,rt
Spooner,respiratory-therapist-per-diem-prn-spooner-wi,52.06,rt
Spray,respiratory-therapist-per-diem-prn-spray-or,50.08,rt
Spring,respiratory-therapist-per-diem-prn-spring-tx,52.39,rt
Spring Branch,respiratory-therapist-per-diem-prn-spring-branch-tx,50.08,rt
Spring Hill,respiratory-therapist-per-diem-prn-spring-hill-fl,50.08,rt
Spring Hill,respiratory-therapist-per-diem-prn-spring-hill-tn,51.43,rt
Spring Valley,respiratory-therapist-per-diem-prn-spring-valley-nv,51.92,rt
Spring Valley,respiratory-therapist-per-diem-prn-spring-valley-wi,58.06,rt
Springdale,respiratory-therapist-per-diem-prn-springdale-ar,50.92,rt
Springer,respiratory-therapist-per-diem-prn-springer-nm,58.06,rt
Springerville,respiratory-therapist-per-diem-prn-springerville-az,58.06,rt
Springettsbury,respiratory-therapist-per-diem-prn-springettsbury-pa,49.11,rt
Springfield,respiratory-therapist-per-diem-prn-springfield-il,48.26,rt
Springfield,respiratory-therapist-per-diem-prn-springfield-ma,53.82,rt
Springfield,respiratory-therapist-per-diem-prn-springfield-mo,49.78,rt
Springfield,respiratory-therapist-per-diem-prn-springfield-oh,48.66,rt
Springfield,respiratory-therapist-per-diem-prn-springfield-va,49.71,rt
Springfield CO,respiratory-therapist-per-diem-prn-springfield-co,51.76,rt
Springfield OR,respiratory-therapist-per-diem-prn-springfield-or,51.76,rt
Springfield TN,respiratory-therapist-per-diem-prn-springfield-tn,51.76,rt
Springfield VT,respiratory-therapist-per-diem-prn-springfield-vt,48.46,rt
Springville,respiratory-therapist-per-diem-prn-springville-ut,48.46,rt
Spur,respiratory-therapist-per-diem-prn-spur-tx,51.74,rt
St Augustine,respiratory-therapist-per-diem-prn-st-augustine-fl,49.09,rt
St George,respiratory-therapist-per-diem-prn-st-george-ut,42.56,rt
St Maries,respiratory-therapist-per-diem-prn-st-maries-id,52.67,rt
St Pete Beach,respiratory-therapist-per-diem-prn-st-pete-beach-fl,47.99,rt
St Petersburg,respiratory-therapist-per-diem-prn-st-petersburg-fl,55.73,rt
St. Albans,respiratory-therapist-per-diem-prn-st-albans-wv,51.97,rt
St. Albans city,respiratory-therapist-per-diem-prn-st-albans-city-vt,53.87,rt
St. Albans town,respiratory-therapist-per-diem-prn-st-albans-town-vt,53.75,rt
St. Andrews,respiratory-therapist-per-diem-prn-st-andrews-sc,50.73,rt
St. Charles,respiratory-therapist-per-diem-prn-st-charles-mo,49.95,rt
St. Clair Shores,respiratory-therapist-per-diem-prn-st-clair-shores-mi,51.97,rt
St. Cloud,respiratory-therapist-per-diem-prn-st-cloud-fl,52.57,rt
St. Cloud,respiratory-therapist-per-diem-prn-st-cloud-mn,49.73,rt
St. Johnsbury,respiratory-therapist-per-diem-prn-st-johnsbury-vt,53.66,rt
St. Joseph,respiratory-therapist-per-diem-prn-st-joseph-mo,49.98,rt
St. Louis,respiratory-therapist-per-diem-prn-st-louis-mo-82ff1,52.67,rt
St. Louis Park,respiratory-therapist-per-diem-prn-st-louis-park-mn,50.26,rt
St. Paul,respiratory-therapist-per-diem-prn-st-paul-in,47.08,rt
St. Paul,respiratory-therapist-per-diem-prn-st-paul-mn,49.75,rt
St. Peters,respiratory-therapist-per-diem-prn-st-peters-mo,49.89,rt
St. Petersburg Historic Uptown,respiratory-therapist-per-diem-prn-st-petersburg-historic-uptown-fl,55.73,rt
Stacyville,respiratory-therapist-per-diem-prn-stacyville-ia,50.75,rt
Stafford,respiratory-therapist-per-diem-prn-stafford-tx,55.73,rt
Stamford,respiratory-therapist-per-diem-prn-stamford-tx,51.76,rt
Stamford CT,respiratory-therapist-per-diem-prn-stamford-ct,47.08,rt
Stanley,respiratory-therapist-per-diem-prn-stanley-id,53.77,rt
Stanton,respiratory-therapist-per-diem-prn-stanton-tx,52.75,rt
Starke,respiratory-therapist-per-diem-prn-starke-fl,53.76,rt
Starkville,respiratory-therapist-per-diem-prn-starkville-ms,51.66,rt
State Center,respiratory-therapist-per-diem-prn-state-center-ia,53.76,rt
State College,respiratory-therapist-per-diem-prn-state-college-pa,52.06,rt
Staten Island,respiratory-therapist-per-diem-prn-staten-island-ny,52.06,rt
Statesboro,respiratory-therapist-per-diem-prn-statesboro-ga,51.87,rt
Stayton,respiratory-therapist-per-diem-prn-stayton-or,45.79,rt
Steamboat Springs CO,respiratory-therapist-per-diem-prn-steamboat-springs-co,45.79,rt
Steinhatchee,respiratory-therapist-per-diem-prn-steinhatchee-fl,45.79,rt
Stephenville,respiratory-therapist-per-diem-prn-stephenville-tx,49.42,rt
Sterling,respiratory-therapist-per-diem-prn-sterling-va,51.74,rt
Sterling City,respiratory-therapist-per-diem-prn-sterling-city-tx,49.42,rt
Sterling CO,respiratory-therapist-per-diem-prn-sterling-co,49.42,rt
Sterling Heights,respiratory-therapist-per-diem-prn-sterling-heights-mi,49.42,rt
Sterling IL,respiratory-therapist-per-diem-prn-sterling-il,45.79,rt
Stevens,respiratory-therapist-per-diem-prn-stevens-pa,48.28,rt
Stevenson,respiratory-therapist-per-diem-prn-stevenson-wa,51.11,rt
Stillwater,respiratory-therapist-per-diem-prn-stillwater-ok,51.11,rt
Stinnett,respiratory-therapist-per-diem-prn-stinnett-tx,48.28,rt
Stockdale,respiratory-therapist-per-diem-prn-stockdale-tx,53.77,rt
Stockton,respiratory-therapist-per-diem-prn-stockton-ca,53.77,rt
Stonecrest,respiratory-therapist-per-diem-prn-stonecrest-ga,51.75,rt
Stoughton,respiratory-therapist-per-diem-prn-stoughton-ma,53.06,rt
Stoughton,respiratory-therapist-per-diem-prn-stoughton-wi,50.61,rt
Stow,respiratory-therapist-per-diem-prn-stow-oh,53.73,rt
Stowe,respiratory-therapist-per-diem-prn-stowe-vt,53.67,rt
Strasburg,respiratory-therapist-per-diem-prn-strasburg-co,52.94,rt
Stratford,respiratory-therapist-per-diem-prn-stratford-ct,53.65,rt
Stratford,respiratory-therapist-per-diem-prn-stratford-tx,50.08,rt
Stratton,respiratory-therapist-per-diem-prn-stratton-co,52.67,rt
Strongsville,respiratory-therapist-per-diem-prn-strongsville-oh,54.82,rt
Stuart FL,respiratory-therapist-per-diem-prn-stuart-fl,55.73,rt
Stuart NE,respiratory-therapist-per-diem-prn-stuart-ne,54.19,rt
Sublimity,respiratory-therapist-per-diem-prn-sublimity-or,52.06,rt
Suffolk,respiratory-therapist-per-diem-prn-suffolk-va,54.26,rt
Sugar Land,respiratory-therapist-per-diem-prn-sugar-land-tx,47.08,rt
Sullivan City,respiratory-therapist-per-diem-prn-sullivan-city-tx,49.71,rt
Sulphur,respiratory-therapist-per-diem-prn-sulphur-la,51.89,rt
Sulphur,respiratory-therapist-per-diem-prn-sulphur-ok,52.39,rt
Sulphur Springs,respiratory-therapist-per-diem-prn-sulphur-springs-tx,49.71,rt
Summerfield,respiratory-therapist-per-diem-prn-summerfield-fl,45.79,rt
Summerlin South,respiratory-therapist-per-diem-prn-summerlin-south-nv,52.26,rt
Summersville,respiratory-therapist-per-diem-prn-summersville-wv,47.99,rt
Summerville,respiratory-therapist-per-diem-prn-summerville-sc,51.76,rt
Summit,respiratory-therapist-per-diem-prn-summit-nj,54.57,rt
Sumter,respiratory-therapist-per-diem-prn-sumter-sc,51.76,rt
Sumterville,respiratory-therapist-per-diem-prn-sumterville-fl,51.76,rt
Sun City,respiratory-therapist-per-diem-prn-sun-city-az,52.75,rt
Sun City Center,respiratory-therapist-per-diem-prn-sun-city-center-fl,52.94,rt
Sun City West,respiratory-therapist-per-diem-prn-sun-city-west-az,49.09,rt
Sun Lakes,respiratory-therapist-per-diem-prn-sun-lakes-az,49.09,rt
Sun Prairie,respiratory-therapist-per-diem-prn-sun-prairie-wi,49.82,rt
Sun Valley,respiratory-therapist-per-diem-prn-sun-valley-nv,49.09,rt
Sun West City,respiratory-therapist-per-diem-prn-sun-west-city-az,49.09,rt
Sundown,respiratory-therapist-per-diem-prn-sundown-tx,49.09,rt
Sunny Isles Beach,respiratory-therapist-per-diem-prn-sunny-isles-beach-fl,49.09,rt
Sunnyside UT,respiratory-therapist-per-diem-prn-sunnyside-ut,49.09,rt
Sunnyvale,respiratory-therapist-per-diem-prn-sunnyvale-0-tx,49.31,rt
Sunnyvale,respiratory-therapist-per-diem-prn-sunnyvale-ca,53.76,rt
Sunrise,respiratory-therapist-per-diem-prn-sunrise-fl,53.76,rt
Sunrise Manor,respiratory-therapist-per-diem-prn-sunrise-manor-nv,51.95,rt
Sunriver,respiratory-therapist-per-diem-prn-sunriver-or,51.11,rt
Superior AZ,respiratory-therapist-per-diem-prn-superior-az,52.06,rt
Superior WI,respiratory-therapist-per-diem-prn-superior-wi,50.08,rt
Surprise,respiratory-therapist-per-diem-prn-surprise-az,53.77,rt
Surprise Bell And Dysart Commerce Center,respiratory-therapist-per-diem-prn-surprise-bell-and-dysart-commerce-center-az,50.58,rt
Susanville,respiratory-therapist-per-diem-prn-susanville-ca,47.79,rt
Sutherlin,respiratory-therapist-per-diem-prn-sutherlin-or,47.79,rt
Swanton town,respiratory-therapist-per-diem-prn-swanton-town-vt,53.43,rt
Sweeny,respiratory-therapist-per-diem-prn-sweeny-tx,47.79,rt
Sweet Home,respiratory-therapist-per-diem-prn-sweet-home-or,50.08,rt
Sweetwater FL,respiratory-therapist-per-diem-prn-sweetwater-fl,52.75,rt
Sweetwater TX,respiratory-therapist-per-diem-prn-sweetwater-tx,58.06,rt
Sykesville,respiratory-therapist-per-diem-prn-sykesville-md,58.06,rt
Syracuse IN,respiratory-therapist-per-diem-prn-syracuse-in,50.08,rt
Syracuse NY,respiratory-therapist-per-diem-prn-syracuse-ny,50.61,rt
Syracuse UT,respiratory-therapist-per-diem-prn-syracuse-ut,50.61,rt
Tacoma,respiratory-therapist-per-diem-prn-tacoma-wa,50.98,rt
Taft,respiratory-therapist-per-diem-prn-taft-tx,50.61,rt
Tahoka,respiratory-therapist-per-diem-prn-tahoka-tx,53.06,rt
Talent OR,respiratory-therapist-per-diem-prn-talent-or,45.79,rt
Tallahassee Capitol Hill,respiratory-therapist-per-diem-prn-tallahassee-capitol-hill-fl,49.71,rt
Tallahassee FL,respiratory-therapist-per-diem-prn-tallahassee-fl,53.77,rt
Tamarac,respiratory-therapist-per-diem-prn-tamarac-fl,52.38,rt
Tamiami,respiratory-therapist-per-diem-prn-tamiami-fl,53.92,rt
Tampa Bay FL,respiratory-therapist-per-diem-prn-tampa-bay-fl,52.67,rt
Tampa FL,respiratory-therapist-per-diem-prn-tampa-fl,52.67,rt
Tanaina,respiratory-therapist-per-diem-prn-tanaina-ak,50.58,rt
Tarboro,respiratory-therapist-per-diem-prn-tarboro-nc,52.67,rt
Tarpon Springs,respiratory-therapist-per-diem-prn-tarpon-springs-fl,52.67,rt
Taunton,respiratory-therapist-per-diem-prn-taunton-ma,54.19,rt
Tavares FL,respiratory-therapist-per-diem-prn-tavares-fl,52.67,rt
Tavernier,respiratory-therapist-per-diem-prn-tavernier-fl,47.08,rt
Taylor,respiratory-therapist-per-diem-prn-taylor-mi,51.11,rt
Taylor,respiratory-therapist-per-diem-prn-taylor-tx,52.06,rt
Taylors,respiratory-therapist-per-diem-prn-taylors-sc,50.69,rt
Taylorsville,respiratory-therapist-per-diem-prn-taylorsville-ut,45.79,rt
Teague,respiratory-therapist-per-diem-prn-teague-tx,55.73,rt
Teaneck,respiratory-therapist-per-diem-prn-teaneck-nj,52.94,rt
Teays Valley,respiratory-therapist-per-diem-prn-teays-valley-wv,51.11,rt
Telluride,respiratory-therapist-per-diem-prn-telluride-co,54.19,rt
Temecula,respiratory-therapist-per-diem-prn-temecula-ca-01c7e,51.11,rt
Tempe AZ,respiratory-therapist-per-diem-prn-tempe-az,50.08,rt
Tempe Kiwanis Park,respiratory-therapist-per-diem-prn-tempe-kiwanis-park-az,50.31,rt
Temple Terrace,respiratory-therapist-per-diem-prn-temple-terrace-fl,48.33,rt
Temple TX,respiratory-therapist-per-diem-prn-temple-tx,48.33,rt
Tenafly,respiratory-therapist-per-diem-prn-tenafly-nj,48.33,rt
Tenaha,respiratory-therapist-per-diem-prn-tenaha-tx,48.33,rt
Tequesta,respiratory-therapist-per-diem-prn-tequesta-fl,48.33,rt
Terre Haute,respiratory-therapist-per-diem-prn-terre-haute-in,52.39,rt
Terrell,respiratory-therapist-per-diem-prn-terrell-tx,50.61,rt
Terrytown,respiratory-therapist-per-diem-prn-terrytown-la,51.78,rt
Texarkana,respiratory-therapist-per-diem-prn-texarkana-ar,51.11,rt
Texarkana,respiratory-therapist-per-diem-prn-texarkana-tx,50.61,rt
Texas City,respiratory-therapist-per-diem-prn-texas-city-tx,48.79,rt
The Acreage,respiratory-therapist-per-diem-prn-the-acreage-fl,53.89,rt
The Colony,respiratory-therapist-per-diem-prn-the-colony-tx,55.73,rt
The Dalles,respiratory-therapist-per-diem-prn-the-dalles-or,51.11,rt
The Hammocks,respiratory-therapist-per-diem-prn-the-hammocks-fl,53.82,rt
The Villages,respiratory-therapist-per-diem-prn-the-villages-fl,52.94,rt
The Woodlands,respiratory-therapist-per-diem-prn-the-woodlands-tx,53.06,rt
Thermopolis,respiratory-therapist-per-diem-prn-thermopolis-wy,53.06,rt
Thonotosassa,respiratory-therapist-per-diem-prn-thonotosassa-fl,53.06,rt
Thornton,respiratory-therapist-per-diem-prn-thornton-co,53.06,rt
Thorp,respiratory-therapist-per-diem-prn-thorp-wi,45.79,rt
Thousand Oaks,respiratory-therapist-per-diem-prn-thousand-oaks-ca,52.67,rt
Three Rivers,respiratory-therapist-per-diem-prn-three-rivers-tx,47.79,rt
Throckmorton,respiratory-therapist-per-diem-prn-throckmorton-tx,52.38,rt
Tigard,respiratory-therapist-per-diem-prn-tigard-or,52.06,rt
Tilden,respiratory-therapist-per-diem-prn-tilden-tx,49.31,rt
Tillamook,respiratory-therapist-per-diem-prn-tillamook-or,47.08,rt
Tinley Park,respiratory-therapist-per-diem-prn-tinley-park-il,48.89,rt
Titusville,respiratory-therapist-per-diem-prn-titusville-fl,55.73,rt
Tivoli,respiratory-therapist-per-diem-prn-tivoli-tx,52.75,rt
Tolar,respiratory-therapist-per-diem-prn-tolar-tx,52.75,rt
Toledo,respiratory-therapist-per-diem-prn-toledo-oh,48.11,rt
Toledo IA,respiratory-therapist-per-diem-prn-toledo-io,52.75,rt
Toledo OR,respiratory-therapist-per-diem-prn-toledo-or,52.75,rt
Toledo Southwyck,respiratory-therapist-per-diem-prn-toledo-southwyck-oh,52.67,rt
Tolleson,respiratory-therapist-per-diem-prn-tolleson-az,52.94,rt
Tomahawk,respiratory-therapist-per-diem-prn-tomahawk-wi,45.79,rt
Tomball,respiratory-therapist-per-diem-prn-tomball-tx,53.77,rt
Toms River NJ,respiratory-therapist-per-diem-prn-toms-river-nj,53.76,rt
Tonawanda,respiratory-therapist-per-diem-prn-tonawanda-town-ny,54.66,rt
Tooele,respiratory-therapist-per-diem-prn-tooele-ut,53.76,rt
Topeka,respiratory-therapist-per-diem-prn-topeka-ks,51.78,rt
Topeka Southwest Topeka,respiratory-therapist-per-diem-prn-topeka-southwest-topeka-ks,50.08,rt
Toppenish,respiratory-therapist-per-diem-prn-toppenish-wa,49.92,rt
Toquerville,respiratory-therapist-per-diem-prn-toquerville-ut,52.75,rt
Torrington,respiratory-therapist-per-diem-prn-torrington-ct,50.61,rt
Torrington,respiratory-therapist-per-diem-prn-torrington-wy,50.65,rt
Town 'n' Country,respiratory-therapist-per-diem-prn-town-n-country-fl,53.73,rt
Townshend,respiratory-therapist-per-diem-prn-townshend-vt,50.61,rt
Towson,respiratory-therapist-per-diem-prn-towson-md,52.95,rt
Traverse City,respiratory-therapist-per-diem-prn-traverse-city-mi,50.61,rt
Tredyffrin,respiratory-therapist-per-diem-prn-tredyffrin-pa,49.89,rt
Tremonton,respiratory-therapist-per-diem-prn-tremonton-ut,51.76,rt
Trenton,respiratory-therapist-per-diem-prn-trenton-fl,50.08,rt
Trenton Downtown,respiratory-therapist-per-diem-prn-trenton-downtown-nj,52.69,rt
Trexlertown,respiratory-therapist-per-diem-prn-trexlertown-pa,53.66,rt
Trinidad,respiratory-therapist-per-diem-prn-trinidad-co,47.08,rt
Trinity FL,respiratory-therapist-per-diem-prn-trinity-fl,47.99,rt
Trinity TX,respiratory-therapist-per-diem-prn-trinity-tx,47.99,rt
Tripoli,respiratory-therapist-per-diem-prn-tripoli-ia,49.26,rt
Trophy Club,respiratory-therapist-per-diem-prn-trophy-club-tx,47.99,rt
Trotwood,respiratory-therapist-per-diem-prn-trotwood-oh,52.75,rt
Troy,respiratory-therapist-per-diem-prn-troy-oh,53.43,rt
Troy,respiratory-therapist-per-diem-prn-troy-pa,55.73,rt
Troy city,respiratory-therapist-per-diem-prn-troy-city-mi,48.66,rt
Trumbull,respiratory-therapist-per-diem-prn-trumbull-ct,53.89,rt
Trussville,respiratory-therapist-per-diem-prn-trussville-al,49.82,rt
Truth Or Consequences,respiratory-therapist-per-diem-prn-truth-or-consequences-nm,49.09,rt
Tualatin,respiratory-therapist-per-diem-prn-tualatin-or,45.79,rt
Tualatin Sherwood - Tualatin South,respiratory-therapist-per-diem-prn-tualatin-sherwood-tualatin-south-or,49.95,rt
Tuba City,respiratory-therapist-per-diem-prn-tuba-city-az,52.06,rt
Tubac,respiratory-therapist-per-diem-prn-tubac-az,52.06,rt
Tuckahoe,respiratory-therapist-per-diem-prn-tuckahoe-va,54.33,rt
Tucker,respiratory-therapist-per-diem-prn-tucker-ga,51.66,rt
Tucson,respiratory-therapist-per-diem-prn-tucson-az,51.45,rt
Tucson Coronado Foothills Estates,respiratory-therapist-per-diem-prn-tucson-coronado-foothills-estates-az,51.67,rt
Tucson Ventana Canyon Office Park,respiratory-therapist-per-diem-prn-tucson-ventana-canyon-office-park-az,50.73,rt
Tulia,respiratory-therapist-per-diem-prn-tulia-tx,52.06,rt
Tulsa,respiratory-therapist-per-diem-prn-tulsa-ok,50.61,rt
Tumwater,respiratory-therapist-per-diem-prn-tumwater-wa,58.06,rt
Tupelo,respiratory-therapist-per-diem-prn-tupelo-ms,58.06,rt
Turlock,respiratory-therapist-per-diem-prn-turlock-ca,52.94,rt
Turtle Lake,respiratory-therapist-per-diem-prn-turtle-lake-nd,48.33,rt
Tuscaloosa,respiratory-therapist-per-diem-prn-tuscaloosa-al,51.95,rt
Tuttle,respiratory-therapist-per-diem-prn-tuttle-ok,54.19,rt
Twin Falls ID,respiratory-therapist-per-diem-prn-twin-falls-id,58.06,rt
Two Rivers,respiratory-therapist-per-diem-prn-two-rivers-wi,58.06,rt
Tyler,respiratory-therapist-per-diem-prn-tyler-tx,58.06,rt
Umatilla,respiratory-therapist-per-diem-prn-umatilla-fl,54.19,rt
Uncasville,respiratory-therapist-per-diem-prn-uncasville-ct,51.76,rt
Union,respiratory-therapist-per-diem-prn-union-nj,55.73,rt
Union,respiratory-therapist-per-diem-prn-union-or,52.67,rt
Union City,respiratory-therapist-per-diem-prn-union-city-nj,51.11,rt
Union Gap,respiratory-therapist-per-diem-prn-union-gap-wa,49.89,rt
Uniontown,respiratory-therapist-per-diem-prn-uniontown-pa,52.67,rt
Universal City,respiratory-therapist-per-diem-prn-universal-city-tx,52.67,rt
University CDP,respiratory-therapist-per-diem-prn-university-cdp-fl,50.75,rt
University City,respiratory-therapist-per-diem-prn-university-city-mo,49.43,rt
University Park,respiratory-therapist-per-diem-prn-university-park-fl,53.77,rt
Upland,respiratory-therapist-per-diem-prn-upland-ca,53.77,rt
Upper Arlington,respiratory-therapist-per-diem-prn-upper-arlington-oh,54.58,rt
Upper Darby,respiratory-therapist-per-diem-prn-upper-darby-pa,51.66,rt
Upper Dublin,respiratory-therapist-per-diem-prn-upper-dublin-pa,49.87,rt
Upper Macungie,respiratory-therapist-per-diem-prn-upper-macungie-pa,49.26,rt
Upper Merion,respiratory-therapist-per-diem-prn-upper-merion-pa,50.87,rt
Upper Moreland,respiratory-therapist-per-diem-prn-upper-moreland-pa,51.95,rt
Urban Honolulu,respiratory-therapist-per-diem-prn-urban-honolulu-hi,54.87,rt
Urbandale,respiratory-therapist-per-diem-prn-urbandale-ia,53.58,rt
Utica,respiratory-therapist-per-diem-prn-utica-ny,49.42,rt
Uvalde,respiratory-therapist-per-diem-prn-uvalde-tx,49.42,rt
Vail AZ,respiratory-therapist-per-diem-prn-vail-az,49.42,rt
Vail CO,respiratory-therapist-per-diem-prn-vail-co,50.08,rt
Valdosta,respiratory-therapist-per-diem-prn-valdosta-ga,51.26,rt
Vale,respiratory-therapist-per-diem-prn-vale-or,52.75,rt
Valencia,respiratory-therapist-per-diem-prn-valencia-ca,49.31,rt
Valley City,respiratory-therapist-per-diem-prn-valley-city-nd,45.79,rt
Valley Mills,respiratory-therapist-per-diem-prn-valley-mills-tx,47.08,rt
Valparaiso,respiratory-therapist-per-diem-prn-valparaiso-fl,50.61,rt
Valparaiso,respiratory-therapist-per-diem-prn-valparaiso-in,50.66,rt
Valrico,respiratory-therapist-per-diem-prn-valrico-fl,47.99,rt
Valyemo,respiratory-therapist-per-diem-prn-valyemo-ca,47.99,rt
Valyermo,respiratory-therapist-per-diem-prn-valyermo-ca,49.87,rt
Van,respiratory-therapist-per-diem-prn-van-tx,53.76,rt
Van Alstyne,respiratory-therapist-per-diem-prn-van-alstyne-tx,52.38,rt
Van Buren,respiratory-therapist-per-diem-prn-van-buren-ar,51.76,rt
Van Horn,respiratory-therapist-per-diem-prn-van-horn-tx,53.76,rt
Vancouver Pleasant Valley,respiratory-therapist-per-diem-prn-vancouver-pleasant-valley-wa,48.58,rt
Vancouver WA,respiratory-therapist-per-diem-prn-vancouver-wa,52.06,rt
Venice FL,respiratory-therapist-per-diem-prn-venice-fl,55.73,rt
Vernal,respiratory-therapist-per-diem-prn-vernal-ut,45.79,rt
Vernon FL,respiratory-therapist-per-diem-prn-vernon-fl,50.08,rt
Vernon Hills IL,respiratory-therapist-per-diem-prn-vernon-hills-il,50.08,rt
Vernon TX,respiratory-therapist-per-diem-prn-vernon-tx,50.08,rt
Vernonia,respiratory-therapist-per-diem-prn-vernonia-or,50.08,rt
Vero Beach FL,respiratory-therapist-per-diem-prn-vero-beach-fl,50.08,rt
Vestavia Hills,respiratory-therapist-per-diem-prn-vestavia-hills-al,49.75,rt
Vian,respiratory-therapist-per-diem-prn-vian-ok,48.28,rt
Victor,respiratory-therapist-per-diem-prn-victor-id,52.94,rt
Victoria,respiratory-therapist-per-diem-prn-victoria-tx,47.08,rt
Victorville,respiratory-therapist-per-diem-prn-victorville-ca,51.11,rt
Vidalia,respiratory-therapist-per-diem-prn-vidalia-ga,51.11,rt
Vidor,respiratory-therapist-per-diem-prn-vidor-tx,51.11,rt
Vienna,respiratory-therapist-per-diem-prn-vienna-wv,51.95,rt
Viera,respiratory-therapist-per-diem-prn-viera-fl,53.06,rt
Vineland NJ,respiratory-therapist-per-diem-prn-vineland-nj,54.19,rt
Virginia Beach,respiratory-therapist-per-diem-prn-virginia-beach-va,53.82,rt
Virginia City,respiratory-therapist-per-diem-prn-virginia-city-nv,55.73,rt
Virginia Gardens,respiratory-therapist-per-diem-prn-virginia-gardens-fl,50.61,rt
Viroqua,respiratory-therapist-per-diem-prn-viroqua-wi,50.61,rt
Vivian,respiratory-therapist-per-diem-prn-vivian-la,48.28,rt
Voorhees NJ,respiratory-therapist-per-diem-prn-voorhees-nj,48.28,rt
Waco,respiratory-therapist-per-diem-prn-waco-tx,48.28,rt
Wadsworth,respiratory-therapist-per-diem-prn-wadsworth-oh,52.82,rt
Waelder,respiratory-therapist-per-diem-prn-waelder-tx,50.08,rt
Wahoo,respiratory-therapist-per-diem-prn-wahoo-ne,49.71,rt
Waimea,respiratory-therapist-per-diem-prn-waimea-hi,49.71,rt
Waipahu,respiratory-therapist-per-diem-prn-waipahu-hi,54.11,rt
Wake Forest,respiratory-therapist-per-diem-prn-wake-forest-nc,48.75,rt
Walden,respiratory-therapist-per-diem-prn-walden-co,48.33,rt
Waldorf,respiratory-therapist-per-diem-prn-waldorf-md,45.79,rt
Waldorf,respiratory-therapist-per-diem-prn-waldorf-md-954bf,52.11,rt
Waldport,respiratory-therapist-per-diem-prn-waldport-or,45.79,rt
Walhalla,respiratory-therapist-per-diem-prn-walhalla-nd,45.79,rt
Wall Township,respiratory-therapist-per-diem-prn-wall-township-nj,50.75,rt
Walla Walla,respiratory-therapist-per-diem-prn-walla-walla-wa,52.75,rt
Wallace,respiratory-therapist-per-diem-prn-wallace-id,52.94,rt
Waller,respiratory-therapist-per-diem-prn-waller-tx,58.06,rt
Wallingford,respiratory-therapist-per-diem-prn-wallingford-ct,58.06,rt
Walnut Creek,respiratory-therapist-per-diem-prn-walnut-creek-ca,58.06,rt
Walsenburg,respiratory-therapist-per-diem-prn-walsenburg-co,53.77,rt
Walsh,respiratory-therapist-per-diem-prn-walsh-co,47.08,rt
Walterboro,respiratory-therapist-per-diem-prn-walterboro-sc,55.73,rt
Waltham,respiratory-therapist-per-diem-prn-waltham-ma,54.75,rt
Warm Springs,respiratory-therapist-per-diem-prn-warm-springs-mt,52.06,rt
Warminster,respiratory-therapist-per-diem-prn-warminster-pa,50.75,rt
Warner Robins,respiratory-therapist-per-diem-prn-warner-robins-ga,51.57,rt
Warranton,respiratory-therapist-per-diem-prn-warranton-va,52.38,rt
Warren,respiratory-therapist-per-diem-prn-warren-in,49.42,rt
Warren,respiratory-therapist-per-diem-prn-warren-oh,54.33,rt
Warren,respiratory-therapist-per-diem-prn-warren-pa,51.11,rt
Warren,respiratory-therapist-per-diem-prn-warren-ri,54.19,rt
Warren city,respiratory-therapist-per-diem-prn-warren-city-mi,54.92,rt
Warrenton,respiratory-therapist-per-diem-prn-warrenton-or,51.76,rt
Warsaw,respiratory-therapist-per-diem-prn-warsaw-ky,51.76,rt
Warwick,respiratory-therapist-per-diem-prn-warwick-ri,51.76,rt
Washington,respiratory-therapist-per-diem-prn-washington-dc-08039,53.76,rt
Washington,respiratory-therapist-per-diem-prn-washington-ut,52.94,rt
Washington Court House,respiratory-therapist-per-diem-prn-washington-court-house-nd,45.79,rt
Washington DC,respiratory-therapist-per-diem-prn-washington-dc,47.08,rt
Washington Terrace,respiratory-therapist-per-diem-prn-washington-terrace-ut,48.28,rt
Washougal WA,respiratory-therapist-per-diem-prn-washougal-wa,52.94,rt
Wasilla,respiratory-therapist-per-diem-prn-wasilla-ak,50.33,rt
Waskom,respiratory-therapist-per-diem-prn-waskom-tx,52.94,rt
Watauga,respiratory-therapist-per-diem-prn-watauga-tx,48.28,rt
Waterbury,respiratory-therapist-per-diem-prn-waterbury-ct,53.26,rt
Waterbury,respiratory-therapist-per-diem-prn-waterbury-vt,53.65,rt
Waterford,respiratory-therapist-per-diem-prn-waterford-ct,49.31,rt
Waterloo,respiratory-therapist-per-diem-prn-waterloo-ia,49.31,rt
Watertown,respiratory-therapist-per-diem-prn-watertown-ny,49.31,rt
Watertown,respiratory-therapist-per-diem-prn-watertown-sd,50.89,rt
Waterville ME,respiratory-therapist-per-diem-prn-waterville-me,53.77,rt
Watkins CO,respiratory-therapist-per-diem-prn-watkins-co,50.08,rt
Wauchula,respiratory-therapist-per-diem-prn-wauchula-fl,50.08,rt
Wauconda IL,respiratory-therapist-per-diem-prn-wauconda-il-89350,48.33,rt
Waukee,respiratory-therapist-per-diem-prn-waukee-ia,53.43,rt
Waukegan,respiratory-therapist-per-diem-prn-waukegan-il,48.75,rt
Waukesha,respiratory-therapist-per-diem-prn-waukesha-wi-7e11b,47.08,rt
Waukesha city,respiratory-therapist-per-diem-prn-waukesha-city-wi,49.66,rt
Waukon,respiratory-therapist-per-diem-prn-waukon-ia,50.61,rt
Waupun,respiratory-therapist-per-diem-prn-waupun-wi,50.61,rt
Wausau,respiratory-therapist-per-diem-prn-wausau-wi,50.61,rt
Wauwatosa,respiratory-therapist-per-diem-prn-wauwatosa-wi,52.38,rt
Waverly IA,respiratory-therapist-per-diem-prn-waverly-ia,52.06,rt
Waverly OH,respiratory-therapist-per-diem-prn-waverly-oh,52.06,rt
Waxahachie,respiratory-therapist-per-diem-prn-waxahachie-tx,54.19,rt
Waycross,respiratory-therapist-per-diem-prn-waycross-ga,48.28,rt
Wayne NJ,respiratory-therapist-per-diem-prn-wayne-nj,45.79,rt
Weatherford,respiratory-therapist-per-diem-prn-weatherford-tx,47.08,rt
Weatherly,respiratory-therapist-per-diem-prn-weatherly-pa,48.28,rt
Weaverville,respiratory-therapist-per-diem-prn-weaverville-ca,53.77,rt
Weaverville,respiratory-therapist-per-diem-prn-weaverville-nc,55.73,rt
Webster,respiratory-therapist-per-diem-prn-webster-tx,54.19,rt
Webster Groves,respiratory-therapist-per-diem-prn-webster-groves-mo,48.92,rt
Weeki Wachee,respiratory-therapist-per-diem-prn-weeki-wachee-fl,52.75,rt
Weimar,respiratory-therapist-per-diem-prn-weimar-tx,52.75,rt
Weirsdale,respiratory-therapist-per-diem-prn-weirsdale-fl,45.79,rt
Weirton,respiratory-therapist-per-diem-prn-weirton-wv,52.38,rt
Weiser,respiratory-therapist-per-diem-prn-weiser-id,49.42,rt
Welaka,respiratory-therapist-per-diem-prn-welaka-fl,52.94,rt
Welches,respiratory-therapist-per-diem-prn-welches-or,54.19,rt
Wellington,respiratory-therapist-per-diem-prn-wellington-tx,50.08,rt
Wellington FL,respiratory-therapist-per-diem-prn-wellington-fl,48.28,rt
Wellington NV,respiratory-therapist-per-diem-prn-wellington-nv,50.08,rt
Wells,respiratory-therapist-per-diem-prn-wells-tx,53.76,rt
Wellsboro,respiratory-therapist-per-diem-prn-wellsboro-pa,48.33,rt
Wellsville,respiratory-therapist-per-diem-prn-wellsville-mo,49.43,rt
Wellton,respiratory-therapist-per-diem-prn-wellton-az,47.08,rt
Wenatchee,respiratory-therapist-per-diem-prn-wenatchee-wa,58.06,rt
Wendell,respiratory-therapist-per-diem-prn-wendell-id,55.73,rt
Wentzville,respiratory-therapist-per-diem-prn-wentzville-mo,49.67,rt
Weslaco,respiratory-therapist-per-diem-prn-weslaco-tx,48.28,rt
Wesley Chapel,respiratory-therapist-per-diem-prn-wesley-chapel-fl,45.79,rt
West,respiratory-therapist-per-diem-prn-west-tx,48.33,rt
West Allis,respiratory-therapist-per-diem-prn-west-allis-wi,49.87,rt
West Bend,respiratory-therapist-per-diem-prn-west-bend-wi,49.89,rt
West Bountiful UT,respiratory-therapist-per-diem-prn-west-bountiful-ut,52.94,rt
West Branch,respiratory-therapist-per-diem-prn-west-branch-mi,53.06,rt
West Burlington,respiratory-therapist-per-diem-prn-west-burlington-ia,51.11,rt
West Caldwell,respiratory-therapist-per-diem-prn-west-caldwell-nj,50.61,rt
West Columbia TX,respiratory-therapist-per-diem-prn-west-columbia-tx,50.61,rt
West Des Moines,respiratory-therapist-per-diem-prn-west-des-moines-ia,50.61,rt
West Hartford,respiratory-therapist-per-diem-prn-west-hartford-ct,53.66,rt
West Haven,respiratory-therapist-per-diem-prn-west-haven-ct,53.11,rt
West Haven,respiratory-therapist-per-diem-prn-west-haven-ut,52.06,rt
West Hills,respiratory-therapist-per-diem-prn-west-hills-ca,52.06,rt
West Jordan,respiratory-therapist-per-diem-prn-west-jordan-ut,52.06,rt
West Lafayette,respiratory-therapist-per-diem-prn-west-lafayette-in,49.95,rt
West Lake Hills,respiratory-therapist-per-diem-prn-west-lake-hills-tx,49.31,rt
West Liberty,respiratory-therapist-per-diem-prn-west-liberty-ky,53.76,rt
West Linn OR,respiratory-therapist-per-diem-prn-west-linn-or,52.67,rt
West Little River,respiratory-therapist-per-diem-prn-west-little-river-fl,53.78,rt
West Melbourne,respiratory-therapist-per-diem-prn-west-melbourne-fl,49.71,rt
West Memphis,respiratory-therapist-per-diem-prn-west-memphis-ar,51.78,rt
West Miami,respiratory-therapist-per-diem-prn-west-miami-fl,49.71,rt
West Monroe,respiratory-therapist-per-diem-prn-west-monroe-la,49.71,rt
West Palm Beach,respiratory-therapist-per-diem-prn-west-palm-beach-fl,47.99,rt
WEST PALM BEACH,respiratory-therapist-per-diem-prn-west-palm-beach-1-fl,47.99,rt
West Park,respiratory-therapist-per-diem-prn-west-park-fl,47.99,rt
West Point TX,respiratory-therapist-per-diem-prn-west-point-tx,50.61,rt
West Point UT,respiratory-therapist-per-diem-prn-west-point-ut,52.38,rt
West Sacramento,respiratory-therapist-per-diem-prn-west-sacramento-ca,52.92,rt
West Salem,respiratory-therapist-per-diem-prn-west-salem-wi,47.08,rt
West Union,respiratory-therapist-per-diem-prn-west-union-ia,45.79,rt
West Valley,respiratory-therapist-per-diem-prn-west-valley-ut,49.09,rt
West Valley City,respiratory-therapist-per-diem-prn-west-valley-city-ut,52.94,rt
West Warwick,respiratory-therapist-per-diem-prn-west-warwick-ri,49.78,rt
West Wendover,respiratory-therapist-per-diem-prn-west-wendover-nv,49.09,rt
Westbrook,respiratory-therapist-per-diem-prn-westbrook-me,52.57,rt
Westchester,respiratory-therapist-per-diem-prn-westchester-fl,53.69,rt
Westcliffe,respiratory-therapist-per-diem-prn-westcliffe-co,49.09,rt
Westerly,respiratory-therapist-per-diem-prn-westerly-ri,53.77,rt
Westerville,respiratory-therapist-per-diem-prn-westerville-oh,54.75,rt
Westfield,respiratory-therapist-per-diem-prn-westfield-in,49.92,rt
Westfield NJ,respiratory-therapist-per-diem-prn-westfield-nj,52.75,rt
Westhampton,respiratory-therapist-per-diem-prn-westhampton-ny,52.06,rt
Westlake,respiratory-therapist-per-diem-prn-westlake-oh,53.98,rt
Westland,respiratory-therapist-per-diem-prn-westland-mi,48.75,rt
Westminster CO,respiratory-therapist-per-diem-prn-westminster-co,50.08,rt
Westmont,respiratory-therapist-per-diem-prn-westmont-il,50.08,rt
Weston,respiratory-therapist-per-diem-prn-weston-fl,48.33,rt
Wetumpka,respiratory-therapist-per-diem-prn-wetumpka-al,55.73,rt
Wewahitchka,respiratory-therapist-per-diem-prn-wewahitchka-fl,51.74,rt
Weymouth Town,respiratory-therapist-per-diem-prn-weymouth-town-ma,54.11,rt
Wharton,respiratory-therapist-per-diem-prn-wharton-tx,55.73,rt
Wheat Ridge Bel Aire,respiratory-therapist-per-diem-prn-wheat-ridge-bel-aire-co,51.76,rt
Wheat Ridge CO,respiratory-therapist-per-diem-prn-wheat-ridge-co,45.79,rt
Wheaton,respiratory-therapist-per-diem-prn-wheaton-md,53.26,rt
Wheaton IL,respiratory-therapist-per-diem-prn-wheaton-il,50.61,rt
Wheeler OR,respiratory-therapist-per-diem-prn-wheeler-or,53.06,rt
Wheeler TX,respiratory-therapist-per-diem-prn-wheeler-tx,52.94,rt
Wheeling,respiratory-therapist-per-diem-prn-wheeling-wv,49.09,rt
White City,respiratory-therapist-per-diem-prn-white-city-or,51.11,rt
White Plains,respiratory-therapist-per-diem-prn-white-plains-ny,54.58,rt
White River Junction,respiratory-therapist-per-diem-prn-white-river-junction-vt,51.11,rt
White Settlement,respiratory-therapist-per-diem-prn-white-settlement-tx,51.11,rt
White Sulphur Springs,respiratory-therapist-per-diem-prn-white-sulphur-springs-mt,51.11,rt
Whitefish,respiratory-therapist-per-diem-prn-whitefish-mt,51.11,rt
Whitehall,respiratory-therapist-per-diem-prn-whitehall-oh,51.92,rt
Whitehouse,respiratory-therapist-per-diem-prn-whitehouse-tx,48.28,rt
Whiteriver,respiratory-therapist-per-diem-prn-whiteriver-az,55.73,rt
Whitesboro,respiratory-therapist-per-diem-prn-whitesboro-tx,45.79,rt
Whiting,respiratory-therapist-per-diem-prn-whiting-nj,52.67,rt
Whitney,respiratory-therapist-per-diem-prn-whitney-nv,52.31,rt
Whitney,respiratory-therapist-per-diem-prn-whitney-tx,58.06,rt
Wichita Falls,respiratory-therapist-per-diem-prn-wichita-falls-tx,58.06,rt
Wichita KS,respiratory-therapist-per-diem-prn-wichita-ks,52.06,rt
Wichita Riverside,respiratory-therapist-per-diem-prn-wichita-riverside-ks,53.76,rt
Wickenburg,respiratory-therapist-per-diem-prn-wickenburg-az,53.76,rt
Wiggins,respiratory-therapist-per-diem-prn-wiggins-co,49.42,rt
Wildwood,respiratory-therapist-per-diem-prn-wildwood-fl,50.61,rt
Wildwood,respiratory-therapist-per-diem-prn-wildwood-mo,49.33,rt
Wiley,respiratory-therapist-per-diem-prn-wiley-co,48.28,rt
Wilkes Barre,respiratory-therapist-per-diem-prn-wilkes-barre-pa,53.77,rt
Wilkes-Barre City,respiratory-therapist-per-diem-prn-wilkes-barre-city-pa,50.67,rt
Wilkesboro,respiratory-therapist-per-diem-prn-wilkesboro-nc,58.06,rt
Willamina,respiratory-therapist-per-diem-prn-willamina-or,58.06,rt
Willcox,respiratory-therapist-per-diem-prn-willcox-az,53.77,rt
Williams,respiratory-therapist-per-diem-prn-williams-az,53.06,rt
Williamsport,respiratory-therapist-per-diem-prn-williamsport-md,53.06,rt
Williamsport,respiratory-therapist-per-diem-prn-williamsport-pa,49.65,rt
Williamstown,respiratory-therapist-per-diem-prn-williamstown-nj,48.46,rt
Willimantic,respiratory-therapist-per-diem-prn-willimantic-ct,48.46,rt
Willimantic,respiratory-therapist-per-diem-prn-willimantic-ct-da04b,48.67,rt
Willis,respiratory-therapist-per-diem-prn-willis-tx,48.46,rt
Williston,respiratory-therapist-per-diem-prn-williston-vt,52.89,rt
Williston FL,respiratory-therapist-per-diem-prn-williston-fl,48.28,rt
Williston ND,respiratory-therapist-per-diem-prn-williston-nd,49.71,rt
Willoughby,respiratory-therapist-per-diem-prn-willoughby-oh,52.78,rt
Willow Park,respiratory-therapist-per-diem-prn-willow-park-tx,49.09,rt
Wills Point,respiratory-therapist-per-diem-prn-wills-point-tx,51.11,rt
Wilmington,respiratory-therapist-per-diem-prn-wilmington-nc,54.69,rt
Wilmington DE,respiratory-therapist-per-diem-prn-wilmington-de,51.11,rt
Wilmington Historic District,respiratory-therapist-per-diem-prn-wilmington-historic-district-nc,51.76,rt
Wilson,respiratory-therapist-per-diem-prn-wilson-nc,48.87,rt
Wilsonville,respiratory-therapist-per-diem-prn-wilsonville-or,51.76,rt
Wilton Manors,respiratory-therapist-per-diem-prn-wilton-manors-fl,52.94,rt
Wimauma,respiratory-therapist-per-diem-prn-wimauma-fl,47.79,rt
Wimberley TX,respiratory-therapist-per-diem-prn-wimberley-tx,47.79,rt
Winchester,respiratory-therapist-per-diem-prn-winchester-ky,51.66,rt
Winchester,respiratory-therapist-per-diem-prn-winchester-nv,52.57,rt
Windcrest,respiratory-therapist-per-diem-prn-windcrest-tx,47.79,rt
Windham,respiratory-therapist-per-diem-prn-windham-me,52.66,rt
Windsor CO,respiratory-therapist-per-diem-prn-windsor-co,50.61,rt
Windsor VT,respiratory-therapist-per-diem-prn-windsor-vt,50.61,rt
Winnemucca,respiratory-therapist-per-diem-prn-winnemucca-nv,52.75,rt
Winnie,respiratory-therapist-per-diem-prn-winnie-tx,51.74,rt
Winnsboro,respiratory-therapist-per-diem-prn-winnsboro-tx,51.74,rt
Winooski,respiratory-therapist-per-diem-prn-winooski-vt,52.98,rt
Winslow,respiratory-therapist-per-diem-prn-winslow-az,53.77,rt
Winston,respiratory-therapist-per-diem-prn-winston-or,52.39,rt
Winston-Salem,respiratory-therapist-per-diem-prn-winston-salem-nc,54.11,rt
Winter Garden,respiratory-therapist-per-diem-prn-winter-garden-fl,49.31,rt
Winter Haven,respiratory-therapist-per-diem-prn-winter-haven-fl,49.31,rt
Winter Park CO,respiratory-therapist-per-diem-prn-winter-park-co,49.31,rt
Winter Park FL,respiratory-therapist-per-diem-prn-winter-park-fl,52.67,rt
Winter Springs,respiratory-therapist-per-diem-prn-winter-springs-fl,52.67,rt
Winters,respiratory-therapist-per-diem-prn-winters-tx,52.06,rt
Winthrop,respiratory-therapist-per-diem-prn-winthrop-me,50.08,rt
Wisconsin Rapids,respiratory-therapist-per-diem-prn-wisconsin-rapids-wi,48.28,rt
Wittmann,respiratory-therapist-per-diem-prn-wittmann-az,48.28,rt
Wolcottville,respiratory-therapist-per-diem-prn-wolcottville-in,48.28,rt
Wolf Point,respiratory-therapist-per-diem-prn-wolf-point-mt,50.61,rt
Wolfforth,respiratory-therapist-per-diem-prn-wolfforth-tx,53.76,rt
Wood Village,respiratory-therapist-per-diem-prn-wood-village-or,51.76,rt
Woodbridge,respiratory-therapist-per-diem-prn-woodbridge-va,51.11,rt
Woodburn,respiratory-therapist-per-diem-prn-woodburn-or,58.06,rt
Woodbury,respiratory-therapist-per-diem-prn-woodbury-mn,49.65,rt
Woodbury,respiratory-therapist-per-diem-prn-woodbury-nj,49.71,rt
Woodcliff Lake,respiratory-therapist-per-diem-prn-woodcliff-lake-nj,53.06,rt
Woodland Park,respiratory-therapist-per-diem-prn-woodland-park-co,58.06,rt
Woodlawn CDP,respiratory-therapist-per-diem-prn-woodlawn-cdp-md,53.33,rt
Woods Cross,respiratory-therapist-per-diem-prn-woods-cross-ut,58.06,rt
Woodsboro,respiratory-therapist-per-diem-prn-woodsboro-tx,49.42,rt
Woodstock,respiratory-therapist-per-diem-prn-woodstock-ga,51.31,rt
Woodsville,respiratory-therapist-per-diem-prn-woodsville-nh,58.06,rt
Woodville TX,respiratory-therapist-per-diem-prn-woodville-tx,58.06,rt
Woodville WI,respiratory-therapist-per-diem-prn-woodville-wi,52.06,rt
Woodway,respiratory-therapist-per-diem-prn-woodway-tx,47.79,rt
Woonsocket,respiratory-therapist-per-diem-prn-woonsocket-ri,48.28,rt
Wooster,respiratory-therapist-per-diem-prn-wooster-oh,53.58,rt
Worcester,respiratory-therapist-per-diem-prn-worcester-ma,47.99,rt
Wrangell,respiratory-therapist-per-diem-prn-wrangell-ak,47.99,rt
Wray,respiratory-therapist-per-diem-prn-wray-co,51.74,rt
Wyckoff,respiratory-therapist-per-diem-prn-wyckoff-nj,49.82,rt
Wylie,respiratory-therapist-per-diem-prn-wylie-tx,47.79,rt
Wyoming,respiratory-therapist-per-diem-prn-wyoming-mi,48.33,rt
Xenia,respiratory-therapist-per-diem-prn-xenia-oh,53.66,rt
Yakima WA,respiratory-therapist-per-diem-prn-yakima-wa,49.09,rt
Yankton,respiratory-therapist-per-diem-prn-yankton-sd,49.31,rt
Yarmouth,respiratory-therapist-per-diem-prn-yarmouth-me,53.31,rt
Yazoo City,respiratory-therapist-per-diem-prn-yazoo-city-ms,47.99,rt
Ybor City,respiratory-therapist-per-diem-prn-ybor-city-fl,48.46,rt
Yelm,respiratory-therapist-per-diem-prn-yelm-wa,49.82,rt
Yerington,respiratory-therapist-per-diem-prn-yerington-nv,52.67,rt
Yoakum,respiratory-therapist-per-diem-prn-yoakum-tx,52.67,rt
Yonkers,respiratory-therapist-per-diem-prn-yonkers-ny,53.65,rt
York City,respiratory-therapist-per-diem-prn-york-city-pa,50.69,rt
York PA,respiratory-therapist-per-diem-prn-york-pa,48.28,rt
Yorktown IN,respiratory-therapist-per-diem-prn-yorktown-in,52.67,rt
Yorktown TX,respiratory-therapist-per-diem-prn-yorktown-tx,47.79,rt
Youngstown,respiratory-therapist-per-diem-prn-youngstown-oh,48.75,rt
Youngtown,respiratory-therapist-per-diem-prn-youngtown-az,53.06,rt
Yuba City,respiratory-therapist-per-diem-prn-yuba-city-ca,51.76,rt
Yucca Valley,respiratory-therapist-per-diem-prn-yucca-valley-ca,47.99,rt
Yukon,respiratory-therapist-per-diem-prn-yukon-ok,49.66,rt
Yulee,respiratory-therapist-per-diem-prn-yulee-fl,52.75,rt
Yuma AZ,respiratory-therapist-per-diem-prn-yuma-az,52.75,rt
Yuma CO,respiratory-therapist-per-diem-prn-yuma-co,52.06,rt
Zachary,respiratory-therapist-per-diem-prn-zachary-la,48.28,rt
Zanesville,respiratory-therapist-per-diem-prn-zanesville-nd,52.39,rt
Zapata,respiratory-therapist-per-diem-prn-zapata-tx,52.39,rt
Zephyr Cove,respiratory-therapist-per-diem-prn-zephyr-cove-nv,52.06,rt
Zephyrhills,respiratory-therapist-per-diem-prn-zephyrhills-fl,50.08,rt
Zion,respiratory-therapist-per-diem-prn-zion-il,58.50,rt
