University name,City,State,Nursing Degrees,Slug
A.T. Still University,kirksville-mo,missouri,doctor-of-nursing,a-t-still-university
Adelphi University,garden-city-mi,new-york,bachelor-of-science-nursing; master-of-science-nursing; doctor-of-nursing; post-graduate-aprn,adelphi-university
Abilene Christian University,abilene-tx,texas,bachelor-of-science-nursing; doctor-of-nursing,abilene-christian-university
Adams State University,alamosa-co,colorado,bachelor-of-science-nursing,adams-state-university
Hardin-Simmons University,abilene-tx,texas,bachelor-of-science-nursing; master-of-science-nursing,hardin-simmons-university
"University of Akron, The",akron-oh,ohio,bachelor-of-science-nursing; master-of-science-nursing; doctor-of-nursing; post-graduate-aprn,university-of-akron-the
McMurry University,abilene-tx,texas,bachelor-of-science-nursing; master-of-science-nursing,mcmurry-university
Benedictine College,,kansas,bachelor-of-science-nursing,benedictine-college
Patty Hanks Shelton School of Nursing,abilene-tx,texas,bachelor-of-science-nursing; master-of-science-nursing,patty-hanks-shelton-school-of-nursing
Ohio Northern University,ada-oh,ohio,bachelor-of-science-nursing,ohio-northern-university
University of Maryland Global Campus,adelphi-md,maryland,bachelor-of-science-nursing,university-of-maryland-global-campus
Siena Heights University,adrian-mi,michigan,bachelor-of-science-nursing; master-of-science-nursing,siena-heights-university
University of New Mexico,albuquerque-nm,new-mexico,bachelor-of-science-nursing; doctor-of-nursing; post-graduate-aprn,university-of-new-mexico
University of Mount Union,alliance-oh,ohio,bachelor-of-science-nursing,university-of-mount-union
Cedar Crest College,allentown-pa,pennsylvania,master-of-science-nursing; doctor-of-nursing; post-graduate-aprn,cedar-crest-college
Northwestern Oklahoma State University,alva-ok,oklahoma,bachelor-of-science-nursing; doctor-of-nursing,northwestern-oklahoma-state-university
University of South Carolina Aiken,aiken-sc,south-carolina,bachelor-of-science-nursing,university-of-south-carolina-aiken
New Mexico VA Health Care System,albuquerque-nm,new-mexico,nurse-practitioner-residency,new-mexico-va-health-care-system
"University at Albany, State University of New York",albany-ny,new-york,bachelor-of-science-nursing; master-of-science-nursing,university-at-albany-state-university-of-new-york
Sul Ross State University,alpine-tx,texas,bachelor-of-science-nursing,sul-ross-state-university
Trine University,angola-in,indiana,bachelor-of-science-nursing,trine-university
University of Massachusetts Amherst,amherst-ma,massachusetts,bachelor-of-science-nursing; master-of-science-nursing; doctor-of-nursing; post-graduate-aprn,university-of-massachusetts-amherst
University of Alaska Anchorage,anchorage-ak,alaska,doctor-of-nursing,university-of-alaska-anchorage
Georgia Southwestern State University,americus-ga,georgia,bachelor-of-science-nursing; master-of-science-nursing,georgia-southwestern-state-university
Anderson University - IN,anderson-in,indiana,bachelor-of-science-nursing,anderson-university---in
Anderson University - SC,anderson-sc,south-carolina,bachelor-of-science-nursing; master-of-science-nursing; doctor-of-nursing; post-graduate-aprn,anderson-university---sc
"Concordia University, Ann Arbor",ann-arbor-mi,michigan,bachelor-of-science-nursing,concordia-university-ann-arbor
Alma College,alma-mi,michigan,bachelor-of-science-nursing,alma-college
Lebanon Valley College,annville-pa,pennsylvania,bachelor-of-science-nursing,lebanon-valley-college
"University of Michigan, Ann Arbor",ann-arbor-mi,michigan,bachelor-of-science-nursing; master-of-science-nursing; doctor-of-nursing; post-graduate-aprn,university-of-michigan-ann-arbor
University of Texas at Arlington,arlington-tx,texas,bachelor-of-science-nursing; master-of-science-nursing; doctor-of-nursing; post-graduate-aprn,university-of-texas-at-arlington
"California State Polytechnic University, Humboldt",arcata-ca,california,bachelor-of-science-nursing,california-state-polytechnic-university-humboldt
Marymount University,arlington-va,virginia,bachelor-of-science-nursing; master-of-science-nursing; doctor-of-nursing; post-graduate-aprn,marymount-university
Henderson State University,arkadelphia-ar,arkansas,bachelor-of-science-nursing; master-of-science-nursing,henderson-state-university
VA Ann Arbor Healthcare System,ann-arbor-mi,michigan,federally-funded-traineeship-residency,va-ann-arbor-healthcare-system
Athens State University,athens-al,alabama,bachelor-of-science-nursing,athens-state-university
Randolph-Macon College,ashland-va,virginia,bachelor-of-science-nursing,randolph-macon-college
Ohio University,athens-oh,ohio,bachelor-of-science-nursing; master-of-science-nursing; doctor-of-nursing; post-graduate-aprn,ohio-university
Concord University,,west-virginia,bachelor-of-science-nursing,concord-university
Emory Healthcare,atlanta-ga,georgia,employee-based-entry-to-practice-residency,emory-healthcare
Emory University,atlanta-ga,georgia,bachelor-of-science-nursing; master-of-science-nursing; doctor-of-nursing; post-graduate-aprn,emory-university
Mercer University,atlanta-ga,georgia,bachelor-of-science-nursing; master-of-science-nursing; doctor-of-nursing,mercer-university
Auburn University,,alabama,bachelor-of-science-nursing; master-of-science-nursing; doctor-of-nursing; post-graduate-aprn,auburn-university
Georgia State University,atlanta-ga,georgia,bachelor-of-science-nursing; master-of-science-nursing; doctor-of-nursing; post-graduate-aprn,georgia-state-university
St. Edward's University,austin-tx,texas,bachelor-of-science-nursing,st-edwards-university
University of Colorado,aurora-co,colorado,bachelor-of-science-nursing; master-of-science-nursing; doctor-of-nursing; post-graduate-aprn,university-of-colorado
"Concordia University, Texas",austin-tx,texas,bachelor-of-science-nursing,concordia-university-texas
Children's Hospital Colorado,aurora-co,colorado,employee-based-entry-to-practice-residency,childrens-hospital-colorado
University of Texas at Austin,austin-tx,texas,bachelor-of-science-nursing; master-of-science-nursing; doctor-of-nursing; post-graduate-aprn,university-of-texas-at-austin
Azusa Pacific University,azusa-ca,california,bachelor-of-science-nursing; master-of-science-nursing; doctor-of-nursing; post-graduate-aprn,azusa-pacific-university
Augusta University,augusta-ga,georgia,bachelor-of-science-nursing; master-of-science-nursing; doctor-of-nursing; post-graduate-aprn,augusta-university
UCHealth,aurora-co,colorado,employee-based-entry-to-practice-residency,uchealth
Aurora University,aurora-il,illinois,bachelor-of-science-nursing; master-of-science-nursing,aurora-university
Johns Hopkins University,baltimore-md,maryland,master-of-science-nursing; doctor-of-nursing; post-graduate-aprn; nurse-practitioner-residency,johns-hopkins-university
University of Maryland,baltimore-md,maryland,bachelor-of-science-nursing; master-of-science-nursing; doctor-of-nursing; post-graduate-aprn,university-of-maryland
Notre Dame of Maryland University,baltimore-md,maryland,bachelor-of-science-nursing; master-of-science-nursing,notre-dame-of-maryland-university
"California State University, Bakersfield",bakersfield-ca,california,bachelor-of-science-nursing; master-of-science-nursing,california-state-university-bakersfield
Morgan State University,baltimore-md,maryland,bachelor-of-science-nursing; master-of-science-nursing,morgan-state-university
Coppin State University,baltimore-md,maryland,bachelor-of-science-nursing; master-of-science-nursing; doctor-of-nursing; post-graduate-aprn,coppin-state-university
Webber International University,,florida,bachelor-of-science-nursing,webber-international-university
Union Commonwealth University,barbourville-ky,kentucky,bachelor-of-science-nursing,union-commonwealth-university
Husson University,bangor-me,maine,bachelor-of-science-nursing; master-of-science-nursing; post-graduate-aprn,husson-university
Universidad Central de Bayamon,,,bachelor-of-science-nursing,universidad-central-de-bayamon
Southern University and A&M College,baton-rouge-la,louisiana,bachelor-of-science-nursing; master-of-science-nursing; doctor-of-nursing,southern-university-and-a-m-college
Universidad Interamericana de Puerto Rico-Barranquitas,,,bachelor-of-science-nursing,universidad-interamericana-de-puerto-rico-barranquitas
VA Bedford Healthcare System,bedford-ma,massachusetts,nurse-practitioner-residency,va-bedford-healthcare-system
Oklahoma Wesleyan University,bartlesville-ok,oklahoma,bachelor-of-science-nursing; master-of-science-nursing; doctor-of-nursing,oklahoma-wesleyan-university
Bellevue College,bellevue-wa,washington,bachelor-of-science-nursing,bellevue-college
Universidad Interamericana de Puerto Rico-Bayamon,,,bachelor-of-science-nursing,universidad-interamericana-de-puerto-rico-bayamon
Bemidji State University,bemidji-mn,minnesota,bachelor-of-science-nursing,bemidji-state-university
Southern Nazarene University,bethany-ok,oklahoma,bachelor-of-science-nursing,southern-nazarene-university
Bellevue University,bellevue-ne,nebraska,bachelor-of-science-nursing,bellevue-university
University of Mary Hardin-Baylor,belton-tx,texas,bachelor-of-science-nursing; master-of-science-nursing; post-graduate-aprn,university-of-mary-hardin-baylor
Western Washington University,bellingham-wa,washington,bachelor-of-science-nursing,western-washington-university
Belmont Abbey College,,north-carolina,bachelor-of-science-nursing; master-of-science-nursing,belmont-abbey-college
Baldwin Wallace University,berea-oh,ohio,bachelor-of-science-nursing,baldwin-wallace-university
Berea College,berea-ky,kentucky,bachelor-of-science-nursing,berea-college
Samford University,birmingham-al,alabama,bachelor-of-science-nursing; master-of-science-nursing; doctor-of-nursing; post-graduate-aprn,samford-university
Ferris State University,big-rapids-mi,michigan,bachelor-of-science-nursing; master-of-science-nursing; doctor-of-nursing,ferris-state-university
Uniformed Services University of the Health Sciences,bethesda-md,maryland,master-of-science-nursing; doctor-of-nursing,uniformed-services-university-of-the-health-sciences
Montana State University Billings,billings-mt,montana,bachelor-of-science-nursing,montana-state-university-billings
Moravian University,bethlehem-pa,pennsylvania,bachelor-of-science-nursing; master-of-science-nursing,moravian-university
Endicott College,beverly-ma,massachusetts,bachelor-of-science-nursing,endicott-college
University of Alabama at Birmingham,birmingham-al,alabama,bachelor-of-science-nursing; master-of-science-nursing; doctor-of-nursing; post-graduate-aprn,university-of-alabama-at-birmingham
Florida Atlantic University,boca-raton-fl,florida,bachelor-of-science-nursing; master-of-science-nursing; doctor-of-nursing; post-graduate-aprn,florida-atlantic-university
Illinois Wesleyan University,bloomington-il,illinois,bachelor-of-science-nursing,illinois-wesleyan-university
Bluffton University,bluffton-oh,ohio,bachelor-of-science-nursing,bluffton-university
Appalachian State University,boone-nc,north-carolina,bachelor-of-science-nursing; master-of-science-nursing,appalachian-state-university
Bluefield University,,virginia,bachelor-of-science-nursing; master-of-science-nursing; post-graduate-aprn,bluefield-university
University of South Carolina Beaufort,bluffton-sc,south-carolina,bachelor-of-science-nursing,university-of-south-carolina-beaufort
Commonwealth University,bloomsburg-pa,pennsylvania,bachelor-of-science-nursing; master-of-science-nursing; doctor-of-nursing,commonwealth-university
Bluefield State University,bluefield-wv,west-virginia,bachelor-of-science-nursing,bluefield-state-university
Bloomfield College,bloomfield-nj,new-jersey,bachelor-of-science-nursing,bloomfield-college
University of Mary,bismarck-nd,north-dakota,bachelor-of-science-nursing; master-of-science-nursing; doctor-of-nursing,university-of-mary
Boise State University,boise-id,idaho,bachelor-of-science-nursing; master-of-science-nursing; doctor-of-nursing,boise-state-university
MGH Institute of Health Professions,boston-ma,massachusetts,bachelor-of-science-nursing; master-of-science-nursing; doctor-of-nursing; post-graduate-aprn,mgh-institute-of-health-professions
Simmons University,boston-ma,massachusetts,bachelor-of-science-nursing; master-of-science-nursing; doctor-of-nursing; post-graduate-aprn,simmons-university
Northeastern University,boston-ma,massachusetts,bachelor-of-science-nursing; master-of-science-nursing; doctor-of-nursing; post-graduate-aprn,northeastern-university
University of Massachusetts Boston,boston-ma,massachusetts,bachelor-of-science-nursing; master-of-science-nursing; doctor-of-nursing; post-graduate-aprn,university-of-massachusetts-boston
Emmanuel College,boston-ma,massachusetts,bachelor-of-science-nursing; master-of-science-nursing,emmanuel-college
MCPHS University,boston-ma,massachusetts,bachelor-of-science-nursing; master-of-science-nursing; doctor-of-nursing; post-graduate-aprn,mcphs-university
King University,bristol-tn,tennessee,bachelor-of-science-nursing; master-of-science-nursing; doctor-of-nursing; post-graduate-aprn,king-university
University of Bridgeport,bridgeport-ct,connecticut,bachelor-of-science-nursing; master-of-science-nursing,university-of-bridgeport
Olivet Nazarene University,bourbonnais-il,illinois,bachelor-of-science-nursing; master-of-science-nursing; post-graduate-aprn,olivet-nazarene-university
Olympic College,bremerton-wa,washington,bachelor-of-science-nursing,olympic-college
Bowling Green State University,bowling-green-oh,ohio,bachelor-of-science-nursing,bowling-green-state-university
Montana State University,bozeman-mt,montana,bachelor-of-science-nursing; master-of-science-nursing; doctor-of-nursing,montana-state-university
Western Kentucky University,bowling-green-ky,kentucky,bachelor-of-science-nursing; master-of-science-nursing; doctor-of-nursing; post-graduate-aprn,western-kentucky-university
University of Mount St. Vincent,bronx-ny,new-york,bachelor-of-science-nursing; master-of-science-nursing; post-graduate-aprn,university-of-mount-st-vincent
"Long Island University, Brooklyn Campus",brooklyn-ny,new-york,bachelor-of-science-nursing; master-of-science-nursing; post-graduate-aprn,long-island-university-brooklyn-campus
State University of New York Brockport,brockport-ny,new-york,bachelor-of-science-nursing; master-of-science-nursing; doctor-of-nursing; post-graduate-aprn,state-university-of-new-york-brockport
"Herzing University, Brookfield",brookfield-wi,wisconsin,bachelor-of-science-nursing,herzing-university-brookfield
Lehman College-The City University of New York,bronx-ny,new-york,bachelor-of-science-nursing; master-of-science-nursing; doctor-of-nursing; post-graduate-aprn,lehman-college-the-city-university-of-new-york
Saint Francis College,,new-york,bachelor-of-science-nursing,saint-francis-college
Fisher College,brockton-ma,massachusetts,bachelor-of-science-nursing,fisher-college
South Dakota State University,brookings-sd,south-dakota,bachelor-of-science-nursing; master-of-science-nursing; doctor-of-nursing; post-graduate-aprn,south-dakota-state-university
"University at Buffalo, State University of New York",buffalo-ny,new-york,bachelor-of-science-nursing; doctor-of-nursing; post-graduate-aprn,university-at-buffalo-state-university-of-new-york
West Virginia Wesleyan College,buckhannon-wv,west-virginia,bachelor-of-science-nursing; master-of-science-nursing; doctor-of-nursing,west-virginia-wesleyan-college
Touro College,brooklyn-ny,new-york,bachelor-of-science-nursing,touro-college
"University of Vermont, The",burlington-vt,vermont,bachelor-of-science-nursing; master-of-science-nursing; doctor-of-nursing; post-graduate-aprn,university-of-vermont-the
"Long Island University, C. W. Post Campus",,new-york,bachelor-of-science-nursing; master-of-science-nursing,long-island-university-c-w-post-campus
State University of New York Downstate Health Sciences University,brooklyn-ny,new-york,bachelor-of-science-nursing; master-of-science-nursing; doctor-of-nursing; post-graduate-aprn,state-university-of-new-york-downstate-health-sciences-university
Howard Payne University,brownwood-tx,texas,bachelor-of-science-nursing,howard-payne-university
D'Youville University,buffalo-ny,new-york,bachelor-of-science-nursing; master-of-science-nursing; doctor-of-nursing; post-graduate-aprn,dyouville-university
Texas A&M University Health Science Center,bryan-tx,texas,bachelor-of-science-nursing; master-of-science-nursing; doctor-of-nursing; post-graduate-aprn,texas-a-m-university-health-science-center
West Texas A & M University,canyon-tx,texas,bachelor-of-science-nursing; master-of-science-nursing; post-graduate-aprn,west-texas-a-m-university
Aultman College of Nursing and Health Sciences,canton-oh,ohio,bachelor-of-science-nursing,aultman-college-of-nursing-and-health-sciences
"Rutgers, The State University of New Jersey-Camden",camden-nj,new-jersey,bachelor-of-science-nursing; master-of-science-nursing; doctor-of-nursing,rutgers-the-state-university-of-new-jersey-camden
Montana Technological University,butte-mt,montana,bachelor-of-science-nursing,montana-technological-university
Caldwell University,,new-jersey,bachelor-of-science-nursing; master-of-science-nursing,caldwell-university
San Juan Bautista School of Medicine,,,bachelor-of-science-nursing,san-juan-bautista-school-of-medicine
"California State University, Channel Islands",camarillo-ca,california,bachelor-of-science-nursing; master-of-science-nursing; post-graduate-aprn,california-state-university-channel-islands
Malone University,canton-oh,ohio,bachelor-of-science-nursing; master-of-science-nursing; post-graduate-aprn,malone-university
Pennsylvania Western University,,pennsylvania,bachelor-of-science-nursing; master-of-science-nursing; doctor-of-nursing; post-graduate-aprn,pennsylvania-western-university
"Southern Illinois University, Carbondale",carbondale-il,illinois,bachelor-of-science-nursing,southern-illinois-university-carbondale
"California State University, Dominguez Hills",carson-ca,california,bachelor-of-science-nursing; master-of-science-nursing; post-graduate-aprn,california-state-university-dominguez-hills
University of West Georgia,carrollton-ga,georgia,bachelor-of-science-nursing; master-of-science-nursing,university-of-west-georgia
Southeast Missouri State University,cape-girardeau-mo,missouri,bachelor-of-science-nursing; master-of-science-nursing,southeast-missouri-state-university
Southeast Missouri Hospital College of Nursing and Health Sciences,cape-girardeau-mo,missouri,bachelor-of-science-nursing,southeast-missouri-hospital-college-of-nursing-and-health-sciences
California Career College,canoga-park-ca,california,bachelor-of-science-nursing,california-career-college
University of Arizona Global Campus,chandler-az,arizona,bachelor-of-science-nursing,university-of-arizona-global-campus
Coe College,cedar-rapids-ia,iowa,bachelor-of-science-nursing,coe-college
Southern Utah University,cedar-city-ut,utah,bachelor-of-science-nursing; master-of-science-nursing,southern-utah-university
Mount Mercy University,cedar-rapids-ia,iowa,bachelor-of-science-nursing; master-of-science-nursing; doctor-of-nursing,mount-mercy-university
Cedarville University,,ohio,bachelor-of-science-nursing; master-of-science-nursing; doctor-of-nursing,cedarville-university
DeSales University,center-valley-pa,pennsylvania,bachelor-of-science-nursing; master-of-science-nursing; doctor-of-nursing; post-graduate-aprn,desales-university
Vermont State University,,vermont,bachelor-of-science-nursing; master-of-science-nursing,vermont-state-university
California Southern University,chandler-az,arizona,bachelor-of-science-nursing; master-of-science-nursing,california-southern-university
American Public University System,charles-town-wv,west-virginia,bachelor-of-science-nursing; master-of-science-nursing,american-public-university-system
University of North Carolina at Chapel Hill,chapel-hill-nc,north-carolina,bachelor-of-science-nursing; master-of-science-nursing; doctor-of-nursing; post-graduate-aprn,university-of-north-carolina-at-chapel-hill
"Citadel, The",charleston-sc,south-carolina,bachelor-of-science-nursing,citadel-the
Eastern Illinois University,charleston-il,illinois,bachelor-of-science-nursing,eastern-illinois-university
Medical University of South Carolina,charleston-sc,south-carolina,bachelor-of-science-nursing; master-of-science-nursing; doctor-of-nursing,medical-university-of-south-carolina
"University of North Carolina at Charlotte, The",charlotte-nc,north-carolina,bachelor-of-science-nursing; master-of-science-nursing; doctor-of-nursing; post-graduate-aprn,university-of-north-carolina-at-charlotte-the
Eastern Washington University,cheney-wa,washington,bachelor-of-science-nursing,eastern-washington-university
University of Tennessee at Chattanooga,chattanooga-tn,tennessee,bachelor-of-science-nursing; master-of-science-nursing; doctor-of-nursing; post-graduate-aprn,university-of-tennessee-at-chattanooga
University of Virginia,charlottesville-va,virginia,bachelor-of-science-nursing; master-of-science-nursing; doctor-of-nursing; post-graduate-aprn,university-of-virginia
Ralph H. Johnson Veterans Administration Medical Center,charleston-sc,south-carolina,federally-funded-traineeship-residency,ralph-h-johnson-veterans-administration-medical-center
Widener University,chester-pa,pennsylvania,bachelor-of-science-nursing; master-of-science-nursing; doctor-of-nursing; post-graduate-aprn,widener-university
Sentara College of Health Sciences,chesapeake-va,virginia,bachelor-of-science-nursing; master-of-science-nursing,sentara-college-of-health-sciences
Carolinas College of Health Sciences,charlotte-nc,north-carolina,bachelor-of-science-nursing,carolinas-college-of-health-sciences
Queens University of Charlotte,charlotte-nc,north-carolina,bachelor-of-science-nursing; master-of-science-nursing,queens-university-of-charlotte
Saint Xavier University,chicago-il,illinois,bachelor-of-science-nursing; master-of-science-nursing; post-graduate-aprn,saint-xavier-university
North Park University,chicago-il,illinois,bachelor-of-science-nursing; master-of-science-nursing; doctor-of-nursing; post-graduate-aprn,north-park-university
Boston College,chestnut-hill-ma,massachusetts,bachelor-of-science-nursing; master-of-science-nursing; doctor-of-nursing,boston-college
Rush University,chicago-il,illinois,master-of-science-nursing; doctor-of-nursing; post-graduate-aprn,rush-university
DePaul University,chicago-il,illinois,bachelor-of-science-nursing; master-of-science-nursing; doctor-of-nursing,depaul-university
Roosevelt University,chicago-il,illinois,bachelor-of-science-nursing,roosevelt-university
Chamberlain University,chicago-il,illinois,bachelor-of-science-nursing; master-of-science-nursing; doctor-of-nursing; post-graduate-aprn,chamberlain-university
University of Cincinnati,cincinnati-oh,ohio,bachelor-of-science-nursing; master-of-science-nursing; doctor-of-nursing; post-graduate-aprn,university-of-cincinnati
Mount St. Joseph University,cincinnati-oh,ohio,bachelor-of-science-nursing; master-of-science-nursing; doctor-of-nursing,mount-st-joseph-university
University of Illinois at Chicago,chicago-il,illinois,bachelor-of-science-nursing; master-of-science-nursing; doctor-of-nursing; post-graduate-aprn,university-of-illinois-at-chicago
"California State University, Chico",chico-ca,california,bachelor-of-science-nursing; master-of-science-nursing,california-state-university-chico
Elms College,chicopee-ma,massachusetts,bachelor-of-science-nursing; master-of-science-nursing; doctor-of-nursing; post-graduate-aprn,elms-college
Xavier University,cincinnati-oh,ohio,bachelor-of-science-nursing; master-of-science-nursing; doctor-of-nursing; post-graduate-aprn,xavier-university
"Christ College of Nursing and Health Sciences, The",cincinnati-oh,ohio,bachelor-of-science-nursing,christ-college-of-nursing-and-health-sciences-the
Truett McConnell University,cleveland-ga,georgia,bachelor-of-science-nursing,truett-mcconnell-university
Case Western Reserve University,cleveland-oh,ohio,bachelor-of-science-nursing; master-of-science-nursing; doctor-of-nursing; post-graduate-aprn,case-western-reserve-university
Cleveland State University,cleveland-oh,ohio,bachelor-of-science-nursing; master-of-science-nursing; doctor-of-nursing; post-graduate-aprn,cleveland-state-university
Austin Peay State University,clarksville-tn,tennessee,bachelor-of-science-nursing,austin-peay-state-university
Lee University,cleveland-tn,tennessee,bachelor-of-science-nursing; doctor-of-nursing,lee-university
Clemson University,,south-carolina,bachelor-of-science-nursing; master-of-science-nursing; doctor-of-nursing,clemson-university
Delta State University,cleveland-ms,mississippi,bachelor-of-science-nursing; master-of-science-nursing; doctor-of-nursing; post-graduate-aprn,delta-state-university
MedStar Southern Maryland Hospital Center,clinton-md,maryland,employee-based-entry-to-practice-residency,medstar-southern-maryland-hospital-center
Colorado Technical University,colorado-springs-co,colorado,bachelor-of-science-nursing; master-of-science-nursing; doctor-of-nursing; post-graduate-aprn,colorado-technical-university
Pikes Peak State College,colorado-springs-co,colorado,bachelor-of-science-nursing,pikes-peak-state-college
Walla Walla University,college-place-wa,washington,bachelor-of-science-nursing,walla-walla-university
St. John's University,,minnesota,bachelor-of-science-nursing; doctor-of-nursing,st-johns-university
"University of Missouri, Columbia",columbia-mo,missouri,bachelor-of-science-nursing; master-of-science-nursing; doctor-of-nursing; post-graduate-aprn,university-of-missouri-columbia
University of Colorado at Colorado Springs,colorado-springs-co,colorado,bachelor-of-science-nursing; master-of-science-nursing; doctor-of-nursing; post-graduate-aprn,university-of-colorado-at-colorado-springs
Mississippi College,clinton-ms,mississippi,bachelor-of-science-nursing; master-of-science-nursing,mississippi-college
"Columbia College, Missouri",columbia-mo,missouri,bachelor-of-science-nursing,columbia-college-missouri
Lindsey Wilson University,columbia-ky,kentucky,bachelor-of-science-nursing,lindsey-wilson-university
Columbia International University,columbia-sc,south-carolina,bachelor-of-science-nursing,columbia-international-university
"Ohio State University, The",columbus-oh,ohio,bachelor-of-science-nursing; master-of-science-nursing; doctor-of-nursing; post-graduate-aprn,ohio-state-university-the
Columbus State University,columbus-ga,georgia,bachelor-of-science-nursing; master-of-science-nursing,columbus-state-university
Capital University,columbus-oh,ohio,bachelor-of-science-nursing; master-of-science-nursing,capital-university
Mount Carmel College of Nursing,columbus-oh,ohio,bachelor-of-science-nursing; master-of-science-nursing; doctor-of-nursing; post-graduate-aprn,mount-carmel-college-of-nursing
Franklin University,columbus-oh,ohio,bachelor-of-science-nursing; master-of-science-nursing; doctor-of-nursing; post-graduate-aprn,franklin-university
Indiana University Columbus,columbus-in,indiana,bachelor-of-science-nursing,indiana-university-columbus
University of South Carolina,columbia-sc,south-carolina,bachelor-of-science-nursing; master-of-science-nursing; doctor-of-nursing; post-graduate-aprn,university-of-south-carolina
Mississippi University for Women,columbus-ms,mississippi,bachelor-of-science-nursing; master-of-science-nursing; doctor-of-nursing; post-graduate-aprn,mississippi-university-for-women
Tennessee Technological University,cookeville-tn,tennessee,bachelor-of-science-nursing; master-of-science-nursing; doctor-of-nursing; post-graduate-aprn,tennessee-technological-university
University of Central Arkansas,conway-ar,arkansas,bachelor-of-science-nursing; master-of-science-nursing; doctor-of-nursing; post-graduate-aprn,university-of-central-arkansas
East Texas A&M University,commerce-tx,texas,bachelor-of-science-nursing; master-of-science-nursing; post-graduate-aprn,east-texas-a-m-university
University of Miami,coral-gables-fl,florida,bachelor-of-science-nursing; master-of-science-nursing; doctor-of-nursing; post-graduate-aprn,university-of-miami
Cabarrus College of Health Sciences,concord-nc,north-carolina,bachelor-of-science-nursing; master-of-science-nursing,cabarrus-college-of-health-sciences
Texas A&M University-Corpus Christi,corpus-christi-tx,texas,bachelor-of-science-nursing; master-of-science-nursing; doctor-of-nursing; post-graduate-aprn,texas-a-m-university-corpus-christi
Pacific College,costa-mesa-ca,california,bachelor-of-science-nursing; master-of-science-nursing; post-graduate-aprn,pacific-college
Children's Health,dallas-tx,texas,employee-based-entry-to-practice-residency,childrens-health
Vanguard University of Southern California,costa-mesa-ca,california,bachelor-of-science-nursing; master-of-science-nursing; post-graduate-aprn,vanguard-university-of-southern-california
Misericordia University,dallas-pa,pennsylvania,bachelor-of-science-nursing; master-of-science-nursing; doctor-of-nursing; post-graduate-aprn,misericordia-university
Baylor University,dallas-tx,texas,bachelor-of-science-nursing; doctor-of-nursing,baylor-university
"Western Carolina University, Cullowhee",,north-carolina,bachelor-of-science-nursing; master-of-science-nursing; doctor-of-nursing; post-graduate-aprn,western-carolina-university-cullowhee
Wright State University,dayton-oh,ohio,bachelor-of-science-nursing; master-of-science-nursing; doctor-of-nursing; post-graduate-aprn,wright-state-university
Western Connecticut State University,danbury-ct,connecticut,bachelor-of-science-nursing; master-of-science-nursing; post-graduate-aprn,western-connecticut-state-university
Atlanta VA Health Care System,decatur-ga,georgia,employee-based-entry-to-practice-residency; federally-funded-traineeship-residency; nurse-practitioner-residency,atlanta-va-health-care-system
Saint Ambrose University,davenport-ia,iowa,bachelor-of-science-nursing,saint-ambrose-university
Lakeview College of Nursing,danville-il,illinois,bachelor-of-science-nursing,lakeview-college-of-nursing
Averett University,danville-va,virginia,bachelor-of-science-nursing,averett-university
Millikin University,decatur-il,illinois,bachelor-of-science-nursing; master-of-science-nursing; doctor-of-nursing,millikin-university
VA North Texas Health Care System,dallas-tx,texas,federally-funded-traineeship-residency; nurse-practitioner-residency,va-north-texas-health-care-system
University of Dayton,dayton-oh,ohio,bachelor-of-science-nursing,university-of-dayton
Denver College of Nursing,denver-co,colorado,bachelor-of-science-nursing; master-of-science-nursing,denver-college-of-nursing
State University of New York at Delhi,delhi-ny,new-york,master-of-science-nursing,state-university-of-new-york-at-delhi
Northern Illinois University,dekalb-il,illinois,bachelor-of-science-nursing; master-of-science-nursing; doctor-of-nursing,northern-illinois-university
Luther College,decorah-ia,iowa,bachelor-of-science-nursing,luther-college
Regis University,denver-co,colorado,bachelor-of-science-nursing; master-of-science-nursing; doctor-of-nursing; post-graduate-aprn,regis-university
Metropolitan State University of Denver,denver-co,colorado,bachelor-of-science-nursing,metropolitan-state-university-of-denver
Defiance College,defiance-oh,ohio,bachelor-of-science-nursing,defiance-college
Texas Woman's University,denton-tx,texas,bachelor-of-science-nursing; master-of-science-nursing; doctor-of-nursing; post-graduate-aprn,texas-womans-university
Joyce University of Nursing and Health Sciences,draper-ut,utah,bachelor-of-science-nursing; master-of-science-nursing,joyce-university-of-nursing-and-health-sciences
Duke University,durham-nc,north-carolina,bachelor-of-science-nursing; master-of-science-nursing; doctor-of-nursing; post-graduate-aprn,duke-university
University of Detroit Mercy,detroit-mi,michigan,bachelor-of-science-nursing; master-of-science-nursing; doctor-of-nursing; post-graduate-aprn,university-of-detroit-mercy
Clarke University,dubuque-ia,iowa,bachelor-of-science-nursing; doctor-of-nursing,clarke-university
Grand View University,des-moines-ia,iowa,bachelor-of-science-nursing,grand-view-university
Mercy University,dobbs-ferry-ny,new-york,bachelor-of-science-nursing; master-of-science-nursing,mercy-university
University of Dubuque,dubuque-ia,iowa,bachelor-of-science-nursing,university-of-dubuque
Mercy College of Health Sciences,des-moines-ia,iowa,bachelor-of-science-nursing; master-of-science-nursing,mercy-college-of-health-sciences
Wayne State University,detroit-mi,michigan,bachelor-of-science-nursing; master-of-science-nursing; doctor-of-nursing; post-graduate-aprn,wayne-state-university
"University of Texas, Rio Grande Valley",edinburg-tx,texas,bachelor-of-science-nursing; master-of-science-nursing; doctor-of-nursing; post-graduate-aprn,university-of-texas-rio-grande-valley
Bay Path University,east-longmeadow-ma,massachusetts,bachelor-of-science-nursing; master-of-science-nursing; doctor-of-nursing,bay-path-university
"University of Wisconsin, Eau Claire",eau-claire-wi,wisconsin,bachelor-of-science-nursing; master-of-science-nursing; doctor-of-nursing,university-of-wisconsin-eau-claire
Goodwin University,east-hartford-ct,connecticut,bachelor-of-science-nursing; master-of-science-nursing,goodwin-university
Michigan State University,east-lansing-mi,michigan,bachelor-of-science-nursing; master-of-science-nursing; doctor-of-nursing; post-graduate-aprn,michigan-state-university
"College of St. Scholastica, The",duluth-mn,minnesota,bachelor-of-science-nursing; doctor-of-nursing; post-graduate-aprn,college-of-st-scholastica-the
Oklahoma Christian University,edmond-ok,oklahoma,bachelor-of-science-nursing,oklahoma-christian-university
University of New Hampshire,,new-hampshire,bachelor-of-science-nursing; master-of-science-nursing; doctor-of-nursing; post-graduate-aprn,university-of-new-hampshire
Durham VA Healthcare System,durham-nc,north-carolina,nurse-practitioner-residency,durham-va-healthcare-system
University of Texas at El Paso,el-paso-tx,texas,bachelor-of-science-nursing; master-of-science-nursing; doctor-of-nursing; post-graduate-aprn,university-of-texas-at-el-paso
Texas Tech University Health Sciences Center-El Paso,el-paso-tx,texas,bachelor-of-science-nursing; master-of-science-nursing,texas-tech-university-health-sciences-center-el-paso
Gannon University,erie-pa,pennsylvania,bachelor-of-science-nursing; master-of-science-nursing; doctor-of-nursing; post-graduate-aprn,gannon-university
University of Central Oklahoma,edmond-ok,oklahoma,bachelor-of-science-nursing; master-of-science-nursing,university-of-central-oklahoma
Southern Illinois University Edwardsville,edwardsville-il,illinois,bachelor-of-science-nursing; master-of-science-nursing; doctor-of-nursing,southern-illinois-university-edwardsville
Southwest University at El Paso,el-paso-tx,texas,bachelor-of-science-nursing,southwest-university-at-el-paso
Northern New Mexico College,espanola-nm,new-mexico,bachelor-of-science-nursing,northern-new-mexico-college
Elmhurst University,elmhurst-il,illinois,bachelor-of-science-nursing; master-of-science-nursing; doctor-of-nursing,elmhurst-university
Sacred Heart University,fairfield-ct,connecticut,bachelor-of-science-nursing; master-of-science-nursing; doctor-of-nursing,sacred-heart-university
Bushnell University,eugene-or,oregon,bachelor-of-science-nursing,bushnell-university
George Mason University,fairfax-va,virginia,bachelor-of-science-nursing; master-of-science-nursing; doctor-of-nursing; post-graduate-aprn,george-mason-university
"College of New Jersey, The",ewing-nj,new-jersey,bachelor-of-science-nursing; master-of-science-nursing; post-graduate-aprn,college-of-new-jersey-the
University of Southern Indiana,evansville-in,indiana,bachelor-of-science-nursing; master-of-science-nursing; doctor-of-nursing; post-graduate-aprn,university-of-southern-indiana
Fairfield University,fairfield-ct,connecticut,bachelor-of-science-nursing; master-of-science-nursing; doctor-of-nursing,fairfield-university
Farmingdale State College,farmingdale-ny,new-york,bachelor-of-science-nursing,farmingdale-state-college
University of Arkansas,fayetteville-ar,arkansas,bachelor-of-science-nursing; master-of-science-nursing; doctor-of-nursing,university-of-arkansas
Fayetteville State University,fayetteville-nc,north-carolina,bachelor-of-science-nursing; master-of-science-nursing,fayetteville-state-university
Fairmont State University,fairmont-wv,west-virginia,bachelor-of-science-nursing,fairmont-state-university
North Dakota State University,fargo-nd,north-dakota,bachelor-of-science-nursing; doctor-of-nursing,north-dakota-state-university
Longwood University,farmville-va,virginia,bachelor-of-science-nursing,longwood-university
Methodist University,fayetteville-nc,north-carolina,bachelor-of-science-nursing,methodist-university
Central Methodist University,fayette-mo,missouri,bachelor-of-science-nursing; master-of-science-nursing,central-methodist-university
Beckfield College,florence-ky,kentucky,bachelor-of-science-nursing,beckfield-college
Francis Marion University,florence-sc,south-carolina,bachelor-of-science-nursing; master-of-science-nursing; doctor-of-nursing; post-graduate-aprn,francis-marion-university
Northern Arizona University,flagstaff-az,arizona,bachelor-of-science-nursing; master-of-science-nursing; doctor-of-nursing; post-graduate-aprn,northern-arizona-university
"University of Findlay, The",findlay-oh,ohio,bachelor-of-science-nursing,university-of-findlay-the
University of North Alabama,florence-al,alabama,bachelor-of-science-nursing; master-of-science-nursing; doctor-of-nursing; post-graduate-aprn,university-of-north-alabama
Mary Baldwin University,fishersville-va,virginia,bachelor-of-science-nursing; master-of-science-nursing; doctor-of-nursing; post-graduate-aprn,mary-baldwin-university
"University of Michigan, Flint",flint-mi,michigan,bachelor-of-science-nursing; master-of-science-nursing; doctor-of-nursing; post-graduate-aprn,university-of-michigan-flint
Fitchburg State University,fitchburg-ma,massachusetts,bachelor-of-science-nursing; master-of-science-nursing,fitchburg-state-university
Morgan Community College,fort-morgan-co,colorado,bachelor-of-science-nursing,morgan-community-college
Waldorf University,,iowa,bachelor-of-science-nursing,waldorf-university
Plaza College,forest-hills-ny,new-york,bachelor-of-science-nursing,plaza-college
Nova Southeastern University,fort-lauderdale-fl,florida,bachelor-of-science-nursing; master-of-science-nursing; doctor-of-nursing; post-graduate-aprn,nova-southeastern-university
Marian University of Wisconsin,fond-du-lac-wi,wisconsin,bachelor-of-science-nursing; master-of-science-nursing; post-graduate-aprn,marian-university-of-wisconsin
University of Maine at Fort Kent,fort-kent-me,maine,bachelor-of-science-nursing; master-of-science-nursing,university-of-maine-at-fort-kent
Braxton College,fort-myers-fl,florida,bachelor-of-science-nursing,braxton-college
Florida Gulf Coast University,fort-myers-fl,florida,bachelor-of-science-nursing; master-of-science-nursing; doctor-of-nursing,florida-gulf-coast-university
Hood College,frederick-md,maryland,bachelor-of-science-nursing,hood-college
Texas Christian University,fort-worth-tx,texas,bachelor-of-science-nursing; master-of-science-nursing; doctor-of-nursing; post-graduate-aprn,texas-christian-university
Texas Wesleyan University,fort-worth-tx,texas,master-of-science-nursing; doctor-of-nursing; post-graduate-aprn,texas-wesleyan-university
University of Mary Washington,fredericksburg-va,virginia,bachelor-of-science-nursing,university-of-mary-washington
Cook Children's Medical Center,fort-worth-tx,texas,employee-based-entry-to-practice-residency,cook-childrens-medical-center
University of Arkansas-Fort Smith,fort-smith-ar,arkansas,bachelor-of-science-nursing,university-of-arkansas-fort-smith
Manchester University,fort-wayne-in,indiana,bachelor-of-science-nursing,manchester-university
University of Saint Francis,fort-wayne-in,indiana,bachelor-of-science-nursing; master-of-science-nursing; doctor-of-nursing; post-graduate-aprn,university-of-saint-francis
Fresno Pacific University,fresno-ca,california,bachelor-of-science-nursing; master-of-science-nursing,fresno-pacific-university
"California State University, Fresno",fresno-ca,california,bachelor-of-science-nursing; master-of-science-nursing; doctor-of-nursing; post-graduate-aprn,california-state-university-fresno
Unitek College,fremont-ca,california,bachelor-of-science-nursing,unitek-college
Malcom Randall VA Medical Center,gainesville-fl,florida,employee-based-entry-to-practice-residency; federally-funded-traineeship-residency; nurse-practitioner-residency,malcom-randall-va-medical-center
Frostburg State University,frostburg-md,maryland,bachelor-of-science-nursing; master-of-science-nursing,frostburg-state-university
VA Central California Health Care System,fresno-ca,california,federally-funded-traineeship-residency,va-central-california-health-care-system
Santa Fe College,gainesville-fl,florida,bachelor-of-science-nursing,santa-fe-college
Keiser University,,florida,bachelor-of-science-nursing; master-of-science-nursing; doctor-of-nursing,keiser-university
"California State University, Fullerton",fullerton-ca,california,bachelor-of-science-nursing; master-of-science-nursing; doctor-of-nursing,california-state-university-fullerton
Glendale Career College,glendale-ca,california,bachelor-of-science-nursing,glendale-career-college
Stockton University,galloway-nj,new-jersey,bachelor-of-science-nursing; master-of-science-nursing; doctor-of-nursing; post-graduate-aprn,stockton-university
University of Texas Medical Branch Health System,galveston-tx,texas,employee-based-entry-to-practice-residency,university-of-texas-medical-branch-health-system
Brenau University,gainesville-ga,georgia,bachelor-of-science-nursing; master-of-science-nursing; doctor-of-nursing; post-graduate-aprn,brenau-university
Midwestern University,glendale-az,arizona,master-of-science-nursing; doctor-of-nursing; post-graduate-aprn,midwestern-university
University of Texas Medical Branch at Galveston,galveston-tx,texas,bachelor-of-science-nursing; master-of-science-nursing; doctor-of-nursing; post-graduate-aprn,university-of-texas-medical-branch-at-galveston
Goshen College,goshen-in,indiana,bachelor-of-science-nursing; master-of-science-nursing; doctor-of-nursing,goshen-college
University of Florida,gainesville-fl,florida,bachelor-of-science-nursing; doctor-of-nursing; post-graduate-aprn,university-of-florida
Goshen College-Eastern Mennonite University DNP Consortium,goshen-in,indiana,doctor-of-nursing,goshen-college-eastern-mennonite-university-dnp-consortium
Cornerstone University,grand-rapids-mi,michigan,bachelor-of-science-nursing,cornerstone-university
Grambling State University,,louisiana,bachelor-of-science-nursing,grambling-state-university
Davenport University,grand-rapids-mi,michigan,bachelor-of-science-nursing; master-of-science-nursing; post-graduate-aprn,davenport-university
Colorado Mesa University,grand-junction-co,colorado,bachelor-of-science-nursing; master-of-science-nursing; doctor-of-nursing,colorado-mesa-university
Grand Valley State University,grand-rapids-mi,michigan,bachelor-of-science-nursing; master-of-science-nursing; doctor-of-nursing,grand-valley-state-university
University of North Dakota,grand-forks-nd,north-dakota,bachelor-of-science-nursing; master-of-science-nursing; doctor-of-nursing; post-graduate-aprn,university-of-north-dakota
Calvin University,grand-rapids-mi,michigan,bachelor-of-science-nursing,calvin-university
University of Providence,great-falls-mt,montana,bachelor-of-science-nursing; master-of-science-nursing; post-graduate-aprn,university-of-providence
East Carolina University,greenville-nc,north-carolina,bachelor-of-science-nursing; master-of-science-nursing; doctor-of-nursing; post-graduate-aprn,east-carolina-university
University of North Carolina at Greensboro,greensboro-nc,north-carolina,bachelor-of-science-nursing; master-of-science-nursing; doctor-of-nursing,university-of-north-carolina-at-greensboro
Bob Jones University,greenville-sc,south-carolina,bachelor-of-science-nursing,bob-jones-university
Seton Hill University,greensburg-pa,pennsylvania,bachelor-of-science-nursing,seton-hill-university
Kentucky Christian University,grayson-ky,kentucky,bachelor-of-science-nursing; master-of-science-nursing,kentucky-christian-university
University of Northern Colorado,greeley-co,colorado,bachelor-of-science-nursing; master-of-science-nursing; doctor-of-nursing; post-graduate-aprn,university-of-northern-colorado
"University of Wisconsin, Green Bay",green-bay-wi,wisconsin,bachelor-of-science-nursing; master-of-science-nursing,university-of-wisconsin-green-bay
Thiel College,greenville-pa,pennsylvania,bachelor-of-science-nursing,thiel-college
Bellin College,green-bay-wi,wisconsin,bachelor-of-science-nursing; master-of-science-nursing; doctor-of-nursing; post-graduate-aprn,bellin-college
Gwynedd Mercy University,,pennsylvania,bachelor-of-science-nursing; master-of-science-nursing; doctor-of-nursing; post-graduate-aprn,gwynedd-mercy-university
Miami University,hamilton-oh,ohio,bachelor-of-science-nursing; master-of-science-nursing,miami-university
Quinnipiac University,hamden-ct,connecticut,bachelor-of-science-nursing; master-of-science-nursing; doctor-of-nursing,quinnipiac-university
Universidad Ana G. Mendez,,,bachelor-of-science-nursing; master-of-science-nursing; doctor-of-nursing,universidad-ana-g-mendez
Universidad Interamericana de Puerto Rico-Guayama,,,bachelor-of-science-nursing,universidad-interamericana-de-puerto-rico-guayama
Southeastern Louisiana University,hammond-la,louisiana,bachelor-of-science-nursing; master-of-science-nursing; doctor-of-nursing; post-graduate-aprn,southeastern-louisiana-university
Lander University,greenwood-sc,south-carolina,bachelor-of-science-nursing; master-of-science-nursing,lander-university
Hannibal-LaGrange University,hannibal-mo,missouri,bachelor-of-science-nursing,hannibal-lagrange-university
William Carey University,hattiesburg-ms,mississippi,bachelor-of-science-nursing; master-of-science-nursing,william-carey-university
Harrisburg University of Science and Technology,harrisburg-pa,pennsylvania,master-of-science-nursing,harrisburg-university-of-science-and-technology
James Madison University,harrisonburg-va,virginia,bachelor-of-science-nursing; master-of-science-nursing; doctor-of-nursing,james-madison-university
Eastern Mennonite University,harrisonburg-va,virginia,bachelor-of-science-nursing; master-of-science-nursing; doctor-of-nursing,eastern-mennonite-university
"University of Southern Mississippi, The",hattiesburg-ms,mississippi,bachelor-of-science-nursing; doctor-of-nursing; post-graduate-aprn,university-of-southern-mississippi-the
Hampton University,hampton-va,virginia,bachelor-of-science-nursing; master-of-science-nursing,hampton-university
Freed-Hardeman University,henderson-tn,tennessee,bachelor-of-science-nursing,freed-hardeman-university
Roseman University of Health Sciences,henderson-nv,nevada,bachelor-of-science-nursing; master-of-science-nursing,roseman-university-of-health-sciences
Fort Hays State University,hays-ks,kansas,bachelor-of-science-nursing; master-of-science-nursing; doctor-of-nursing,fort-hays-state-university
New England College,,new-hampshire,bachelor-of-science-nursing,new-england-college
"California State University, East Bay",hayward-ca,california,bachelor-of-science-nursing; master-of-science-nursing,california-state-university-east-bay
Nevada State University,henderson-nv,nevada,bachelor-of-science-nursing,nevada-state-university
Carroll College-Montana,helena-mt,montana,bachelor-of-science-nursing,carroll-college-montana
Touro University Nevada,henderson-nv,nevada,bachelor-of-science-nursing; master-of-science-nursing; doctor-of-nursing; post-graduate-aprn,touro-university-nevada
Hofstra University,hempstead-ny,new-york,bachelor-of-science-nursing; master-of-science-nursing; doctor-of-nursing; post-graduate-aprn,hofstra-university
Northern Kentucky University,,kentucky,bachelor-of-science-nursing; master-of-science-nursing; doctor-of-nursing; post-graduate-aprn,northern-kentucky-university
University of Hawaii at Hilo,hilo-hi,hawaii,bachelor-of-science-nursing; doctor-of-nursing,university-of-hawaii-at-hilo
Hesston College,hesston-ks,kansas,bachelor-of-science-nursing,hesston-college
Florida National University,hialeah-fl,florida,bachelor-of-science-nursing; master-of-science-nursing; post-graduate-aprn,florida-national-university
Hiram College,,ohio,bachelor-of-science-nursing,hiram-college
Lenoir-Rhyne University,hickory-nc,north-carolina,bachelor-of-science-nursing; master-of-science-nursing; doctor-of-nursing,lenoir-rhyne-university
Edward Hines Jr. VA Hospital,hines-il,illinois,federally-funded-traineeship-residency,edward-hines-jr-va-hospital
Michigan Technological University,,michigan,bachelor-of-science-nursing,michigan-technological-university
Houston Christian University,houston-tx,texas,bachelor-of-science-nursing; master-of-science-nursing,houston-christian-university
Hope College,holland-mi,michigan,bachelor-of-science-nursing,hope-college
University of Hawaii at Manoa,honolulu-hi,hawaii,bachelor-of-science-nursing; master-of-science-nursing; doctor-of-nursing,university-of-hawaii-at-manoa
Prairie View A&M University,houston-tx,texas,bachelor-of-science-nursing; master-of-science-nursing; doctor-of-nursing; post-graduate-aprn,prairie-view-a-m-university
Chaminade University of Honolulu,honolulu-hi,hawaii,bachelor-of-science-nursing; doctor-of-nursing; post-graduate-aprn,chaminade-university-of-honolulu
Houston Methodist,houston-tx,texas,employee-based-entry-to-practice-residency,houston-methodist
Hawaii Pacific University,honolulu-hi,hawaii,bachelor-of-science-nursing; master-of-science-nursing; doctor-of-nursing; post-graduate-aprn,hawaii-pacific-university
University of St. Thomas - TX,houston-tx,texas,bachelor-of-science-nursing; master-of-science-nursing; doctor-of-nursing; post-graduate-aprn,university-of-st-thomas---tx
"University of Texas Health Science Center at Houston, The",houston-tx,texas,bachelor-of-science-nursing; master-of-science-nursing; doctor-of-nursing; post-graduate-aprn,university-of-texas-health-science-center-at-houston-the
"University of Alabama in Huntsville, The",huntsville-al,alabama,bachelor-of-science-nursing; master-of-science-nursing; doctor-of-nursing; post-graduate-aprn,university-of-alabama-in-huntsville-the
Huntington University,huntington-in,indiana,bachelor-of-science-nursing,huntington-university
University of Houston-Downtown,houston-tx,texas,bachelor-of-science-nursing,university-of-houston-downtown
Immaculata University,,pennsylvania,bachelor-of-science-nursing; master-of-science-nursing,immaculata-university
Marian University,indianapolis-in,indiana,bachelor-of-science-nursing; doctor-of-nursing,marian-university
Graceland University,independence-mo,missouri,bachelor-of-science-nursing; master-of-science-nursing; doctor-of-nursing; post-graduate-aprn,graceland-university
Indiana University,indianapolis-in,indiana,bachelor-of-science-nursing; master-of-science-nursing; doctor-of-nursing; post-graduate-aprn,indiana-university
Indiana University of Pennsylvania,indiana-pa,pennsylvania,bachelor-of-science-nursing; master-of-science-nursing,indiana-university-of-pennsylvania
Riley Children's Health at Indiana University Health,indianapolis-in,indiana,employee-based-entry-to-practice-residency,riley-childrens-health-at-indiana-university-health
American College of Education,indianapolis-in,indiana,bachelor-of-science-nursing; master-of-science-nursing,american-college-of-education
Stanbridge University,irvine-ca,california,bachelor-of-science-nursing,stanbridge-university
"University of Iowa, The",iowa-city-ia,iowa,bachelor-of-science-nursing; master-of-science-nursing; doctor-of-nursing; post-graduate-aprn,university-of-iowa-the
"University of California, Irvine",irvine-ca,california,bachelor-of-science-nursing; master-of-science-nursing; doctor-of-nursing,university-of-california-irvine
Union University,jackson-tn,tennessee,bachelor-of-science-nursing; master-of-science-nursing; doctor-of-nursing; post-graduate-aprn,union-university
University of Mississippi Medical Center,jackson-ms,mississippi,bachelor-of-science-nursing; master-of-science-nursing; doctor-of-nursing; post-graduate-aprn,university-of-mississippi-medical-center
Belhaven University,jackson-ms,mississippi,bachelor-of-science-nursing,belhaven-university
"Concordia University, Irvine",irvine-ca,california,bachelor-of-science-nursing,concordia-university-irvine
University of Indianapolis,indianapolis-in,indiana,bachelor-of-science-nursing; master-of-science-nursing; doctor-of-nursing; post-graduate-aprn,university-of-indianapolis
University of Massachusetts Global,irvine-ca,california,bachelor-of-science-nursing; doctor-of-nursing,university-of-massachusetts-global
University of Iowa Hospitals and Clinics,iowa-city-ia,iowa,employee-based-entry-to-practice-residency,university-of-iowa-hospitals-and-clinics
West Virginia State University,,west-virginia,bachelor-of-science-nursing,west-virginia-state-university
Jacksonville State University,,alabama,bachelor-of-science-nursing; master-of-science-nursing; doctor-of-nursing,jacksonville-state-university
University of Jamestown,jamestown-nd,north-dakota,bachelor-of-science-nursing,university-of-jamestown
Carson-Newman University,jefferson-city-tn,tennessee,bachelor-of-science-nursing; master-of-science-nursing; post-graduate-aprn,carson-newman-university
Illinois College,jacksonville-il,illinois,bachelor-of-science-nursing; master-of-science-nursing,illinois-college
University of North Florida,jacksonville-fl,florida,bachelor-of-science-nursing; master-of-science-nursing; doctor-of-nursing; post-graduate-aprn,university-of-north-florida
Jacksonville University,jacksonville-fl,florida,bachelor-of-science-nursing; master-of-science-nursing; doctor-of-nursing; post-graduate-aprn,jacksonville-university
University of Kansas,kansas-city-ks,kansas,bachelor-of-science-nursing; master-of-science-nursing; doctor-of-nursing; post-graduate-aprn,university-of-kansas
Binghamton University,johnson-city-ny,new-york,bachelor-of-science-nursing; master-of-science-nursing; doctor-of-nursing; post-graduate-aprn,binghamton-university
"University of Kansas Health System, Kansas City Division, The",kansas-city-ks,kansas,employee-based-entry-to-practice-residency,university-of-kansas-health-system-kansas-city-division-the
Western Michigan University,kalamazoo-mi,michigan,bachelor-of-science-nursing; master-of-science-nursing,western-michigan-university
New Jersey City University,jersey-city-nj,new-jersey,bachelor-of-science-nursing; master-of-science-nursing,new-jersey-city-university
University of St. Francis,joliet-il,illinois,bachelor-of-science-nursing; master-of-science-nursing; doctor-of-nursing; post-graduate-aprn,university-of-st-francis
East Tennessee State University,johnson-city-tn,tennessee,bachelor-of-science-nursing; master-of-science-nursing; doctor-of-nursing; post-graduate-aprn,east-tennessee-state-university
Saint Peter's University,jersey-city-nj,new-jersey,bachelor-of-science-nursing; master-of-science-nursing; post-graduate-aprn,saint-peters-university
East Tennessee State University and Tennessee Technological University Joint DNP Program,johnson-city-tn,tennessee,doctor-of-nursing,east-tennessee-state-university-and-tennessee-technological-university-joint-dnp-program
Research College of Nursing,kansas-city-mo,missouri,bachelor-of-science-nursing; master-of-science-nursing; post-graduate-aprn,research-college-of-nursing
"University of Missouri, Kansas City",kansas-city-mo,missouri,bachelor-of-science-nursing; master-of-science-nursing; doctor-of-nursing; post-graduate-aprn,university-of-missouri-kansas-city
Keene State College,keene-nh,new-hampshire,bachelor-of-science-nursing,keene-state-college
Southwestern Adventist University,keene-tx,texas,bachelor-of-science-nursing,southwestern-adventist-university
Avila University,kansas-city-mo,missouri,bachelor-of-science-nursing,avila-university
Kennesaw State University,kennesaw-ga,georgia,bachelor-of-science-nursing; master-of-science-nursing,kennesaw-state-university
Texas A&M University-Central Texas,killeen-tx,texas,bachelor-of-science-nursing,texas-a-m-university-central-texas
Keuka College,,new-york,bachelor-of-science-nursing; master-of-science-nursing,keuka-college
Schreiner University,kerrville-tx,texas,bachelor-of-science-nursing; master-of-science-nursing,schreiner-university
Kent State University,kent-oh,ohio,bachelor-of-science-nursing; master-of-science-nursing; doctor-of-nursing; post-graduate-aprn,kent-state-university
"Herzing University, Kenosha",kenosha-wi,wisconsin,bachelor-of-science-nursing,herzing-university-kenosha
Carthage College,kenosha-wi,wisconsin,bachelor-of-science-nursing,carthage-college
Truman State University,kirksville-mo,missouri,bachelor-of-science-nursing,truman-state-university
"Indiana University, Kokomo",kokomo-in,indiana,bachelor-of-science-nursing,indiana-university-kokomo
"University of Tennessee, Knoxville",knoxville-tn,tennessee,bachelor-of-science-nursing; doctor-of-nursing; post-graduate-aprn,university-of-tennessee-knoxville
Biola University,la-mirada-ca,california,bachelor-of-science-nursing,biola-university
Viterbo University,,wisconsin,bachelor-of-science-nursing; master-of-science-nursing; doctor-of-nursing; post-graduate-aprn,viterbo-university
Saint Martin's University,lacey-wa,washington,bachelor-of-science-nursing,saint-martins-university
South College,knoxville-tn,tennessee,bachelor-of-science-nursing; master-of-science-nursing; doctor-of-nursing; post-graduate-aprn,south-college
Northwest University,kirkland-wa,washington,bachelor-of-science-nursing,northwest-university
University of Rhode Island,,rhode-island,bachelor-of-science-nursing; master-of-science-nursing; doctor-of-nursing; post-graduate-aprn,university-of-rhode-island
Intercollegiate Consortium for a Master of Science in Nursing,lake-charles-la,louisiana,master-of-science-nursing; post-graduate-aprn,intercollegiate-consortium-for-a-master-of-science-in-nursing
"ECPI University, Orlando",lake-mary-fl,florida,bachelor-of-science-nursing,ecpi-university-orlando
University of Louisiana at Lafayette,lafayette-la,louisiana,bachelor-of-science-nursing; master-of-science-nursing; doctor-of-nursing; post-graduate-aprn,university-of-louisiana-at-lafayette
McNeese State University,lake-charles-la,louisiana,bachelor-of-science-nursing; master-of-science-nursing; doctor-of-nursing; post-graduate-aprn,mcneese-state-university
Florida Gateway College,lake-city-fl,florida,bachelor-of-science-nursing,florida-gateway-college
Colorado Christian University,lakewood-co,colorado,bachelor-of-science-nursing; master-of-science-nursing; doctor-of-nursing,colorado-christian-university
Southeastern University,lakeland-fl,florida,bachelor-of-science-nursing; master-of-science-nursing,southeastern-university
Saint Joseph's University,lancaster-pa,pennsylvania,bachelor-of-science-nursing; master-of-science-nursing; post-graduate-aprn,saint-josephs-university
Florida Southern College,lakeland-fl,florida,bachelor-of-science-nursing; master-of-science-nursing; doctor-of-nursing; post-graduate-aprn,florida-southern-college
Georgian Court University,lakewood-nj,new-jersey,bachelor-of-science-nursing; master-of-science-nursing,georgian-court-university
New Mexico State University,las-cruces-nm,new-mexico,bachelor-of-science-nursing; master-of-science-nursing; doctor-of-nursing; post-graduate-aprn,new-mexico-state-university
Rider University,lawrenceville-nj,new-jersey,bachelor-of-science-nursing; master-of-science-nursing; post-graduate-aprn,rider-university
University of Wyoming,laramie-wy,wyoming,bachelor-of-science-nursing; master-of-science-nursing; doctor-of-nursing,university-of-wyoming
"University of Nevada, Las Vegas",las-vegas-nv,nevada,bachelor-of-science-nursing; master-of-science-nursing; doctor-of-nursing; post-graduate-aprn,university-of-nevada-las-vegas
New Mexico Highlands University,las-vegas-nm,new-mexico,bachelor-of-science-nursing; master-of-science-nursing,new-mexico-highlands-university
Georgia Gwinnett College,lawrenceville-ga,georgia,bachelor-of-science-nursing,georgia-gwinnett-college
University of Saint Mary,leavenworth-ks,kansas,bachelor-of-science-nursing; master-of-science-nursing,university-of-saint-mary
Niagara University,lewiston-ny,new-york,bachelor-of-science-nursing,niagara-university
Cumberland University,lebanon-tn,tennessee,bachelor-of-science-nursing; master-of-science-nursing,cumberland-university
McKendree University,lebanon-il,illinois,bachelor-of-science-nursing; master-of-science-nursing; doctor-of-nursing,mckendree-university
UK HealthCare,lexington-ky,kentucky,employee-based-entry-to-practice-residency,uk-healthcare
Lewis-Clark State College,lewiston-id,idaho,bachelor-of-science-nursing,lewis-clark-state-college
Tennessee Wesleyan University,knoxville-tn,tennessee,bachelor-of-science-nursing; master-of-science-nursing,tennessee-wesleyan-university
University of Kentucky,lexington-ky,kentucky,bachelor-of-science-nursing; master-of-science-nursing; doctor-of-nursing; post-graduate-aprn,university-of-kentucky
Union Adventist University,lincoln-ne,nebraska,bachelor-of-science-nursing,union-adventist-university
Nebraska Wesleyan University,lincoln-ne,nebraska,bachelor-of-science-nursing; master-of-science-nursing,nebraska-wesleyan-university
Benedictine University,lisle-il,illinois,bachelor-of-science-nursing; master-of-science-nursing; doctor-of-nursing,benedictine-university
Campbell University,lillington-nc,north-carolina,bachelor-of-science-nursing,campbell-university
William Jewell College,liberty-mo,missouri,bachelor-of-science-nursing,william-jewell-college
Lower Columbia College,longview-wa,washington,bachelor-of-science-nursing,lower-columbia-college
Madonna University,livonia-mi,michigan,bachelor-of-science-nursing; master-of-science-nursing; doctor-of-nursing; post-graduate-aprn,madonna-university
"California State University, Long Beach",long-beach-ca,california,bachelor-of-science-nursing; master-of-science-nursing; post-graduate-aprn,california-state-university-long-beach
Loma Linda University,loma-linda-ca,california,bachelor-of-science-nursing; master-of-science-nursing; doctor-of-nursing,loma-linda-university
Bryant & Stratton College-Liverpool,liverpool-ny,new-york,bachelor-of-science-nursing,bryant-stratton-college-liverpool
University of Arkansas for Medical Sciences,little-rock-ar,arkansas,bachelor-of-science-nursing; master-of-science-nursing; doctor-of-nursing; post-graduate-aprn,university-of-arkansas-for-medical-sciences
Felician University,,new-jersey,bachelor-of-science-nursing; master-of-science-nursing; doctor-of-nursing; post-graduate-aprn,felician-university
LeTourneau University,longview-tx,texas,bachelor-of-science-nursing,letourneau-university
Charles R. Drew University of Medicine and Science,los-angeles-ca,california,bachelor-of-science-nursing; master-of-science-nursing; doctor-of-nursing; post-graduate-aprn,charles-r-drew-university-of-medicine-and-science
"California State University, Los Angeles",los-angeles-ca,california,bachelor-of-science-nursing; master-of-science-nursing; post-graduate-aprn,california-state-university-los-angeles
"Mount Saint Mary's University, Los Angeles",los-angeles-ca,california,bachelor-of-science-nursing; master-of-science-nursing; post-graduate-aprn,mount-saint-marys-university-los-angeles
Angeles College,los-angeles-ca,california,bachelor-of-science-nursing,angeles-college
University of Southern California,los-angeles-ca,california,master-of-science-nursing,university-of-southern-california
Saint Francis University,,pennsylvania,bachelor-of-science-nursing; master-of-science-nursing,saint-francis-university
"University of California, Los Angeles",los-angeles-ca,california,bachelor-of-science-nursing; master-of-science-nursing; doctor-of-nursing,university-of-california-los-angeles
World Mission University,los-angeles-ca,california,bachelor-of-science-nursing,world-mission-university
Galen College of Nursing,louisville-ky,kentucky,bachelor-of-science-nursing,galen-college-of-nursing
Spalding University,louisville-ky,kentucky,bachelor-of-science-nursing; master-of-science-nursing; doctor-of-nursing; post-graduate-aprn,spalding-university
Robley Rex VA Medical Center,louisville-ky,kentucky,federally-funded-traineeship-residency,robley-rex-va-medical-center
Siena College,,new-york,bachelor-of-science-nursing,siena-college
Bellarmine University,louisville-ky,kentucky,bachelor-of-science-nursing; master-of-science-nursing; doctor-of-nursing; post-graduate-aprn,bellarmine-university
University of Lynchburg,lynchburg-va,virginia,bachelor-of-science-nursing,university-of-lynchburg
University of Louisville Hospital,louisville-ky,kentucky,employee-based-entry-to-practice-residency,university-of-louisville-hospital
Wesleyan College,macon-ga,georgia,bachelor-of-science-nursing,wesleyan-college
Western Illinois University,macomb-il,illinois,bachelor-of-science-nursing,western-illinois-university
Liberty University,lynchburg-va,virginia,bachelor-of-science-nursing; master-of-science-nursing; doctor-of-nursing; post-graduate-aprn,liberty-university
Edgewood University,madison-wi,wisconsin,bachelor-of-science-nursing; master-of-science-nursing; doctor-of-nursing; post-graduate-aprn,edgewood-university
University of Massachusetts Lowell,lowell-ma,massachusetts,bachelor-of-science-nursing; master-of-science-nursing; doctor-of-nursing,university-of-massachusetts-lowell
University of Louisville,louisville-ky,kentucky,bachelor-of-science-nursing; master-of-science-nursing; doctor-of-nursing; post-graduate-aprn,university-of-louisville
Texas Tech University Health Sciences Center,lubbock-tx,texas,bachelor-of-science-nursing; master-of-science-nursing; doctor-of-nursing; post-graduate-aprn,texas-tech-university-health-sciences-center
Southern New Hampshire University,manchester-nh,new-hampshire,bachelor-of-science-nursing; master-of-science-nursing,southern-new-hampshire-university
"Herzing University, Madison",madison-wi,wisconsin,bachelor-of-science-nursing; master-of-science-nursing; doctor-of-nursing; post-graduate-aprn,herzing-university-madison
UW Health,madison-wi,wisconsin,employee-based-entry-to-practice-residency,uw-health
Bethany Lutheran College,mankato-mn,minnesota,bachelor-of-science-nursing,bethany-lutheran-college
Wm. S. Middleton Memorial Veterans Hospital,madison-wi,wisconsin,employee-based-entry-to-practice-residency; federally-funded-traineeship-residency,wm-s-middleton-memorial-veterans-hospital
"University of Wisconsin, Madison",madison-wi,wisconsin,bachelor-of-science-nursing; doctor-of-nursing; post-graduate-aprn,university-of-wisconsin-madison
Saint Anselm College,manchester-nh,new-hampshire,bachelor-of-science-nursing,saint-anselm-college
Minnesota State University Mankato,mankato-mn,minnesota,bachelor-of-science-nursing; doctor-of-nursing,minnesota-state-university-mankato
Ashland University,mansfield-oh,ohio,bachelor-of-science-nursing; doctor-of-nursing,ashland-university
Missouri Valley College,marshall-mo,missouri,bachelor-of-science-nursing; master-of-science-nursing,missouri-valley-college
Northern Michigan University,marquette-mi,michigan,bachelor-of-science-nursing; master-of-science-nursing; doctor-of-nursing,northern-michigan-university
East Texas Baptist University,marshall-tx,texas,bachelor-of-science-nursing,east-texas-baptist-university
Marion VA Health Care System,marion-il,illinois,federally-funded-traineeship-residency,marion-va-health-care-system
Indiana Wesleyan University,marion-in,indiana,bachelor-of-science-nursing; master-of-science-nursing; doctor-of-nursing; post-graduate-aprn,indiana-wesleyan-university
Emory & Henry University,marion-va,virginia,bachelor-of-science-nursing,emory-henry-university
Loyola University Chicago,maywood-il,illinois,bachelor-of-science-nursing; master-of-science-nursing; doctor-of-nursing; post-graduate-aprn,loyola-university-chicago
Universidad Adventista de las Antillas,,,bachelor-of-science-nursing; master-of-science-nursing,universidad-adventista-de-las-antillas
Messiah University,mechanicsburg-pa,pennsylvania,bachelor-of-science-nursing; master-of-science-nursing; doctor-of-nursing,messiah-university
Mayville State University,,north-dakota,bachelor-of-science-nursing; master-of-science-nursing,mayville-state-university
Eastern Florida State College,melbourne-fl,florida,bachelor-of-science-nursing,eastern-florida-state-college
Mars Hill University,,north-carolina,bachelor-of-science-nursing,mars-hill-university
Bethel University-Tennessee,,tennessee,bachelor-of-science-nursing,bethel-university-tennessee
VA Northern California Health Care System,,california,federally-funded-traineeship-residency; nurse-practitioner-residency,va-northern-california-health-care-system
Baptist Health Sciences University,memphis-tn,tennessee,bachelor-of-science-nursing; doctor-of-nursing,baptist-health-sciences-university
"Concordia University, Wisconsin",mequon-wi,wisconsin,bachelor-of-science-nursing; master-of-science-nursing; doctor-of-nursing; post-graduate-aprn,concordia-university-wisconsin
University of Memphis,memphis-tn,tennessee,bachelor-of-science-nursing; master-of-science-nursing; post-graduate-aprn,university-of-memphis
"University of Tennessee Health Science Center, The",memphis-tn,tennessee,bachelor-of-science-nursing; doctor-of-nursing; post-graduate-aprn,university-of-tennessee-health-science-center-the
Christian Brothers University,memphis-tn,tennessee,bachelor-of-science-nursing,christian-brothers-university
Mississippi State University,meridian-ms,mississippi,master-of-science-nursing,mississippi-state-university
Florida International University,miami-fl,florida,bachelor-of-science-nursing; master-of-science-nursing; doctor-of-nursing; post-graduate-aprn,florida-international-university
Georgia College & State University,milledgeville-ga,georgia,bachelor-of-science-nursing; master-of-science-nursing; doctor-of-nursing; post-graduate-aprn,georgia-college-state-university
Saint Thomas University,miami-gardens-fl,florida,bachelor-of-science-nursing; master-of-science-nursing; doctor-of-nursing; post-graduate-aprn,saint-thomas-university
"Herzing University, New Orleans",metairie-la,louisiana,bachelor-of-science-nursing,herzing-university-new-orleans
Miami VA Healthcare System,miami-fl,florida,federally-funded-traineeship-residency,miami-va-healthcare-system
Barry University,miami-shores-fl,florida,bachelor-of-science-nursing; master-of-science-nursing; doctor-of-nursing; post-graduate-aprn,barry-university
Miami Dade College,miami-fl,florida,bachelor-of-science-nursing,miami-dade-college
Universidad Interamericana de Puerto Rico-Ponce,,,bachelor-of-science-nursing,universidad-interamericana-de-puerto-rico-ponce
"Laboure College of Healthcare, Inc.",milton-ma,massachusetts,bachelor-of-science-nursing,laboure-college-of-healthcare-inc
Curry College,milton-ma,massachusetts,bachelor-of-science-nursing; master-of-science-nursing,curry-college
Milwaukee School of Engineering,milwaukee-wi,wisconsin,bachelor-of-science-nursing; master-of-science-nursing; post-graduate-aprn,milwaukee-school-of-engineering
Marquette University,milwaukee-wi,wisconsin,bachelor-of-science-nursing; master-of-science-nursing; doctor-of-nursing; post-graduate-aprn,marquette-university
Milligan University,,tennessee,bachelor-of-science-nursing,milligan-university
Mount Mary University,milwaukee-wi,wisconsin,bachelor-of-science-nursing,mount-mary-university
Alverno College,milwaukee-wi,wisconsin,bachelor-of-science-nursing; master-of-science-nursing; doctor-of-nursing; post-graduate-aprn,alverno-college
"University of Wisconsin, Milwaukee",milwaukee-wi,wisconsin,bachelor-of-science-nursing; master-of-science-nursing; doctor-of-nursing; post-graduate-aprn,university-of-wisconsin-milwaukee
Clement J. Zablocki VA Medical Center,milwaukee-wi,wisconsin,employee-based-entry-to-practice-residency; federally-funded-traineeship-residency; nurse-practitioner-residency,clement-j-zablocki-va-medical-center
Saint Mary's University of Minnesota,minneapolis-mn,minnesota,bachelor-of-science-nursing,saint-marys-university-of-minnesota
Capella University,minneapolis-mn,minnesota,bachelor-of-science-nursing; master-of-science-nursing; doctor-of-nursing; post-graduate-aprn,capella-university
Augsburg University,minneapolis-mn,minnesota,bachelor-of-science-nursing; master-of-science-nursing; doctor-of-nursing,augsburg-university
Walden University,minneapolis-mn,minnesota,bachelor-of-science-nursing; master-of-science-nursing; doctor-of-nursing; post-graduate-aprn,walden-university
Wisconsin Lutheran College,milwaukee-wi,wisconsin,bachelor-of-science-nursing,wisconsin-lutheran-college
University of Minnesota,minneapolis-mn,minnesota,bachelor-of-science-nursing; master-of-science-nursing; doctor-of-nursing; post-graduate-aprn,university-of-minnesota
Dakota Wesleyan University,mitchell-sd,south-dakota,bachelor-of-science-nursing,dakota-wesleyan-university
Spring Hill College,mobile-al,alabama,bachelor-of-science-nursing; master-of-science-nursing,spring-hill-college
University of Mobile,mobile-al,alabama,bachelor-of-science-nursing; master-of-science-nursing; doctor-of-nursing; post-graduate-aprn,university-of-mobile
University of South Alabama,mobile-al,alabama,bachelor-of-science-nursing; master-of-science-nursing; doctor-of-nursing; post-graduate-aprn; nurse-practitioner-residency,university-of-south-alabama
Minot State University,minot-nd,north-dakota,bachelor-of-science-nursing,minot-state-university
Pfeiffer University,,north-carolina,bachelor-of-science-nursing,pfeiffer-university
Broward College,,florida,bachelor-of-science-nursing,broward-college
Morehead State University,morehead-ky,kentucky,bachelor-of-science-nursing; master-of-science-nursing,morehead-state-university
Robert Morris University,,pennsylvania,bachelor-of-science-nursing; master-of-science-nursing; doctor-of-nursing; post-graduate-aprn,robert-morris-university
Minnesota State University Moorhead,moorhead-mn,minnesota,bachelor-of-science-nursing; master-of-science-nursing,minnesota-state-university-moorhead
West Virginia University,morgantown-wv,west-virginia,bachelor-of-science-nursing; master-of-science-nursing; doctor-of-nursing; post-graduate-aprn,west-virginia-university
"University of Louisiana at Monroe, The",monroe-la,louisiana,bachelor-of-science-nursing; master-of-science-nursing,university-of-louisiana-at-monroe-the
Montclair State University,montclair-nj,new-jersey,bachelor-of-science-nursing; master-of-science-nursing,montclair-state-university
"Concordia College, Moorhead",moorhead-mn,minnesota,bachelor-of-science-nursing,concordia-college-moorhead
Auburn University at Montgomery,montgomery-al,alabama,bachelor-of-science-nursing; master-of-science-nursing; doctor-of-nursing; post-graduate-aprn,auburn-university-at-montgomery
Clayton State University,,georgia,bachelor-of-science-nursing; master-of-science-nursing; post-graduate-aprn,clayton-state-university
Berry College,,georgia,bachelor-of-science-nursing,berry-college
Northeastern State University,muskogee-ok,oklahoma,bachelor-of-science-nursing; master-of-science-nursing,northeastern-state-university
Murray State University,murray-ky,kentucky,bachelor-of-science-nursing; doctor-of-nursing,murray-state-university
Middle Tennessee State University,murfreesboro-tn,tennessee,bachelor-of-science-nursing; master-of-science-nursing; post-graduate-aprn,middle-tennessee-state-university
James H. Quillen VA Medical Center,mountain-home-tn,tennessee,employee-based-entry-to-practice-residency; federally-funded-traineeship-residency,james-h-quillen-va-medical-center
Mount Vernon Nazarene University,mount-vernon-oh,ohio,bachelor-of-science-nursing,mount-vernon-nazarene-university
University of Mount Olive,mount-olive-nc,north-carolina,bachelor-of-science-nursing,university-of-mount-olive
Ball State University,muncie-in,indiana,bachelor-of-science-nursing; master-of-science-nursing; post-graduate-aprn,ball-state-university
Eagle Gate College,murray-ut,utah,bachelor-of-science-nursing; master-of-science-nursing,eagle-gate-college
Belmont University,nashville-tn,tennessee,bachelor-of-science-nursing; master-of-science-nursing; doctor-of-nursing; post-graduate-aprn,belmont-university
"Indiana University, Southeast",new-albany-in,indiana,bachelor-of-science-nursing; master-of-science-nursing,indiana-university-southeast
Northwest Nazarene University,nampa-id,idaho,bachelor-of-science-nursing; master-of-science-nursing,northwest-nazarene-university
"Herzing University, Nashville",nashville-tn,tennessee,bachelor-of-science-nursing,herzing-university-nashville
Vanderbilt University,nashville-tn,tennessee,master-of-science-nursing; doctor-of-nursing; post-graduate-aprn,vanderbilt-university
North Central College,naperville-il,illinois,master-of-science-nursing; post-graduate-aprn,north-central-college
Central Connecticut State University,new-britain-ct,connecticut,bachelor-of-science-nursing; master-of-science-nursing,central-connecticut-state-university
Colby-Sawyer College,new-london-nh,new-hampshire,bachelor-of-science-nursing; master-of-science-nursing; doctor-of-nursing,colby-sawyer-college
Wilmington University,,delaware,bachelor-of-science-nursing; master-of-science-nursing; doctor-of-nursing; post-graduate-aprn,wilmington-university
Charter Oak State College,new-britain-ct,connecticut,bachelor-of-science-nursing,charter-oak-state-college
Louisiana State University Health Sciences Center,new-orleans-la,louisiana,bachelor-of-science-nursing; master-of-science-nursing; doctor-of-nursing,louisiana-state-university-health-sciences-center
Muskingum University,new-concord-oh,ohio,bachelor-of-science-nursing,muskingum-university
Southern Connecticut State University,new-haven-ct,connecticut,bachelor-of-science-nursing; master-of-science-nursing; post-graduate-aprn,southern-connecticut-state-university
Pasco-Hernando State College,new-port-richey-fl,florida,bachelor-of-science-nursing,pasco-hernando-state-college
Tulane University,new-orleans-la,louisiana,bachelor-of-science-nursing,tulane-university
Westminster College - PA,new-wilmington-pa,pennsylvania,bachelor-of-science-nursing,westminster-college---pa
Loyola University New Orleans,new-orleans-la,louisiana,bachelor-of-science-nursing; master-of-science-nursing; doctor-of-nursing,loyola-university-new-orleans
American University of Beirut,new-york-ny,new-york,bachelor-of-science-nursing; master-of-science-nursing,american-university-of-beirut
Southeast Louisiana Veterans Health Care System,new-orleans-la,louisiana,federally-funded-traineeship-residency,southeast-louisiana-veterans-health-care-system
Iona University,new-rochelle-ny,new-york,bachelor-of-science-nursing; master-of-science-nursing,iona-university
Southern University at New Orleans,new-orleans-la,louisiana,bachelor-of-science-nursing,southern-university-at-new-orleans
Lebanese American University,new-york-ny,new-york,bachelor-of-science-nursing,lebanese-american-university
Mount Sinai Phillips School of Nursing,new-york-ny,new-york,bachelor-of-science-nursing,mount-sinai-phillips-school-of-nursing
New York University Langone Medical Center,new-york-ny,new-york,employee-based-entry-to-practice-residency,new-york-university-langone-medical-center
CUNY School of Professional Studies,new-york-ny,new-york,bachelor-of-science-nursing; master-of-science-nursing,cuny-school-of-professional-studies
Columbia University,new-york-ny,new-york,master-of-science-nursing; doctor-of-nursing; post-graduate-aprn,columbia-university
New York University,new-york-ny,new-york,bachelor-of-science-nursing; master-of-science-nursing; doctor-of-nursing; post-graduate-aprn,new-york-university
Hunter College of the City University of New York,new-york-ny,new-york,bachelor-of-science-nursing; master-of-science-nursing; doctor-of-nursing; post-graduate-aprn,hunter-college-of-the-city-university-of-new-york
Newberry College,newberry-sc,south-carolina,bachelor-of-science-nursing,newberry-college
George Fox University,newberg-or,oregon,bachelor-of-science-nursing,george-fox-university
University of Delaware,newark-de,delaware,bachelor-of-science-nursing; master-of-science-nursing; doctor-of-nursing; post-graduate-aprn,university-of-delaware
Mount Saint Mary College,newburgh-ny,new-york,bachelor-of-science-nursing; master-of-science-nursing; post-graduate-aprn,mount-saint-mary-college
Salve Regina University,newport-ri,rhode-island,bachelor-of-science-nursing; master-of-science-nursing; doctor-of-nursing,salve-regina-university
NYU Langone Orthopedic Hospital,new-york-ny,new-york,employee-based-entry-to-practice-residency,nyu-langone-orthopedic-hospital
"Rutgers, The State University of New Jersey-Newark",newark-nj,new-jersey,bachelor-of-science-nursing; master-of-science-nursing; doctor-of-nursing; post-graduate-aprn,rutgers-the-state-university-of-new-jersey-newark
Illinois State University,normal-il,illinois,bachelor-of-science-nursing; master-of-science-nursing; doctor-of-nursing; post-graduate-aprn,illinois-state-university
Walsh University,north-canton-oh,ohio,bachelor-of-science-nursing; master-of-science-nursing; doctor-of-nursing; post-graduate-aprn,walsh-university
University of Massachusetts Dartmouth,,massachusetts,bachelor-of-science-nursing; master-of-science-nursing; doctor-of-nursing,university-of-massachusetts-dartmouth
Rosalind Franklin University of Medicine and Science,north-chicago-il,illinois,master-of-science-nursing; doctor-of-nursing,rosalind-franklin-university-of-medicine-and-science
Merrimack College,north-andover-ma,massachusetts,bachelor-of-science-nursing,merrimack-college
"California State University, Northridge",northridge-ca,california,bachelor-of-science-nursing,california-state-university-northridge
Bethel College,,kansas,bachelor-of-science-nursing,bethel-college
Wheaton College,norton-ma,massachusetts,bachelor-of-science-nursing,wheaton-college
Seton Hall University,,new-jersey,bachelor-of-science-nursing; master-of-science-nursing; doctor-of-nursing; post-graduate-aprn,seton-hall-university
Saint Mary's College-Indiana,notre-dame-in,indiana,bachelor-of-science-nursing; master-of-science-nursing; doctor-of-nursing,saint-marys-college-indiana
Norwich University,northfield-vt,vermont,bachelor-of-science-nursing; master-of-science-nursing; post-graduate-aprn,norwich-university
St. Olaf College,northfield-mn,minnesota,bachelor-of-science-nursing,st-olaf-college
"University of Texas of the Permian Basin, The",odessa-tx,texas,bachelor-of-science-nursing,university-of-texas-of-the-permian-basin-the
Oklahoma City VA Health Care System,oklahoma-city-ok,oklahoma,employee-based-entry-to-practice-residency; federally-funded-traineeship-residency; nurse-practitioner-residency,oklahoma-city-va-health-care-system
New York Institute of Technology,,new-york,bachelor-of-science-nursing,new-york-institute-of-technology
The University of Olivet,,michigan,bachelor-of-science-nursing,the-university-of-olivet
"University of Oklahoma Health Sciences Center, The",oklahoma-city-ok,oklahoma,bachelor-of-science-nursing; master-of-science-nursing; doctor-of-nursing; post-graduate-aprn,university-of-oklahoma-health-sciences-center-the
MidAmerica Nazarene University,olathe-ks,kansas,bachelor-of-science-nursing; master-of-science-nursing,midamerica-nazarene-university
Samuel Merritt University,oakland-ca,california,bachelor-of-science-nursing; master-of-science-nursing; doctor-of-nursing; post-graduate-aprn,samuel-merritt-university
Nebraska Methodist College,omaha-ne,nebraska,bachelor-of-science-nursing; master-of-science-nursing; doctor-of-nursing,nebraska-methodist-college
Yale University,orange-ct,connecticut,master-of-science-nursing; doctor-of-nursing; post-graduate-aprn,yale-university
Creighton University,omaha-ne,nebraska,bachelor-of-science-nursing; master-of-science-nursing; doctor-of-nursing; post-graduate-aprn,creighton-university
Dominican University New York,orangeburg-ny,new-york,bachelor-of-science-nursing; master-of-science-nursing; doctor-of-nursing,dominican-university-new-york
University of Nebraska Medical Center,omaha-ne,nebraska,bachelor-of-science-nursing; master-of-science-nursing; doctor-of-nursing; post-graduate-aprn; nurse-practitioner-residency,university-of-nebraska-medical-center
Northwestern College,orange-city-ia,iowa,bachelor-of-science-nursing,northwestern-college
Hartwick College,oneonta-ny,new-york,bachelor-of-science-nursing,hartwick-college
Claflin University,orangeburg-sc,south-carolina,bachelor-of-science-nursing; master-of-science-nursing,claflin-university
University of Central Florida,orlando-fl,florida,bachelor-of-science-nursing; master-of-science-nursing; doctor-of-nursing; post-graduate-aprn,university-of-central-florida
AdventHealth University,orlando-fl,florida,bachelor-of-science-nursing; master-of-science-nursing; doctor-of-nursing,adventhealth-university
"University of Wisconsin, Oshkosh",oshkosh-wi,wisconsin,bachelor-of-science-nursing; master-of-science-nursing; doctor-of-nursing; post-graduate-aprn,university-of-wisconsin-oshkosh
Valencia College,orlando-fl,florida,bachelor-of-science-nursing,valencia-college
Bryant & Stratton College-Online,orchard-park-ny,new-york,bachelor-of-science-nursing,bryant-stratton-college-online
University of Maine,orono-me,maine,bachelor-of-science-nursing; master-of-science-nursing; post-graduate-aprn,university-of-maine
William Penn University,oskaloosa-ia,iowa,bachelor-of-science-nursing,william-penn-university
Stevenson University,,maryland,bachelor-of-science-nursing; master-of-science-nursing,stevenson-university
Gulf Coast State College,panama-city-fl,florida,bachelor-of-science-nursing,gulf-coast-state-college
Ottawa University,overland-park-ks,kansas,bachelor-of-science-nursing; master-of-science-nursing,ottawa-university
Trinity Christian College,palos-heights-il,illinois,bachelor-of-science-nursing,trinity-christian-college
Baker College,owosso-mi,michigan,bachelor-of-science-nursing; master-of-science-nursing,baker-college
Helene Fuld College of Nursing,new-york-ny,new-york,bachelor-of-science-nursing,helene-fuld-college-of-nursing
University of North Carolina at Pembroke,pembroke-nc,north-carolina,bachelor-of-science-nursing; master-of-science-nursing,university-of-north-carolina-at-pembroke
Bradley University,peoria-il,illinois,bachelor-of-science-nursing; master-of-science-nursing; doctor-of-nursing; post-graduate-aprn,bradley-university
Bryant & Stratton College-Parma,parma-oh,ohio,bachelor-of-science-nursing,bryant-stratton-college-parma
Columbia Basin College,pasco-wa,washington,bachelor-of-science-nursing,columbia-basin-college
Park University,,missouri,bachelor-of-science-nursing,park-university
Pensacola Christian College,pensacola-fl,florida,bachelor-of-science-nursing; master-of-science-nursing,pensacola-christian-college
University of West Florida,pensacola-fl,florida,bachelor-of-science-nursing; master-of-science-nursing,university-of-west-florida
Pensacola State College,pensacola-fl,florida,bachelor-of-science-nursing,pensacola-state-college
Ursuline College,,ohio,bachelor-of-science-nursing; master-of-science-nursing; doctor-of-nursing; post-graduate-aprn,ursuline-college
Saint Francis Medical Center College of Nursing,peoria-il,illinois,bachelor-of-science-nursing; master-of-science-nursing; doctor-of-nursing; post-graduate-aprn,saint-francis-medical-center-college-of-nursing
La Salle University,philadelphia-pa,pennsylvania,bachelor-of-science-nursing; master-of-science-nursing; doctor-of-nursing; post-graduate-aprn,la-salle-university
Albert Einstein Medical Center,philadelphia-pa,pennsylvania,employee-based-entry-to-practice-residency,albert-einstein-medical-center
Methodist College,peoria-il,illinois,bachelor-of-science-nursing; master-of-science-nursing,methodist-college
Drexel University,philadelphia-pa,pennsylvania,bachelor-of-science-nursing; master-of-science-nursing; doctor-of-nursing; post-graduate-aprn,drexel-university
Penn Medicine,philadelphia-pa,pennsylvania,employee-based-entry-to-practice-residency,penn-medicine
Thomas Jefferson University,philadelphia-pa,pennsylvania,bachelor-of-science-nursing; master-of-science-nursing; doctor-of-nursing; post-graduate-aprn,thomas-jefferson-university
Alliant International University,phoenix-az,arizona,bachelor-of-science-nursing; master-of-science-nursing,alliant-international-university
Temple University,philadelphia-pa,pennsylvania,bachelor-of-science-nursing; doctor-of-nursing,temple-university
Brookline College,phoenix-az,arizona,bachelor-of-science-nursing,brookline-college
Aspen University,phoenix-az,arizona,bachelor-of-science-nursing; master-of-science-nursing; doctor-of-nursing,aspen-university
Arizona State University,phoenix-az,arizona,bachelor-of-science-nursing; master-of-science-nursing; doctor-of-nursing; post-graduate-aprn,arizona-state-university
Thomas Jefferson University Hospitals,philadelphia-pa,pennsylvania,employee-based-entry-to-practice-residency,thomas-jefferson-university-hospitals
Holy Family University,philadelphia-pa,pennsylvania,bachelor-of-science-nursing; master-of-science-nursing; doctor-of-nursing,holy-family-university
University of Pennsylvania,philadelphia-pa,pennsylvania,bachelor-of-science-nursing; master-of-science-nursing; doctor-of-nursing; post-graduate-aprn,university-of-pennsylvania
Duquesne University,pittsburgh-pa,pennsylvania,bachelor-of-science-nursing; master-of-science-nursing; doctor-of-nursing; post-graduate-aprn,duquesne-university
St. Petersburg College,pinellas-park-fl,florida,bachelor-of-science-nursing,st-petersburg-college
Pittsburg State University,pittsburg-ks,kansas,bachelor-of-science-nursing; master-of-science-nursing; doctor-of-nursing,pittsburg-state-university
Carlow University,pittsburgh-pa,pennsylvania,bachelor-of-science-nursing; master-of-science-nursing; doctor-of-nursing; post-graduate-aprn,carlow-university
University of Pittsburgh,pittsburgh-pa,pennsylvania,bachelor-of-science-nursing; master-of-science-nursing; doctor-of-nursing; post-graduate-aprn,university-of-pittsburgh
Grand Canyon University,phoenix-az,arizona,bachelor-of-science-nursing; master-of-science-nursing; doctor-of-nursing; post-graduate-aprn,grand-canyon-university
University of Phoenix,phoenix-az,arizona,bachelor-of-science-nursing; master-of-science-nursing; doctor-of-nursing,university-of-phoenix
Louisiana Christian University,pineville-la,louisiana,bachelor-of-science-nursing,louisiana-christian-university
Chatham University,pittsburgh-pa,pennsylvania,bachelor-of-science-nursing; master-of-science-nursing; doctor-of-nursing,chatham-university
Lakeland University,plymouth-wi,wisconsin,bachelor-of-science-nursing,lakeland-university
Pace University,,new-york,bachelor-of-science-nursing; master-of-science-nursing; doctor-of-nursing; post-graduate-aprn,pace-university
Plymouth State University,plymouth-nh,new-hampshire,bachelor-of-science-nursing,plymouth-state-university
Idaho State University,pocatello-id,idaho,bachelor-of-science-nursing; master-of-science-nursing; doctor-of-nursing,idaho-state-university
Western University of Health Sciences,pomona-ca,california,master-of-science-nursing; doctor-of-nursing; post-graduate-aprn,western-university-of-health-sciences
State University of New York Plattsburgh,plattsburgh-ny,new-york,bachelor-of-science-nursing,state-university-of-new-york-plattsburgh
University of Southern Maine,portland-me,maine,bachelor-of-science-nursing; master-of-science-nursing; doctor-of-nursing; post-graduate-aprn,university-of-southern-maine
Warner Pacific University,portland-or,oregon,bachelor-of-science-nursing,warner-pacific-university
Sumner College,portland-or,oregon,bachelor-of-science-nursing,sumner-college
Johnson & Wales University,providence-ri,rhode-island,bachelor-of-science-nursing,johnson-wales-university
Ponce Health Sciences University,,,bachelor-of-science-nursing,ponce-health-sciences-university
University of Portland,portland-or,oregon,bachelor-of-science-nursing; doctor-of-nursing,university-of-portland
Oregon Health & Science University,portland-or,oregon,bachelor-of-science-nursing; master-of-science-nursing; doctor-of-nursing,oregon-health-science-university
Linfield University,portland-or,oregon,bachelor-of-science-nursing; master-of-science-nursing,linfield-university
Pueblo Community College,pueblo-co,colorado,bachelor-of-science-nursing,pueblo-community-college
Rocky Mountain University of Health Professions,provo-ut,utah,master-of-science-nursing; doctor-of-nursing; post-graduate-aprn,rocky-mountain-university-of-health-professions
Providence Veterans Affairs Medical Center,providence-ri,rhode-island,employee-based-entry-to-practice-residency; federally-funded-traineeship-residency,providence-veterans-affairs-medical-center
Rhode Island College,providence-ri,rhode-island,bachelor-of-science-nursing; master-of-science-nursing; doctor-of-nursing; post-graduate-aprn,rhode-island-college
Provo College,provo-ut,utah,bachelor-of-science-nursing,provo-college
Brigham Young University,provo-ut,utah,bachelor-of-science-nursing; master-of-science-nursing,brigham-young-university
Manhattanville University,,new-york,bachelor-of-science-nursing; master-of-science-nursing; post-graduate-aprn,manhattanville-university
Blessing-Rieman College of Nursing and Health Sciences,quincy-il,illinois,bachelor-of-science-nursing; master-of-science-nursing,blessing-rieman-college-of-nursing-and-health-sciences
William Peace University,raleigh-nc,north-carolina,bachelor-of-science-nursing,william-peace-university
Radford University,radford-va,virginia,bachelor-of-science-nursing; master-of-science-nursing; doctor-of-nursing; post-graduate-aprn,radford-university
"University of Tennessee Southern, The",pulaski-tn,tennessee,bachelor-of-science-nursing,university-of-tennessee-southern-the
Eastern Kentucky University,richmond-ky,kentucky,bachelor-of-science-nursing; master-of-science-nursing; doctor-of-nursing; post-graduate-aprn,eastern-kentucky-university
Brigham Young University-Idaho,rexburg-id,idaho,bachelor-of-science-nursing,brigham-young-university-idaho
Alvernia University,reading-pa,pennsylvania,bachelor-of-science-nursing; master-of-science-nursing,alvernia-university
"University of Nevada, Reno",reno-nv,nevada,bachelor-of-science-nursing; master-of-science-nursing; doctor-of-nursing; post-graduate-aprn,university-of-nevada-reno
Simpson University,redding-ca,california,bachelor-of-science-nursing,simpson-university
West Coast University,richardson-tx,texas,bachelor-of-science-nursing; master-of-science-nursing; doctor-of-nursing; post-graduate-aprn,west-coast-university
Bon Secours Memorial College of Nursing,richmond-va,virginia,bachelor-of-science-nursing,bon-secours-memorial-college-of-nursing
Virginia Commonwealth University,richmond-va,virginia,bachelor-of-science-nursing; master-of-science-nursing; doctor-of-nursing; post-graduate-aprn,virginia-commonwealth-university
Oakland University,rochester-mi,michigan,bachelor-of-science-nursing; master-of-science-nursing; doctor-of-nursing; post-graduate-aprn,oakland-university
Virginia Commonwealth University Medical Center,richmond-va,virginia,employee-based-entry-to-practice-residency,virginia-commonwealth-university-medical-center
"Dominican University, Illinois",,illinois,bachelor-of-science-nursing,dominican-university-illinois
California Baptist University,riverside-ca,california,bachelor-of-science-nursing; master-of-science-nursing; doctor-of-nursing; post-graduate-aprn,california-baptist-university
Rochester Christian University,rochester-hills-mi,michigan,bachelor-of-science-nursing,rochester-christian-university
St. John Fisher University,rochester-ny,new-york,bachelor-of-science-nursing; master-of-science-nursing; doctor-of-nursing; post-graduate-aprn,st-john-fisher-university
Roberts Wesleyan University,rochester-ny,new-york,bachelor-of-science-nursing; master-of-science-nursing; post-graduate-aprn,roberts-wesleyan-university
Nazareth University,rochester-ny,new-york,bachelor-of-science-nursing,nazareth-university
Jessup University,,california,bachelor-of-science-nursing,jessup-university
College of the Ozarks,,missouri,bachelor-of-science-nursing,college-of-the-ozarks
University of Rochester,rochester-ny,new-york,bachelor-of-science-nursing; master-of-science-nursing; doctor-of-nursing; post-graduate-aprn,university-of-rochester
Molloy University,rockville-centre-ny,new-york,bachelor-of-science-nursing; master-of-science-nursing; doctor-of-nursing; post-graduate-aprn,molloy-university
Saint Anthony College of Nursing,rockford-il,illinois,bachelor-of-science-nursing; master-of-science-nursing; doctor-of-nursing; post-graduate-aprn,saint-anthony-college-of-nursing
Trinity College of Nursing and Health Sciences,rock-island-il,illinois,bachelor-of-science-nursing; master-of-science-nursing,trinity-college-of-nursing-and-health-sciences
"California State University, Sacramento",sacramento-ca,california,bachelor-of-science-nursing; master-of-science-nursing,california-state-university-sacramento
"University of California, Davis",sacramento-ca,california,master-of-science-nursing; doctor-of-nursing; post-graduate-aprn,university-of-california-davis
Sonoma State University,rohnert-park-ca,california,bachelor-of-science-nursing; master-of-science-nursing; post-graduate-aprn,sonoma-state-university
Texas State University,round-rock-tx,texas,bachelor-of-science-nursing; master-of-science-nursing; post-graduate-aprn,texas-state-university
Carrington College,sacramento-ca,california,bachelor-of-science-nursing,carrington-college
Lewis University,,illinois,bachelor-of-science-nursing; master-of-science-nursing; doctor-of-nursing; post-graduate-aprn,lewis-university
North Carolina Wesleyan University,rocky-mount-nc,north-carolina,bachelor-of-science-nursing,north-carolina-wesleyan-university
Shorter University,rome-ga,georgia,bachelor-of-science-nursing,shorter-university
"Concordia University, Saint Paul",saint-paul-mn,minnesota,bachelor-of-science-nursing,concordia-university-saint-paul
Saint Louis University,saint-louis-mo,missouri,bachelor-of-science-nursing; master-of-science-nursing; doctor-of-nursing; post-graduate-aprn,saint-louis-university
Gustavus Adolphus College,saint-peter-mn,minnesota,bachelor-of-science-nursing,gustavus-adolphus-college
Saint Mary-of-the-Woods College,saint-mary-of-the-woods-in,indiana,bachelor-of-science-nursing; master-of-science-nursing; post-graduate-aprn,saint-mary-of-the-woods-college
University of the Pacific,sacramento-ca,california,master-of-science-nursing,university-of-the-pacific
Metropolitan State University,saint-paul-mn,minnesota,bachelor-of-science-nursing; master-of-science-nursing; doctor-of-nursing,metropolitan-state-university
Missouri Western State University,saint-joseph-mo,missouri,bachelor-of-science-nursing; master-of-science-nursing,missouri-western-state-university
Catawba College,salisbury-nc,north-carolina,bachelor-of-science-nursing,catawba-college
University of Utah,salt-lake-city-ut,utah,bachelor-of-science-nursing; master-of-science-nursing; doctor-of-nursing; post-graduate-aprn,university-of-utah
Kansas Wesleyan University,salina-ks,kansas,bachelor-of-science-nursing,kansas-wesleyan-university
Bethel University-Minnesota,saint-paul-mn,minnesota,bachelor-of-science-nursing; master-of-science-nursing,bethel-university-minnesota
Nightingale College,salt-lake-city-ut,utah,bachelor-of-science-nursing; master-of-science-nursing,nightingale-college
Salem State University,salem-ma,massachusetts,bachelor-of-science-nursing; master-of-science-nursing,salem-state-university
Salisbury University,salisbury-md,maryland,bachelor-of-science-nursing; master-of-science-nursing; doctor-of-nursing; post-graduate-aprn,salisbury-university
University of Texas Health Science Center at San Antonio,san-antonio-tx,texas,bachelor-of-science-nursing; master-of-science-nursing; doctor-of-nursing; post-graduate-aprn,university-of-texas-health-science-center-at-san-antonio
University of the Incarnate Word,san-antonio-tx,texas,bachelor-of-science-nursing; master-of-science-nursing; doctor-of-nursing; post-graduate-aprn,university-of-the-incarnate-word
San Diego State University,san-diego-ca,california,bachelor-of-science-nursing; master-of-science-nursing,san-diego-state-university
Angelo State University,san-angelo-tx,texas,bachelor-of-science-nursing; master-of-science-nursing; post-graduate-aprn,angelo-state-university
VA Salt Lake City Health Care System,salt-lake-city-ut,utah,federally-funded-traineeship-residency; nurse-practitioner-residency,va-salt-lake-city-health-care-system
Westminster University - UT,salt-lake-city-ut,utah,bachelor-of-science-nursing; master-of-science-nursing; doctor-of-nursing,westminster-university---ut
National University,san-diego-ca,california,bachelor-of-science-nursing; master-of-science-nursing; doctor-of-nursing; post-graduate-aprn,national-university
"California State University, San Bernardino",san-bernardino-ca,california,bachelor-of-science-nursing; master-of-science-nursing,california-state-university-san-bernardino
Point Loma Nazarene University,san-diego-ca,california,bachelor-of-science-nursing; master-of-science-nursing; doctor-of-nursing; post-graduate-aprn,point-loma-nazarene-university
Western Governors University,salt-lake-city-ut,utah,bachelor-of-science-nursing; master-of-science-nursing; post-graduate-aprn,western-governors-university
University of San Diego,san-diego-ca,california,master-of-science-nursing; doctor-of-nursing; post-graduate-aprn,university-of-san-diego
University of San Francisco,san-francisco-ca,california,bachelor-of-science-nursing; master-of-science-nursing; doctor-of-nursing; post-graduate-aprn,university-of-san-francisco
"University of California, San Francisco",san-francisco-ca,california,master-of-science-nursing; doctor-of-nursing; post-graduate-aprn,university-of-california-san-francisco
San Francisco State University,san-francisco-ca,california,bachelor-of-science-nursing; master-of-science-nursing; post-graduate-aprn,san-francisco-state-university
CEM College,,,bachelor-of-science-nursing,cem-college
Universidad Interamericana de Puerto Rico-San German,,,bachelor-of-science-nursing,universidad-interamericana-de-puerto-rico-san-german
VA San Diego Healthcare System,san-diego-ca,california,federally-funded-traineeship-residency,va-san-diego-healthcare-system
San Jose State University,san-jose-ca,california,bachelor-of-science-nursing; master-of-science-nursing; doctor-of-nursing,san-jose-state-university
Universidad del Sagrado Corazon,,,bachelor-of-science-nursing,universidad-del-sagrado-corazon
Colegio Universitario de San Juan,,,bachelor-of-science-nursing,colegio-universitario-de-san-juan
United States University,sandy-springs-ga,georgia,bachelor-of-science-nursing; master-of-science-nursing,united-states-university
"Herzing University, Atlanta",sandy-springs-ga,georgia,bachelor-of-science-nursing,herzing-university-atlanta
University of St. Augustine for Health Sciences,san-marcos-ca,california,master-of-science-nursing; doctor-of-nursing; post-graduate-aprn,university-of-st-augustine-for-health-sciences
Dominican University of California,san-rafael-ca,california,bachelor-of-science-nursing,dominican-university-of-california
"California State University, San Marcos",san-marcos-ca,california,bachelor-of-science-nursing; master-of-science-nursing; post-graduate-aprn,california-state-university-san-marcos
"University of Puerto Rico, San Juan",,,bachelor-of-science-nursing; master-of-science-nursing; doctor-of-nursing,university-of-puerto-rico-san-juan
CNI College,santa-ana-ca,california,bachelor-of-science-nursing,cni-college
University of Scranton,scranton-pa,pennsylvania,bachelor-of-science-nursing; master-of-science-nursing; doctor-of-nursing; post-graduate-aprn,university-of-scranton
State University of New York Empire State University,saratoga-springs-ny,new-york,bachelor-of-science-nursing; master-of-science-nursing,state-university-of-new-york-empire-state-university
Westmont College,santa-barbara-ca,california,bachelor-of-science-nursing,westmont-college
Lake Superior State University,sault-sainte-marie-mi,michigan,bachelor-of-science-nursing,lake-superior-state-university
South University,savannah-ga,georgia,bachelor-of-science-nursing; master-of-science-nursing; doctor-of-nursing,south-university
Marywood University,scranton-pa,pennsylvania,bachelor-of-science-nursing,marywood-university
Harding University,searcy-ar,arkansas,bachelor-of-science-nursing; master-of-science-nursing; post-graduate-aprn,harding-university
American University of Health Sciences,,california,bachelor-of-science-nursing; master-of-science-nursing; post-graduate-aprn,american-university-of-health-sciences
Texas Lutheran University,seguin-tx,texas,bachelor-of-science-nursing; master-of-science-nursing,texas-lutheran-university
Northwestern State University of Louisiana,shreveport-la,louisiana,bachelor-of-science-nursing; master-of-science-nursing; doctor-of-nursing; post-graduate-aprn,northwestern-state-university-of-louisiana
"California State University, Monterey Bay",,california,bachelor-of-science-nursing,california-state-university-monterey-bay
Seattle University,seattle-wa,washington,bachelor-of-science-nursing; doctor-of-nursing; post-graduate-aprn,seattle-university
Oklahoma Baptist University,shawnee-ok,oklahoma,bachelor-of-science-nursing,oklahoma-baptist-university
University of Washington,seattle-wa,washington,bachelor-of-science-nursing; master-of-science-nursing; doctor-of-nursing; post-graduate-aprn,university-of-washington
Seattle Pacific University,seattle-wa,washington,bachelor-of-science-nursing,seattle-pacific-university
Dordt University,sioux-center-ia,iowa,bachelor-of-science-nursing,dordt-university
University of Sioux Falls,sioux-falls-sd,south-dakota,bachelor-of-science-nursing,university-of-sioux-falls
Shepherd University,shepherdstown-wv,west-virginia,bachelor-of-science-nursing; doctor-of-nursing; post-graduate-aprn,shepherd-university
Augustana University,sioux-falls-sd,south-dakota,bachelor-of-science-nursing; master-of-science-nursing; post-graduate-aprn,augustana-university
Morningside University,sioux-city-ia,iowa,bachelor-of-science-nursing; master-of-science-nursing; doctor-of-nursing; post-graduate-aprn,morningside-university
Saint Luke's College-UnityPoint Health,sioux-city-ia,iowa,bachelor-of-science-nursing,saint-lukes-college-unitypoint-health
Western New Mexico University,silver-city-nm,new-mexico,bachelor-of-science-nursing; master-of-science-nursing,western-new-mexico-university
Briar Cliff University,sioux-city-ia,iowa,bachelor-of-science-nursing; master-of-science-nursing; doctor-of-nursing; post-graduate-aprn,briar-cliff-university
John Brown University,,arkansas,bachelor-of-science-nursing,john-brown-university
Virginia State University,,virginia,bachelor-of-science-nursing,virginia-state-university
University of South Carolina Upstate,spartanburg-sc,south-carolina,bachelor-of-science-nursing; master-of-science-nursing; doctor-of-nursing,university-of-south-carolina-upstate
Lawrence Technological University,southfield-mi,michigan,bachelor-of-science-nursing,lawrence-technological-university
"University of South Dakota, The",sioux-falls-sd,south-dakota,bachelor-of-science-nursing; master-of-science-nursing; doctor-of-nursing,university-of-south-dakota-the
Slippery Rock University,,pennsylvania,bachelor-of-science-nursing,slippery-rock-university
"Indiana University, South Bend",south-bend-in,indiana,bachelor-of-science-nursing; master-of-science-nursing; post-graduate-aprn,indiana-university-south-bend
Gonzaga University,spokane-wa,washington,bachelor-of-science-nursing; master-of-science-nursing; doctor-of-nursing,gonzaga-university
Wittenberg University,springfield-oh,ohio,bachelor-of-science-nursing,wittenberg-university
Missouri State University,springfield-mo,missouri,bachelor-of-science-nursing; master-of-science-nursing; doctor-of-nursing,missouri-state-university
Spring Arbor University,spring-arbor-mi,michigan,bachelor-of-science-nursing; master-of-science-nursing; doctor-of-nursing; post-graduate-aprn,spring-arbor-university
Cox College,springfield-mo,missouri,bachelor-of-science-nursing; master-of-science-nursing; post-graduate-aprn,cox-college
St. Bonaventure University,,new-york,bachelor-of-science-nursing; master-of-science-nursing,st-bonaventure-university
American International College,springfield-ma,massachusetts,bachelor-of-science-nursing; master-of-science-nursing; post-graduate-aprn,american-international-college
Rasmussen University,,minnesota,bachelor-of-science-nursing; master-of-science-nursing; doctor-of-nursing; post-graduate-aprn,rasmussen-university
Saint Cloud State University,,minnesota,bachelor-of-science-nursing,saint-cloud-state-university
Washington State University,spokane-wa,washington,bachelor-of-science-nursing; master-of-science-nursing; doctor-of-nursing,washington-state-university
Crown College,,minnesota,bachelor-of-science-nursing,crown-college
Barnes-Jewish College,st-louis-mo,missouri,bachelor-of-science-nursing; master-of-science-nursing; doctor-of-nursing; post-graduate-aprn,barnes-jewish-college
Saint Leo University,,florida,bachelor-of-science-nursing,saint-leo-university
Eastern University,,pennsylvania,bachelor-of-science-nursing; master-of-science-nursing,eastern-university
College of Saint Benedict,,minnesota,bachelor-of-science-nursing; doctor-of-nursing,college-of-saint-benedict
College of Saint Benedict/Saint John's University,,minnesota,bachelor-of-science-nursing; doctor-of-nursing,college-of-saint-benedict-saint-johns-university
"Herzing University, Minneapolis",,minnesota,bachelor-of-science-nursing,herzing-university-minneapolis
Franciscan University of Steubenville,steubenville-oh,ohio,bachelor-of-science-nursing; master-of-science-nursing; post-graduate-aprn,franciscan-university-of-steubenville
Tarleton State University,stephenville-tx,texas,bachelor-of-science-nursing; master-of-science-nursing,tarleton-state-university
University of Northwestern - St. Paul,,minnesota,bachelor-of-science-nursing,university-of-northwestern---st-paul
"University of Missouri, St. Louis",st-louis-mo,missouri,bachelor-of-science-nursing; doctor-of-nursing; post-graduate-aprn,university-of-missouri-st-louis
Georgia Southern University,statesboro-ga,georgia,bachelor-of-science-nursing; master-of-science-nursing; doctor-of-nursing; post-graduate-aprn,georgia-southern-university
Maryville University of St. Louis,st-louis-mo,missouri,bachelor-of-science-nursing; master-of-science-nursing; doctor-of-nursing; post-graduate-aprn,maryville-university-of-st-louis
Fontbonne University,st-louis-mo,missouri,bachelor-of-science-nursing,fontbonne-university
University of St. Thomas - MN,,minnesota,bachelor-of-science-nursing; master-of-science-nursing,university-of-st-thomas---mn
Saint Joseph's College of Maine,,maine,bachelor-of-science-nursing; master-of-science-nursing; post-graduate-aprn,saint-josephs-college-of-maine
Stony Brook University Medical Center,stony-brook-ny,new-york,employee-based-entry-to-practice-residency,stony-brook-university-medical-center
Rowan University,stratford-nj,new-jersey,bachelor-of-science-nursing; master-of-science-nursing; post-graduate-aprn,rowan-university
Lourdes University,sylvania-oh,ohio,bachelor-of-science-nursing; master-of-science-nursing; doctor-of-nursing,lourdes-university
"University of Wisconsin, Stevens Point",stevens-point-wi,wisconsin,bachelor-of-science-nursing,university-of-wisconsin-stevens-point
University of Connecticut,,connecticut,bachelor-of-science-nursing; master-of-science-nursing; doctor-of-nursing; post-graduate-aprn,university-of-connecticut
Oklahoma State University,stillwater-ok,oklahoma,bachelor-of-science-nursing,oklahoma-state-university
University of Houston,sugar-land-tx,texas,bachelor-of-science-nursing; master-of-science-nursing; doctor-of-nursing,university-of-houston
Florida State University,tallahassee-fl,florida,bachelor-of-science-nursing; doctor-of-nursing; post-graduate-aprn,florida-state-university
Pacific Lutheran University,tacoma-wa,washington,bachelor-of-science-nursing; master-of-science-nursing; doctor-of-nursing; post-graduate-aprn,pacific-lutheran-university
State University of New York Upstate Medical University,syracuse-ny,new-york,bachelor-of-science-nursing; master-of-science-nursing; doctor-of-nursing; post-graduate-aprn,state-university-of-new-york-upstate-medical-university
Washington Adventist University,takoma-park-md,maryland,bachelor-of-science-nursing; master-of-science-nursing,washington-adventist-university
University of South Florida,tampa-fl,florida,bachelor-of-science-nursing; master-of-science-nursing; doctor-of-nursing,university-of-south-florida
Florida College,temple-terrace-fl,florida,bachelor-of-science-nursing,florida-college
Texas A&M University-Texarkana,texarkana-tx,texas,bachelor-of-science-nursing; master-of-science-nursing; post-graduate-aprn,texas-a-m-university-texarkana
"University of Tampa, The",tampa-fl,florida,bachelor-of-science-nursing; master-of-science-nursing; doctor-of-nursing; post-graduate-aprn,university-of-tampa-the
Arizona College of Nursing,tempe-az,arizona,bachelor-of-science-nursing,arizona-college-of-nursing
Nicholls State University,thibodaux-la,louisiana,bachelor-of-science-nursing; master-of-science-nursing; post-graduate-aprn,nicholls-state-university
Sam Houston State University,the-woodlands-tx,texas,bachelor-of-science-nursing,sam-houston-state-university
Toccoa Falls College,,georgia,bachelor-of-science-nursing,toccoa-falls-college
Heidelberg University,tiffin-oh,ohio,bachelor-of-science-nursing,heidelberg-university
University of Toledo,toledo-oh,ohio,bachelor-of-science-nursing; master-of-science-nursing; doctor-of-nursing; post-graduate-aprn,university-of-toledo
Heritage University,toppenish-wa,washington,bachelor-of-science-nursing,heritage-university
Washburn University,topeka-ks,kansas,bachelor-of-science-nursing; master-of-science-nursing; doctor-of-nursing; post-graduate-aprn,washburn-university
Baker University,topeka-ks,kansas,bachelor-of-science-nursing; master-of-science-nursing,baker-university
"Homestead Schools, Inc.",torrance-ca,california,bachelor-of-science-nursing,homestead-schools-inc
Towson University,towson-md,maryland,bachelor-of-science-nursing; master-of-science-nursing,towson-university
Thomas Edison State University,trenton-nj,new-jersey,bachelor-of-science-nursing; master-of-science-nursing; doctor-of-nursing,thomas-edison-state-university
Le Moyne College,syracuse-ny,new-york,bachelor-of-science-nursing; master-of-science-nursing; doctor-of-nursing; post-graduate-aprn,le-moyne-college
Mercy College of Ohio,toledo-oh,ohio,bachelor-of-science-nursing; master-of-science-nursing,mercy-college-of-ohio
"California State University, Stanislaus",turlock-ca,california,bachelor-of-science-nursing; master-of-science-nursing,california-state-university-stanislaus
Oral Roberts University,tulsa-ok,oklahoma,bachelor-of-science-nursing; master-of-science-nursing; doctor-of-nursing,oral-roberts-university
"University of Alabama, The",tuscaloosa-al,alabama,bachelor-of-science-nursing; master-of-science-nursing; doctor-of-nursing; post-graduate-aprn,university-of-alabama-the
Russell Sage College,troy-ny,new-york,bachelor-of-science-nursing; master-of-science-nursing; post-graduate-aprn,russell-sage-college
"University of Arizona, The",tucson-az,arizona,bachelor-of-science-nursing; master-of-science-nursing; doctor-of-nursing; post-graduate-aprn,university-of-arizona-the
Trinidad State College,trinidad-co,colorado,bachelor-of-science-nursing,trinidad-state-college
Southern Arizona VA Health Care System,tucson-az,arizona,employee-based-entry-to-practice-residency; federally-funded-traineeship-residency; nurse-practitioner-residency,southern-arizona-va-health-care-system
Pima Medical Institute,tucson-az,arizona,bachelor-of-science-nursing,pima-medical-institute
University of Texas at Tyler,tyler-tx,texas,bachelor-of-science-nursing; master-of-science-nursing; doctor-of-nursing; post-graduate-aprn,university-of-texas-at-tyler
Saginaw Valley State University,,michigan,bachelor-of-science-nursing; master-of-science-nursing; doctor-of-nursing; post-graduate-aprn,saginaw-valley-state-university
State University of New York Polytechnic Institute,utica-ny,new-york,bachelor-of-science-nursing; master-of-science-nursing; doctor-of-nursing; post-graduate-aprn,state-university-of-new-york-polytechnic-institute
Valdosta State University,valdosta-ga,georgia,bachelor-of-science-nursing; master-of-science-nursing; doctor-of-nursing; post-graduate-aprn,valdosta-state-university
John Carroll University,,ohio,bachelor-of-science-nursing,john-carroll-university
"Pennsylvania State University, The",,pennsylvania,bachelor-of-science-nursing; master-of-science-nursing; doctor-of-nursing; post-graduate-aprn,pennsylvania-state-university-the
Utica University,utica-ny,new-york,bachelor-of-science-nursing; master-of-science-nursing; post-graduate-aprn,utica-university
Touro University California,vallejo-ca,california,master-of-science-nursing; post-graduate-aprn,touro-university-california
"ECPI University, Virginia",virginia-beach-va,virginia,bachelor-of-science-nursing; master-of-science-nursing,ecpi-university-virginia
University of Houston-Victoria,victoria-tx,texas,bachelor-of-science-nursing,university-of-houston-victoria
Valparaiso University,valparaiso-in,indiana,bachelor-of-science-nursing; doctor-of-nursing,valparaiso-university
Regent University,virginia-beach-va,virginia,bachelor-of-science-nursing; master-of-science-nursing; doctor-of-nursing; post-graduate-aprn,regent-university
Villanova University,,pennsylvania,bachelor-of-science-nursing; master-of-science-nursing; doctor-of-nursing; post-graduate-aprn,villanova-university
Reinhardt University,,georgia,bachelor-of-science-nursing,reinhardt-university
Old Dominion University,virginia-beach-va,virginia,bachelor-of-science-nursing; master-of-science-nursing; doctor-of-nursing,old-dominion-university
"Catholic University of America, The",washington-dc,,bachelor-of-science-nursing; master-of-science-nursing; doctor-of-nursing; post-graduate-aprn,catholic-university-of-america-the
University of Central Missouri,warrensburg-mo,missouri,bachelor-of-science-nursing; master-of-science-nursing,university-of-central-missouri
Georgetown University,washington-dc,,bachelor-of-science-nursing; master-of-science-nursing; doctor-of-nursing; post-graduate-aprn,georgetown-university
VA Hudson Valley Health Care System,wappingers-falls-ny,new-york,nurse-practitioner-residency,va-hudson-valley-health-care-system
Howard University,washington-dc,,bachelor-of-science-nursing; master-of-science-nursing; doctor-of-nursing; post-graduate-aprn,howard-university
George Washington University,washington-dc,,bachelor-of-science-nursing; master-of-science-nursing; doctor-of-nursing; post-graduate-aprn,george-washington-university
Washington DC VA Medical Center,washington-dc,,nurse-practitioner-residency,washington-dc-va-medical-center
MedStar Washington Hospital Center,washington-dc,,employee-based-entry-to-practice-residency,medstar-washington-hospital-center
Trinity Washington University,washington-dc,,bachelor-of-science-nursing,trinity-washington-university
Bryant & Stratton College-Wauwatosa,wauwatosa-wi,wisconsin,bachelor-of-science-nursing,bryant-stratton-college-wauwatosa
Carroll University,waukesha-wi,wisconsin,bachelor-of-science-nursing; master-of-science-nursing,carroll-university
Maranatha Baptist University,watertown-wi,wisconsin,bachelor-of-science-nursing,maranatha-baptist-university
Allen College,waterloo-ia,iowa,bachelor-of-science-nursing; master-of-science-nursing; doctor-of-nursing; post-graduate-aprn,allen-college
Post University,waterbury-ct,connecticut,bachelor-of-science-nursing; master-of-science-nursing,post-university
William Paterson University of New Jersey,wayne-nj,new-jersey,bachelor-of-science-nursing; master-of-science-nursing; doctor-of-nursing; post-graduate-aprn,william-paterson-university-of-new-jersey
University of Hartford,west-hartford-ct,connecticut,bachelor-of-science-nursing; master-of-science-nursing; doctor-of-nursing,university-of-hartford
Wenatchee Valley College,wenatchee-wa,washington,bachelor-of-science-nursing,wenatchee-valley-college
Waynesburg University,waynesburg-pa,pennsylvania,bachelor-of-science-nursing; master-of-science-nursing; doctor-of-nursing,waynesburg-university
West Chester University,west-chester-pa,pennsylvania,bachelor-of-science-nursing; master-of-science-nursing; doctor-of-nursing,west-chester-university
University of Saint Joseph,west-hartford-ct,connecticut,bachelor-of-science-nursing; master-of-science-nursing; doctor-of-nursing; post-graduate-aprn,university-of-saint-joseph
Purdue University,west-lafayette-in,indiana,bachelor-of-science-nursing; master-of-science-nursing; doctor-of-nursing; post-graduate-aprn,purdue-university
VA Connecticut Healthcare System,west-haven-ct,connecticut,employee-based-entry-to-practice-residency; federally-funded-traineeship-residency; nurse-practitioner-residency,va-connecticut-healthcare-system
Purdue University Global,west-lafayette-in,indiana,bachelor-of-science-nursing; master-of-science-nursing; doctor-of-nursing; post-graduate-aprn,purdue-university-global
Monmouth University,,new-jersey,bachelor-of-science-nursing; master-of-science-nursing; doctor-of-nursing; post-graduate-aprn,monmouth-university
West Liberty University,,west-virginia,bachelor-of-science-nursing,west-liberty-university
Wheeling University,wheeling-wv,west-virginia,bachelor-of-science-nursing; master-of-science-nursing; post-graduate-aprn,wheeling-university
VA Boston Healthcare System,west-roxbury-ma,massachusetts,employee-based-entry-to-practice-residency; federally-funded-traineeship-residency; nurse-practitioner-residency,va-boston-healthcare-system
Otterbein University,westerville-oh,ohio,bachelor-of-science-nursing; master-of-science-nursing; doctor-of-nursing; post-graduate-aprn,otterbein-university
Westfield State University,westfield-ma,massachusetts,bachelor-of-science-nursing,westfield-state-university
Palm Beach Atlantic University,west-palm-beach-fl,florida,bachelor-of-science-nursing; master-of-science-nursing; doctor-of-nursing,palm-beach-atlantic-university
Wichita State University,wichita-ks,kansas,bachelor-of-science-nursing; master-of-science-nursing; doctor-of-nursing,wichita-state-university
Stony Brook University,stony-brook-ny,new-york,bachelor-of-science-nursing; master-of-science-nursing; doctor-of-nursing; post-graduate-aprn,stony-brook-university
Newman University,wichita-ks,kansas,bachelor-of-science-nursing,newman-university
Midwestern State University,wichita-falls-tx,texas,bachelor-of-science-nursing; master-of-science-nursing; post-graduate-aprn,midwestern-state-university
Wilkes University,wilkes-barre-pa,pennsylvania,bachelor-of-science-nursing; master-of-science-nursing; doctor-of-nursing; post-graduate-aprn,wilkes-university
Shenandoah University,winchester-va,virginia,bachelor-of-science-nursing; master-of-science-nursing; doctor-of-nursing; post-graduate-aprn,shenandoah-university
King's College,wilkes-barre-pa,pennsylvania,bachelor-of-science-nursing,kings-college
University of North Carolina at Wilmington,wilmington-nc,north-carolina,bachelor-of-science-nursing; master-of-science-nursing; doctor-of-nursing; post-graduate-aprn,university-of-north-carolina-at-wilmington
Barton College,wilson-nc,north-carolina,bachelor-of-science-nursing; master-of-science-nursing,barton-college
Winona State University,winona-mn,minnesota,bachelor-of-science-nursing; master-of-science-nursing; doctor-of-nursing; post-graduate-aprn,winona-state-university
"Herzing University, Orlando",winter-park-fl,florida,bachelor-of-science-nursing,herzing-university-orlando
University of the Cumberlands,williamsburg-ky,kentucky,bachelor-of-science-nursing; master-of-science-nursing,university-of-the-cumberlands
Berkeley College,,new-jersey,master-of-science-nursing,berkeley-college
Winston-Salem State University,winston-salem-nc,north-carolina,bachelor-of-science-nursing; master-of-science-nursing; doctor-of-nursing; post-graduate-aprn,winston-salem-state-university
"University of Virginia's College at Wise, The",,virginia,bachelor-of-science-nursing,university-of-virginias-college-at-wise-the
Assumption University,worcester-ma,massachusetts,bachelor-of-science-nursing,assumption-university
Youngstown State University,youngstown-oh,ohio,bachelor-of-science-nursing; master-of-science-nursing; post-graduate-aprn,youngstown-state-university
York College of Pennsylvania,york-pa,pennsylvania,bachelor-of-science-nursing; master-of-science-nursing; post-graduate-aprn,york-college-of-pennsylvania
Mount Marty University,yankton-sd,south-dakota,bachelor-of-science-nursing; master-of-science-nursing; doctor-of-nursing; post-graduate-aprn,mount-marty-university
Eastern Michigan University,ypsilanti-mi,michigan,bachelor-of-science-nursing; master-of-science-nursing; doctor-of-nursing; post-graduate-aprn,eastern-michigan-university
UMass Chan Medical School,worcester-ma,massachusetts,master-of-science-nursing; doctor-of-nursing; post-graduate-aprn,umass-chan-medical-school
Worcester State University,worcester-ma,massachusetts,bachelor-of-science-nursing; master-of-science-nursing,worcester-state-university
Boise VA Medical Center,boise-id,idaho,federally-funded-traineeship-residency; nurse-practitioner-residency,boise-va-medical-center
Carl Vinson VA Medical Center,dublin-ga,georgia,employee-based-entry-to-practice-residency,carl-vinson-va-medical-center
Blue Mountain Christian University,,mississippi,bachelor-of-science-nursing,blue-mountain-christian-university
Bryan College,dayton-tn,tennessee,bachelor-of-science-nursing,bryan-college
Birmingham VA Medical Center,birmingham-al,alabama,federally-funded-traineeship-residency; nurse-practitioner-residency,birmingham-va-medical-center
Beckley VA Medical Center,beckley-wv,west-virginia,federally-funded-traineeship-residency,beckley-va-medical-center
Central Texas VA Health Care System,temple-tx,texas,nurse-practitioner-residency,central-texas-va-health-care-system
"Concordia University, Chicago",,illinois,bachelor-of-science-nursing,concordia-university-chicago
Children's Hospital of Philadelphia,philadelphia-pa,pennsylvania,employee-based-entry-to-practice-residency,childrens-hospital-of-philadelphia
Central Michigan University,mount-pleasant-mi,michigan,bachelor-of-science-nursing,central-michigan-university
Cone Health,greensboro-nc,north-carolina,employee-based-entry-to-practice-residency,cone-health
CentraState Medical Center,freehold-nj,new-jersey,employee-based-entry-to-practice-residency,centrastate-medical-center
LCMC Health,new-orleans-la,louisiana,employee-based-entry-to-practice-residency,lcmc-health
Corewell Health East,southfield-mi,michigan,employee-based-entry-to-practice-residency,corewell-health-east
Kansas City VA Medical Center,kansas-city-mo,missouri,federally-funded-traineeship-residency,kansas-city-va-medical-center
"ECPI University, Manassas",manassas-va,virginia,bachelor-of-science-nursing,ecpi-university-manassas
Cincinnati VA Medical Center,cincinnati-oh,ohio,federally-funded-traineeship-residency; nurse-practitioner-residency,cincinnati-va-medical-center
Lyon College,batesville-ar,arkansas,bachelor-of-science-nursing,lyon-college
"ECPI University, Richmond",richmond-va,virginia,bachelor-of-science-nursing,ecpi-university-richmond
Corporal Michael J. Crescenz VA Medical Center,philadelphia-pa,pennsylvania,federally-funded-traineeship-residency,corporal-michael-j-crescenz-va-medical-center
MedStar Good Samaritan Hospital and MedStar Union Memorial Hospital,baltimore-md,maryland,employee-based-entry-to-practice-residency,medstar-good-samaritan-hospital-and-medstar-union-memorial-hospital
Martinsburg VA Medical Center,martinsburg-wv,west-virginia,employee-based-entry-to-practice-residency,martinsburg-va-medical-center
Michael E. DeBakey VA Medical Center,houston-tx,texas,federally-funded-traineeship-residency,michael-e-debakey-va-medical-center
Jefferson Health - Northeast,philadelphia-pa,pennsylvania,employee-based-entry-to-practice-residency,jefferson-health---northeast
MedStar St. Mary's Hospital,leonardtown-md,maryland,employee-based-entry-to-practice-residency,medstar-st-marys-hospital
MedStar Franklin Square Medical Center,baltimore-md,maryland,employee-based-entry-to-practice-residency,medstar-franklin-square-medical-center
Union Health,terre-haute-in,indiana,employee-based-entry-to-practice-residency,union-health
Penn State Health Milton S. Hershey Medical Center,hershey-pa,pennsylvania,employee-based-entry-to-practice-residency,penn-state-health-milton-s-hershey-medical-center
San Francisco VA Health Care System,san-francisco-ca,california,federally-funded-traineeship-residency; nurse-practitioner-residency,san-francisco-va-health-care-system
Stephens College,columbia-mo,missouri,bachelor-of-science-nursing,stephens-college
Orlando VA Medical Center,orlando-fl,florida,employee-based-entry-to-practice-residency; federally-funded-traineeship-residency; nurse-practitioner-residency,orlando-va-medical-center
Rockhurst University,kansas-city-mo,missouri,bachelor-of-science-nursing; master-of-science-nursing; post-graduate-aprn,rockhurst-university
Riggs Community Health Center,lafayette-in,indiana,nurse-practitioner-residency,riggs-community-health-center
VA Greater Los Angeles Healthcare System,los-angeles-ca,california,federally-funded-traineeship-residency; nurse-practitioner-residency,va-greater-los-angeles-healthcare-system
VA New York Harbor Healthcare System,new-york-ny,new-york,federally-funded-traineeship-residency,va-new-york-harbor-healthcare-system
University of Maryland Medical Center,baltimore-md,maryland,employee-based-entry-to-practice-residency,university-of-maryland-medical-center
VA Maine Healthcare System,augusta-me,maine,federally-funded-traineeship-residency; nurse-practitioner-residency,va-maine-healthcare-system
VA Portland Health Care System,portland-or,oregon,federally-funded-traineeship-residency; nurse-practitioner-residency,va-portland-health-care-system
VA Northeast Ohio Healthcare System,cleveland-oh,ohio,nurse-practitioner-residency,va-northeast-ohio-healthcare-system
VA Pittsburgh Healthcare System,pittsburgh-pa,pennsylvania,federally-funded-traineeship-residency; nurse-practitioner-residency,va-pittsburgh-healthcare-system
VA Eastern Colorado Healthcare System,aurora-co,colorado,federally-funded-traineeship-residency,va-eastern-colorado-healthcare-system
VA Puget Sound Health Care System,seattle-wa,washington,federally-funded-traineeship-residency; nurse-practitioner-residency,va-puget-sound-health-care-system
VA Tennessee Valley Healthcare System,nashville-tn,tennessee,federally-funded-traineeship-residency,va-tennessee-valley-healthcare-system
VA St. Louis Health Care System,st-louis-mo,missouri,employee-based-entry-to-practice-residency; federally-funded-traineeship-residency; nurse-practitioner-residency,va-st-louis-health-care-system
VA Southern Nevada Healthcare System,north-las-vegas-nv,nevada,nurse-practitioner-residency,va-southern-nevada-healthcare-system
White River Junction VA Medical Center,white-river-junction-vt,vermont,doctor-of-nursing; master-of-science-nursing,white-river-junction-va-medical-center
VA Western New York Healthcare System,buffalo-ny,new-york,doctor-of-nursing; master-of-science-nursing; bachelor-of-science-nursing,va-western-new-york-healthcare-system
VA South Texas Health Care System,san-antonio-tx,texas,nurse-practitioner-residency,va-south-texas-health-care-system
West Palm Beach VA Medical Center,west-palm-beach-fl,florida,doctor-of-nursing; master-of-science-nursing; bachelor-of-science-nursing,west-palm-beach-va-medical-center
